system,scaling_mode,method,backend,atoms_per_system,batch_size,total_atoms,time_us_per_atom,throughput_atoms_per_sec,mem_delta_mb,mem_peak_gb,timing_runs,warmup_runs,timing_method,compile_policy,success,error,error_type,accuracy,failure_stage,timing_batches,timing_batch_aggregation,derivative_contract,workload,compute_forces,compute_charge_gradients,component_profiled,atomic_density_atoms_per_angstrom3,minimum_cell_face_distance_angstrom,max_abs_net_charge_per_system,cscl_replication_nx,cscl_replication_ny,cscl_replication_nz,cscl_cell_shape,alpha,real_space_cutoff,reciprocal_space_cutoff,configured_max_neighbors,neighbor_capacity_safety_factor,provenance_version,gpu_context,software_context,execution_context,runtime_context,input_context,run_id,timing_batch_max_min_ratio,timing_batch_seconds_json,timing_batch_real_max_min_ratio,timing_batch_real_seconds_json,timing_batch_reciprocal_max_min_ratio,timing_batch_reciprocal_seconds_json,timing_method_real,timing_method_reciprocal,pme_cache_mode,time_real_us_per_atom,time_reciprocal_us_per_atom,num_k_vectors_per_system,observed_max_neighbors,observed_directed_neighbor_pairs,cutoff,mesh_nx,mesh_ny,mesh_nz,reciprocal_grid_points,spline_order,pme_runtime_input_sha256,pme_runtime_dtype_signature,pme_cutoff_policy,pme_mesh_policy,pme_fft_padding_fraction,pme_max_real_space_cutoff,collection_process_scope,collection_script_sha256,collection_wall_seconds,collection_plan_index,collection_runtime_scope
cscl,system_size,ewald,torch,128,1,128,29.03408050537109,34442.2824003332,0.73486328125,0.032598018646240234,10,3,torch_cuda_events,warmup_excluded,True,,,0.0001,,5,arithmetic_mean,energy_autograd,energy_forces_charge_gradients,True,True,False,0.028619011864066124,16.47599983215332,0.0,4,4,4,cubic,0.24150427291685927,12.566461959930114,1.4658605423459066,480,2.0,2,"{""compute_capability"":""9.0"",""driver"":""unavailable"",""memory_bytes"":102132088832,""name"":""NVIDIA H100""}","{""cuda"":""13.0"",""git_head"":""7db753be5b014476cd3ab0207173a55d6730fb14"",""jax"":""0.11.2"",""jaxlib"":""0.11.2"",""nvalchemi_toolkit_ops"":""0.5.0"",""python"":""3.12.3"",""source_sha256"":""0796a4ffc622cdc7ab846f2e8cf88b0b52fccae4dcfe32a3140b3bb9818aab8e"",""torch"":""2.14.0+cu130"",""warp"":""1.17.0""}","{""gpu_uuid"":""e8b1f776-3e7d-8391-c1b5-79a044e95420"",""host"":""s4124-0117""}","{""JAX_DISABLE_JIT"":""<unset>"",""JAX_DISABLE_JIT_ACTUAL"":""<not-imported>"",""JAX_ENABLE_X64"":""1"",""JAX_ENABLE_X64_ACTUAL"":""<not-imported>"",""JAX_PLATFORMS"":""<unset>"",""TF_GPU_ALLOCATOR"":""<unset>"",""XLA_FLAGS"":""<unset>"",""XLA_PYTHON_CLIENT_ALLOCATOR"":""<unset>"",""XLA_PYTHON_CLIENT_MEM_FRACTION"":""0.95"",""XLA_PYTHON_CLIENT_PREALLOCATE"":""<unset>""}","{""artifacts"":{""nh3_pdb_1024"":{""bytes"":83199,""sha256"":""cb99e65c2024c8b1a80a7ea1f4ff5b23ef76a5d153a2caeb4a0e3077b5239135"",""state"":""file""},""nh3_pdb_128"":{""bytes"":10623,""sha256"":""4b48182856ba92449fa52b61bf2f95c6ce28937a3cb3da6aec4f131a1216c760"",""state"":""file""},""nh3_pdb_131072"":{""bytes"":10617087,""sha256"":""d454eb5e6e9fe717e1c12c22e3fc749189deae022de05b0f6f83f9f4501bbb52"",""state"":""file""},""nh3_pdb_16384"":{""bytes"":1327359,""sha256"":""07f5683974f6bdad6798104cf7de5ddb670704f71b7e28715d957805124196b8"",""state"":""file""},""nh3_pdb_2048"":{""bytes"":166143,""sha256"":""7171f9c4d6bf3c819f96ddd11877441961f43096057863d0607070d97c5e5a16"",""state"":""file""},""nh3_pdb_256"":{""bytes"":20991,""sha256"":""870d35ef9d654b395f8eefcd897e002ff41b1327475879ff5b955080ecb91ee0"",""state"":""file""},""nh3_pdb_32768"":{""bytes"":2654463,""sha256"":""a193ff7fc7793ae1c9121af48f694b9cff6974a63e67029053ab9312f86cb9cc"",""state"":""file""},""nh3_pdb_4096"":{""bytes"":332031,""sha256"":""e6d9ba2e0f95a04ebbeb61682dcf615982860aaa336140fee7ba55698f68175c"",""state"":""file""},""nh3_pdb_512"":{""bytes"":41727,""sha256"":""76e8d0d71fd3d49a1d14bb1fcd0689b08241620df41c90a904be29c85a67934e"",""state"":""file""},""nh3_pdb_65536"":{""bytes"":5308671,""sha256"":""a80e717b9abb39221c121bf3137135662e1b3c727e705e8f01e651720acd6dcc"",""state"":""file""},""nh3_pdb_8192"":{""bytes"":663807,""sha256"":""b0664469d3a8e84f71fbd848f1f0ffaca2cee3f4fd2100ed10f398e7c19a27e6"",""state"":""file""}},""metadata"":{""benchmark"":""el""}}",da2e3992-31bf-4906-ae02-d3747f02a55a,1.0546758544892476,"[0.00378513298034668,0.0036322273254394528,0.0037761920928955075,0.0037924320220947263,0.0035958271026611333]",,,,,not_measured,not_measured,,nan,nan,364,258,33024,,,,,,,,,,,,,,,,,
cscl,system_size,ewald,torch,256,1,256,14.512572586536407,68905.77077476389,2.41455078125,0.03520679473876953,10,3,torch_cuda_events,warmup_excluded,True,,,0.0001,,5,arithmetic_mean,energy_autograd,energy_forces_charge_gradients,True,True,False,0.028619011864066124,16.47599983215332,0.0,8,4,4,orthorhombic,0.2151558471670446,14.10537663154497,1.3059332781484714,688,2.0,2,"{""compute_capability"":""9.0"",""driver"":""unavailable"",""memory_bytes"":102132088832,""name"":""NVIDIA H100""}","{""cuda"":""13.0"",""git_head"":""7db753be5b014476cd3ab0207173a55d6730fb14"",""jax"":""0.11.2"",""jaxlib"":""0.11.2"",""nvalchemi_toolkit_ops"":""0.5.0"",""python"":""3.12.3"",""source_sha256"":""0796a4ffc622cdc7ab846f2e8cf88b0b52fccae4dcfe32a3140b3bb9818aab8e"",""torch"":""2.14.0+cu130"",""warp"":""1.17.0""}","{""gpu_uuid"":""e8b1f776-3e7d-8391-c1b5-79a044e95420"",""host"":""s4124-0117""}","{""JAX_DISABLE_JIT"":""<unset>"",""JAX_DISABLE_JIT_ACTUAL"":""<not-imported>"",""JAX_ENABLE_X64"":""1"",""JAX_ENABLE_X64_ACTUAL"":""<not-imported>"",""JAX_PLATFORMS"":""<unset>"",""TF_GPU_ALLOCATOR"":""<unset>"",""XLA_FLAGS"":""<unset>"",""XLA_PYTHON_CLIENT_ALLOCATOR"":""<unset>"",""XLA_PYTHON_CLIENT_MEM_FRACTION"":""0.95"",""XLA_PYTHON_CLIENT_PREALLOCATE"":""<unset>""}","{""artifacts"":{""nh3_pdb_1024"":{""bytes"":83199,""sha256"":""cb99e65c2024c8b1a80a7ea1f4ff5b23ef76a5d153a2caeb4a0e3077b5239135"",""state"":""file""},""nh3_pdb_128"":{""bytes"":10623,""sha256"":""4b48182856ba92449fa52b61bf2f95c6ce28937a3cb3da6aec4f131a1216c760"",""state"":""file""},""nh3_pdb_131072"":{""bytes"":10617087,""sha256"":""d454eb5e6e9fe717e1c12c22e3fc749189deae022de05b0f6f83f9f4501bbb52"",""state"":""file""},""nh3_pdb_16384"":{""bytes"":1327359,""sha256"":""07f5683974f6bdad6798104cf7de5ddb670704f71b7e28715d957805124196b8"",""state"":""file""},""nh3_pdb_2048"":{""bytes"":166143,""sha256"":""7171f9c4d6bf3c819f96ddd11877441961f43096057863d0607070d97c5e5a16"",""state"":""file""},""nh3_pdb_256"":{""bytes"":20991,""sha256"":""870d35ef9d654b395f8eefcd897e002ff41b1327475879ff5b955080ecb91ee0"",""state"":""file""},""nh3_pdb_32768"":{""bytes"":2654463,""sha256"":""a193ff7fc7793ae1c9121af48f694b9cff6974a63e67029053ab9312f86cb9cc"",""state"":""file""},""nh3_pdb_4096"":{""bytes"":332031,""sha256"":""e6d9ba2e0f95a04ebbeb61682dcf615982860aaa336140fee7ba55698f68175c"",""state"":""file""},""nh3_pdb_512"":{""bytes"":41727,""sha256"":""76e8d0d71fd3d49a1d14bb1fcd0689b08241620df41c90a904be29c85a67934e"",""state"":""file""},""nh3_pdb_65536"":{""bytes"":5308671,""sha256"":""a80e717b9abb39221c121bf3137135662e1b3c727e705e8f01e651720acd6dcc"",""state"":""file""},""nh3_pdb_8192"":{""bytes"":663807,""sha256"":""b0664469d3a8e84f71fbd848f1f0ffaca2cee3f4fd2100ed10f398e7c19a27e6"",""state"":""file""}},""metadata"":{""benchmark"":""el""}}",da2e3992-31bf-4906-ae02-d3747f02a55a,1.0590211314127778,"[0.00378620491027832,0.003819606399536133,0.003667612838745117,0.0036067329406738284,0.0036959358215332035]",,,,,not_measured,not_measured,,nan,nan,607,330,84480,,,,,,,,,,,,,,,,,
cscl,system_size,ewald,torch,512,1,512,7.441701292991638,134377.8741753272,7.98681640625,0.04414796829223633,10,3,torch_cuda_events,warmup_excluded,True,,,0.0001,,5,arithmetic_mean,energy_autograd,energy_forces_charge_gradients,True,True,False,0.028619011864066124,16.47599983215332,0.0,8,8,4,orthorhombic,0.1916820684415188,15.832749946019133,1.1634542834792843,960,2.0,2,"{""compute_capability"":""9.0"",""driver"":""unavailable"",""memory_bytes"":102132088832,""name"":""NVIDIA H100""}","{""cuda"":""13.0"",""git_head"":""7db753be5b014476cd3ab0207173a55d6730fb14"",""jax"":""0.11.2"",""jaxlib"":""0.11.2"",""nvalchemi_toolkit_ops"":""0.5.0"",""python"":""3.12.3"",""source_sha256"":""0796a4ffc622cdc7ab846f2e8cf88b0b52fccae4dcfe32a3140b3bb9818aab8e"",""torch"":""2.14.0+cu130"",""warp"":""1.17.0""}","{""gpu_uuid"":""e8b1f776-3e7d-8391-c1b5-79a044e95420"",""host"":""s4124-0117""}","{""JAX_DISABLE_JIT"":""<unset>"",""JAX_DISABLE_JIT_ACTUAL"":""<not-imported>"",""JAX_ENABLE_X64"":""1"",""JAX_ENABLE_X64_ACTUAL"":""<not-imported>"",""JAX_PLATFORMS"":""<unset>"",""TF_GPU_ALLOCATOR"":""<unset>"",""XLA_FLAGS"":""<unset>"",""XLA_PYTHON_CLIENT_ALLOCATOR"":""<unset>"",""XLA_PYTHON_CLIENT_MEM_FRACTION"":""0.95"",""XLA_PYTHON_CLIENT_PREALLOCATE"":""<unset>""}","{""artifacts"":{""nh3_pdb_1024"":{""bytes"":83199,""sha256"":""cb99e65c2024c8b1a80a7ea1f4ff5b23ef76a5d153a2caeb4a0e3077b5239135"",""state"":""file""},""nh3_pdb_128"":{""bytes"":10623,""sha256"":""4b48182856ba92449fa52b61bf2f95c6ce28937a3cb3da6aec4f131a1216c760"",""state"":""file""},""nh3_pdb_131072"":{""bytes"":10617087,""sha256"":""d454eb5e6e9fe717e1c12c22e3fc749189deae022de05b0f6f83f9f4501bbb52"",""state"":""file""},""nh3_pdb_16384"":{""bytes"":1327359,""sha256"":""07f5683974f6bdad6798104cf7de5ddb670704f71b7e28715d957805124196b8"",""state"":""file""},""nh3_pdb_2048"":{""bytes"":166143,""sha256"":""7171f9c4d6bf3c819f96ddd11877441961f43096057863d0607070d97c5e5a16"",""state"":""file""},""nh3_pdb_256"":{""bytes"":20991,""sha256"":""870d35ef9d654b395f8eefcd897e002ff41b1327475879ff5b955080ecb91ee0"",""state"":""file""},""nh3_pdb_32768"":{""bytes"":2654463,""sha256"":""a193ff7fc7793ae1c9121af48f694b9cff6974a63e67029053ab9312f86cb9cc"",""state"":""file""},""nh3_pdb_4096"":{""bytes"":332031,""sha256"":""e6d9ba2e0f95a04ebbeb61682dcf615982860aaa336140fee7ba55698f68175c"",""state"":""file""},""nh3_pdb_512"":{""bytes"":41727,""sha256"":""76e8d0d71fd3d49a1d14bb1fcd0689b08241620df41c90a904be29c85a67934e"",""state"":""file""},""nh3_pdb_65536"":{""bytes"":5308671,""sha256"":""a80e717b9abb39221c121bf3137135662e1b3c727e705e8f01e651720acd6dcc"",""state"":""file""},""nh3_pdb_8192"":{""bytes"":663807,""sha256"":""b0664469d3a8e84f71fbd848f1f0ffaca2cee3f4fd2100ed10f398e7c19a27e6"",""state"":""file""}},""metadata"":{""benchmark"":""el""}}",da2e3992-31bf-4906-ae02-d3747f02a55a,1.0516964303784124,"[0.0039052097320556637,0.0038879039764404292,0.003713248062133789,0.003734163284301758,0.0038102302551269534]",,,,,not_measured,not_measured,,nan,nan,1012,530,271360,,,,,,,,,,,,,,,,,
cscl,system_size,ewald,torch,1024,1,1024,3.6613137274980545,273126.007337084,17.30126953125,0.06049394607543945,10,3,torch_cuda_events,warmup_excluded,True,,,0.0001,,5,arithmetic_mean,energy_autograd,energy_forces_charge_gradients,True,True,False,0.028619011864066124,32.95199966430664,0.0,8,8,8,cubic,0.17076930906503784,17.771660934778755,1.036519929766581,1360,2.0,2,"{""compute_capability"":""9.0"",""driver"":""unavailable"",""memory_bytes"":102132088832,""name"":""NVIDIA H100""}","{""cuda"":""13.0"",""git_head"":""7db753be5b014476cd3ab0207173a55d6730fb14"",""jax"":""0.11.2"",""jaxlib"":""0.11.2"",""nvalchemi_toolkit_ops"":""0.5.0"",""python"":""3.12.3"",""source_sha256"":""0796a4ffc622cdc7ab846f2e8cf88b0b52fccae4dcfe32a3140b3bb9818aab8e"",""torch"":""2.14.0+cu130"",""warp"":""1.17.0""}","{""gpu_uuid"":""e8b1f776-3e7d-8391-c1b5-79a044e95420"",""host"":""s4124-0117""}","{""JAX_DISABLE_JIT"":""<unset>"",""JAX_DISABLE_JIT_ACTUAL"":""<not-imported>"",""JAX_ENABLE_X64"":""1"",""JAX_ENABLE_X64_ACTUAL"":""<not-imported>"",""JAX_PLATFORMS"":""<unset>"",""TF_GPU_ALLOCATOR"":""<unset>"",""XLA_FLAGS"":""<unset>"",""XLA_PYTHON_CLIENT_ALLOCATOR"":""<unset>"",""XLA_PYTHON_CLIENT_MEM_FRACTION"":""0.95"",""XLA_PYTHON_CLIENT_PREALLOCATE"":""<unset>""}","{""artifacts"":{""nh3_pdb_1024"":{""bytes"":83199,""sha256"":""cb99e65c2024c8b1a80a7ea1f4ff5b23ef76a5d153a2caeb4a0e3077b5239135"",""state"":""file""},""nh3_pdb_128"":{""bytes"":10623,""sha256"":""4b48182856ba92449fa52b61bf2f95c6ce28937a3cb3da6aec4f131a1216c760"",""state"":""file""},""nh3_pdb_131072"":{""bytes"":10617087,""sha256"":""d454eb5e6e9fe717e1c12c22e3fc749189deae022de05b0f6f83f9f4501bbb52"",""state"":""file""},""nh3_pdb_16384"":{""bytes"":1327359,""sha256"":""07f5683974f6bdad6798104cf7de5ddb670704f71b7e28715d957805124196b8"",""state"":""file""},""nh3_pdb_2048"":{""bytes"":166143,""sha256"":""7171f9c4d6bf3c819f96ddd11877441961f43096057863d0607070d97c5e5a16"",""state"":""file""},""nh3_pdb_256"":{""bytes"":20991,""sha256"":""870d35ef9d654b395f8eefcd897e002ff41b1327475879ff5b955080ecb91ee0"",""state"":""file""},""nh3_pdb_32768"":{""bytes"":2654463,""sha256"":""a193ff7fc7793ae1c9121af48f694b9cff6974a63e67029053ab9312f86cb9cc"",""state"":""file""},""nh3_pdb_4096"":{""bytes"":332031,""sha256"":""e6d9ba2e0f95a04ebbeb61682dcf615982860aaa336140fee7ba55698f68175c"",""state"":""file""},""nh3_pdb_512"":{""bytes"":41727,""sha256"":""76e8d0d71fd3d49a1d14bb1fcd0689b08241620df41c90a904be29c85a67934e"",""state"":""file""},""nh3_pdb_65536"":{""bytes"":5308671,""sha256"":""a80e717b9abb39221c121bf3137135662e1b3c727e705e8f01e651720acd6dcc"",""state"":""file""},""nh3_pdb_8192"":{""bytes"":663807,""sha256"":""b0664469d3a8e84f71fbd848f1f0ffaca2cee3f4fd2100ed10f398e7c19a27e6"",""state"":""file""}},""metadata"":{""benchmark"":""el""}}",da2e3992-31bf-4906-ae02-d3747f02a55a,1.0505207750376202,"[0.0038667903900146483,0.0037266143798828123,0.00368936653137207,0.0036808319091796876,0.00378232307434082]",,,,,not_measured,not_measured,,nan,nan,1098,644,659456,,,,,,,,,,,,,,,,,
cscl,system_size,ewald,torch,2048,1,2048,1.812654696404934,551677.0524376846,40.11572265625,0.10639047622680664,10,3,torch_cuda_events,warmup_excluded,True,,,0.0001,,5,arithmetic_mean,energy_autograd,energy_forces_charge_gradients,True,True,False,0.028619011864066124,32.95199966430664,0.0,16,8,8,orthorhombic,0.15213815854375362,19.948014934711427,0.9234342767559616,1904,2.0,2,"{""compute_capability"":""9.0"",""driver"":""unavailable"",""memory_bytes"":102132088832,""name"":""NVIDIA H100""}","{""cuda"":""13.0"",""git_head"":""7db753be5b014476cd3ab0207173a55d6730fb14"",""jax"":""0.11.2"",""jaxlib"":""0.11.2"",""nvalchemi_toolkit_ops"":""0.5.0"",""python"":""3.12.3"",""source_sha256"":""0796a4ffc622cdc7ab846f2e8cf88b0b52fccae4dcfe32a3140b3bb9818aab8e"",""torch"":""2.14.0+cu130"",""warp"":""1.17.0""}","{""gpu_uuid"":""e8b1f776-3e7d-8391-c1b5-79a044e95420"",""host"":""s4124-0117""}","{""JAX_DISABLE_JIT"":""<unset>"",""JAX_DISABLE_JIT_ACTUAL"":""<not-imported>"",""JAX_ENABLE_X64"":""1"",""JAX_ENABLE_X64_ACTUAL"":""<not-imported>"",""JAX_PLATFORMS"":""<unset>"",""TF_GPU_ALLOCATOR"":""<unset>"",""XLA_FLAGS"":""<unset>"",""XLA_PYTHON_CLIENT_ALLOCATOR"":""<unset>"",""XLA_PYTHON_CLIENT_MEM_FRACTION"":""0.95"",""XLA_PYTHON_CLIENT_PREALLOCATE"":""<unset>""}","{""artifacts"":{""nh3_pdb_1024"":{""bytes"":83199,""sha256"":""cb99e65c2024c8b1a80a7ea1f4ff5b23ef76a5d153a2caeb4a0e3077b5239135"",""state"":""file""},""nh3_pdb_128"":{""bytes"":10623,""sha256"":""4b48182856ba92449fa52b61bf2f95c6ce28937a3cb3da6aec4f131a1216c760"",""state"":""file""},""nh3_pdb_131072"":{""bytes"":10617087,""sha256"":""d454eb5e6e9fe717e1c12c22e3fc749189deae022de05b0f6f83f9f4501bbb52"",""state"":""file""},""nh3_pdb_16384"":{""bytes"":1327359,""sha256"":""07f5683974f6bdad6798104cf7de5ddb670704f71b7e28715d957805124196b8"",""state"":""file""},""nh3_pdb_2048"":{""bytes"":166143,""sha256"":""7171f9c4d6bf3c819f96ddd11877441961f43096057863d0607070d97c5e5a16"",""state"":""file""},""nh3_pdb_256"":{""bytes"":20991,""sha256"":""870d35ef9d654b395f8eefcd897e002ff41b1327475879ff5b955080ecb91ee0"",""state"":""file""},""nh3_pdb_32768"":{""bytes"":2654463,""sha256"":""a193ff7fc7793ae1c9121af48f694b9cff6974a63e67029053ab9312f86cb9cc"",""state"":""file""},""nh3_pdb_4096"":{""bytes"":332031,""sha256"":""e6d9ba2e0f95a04ebbeb61682dcf615982860aaa336140fee7ba55698f68175c"",""state"":""file""},""nh3_pdb_512"":{""bytes"":41727,""sha256"":""76e8d0d71fd3d49a1d14bb1fcd0689b08241620df41c90a904be29c85a67934e"",""state"":""file""},""nh3_pdb_65536"":{""bytes"":5308671,""sha256"":""a80e717b9abb39221c121bf3137135662e1b3c727e705e8f01e651720acd6dcc"",""state"":""file""},""nh3_pdb_8192"":{""bytes"":663807,""sha256"":""b0664469d3a8e84f71fbd848f1f0ffaca2cee3f4fd2100ed10f398e7c19a27e6"",""state"":""file""}},""metadata"":{""benchmark"":""el""}}",da2e3992-31bf-4906-ae02-d3747f02a55a,1.0639532196599233,"[0.003758067321777344,0.003695647811889648,0.0035903232574462885,0.0038199359893798827,0.0036976097106933593]",,,,,not_measured,not_measured,,nan,nan,1270,940,1925120,,,,,,,,,,,,,,,,,
cscl,system_size,ewald,torch,4096,1,4096,0.9053856320679187,1104501.733384017,124.59619140625,0.2570376396179199,10,3,torch_cuda_events,warmup_excluded,True,,,0.0001,,5,arithmetic_mean,energy_autograd,energy_forces_charge_gradients,True,True,False,0.028619011864066124,32.95199966430664,0.0,16,16,8,orthorhombic,0.13553969042686184,22.39088970332215,0.8226864134487376,2704,2.0,2,"{""compute_capability"":""9.0"",""driver"":""unavailable"",""memory_bytes"":102132088832,""name"":""NVIDIA H100""}","{""cuda"":""13.0"",""git_head"":""7db753be5b014476cd3ab0207173a55d6730fb14"",""jax"":""0.11.2"",""jaxlib"":""0.11.2"",""nvalchemi_toolkit_ops"":""0.5.0"",""python"":""3.12.3"",""source_sha256"":""0796a4ffc622cdc7ab846f2e8cf88b0b52fccae4dcfe32a3140b3bb9818aab8e"",""torch"":""2.14.0+cu130"",""warp"":""1.17.0""}","{""gpu_uuid"":""e8b1f776-3e7d-8391-c1b5-79a044e95420"",""host"":""s4124-0117""}","{""JAX_DISABLE_JIT"":""<unset>"",""JAX_DISABLE_JIT_ACTUAL"":""<not-imported>"",""JAX_ENABLE_X64"":""1"",""JAX_ENABLE_X64_ACTUAL"":""<not-imported>"",""JAX_PLATFORMS"":""<unset>"",""TF_GPU_ALLOCATOR"":""<unset>"",""XLA_FLAGS"":""<unset>"",""XLA_PYTHON_CLIENT_ALLOCATOR"":""<unset>"",""XLA_PYTHON_CLIENT_MEM_FRACTION"":""0.95"",""XLA_PYTHON_CLIENT_PREALLOCATE"":""<unset>""}","{""artifacts"":{""nh3_pdb_1024"":{""bytes"":83199,""sha256"":""cb99e65c2024c8b1a80a7ea1f4ff5b23ef76a5d153a2caeb4a0e3077b5239135"",""state"":""file""},""nh3_pdb_128"":{""bytes"":10623,""sha256"":""4b48182856ba92449fa52b61bf2f95c6ce28937a3cb3da6aec4f131a1216c760"",""state"":""file""},""nh3_pdb_131072"":{""bytes"":10617087,""sha256"":""d454eb5e6e9fe717e1c12c22e3fc749189deae022de05b0f6f83f9f4501bbb52"",""state"":""file""},""nh3_pdb_16384"":{""bytes"":1327359,""sha256"":""07f5683974f6bdad6798104cf7de5ddb670704f71b7e28715d957805124196b8"",""state"":""file""},""nh3_pdb_2048"":{""bytes"":166143,""sha256"":""7171f9c4d6bf3c819f96ddd11877441961f43096057863d0607070d97c5e5a16"",""state"":""file""},""nh3_pdb_256"":{""bytes"":20991,""sha256"":""870d35ef9d654b395f8eefcd897e002ff41b1327475879ff5b955080ecb91ee0"",""state"":""file""},""nh3_pdb_32768"":{""bytes"":2654463,""sha256"":""a193ff7fc7793ae1c9121af48f694b9cff6974a63e67029053ab9312f86cb9cc"",""state"":""file""},""nh3_pdb_4096"":{""bytes"":332031,""sha256"":""e6d9ba2e0f95a04ebbeb61682dcf615982860aaa336140fee7ba55698f68175c"",""state"":""file""},""nh3_pdb_512"":{""bytes"":41727,""sha256"":""76e8d0d71fd3d49a1d14bb1fcd0689b08241620df41c90a904be29c85a67934e"",""state"":""file""},""nh3_pdb_65536"":{""bytes"":5308671,""sha256"":""a80e717b9abb39221c121bf3137135662e1b3c727e705e8f01e651720acd6dcc"",""state"":""file""},""nh3_pdb_8192"":{""bytes"":663807,""sha256"":""b0664469d3a8e84f71fbd848f1f0ffaca2cee3f4fd2100ed10f398e7c19a27e6"",""state"":""file""}},""metadata"":{""benchmark"":""el""}}",da2e3992-31bf-4906-ae02-d3747f02a55a,1.1089315496751593,"[0.0038190433502197267,0.0038167839050292965,0.003443894577026367,0.0037422302246093745,0.003720345687866211]",,,,,not_measured,not_measured,,nan,nan,1985,1362,5578752,,,,,,,,,,,,,,,,,
cscl,system_size,ewald,torch,8192,1,8192,0.5465488322079182,1829662.678008577,308.04052734375,0.6250357627868652,10,3,torch_cuda_events,warmup_excluded,True,,,0.0001,,5,arithmetic_mean,energy_autograd,energy_forces_charge_gradients,True,True,False,0.028619011864066124,65.90399932861328,0.0,16,16,16,cubic,0.12075213645842964,25.13292391986023,0.7329302711729533,3808,2.0,2,"{""compute_capability"":""9.0"",""driver"":""unavailable"",""memory_bytes"":102132088832,""name"":""NVIDIA H100""}","{""cuda"":""13.0"",""git_head"":""7db753be5b014476cd3ab0207173a55d6730fb14"",""jax"":""0.11.2"",""jaxlib"":""0.11.2"",""nvalchemi_toolkit_ops"":""0.5.0"",""python"":""3.12.3"",""source_sha256"":""0796a4ffc622cdc7ab846f2e8cf88b0b52fccae4dcfe32a3140b3bb9818aab8e"",""torch"":""2.14.0+cu130"",""warp"":""1.17.0""}","{""gpu_uuid"":""e8b1f776-3e7d-8391-c1b5-79a044e95420"",""host"":""s4124-0117""}","{""JAX_DISABLE_JIT"":""<unset>"",""JAX_DISABLE_JIT_ACTUAL"":""<not-imported>"",""JAX_ENABLE_X64"":""1"",""JAX_ENABLE_X64_ACTUAL"":""<not-imported>"",""JAX_PLATFORMS"":""<unset>"",""TF_GPU_ALLOCATOR"":""<unset>"",""XLA_FLAGS"":""<unset>"",""XLA_PYTHON_CLIENT_ALLOCATOR"":""<unset>"",""XLA_PYTHON_CLIENT_MEM_FRACTION"":""0.95"",""XLA_PYTHON_CLIENT_PREALLOCATE"":""<unset>""}","{""artifacts"":{""nh3_pdb_1024"":{""bytes"":83199,""sha256"":""cb99e65c2024c8b1a80a7ea1f4ff5b23ef76a5d153a2caeb4a0e3077b5239135"",""state"":""file""},""nh3_pdb_128"":{""bytes"":10623,""sha256"":""4b48182856ba92449fa52b61bf2f95c6ce28937a3cb3da6aec4f131a1216c760"",""state"":""file""},""nh3_pdb_131072"":{""bytes"":10617087,""sha256"":""d454eb5e6e9fe717e1c12c22e3fc749189deae022de05b0f6f83f9f4501bbb52"",""state"":""file""},""nh3_pdb_16384"":{""bytes"":1327359,""sha256"":""07f5683974f6bdad6798104cf7de5ddb670704f71b7e28715d957805124196b8"",""state"":""file""},""nh3_pdb_2048"":{""bytes"":166143,""sha256"":""7171f9c4d6bf3c819f96ddd11877441961f43096057863d0607070d97c5e5a16"",""state"":""file""},""nh3_pdb_256"":{""bytes"":20991,""sha256"":""870d35ef9d654b395f8eefcd897e002ff41b1327475879ff5b955080ecb91ee0"",""state"":""file""},""nh3_pdb_32768"":{""bytes"":2654463,""sha256"":""a193ff7fc7793ae1c9121af48f694b9cff6974a63e67029053ab9312f86cb9cc"",""state"":""file""},""nh3_pdb_4096"":{""bytes"":332031,""sha256"":""e6d9ba2e0f95a04ebbeb61682dcf615982860aaa336140fee7ba55698f68175c"",""state"":""file""},""nh3_pdb_512"":{""bytes"":41727,""sha256"":""76e8d0d71fd3d49a1d14bb1fcd0689b08241620df41c90a904be29c85a67934e"",""state"":""file""},""nh3_pdb_65536"":{""bytes"":5308671,""sha256"":""a80e717b9abb39221c121bf3137135662e1b3c727e705e8f01e651720acd6dcc"",""state"":""file""},""nh3_pdb_8192"":{""bytes"":663807,""sha256"":""b0664469d3a8e84f71fbd848f1f0ffaca2cee3f4fd2100ed10f398e7c19a27e6"",""state"":""file""}},""metadata"":{""benchmark"":""el""}}",da2e3992-31bf-4906-ae02-d3747f02a55a,1.0022320927574286,"[0.004479926300048828,0.0044796768188476565,0.004479481506347656,0.004469948959350586,0.004477606582641602]",,,,,not_measured,not_measured,,nan,nan,2456,1916,15695872,,,,,,,,,,,,,,,,,
cscl,system_size,ewald,torch,16384,1,16384,0.4002525843679905,2498422.3439282137,817.55224609375,1.6645545959472656,10,3,torch_cuda_events,warmup_excluded,True,,,0.0001,,5,arithmetic_mean,energy_autograd,energy_forces_charge_gradients,True,True,False,0.028619011864066124,65.90399932861328,0.0,32,16,16,orthorhombic,0.1075779235835223,28.21075326308994,0.6529666390742357,5392,2.0,2,"{""compute_capability"":""9.0"",""driver"":""unavailable"",""memory_bytes"":102132088832,""name"":""NVIDIA H100""}","{""cuda"":""13.0"",""git_head"":""7db753be5b014476cd3ab0207173a55d6730fb14"",""jax"":""0.11.2"",""jaxlib"":""0.11.2"",""nvalchemi_toolkit_ops"":""0.5.0"",""python"":""3.12.3"",""source_sha256"":""0796a4ffc622cdc7ab846f2e8cf88b0b52fccae4dcfe32a3140b3bb9818aab8e"",""torch"":""2.14.0+cu130"",""warp"":""1.17.0""}","{""gpu_uuid"":""e8b1f776-3e7d-8391-c1b5-79a044e95420"",""host"":""s4124-0117""}","{""JAX_DISABLE_JIT"":""<unset>"",""JAX_DISABLE_JIT_ACTUAL"":""<not-imported>"",""JAX_ENABLE_X64"":""1"",""JAX_ENABLE_X64_ACTUAL"":""<not-imported>"",""JAX_PLATFORMS"":""<unset>"",""TF_GPU_ALLOCATOR"":""<unset>"",""XLA_FLAGS"":""<unset>"",""XLA_PYTHON_CLIENT_ALLOCATOR"":""<unset>"",""XLA_PYTHON_CLIENT_MEM_FRACTION"":""0.95"",""XLA_PYTHON_CLIENT_PREALLOCATE"":""<unset>""}","{""artifacts"":{""nh3_pdb_1024"":{""bytes"":83199,""sha256"":""cb99e65c2024c8b1a80a7ea1f4ff5b23ef76a5d153a2caeb4a0e3077b5239135"",""state"":""file""},""nh3_pdb_128"":{""bytes"":10623,""sha256"":""4b48182856ba92449fa52b61bf2f95c6ce28937a3cb3da6aec4f131a1216c760"",""state"":""file""},""nh3_pdb_131072"":{""bytes"":10617087,""sha256"":""d454eb5e6e9fe717e1c12c22e3fc749189deae022de05b0f6f83f9f4501bbb52"",""state"":""file""},""nh3_pdb_16384"":{""bytes"":1327359,""sha256"":""07f5683974f6bdad6798104cf7de5ddb670704f71b7e28715d957805124196b8"",""state"":""file""},""nh3_pdb_2048"":{""bytes"":166143,""sha256"":""7171f9c4d6bf3c819f96ddd11877441961f43096057863d0607070d97c5e5a16"",""state"":""file""},""nh3_pdb_256"":{""bytes"":20991,""sha256"":""870d35ef9d654b395f8eefcd897e002ff41b1327475879ff5b955080ecb91ee0"",""state"":""file""},""nh3_pdb_32768"":{""bytes"":2654463,""sha256"":""a193ff7fc7793ae1c9121af48f694b9cff6974a63e67029053ab9312f86cb9cc"",""state"":""file""},""nh3_pdb_4096"":{""bytes"":332031,""sha256"":""e6d9ba2e0f95a04ebbeb61682dcf615982860aaa336140fee7ba55698f68175c"",""state"":""file""},""nh3_pdb_512"":{""bytes"":41727,""sha256"":""76e8d0d71fd3d49a1d14bb1fcd0689b08241620df41c90a904be29c85a67934e"",""state"":""file""},""nh3_pdb_65536"":{""bytes"":5308671,""sha256"":""a80e717b9abb39221c121bf3137135662e1b3c727e705e8f01e651720acd6dcc"",""state"":""file""},""nh3_pdb_8192"":{""bytes"":663807,""sha256"":""b0664469d3a8e84f71fbd848f1f0ffaca2cee3f4fd2100ed10f398e7c19a27e6"",""state"":""file""}},""metadata"":{""benchmark"":""el""}}",da2e3992-31bf-4906-ae02-d3747f02a55a,1.0015701466052345,"[0.006556745910644532,0.00655937271118164,0.006552406311035157,0.006557472229003906,0.006562694549560546]",,,,,not_measured,not_measured,,nan,nan,3262,2732,44761088,,,,,,,,,,,,,,,,,
cscl,system_size,ewald,torch,32768,1,32768,0.3890171041712165,2570581.06000366,2737.58642578125,5.049036979675293,10,3,torch_cuda_events,warmup_excluded,True,,,0.0001,,5,arithmetic_mean,energy_autograd,energy_forces_charge_gradients,True,True,False,0.028619011864066124,65.90399932861328,0.0,32,32,16,orthorhombic,0.0958410342207594,31.665499892038266,0.5817271417396421,7616,2.0,2,"{""compute_capability"":""9.0"",""driver"":""unavailable"",""memory_bytes"":102132088832,""name"":""NVIDIA H100""}","{""cuda"":""13.0"",""git_head"":""7db753be5b014476cd3ab0207173a55d6730fb14"",""jax"":""0.11.2"",""jaxlib"":""0.11.2"",""nvalchemi_toolkit_ops"":""0.5.0"",""python"":""3.12.3"",""source_sha256"":""0796a4ffc622cdc7ab846f2e8cf88b0b52fccae4dcfe32a3140b3bb9818aab8e"",""torch"":""2.14.0+cu130"",""warp"":""1.17.0""}","{""gpu_uuid"":""e8b1f776-3e7d-8391-c1b5-79a044e95420"",""host"":""s4124-0117""}","{""JAX_DISABLE_JIT"":""<unset>"",""JAX_DISABLE_JIT_ACTUAL"":""<not-imported>"",""JAX_ENABLE_X64"":""1"",""JAX_ENABLE_X64_ACTUAL"":""<not-imported>"",""JAX_PLATFORMS"":""<unset>"",""TF_GPU_ALLOCATOR"":""<unset>"",""XLA_FLAGS"":""<unset>"",""XLA_PYTHON_CLIENT_ALLOCATOR"":""<unset>"",""XLA_PYTHON_CLIENT_MEM_FRACTION"":""0.95"",""XLA_PYTHON_CLIENT_PREALLOCATE"":""<unset>""}","{""artifacts"":{""nh3_pdb_1024"":{""bytes"":83199,""sha256"":""cb99e65c2024c8b1a80a7ea1f4ff5b23ef76a5d153a2caeb4a0e3077b5239135"",""state"":""file""},""nh3_pdb_128"":{""bytes"":10623,""sha256"":""4b48182856ba92449fa52b61bf2f95c6ce28937a3cb3da6aec4f131a1216c760"",""state"":""file""},""nh3_pdb_131072"":{""bytes"":10617087,""sha256"":""d454eb5e6e9fe717e1c12c22e3fc749189deae022de05b0f6f83f9f4501bbb52"",""state"":""file""},""nh3_pdb_16384"":{""bytes"":1327359,""sha256"":""07f5683974f6bdad6798104cf7de5ddb670704f71b7e28715d957805124196b8"",""state"":""file""},""nh3_pdb_2048"":{""bytes"":166143,""sha256"":""7171f9c4d6bf3c819f96ddd11877441961f43096057863d0607070d97c5e5a16"",""state"":""file""},""nh3_pdb_256"":{""bytes"":20991,""sha256"":""870d35ef9d654b395f8eefcd897e002ff41b1327475879ff5b955080ecb91ee0"",""state"":""file""},""nh3_pdb_32768"":{""bytes"":2654463,""sha256"":""a193ff7fc7793ae1c9121af48f694b9cff6974a63e67029053ab9312f86cb9cc"",""state"":""file""},""nh3_pdb_4096"":{""bytes"":332031,""sha256"":""e6d9ba2e0f95a04ebbeb61682dcf615982860aaa336140fee7ba55698f68175c"",""state"":""file""},""nh3_pdb_512"":{""bytes"":41727,""sha256"":""76e8d0d71fd3d49a1d14bb1fcd0689b08241620df41c90a904be29c85a67934e"",""state"":""file""},""nh3_pdb_65536"":{""bytes"":5308671,""sha256"":""a80e717b9abb39221c121bf3137135662e1b3c727e705e8f01e651720acd6dcc"",""state"":""file""},""nh3_pdb_8192"":{""bytes"":663807,""sha256"":""b0664469d3a8e84f71fbd848f1f0ffaca2cee3f4fd2100ed10f398e7c19a27e6"",""state"":""file""}},""metadata"":{""benchmark"":""el""}}",da2e3992-31bf-4906-ae02-d3747f02a55a,1.0054039114334348,"[0.012708995056152344,0.01277767333984375,0.012769951629638671,0.012769801330566405,0.012710140991210938]",,,,,not_measured,not_measured,,nan,nan,5467,3838,125763584,,,,,,,,,,,,,,,,,
cscl,system_size,ewald,torch,65536,1,65536,0.45655418187379837,2190320.535222744,6091.09619140625,12.486072063446045,10,3,torch_cuda_events,warmup_excluded,True,,,0.0001,,5,arithmetic_mean,energy_autograd,energy_forces_charge_gradients,True,True,False,0.028619011864066124,131.80799865722656,0.0,32,32,32,cubic,0.08538465453251894,35.5433218695575,0.5182599648832906,10768,2.0,2,"{""compute_capability"":""9.0"",""driver"":""unavailable"",""memory_bytes"":102132088832,""name"":""NVIDIA H100""}","{""cuda"":""13.0"",""git_head"":""7db753be5b014476cd3ab0207173a55d6730fb14"",""jax"":""0.11.2"",""jaxlib"":""0.11.2"",""nvalchemi_toolkit_ops"":""0.5.0"",""python"":""3.12.3"",""source_sha256"":""0796a4ffc622cdc7ab846f2e8cf88b0b52fccae4dcfe32a3140b3bb9818aab8e"",""torch"":""2.14.0+cu130"",""warp"":""1.17.0""}","{""gpu_uuid"":""e8b1f776-3e7d-8391-c1b5-79a044e95420"",""host"":""s4124-0117""}","{""JAX_DISABLE_JIT"":""<unset>"",""JAX_DISABLE_JIT_ACTUAL"":""<not-imported>"",""JAX_ENABLE_X64"":""1"",""JAX_ENABLE_X64_ACTUAL"":""<not-imported>"",""JAX_PLATFORMS"":""<unset>"",""TF_GPU_ALLOCATOR"":""<unset>"",""XLA_FLAGS"":""<unset>"",""XLA_PYTHON_CLIENT_ALLOCATOR"":""<unset>"",""XLA_PYTHON_CLIENT_MEM_FRACTION"":""0.95"",""XLA_PYTHON_CLIENT_PREALLOCATE"":""<unset>""}","{""artifacts"":{""nh3_pdb_1024"":{""bytes"":83199,""sha256"":""cb99e65c2024c8b1a80a7ea1f4ff5b23ef76a5d153a2caeb4a0e3077b5239135"",""state"":""file""},""nh3_pdb_128"":{""bytes"":10623,""sha256"":""4b48182856ba92449fa52b61bf2f95c6ce28937a3cb3da6aec4f131a1216c760"",""state"":""file""},""nh3_pdb_131072"":{""bytes"":10617087,""sha256"":""d454eb5e6e9fe717e1c12c22e3fc749189deae022de05b0f6f83f9f4501bbb52"",""state"":""file""},""nh3_pdb_16384"":{""bytes"":1327359,""sha256"":""07f5683974f6bdad6798104cf7de5ddb670704f71b7e28715d957805124196b8"",""state"":""file""},""nh3_pdb_2048"":{""bytes"":166143,""sha256"":""7171f9c4d6bf3c819f96ddd11877441961f43096057863d0607070d97c5e5a16"",""state"":""file""},""nh3_pdb_256"":{""bytes"":20991,""sha256"":""870d35ef9d654b395f8eefcd897e002ff41b1327475879ff5b955080ecb91ee0"",""state"":""file""},""nh3_pdb_32768"":{""bytes"":2654463,""sha256"":""a193ff7fc7793ae1c9121af48f694b9cff6974a63e67029053ab9312f86cb9cc"",""state"":""file""},""nh3_pdb_4096"":{""bytes"":332031,""sha256"":""e6d9ba2e0f95a04ebbeb61682dcf615982860aaa336140fee7ba55698f68175c"",""state"":""file""},""nh3_pdb_512"":{""bytes"":41727,""sha256"":""76e8d0d71fd3d49a1d14bb1fcd0689b08241620df41c90a904be29c85a67934e"",""state"":""file""},""nh3_pdb_65536"":{""bytes"":5308671,""sha256"":""a80e717b9abb39221c121bf3137135662e1b3c727e705e8f01e651720acd6dcc"",""state"":""file""},""nh3_pdb_8192"":{""bytes"":663807,""sha256"":""b0664469d3a8e84f71fbd848f1f0ffaca2cee3f4fd2100ed10f398e7c19a27e6"",""state"":""file""}},""metadata"":{""benchmark"":""el""}}",da2e3992-31bf-4906-ae02-d3747f02a55a,1.0046583278034003,"[0.029902194213867188,0.029910665893554688,0.029931091308593748,0.02986031188964844,0.02999941101074219]",,,,,not_measured,not_measured,,nan,nan,6083,5328,349175808,,,,,,,,,,,,,,,,,
cscl,system_size,ewald,torch,131072,1,131072,0.6270349770784378,1594807.365706023,18096.14111328125,36.33725595474243,10,3,torch_cuda_events,warmup_excluded,True,,,0.0001,,5,arithmetic_mean,energy_autograd,energy_forces_charge_gradients,True,True,False,0.028619011864066124,131.80799865722656,0.0,64,32,32,orthorhombic,0.07606907927187684,39.89602986942285,0.46171713837798084,15232,2.0,2,"{""compute_capability"":""9.0"",""driver"":""unavailable"",""memory_bytes"":102132088832,""name"":""NVIDIA H100""}","{""cuda"":""13.0"",""git_head"":""7db753be5b014476cd3ab0207173a55d6730fb14"",""jax"":""0.11.2"",""jaxlib"":""0.11.2"",""nvalchemi_toolkit_ops"":""0.5.0"",""python"":""3.12.3"",""source_sha256"":""0796a4ffc622cdc7ab846f2e8cf88b0b52fccae4dcfe32a3140b3bb9818aab8e"",""torch"":""2.14.0+cu130"",""warp"":""1.17.0""}","{""gpu_uuid"":""e8b1f776-3e7d-8391-c1b5-79a044e95420"",""host"":""s4124-0117""}","{""JAX_DISABLE_JIT"":""<unset>"",""JAX_DISABLE_JIT_ACTUAL"":""<not-imported>"",""JAX_ENABLE_X64"":""1"",""JAX_ENABLE_X64_ACTUAL"":""<not-imported>"",""JAX_PLATFORMS"":""<unset>"",""TF_GPU_ALLOCATOR"":""<unset>"",""XLA_FLAGS"":""<unset>"",""XLA_PYTHON_CLIENT_ALLOCATOR"":""<unset>"",""XLA_PYTHON_CLIENT_MEM_FRACTION"":""0.95"",""XLA_PYTHON_CLIENT_PREALLOCATE"":""<unset>""}","{""artifacts"":{""nh3_pdb_1024"":{""bytes"":83199,""sha256"":""cb99e65c2024c8b1a80a7ea1f4ff5b23ef76a5d153a2caeb4a0e3077b5239135"",""state"":""file""},""nh3_pdb_128"":{""bytes"":10623,""sha256"":""4b48182856ba92449fa52b61bf2f95c6ce28937a3cb3da6aec4f131a1216c760"",""state"":""file""},""nh3_pdb_131072"":{""bytes"":10617087,""sha256"":""d454eb5e6e9fe717e1c12c22e3fc749189deae022de05b0f6f83f9f4501bbb52"",""state"":""file""},""nh3_pdb_16384"":{""bytes"":1327359,""sha256"":""07f5683974f6bdad6798104cf7de5ddb670704f71b7e28715d957805124196b8"",""state"":""file""},""nh3_pdb_2048"":{""bytes"":166143,""sha256"":""7171f9c4d6bf3c819f96ddd11877441961f43096057863d0607070d97c5e5a16"",""state"":""file""},""nh3_pdb_256"":{""bytes"":20991,""sha256"":""870d35ef9d654b395f8eefcd897e002ff41b1327475879ff5b955080ecb91ee0"",""state"":""file""},""nh3_pdb_32768"":{""bytes"":2654463,""sha256"":""a193ff7fc7793ae1c9121af48f694b9cff6974a63e67029053ab9312f86cb9cc"",""state"":""file""},""nh3_pdb_4096"":{""bytes"":332031,""sha256"":""e6d9ba2e0f95a04ebbeb61682dcf615982860aaa336140fee7ba55698f68175c"",""state"":""file""},""nh3_pdb_512"":{""bytes"":41727,""sha256"":""76e8d0d71fd3d49a1d14bb1fcd0689b08241620df41c90a904be29c85a67934e"",""state"":""file""},""nh3_pdb_65536"":{""bytes"":5308671,""sha256"":""a80e717b9abb39221c121bf3137135662e1b3c727e705e8f01e651720acd6dcc"",""state"":""file""},""nh3_pdb_8192"":{""bytes"":663807,""sha256"":""b0664469d3a8e84f71fbd848f1f0ffaca2cee3f4fd2100ed10f398e7c19a27e6"",""state"":""file""}},""metadata"":{""benchmark"":""el""}}",da2e3992-31bf-4906-ae02-d3747f02a55a,1.0033428887311657,"[0.08224966430664063,0.08230469360351562,0.08228065185546875,0.08206815795898438,0.08203047485351563]",,,,,not_measured,not_measured,,nan,nan,9040,7630,1000079360,,,,,,,,,,,,,,,,,
cscl,system_size,ewald,torch,128,1,128,28.170930147171024,35497.5854462662,1.32763671875,0.03354597091674805,10,3,torch_cuda_events,warmup_excluded,True,,,1e-06,,5,arithmetic_mean,energy_autograd,energy_forces_charge_gradients,True,True,False,0.028619011864066124,16.47599983215332,0.0,4,4,4,cubic,0.24150427291685927,15.390709836961905,1.7953051814134424,880,2.0,2,"{""compute_capability"":""9.0"",""driver"":""unavailable"",""memory_bytes"":102132088832,""name"":""NVIDIA H100""}","{""cuda"":""13.0"",""git_head"":""7db753be5b014476cd3ab0207173a55d6730fb14"",""jax"":""0.11.2"",""jaxlib"":""0.11.2"",""nvalchemi_toolkit_ops"":""0.5.0"",""python"":""3.12.3"",""source_sha256"":""0796a4ffc622cdc7ab846f2e8cf88b0b52fccae4dcfe32a3140b3bb9818aab8e"",""torch"":""2.14.0+cu130"",""warp"":""1.17.0""}","{""gpu_uuid"":""e8b1f776-3e7d-8391-c1b5-79a044e95420"",""host"":""s4124-0117""}","{""JAX_DISABLE_JIT"":""<unset>"",""JAX_DISABLE_JIT_ACTUAL"":""<not-imported>"",""JAX_ENABLE_X64"":""1"",""JAX_ENABLE_X64_ACTUAL"":""<not-imported>"",""JAX_PLATFORMS"":""<unset>"",""TF_GPU_ALLOCATOR"":""<unset>"",""XLA_FLAGS"":""<unset>"",""XLA_PYTHON_CLIENT_ALLOCATOR"":""<unset>"",""XLA_PYTHON_CLIENT_MEM_FRACTION"":""0.95"",""XLA_PYTHON_CLIENT_PREALLOCATE"":""<unset>""}","{""artifacts"":{""nh3_pdb_1024"":{""bytes"":83199,""sha256"":""cb99e65c2024c8b1a80a7ea1f4ff5b23ef76a5d153a2caeb4a0e3077b5239135"",""state"":""file""},""nh3_pdb_128"":{""bytes"":10623,""sha256"":""4b48182856ba92449fa52b61bf2f95c6ce28937a3cb3da6aec4f131a1216c760"",""state"":""file""},""nh3_pdb_131072"":{""bytes"":10617087,""sha256"":""d454eb5e6e9fe717e1c12c22e3fc749189deae022de05b0f6f83f9f4501bbb52"",""state"":""file""},""nh3_pdb_16384"":{""bytes"":1327359,""sha256"":""07f5683974f6bdad6798104cf7de5ddb670704f71b7e28715d957805124196b8"",""state"":""file""},""nh3_pdb_2048"":{""bytes"":166143,""sha256"":""7171f9c4d6bf3c819f96ddd11877441961f43096057863d0607070d97c5e5a16"",""state"":""file""},""nh3_pdb_256"":{""bytes"":20991,""sha256"":""870d35ef9d654b395f8eefcd897e002ff41b1327475879ff5b955080ecb91ee0"",""state"":""file""},""nh3_pdb_32768"":{""bytes"":2654463,""sha256"":""a193ff7fc7793ae1c9121af48f694b9cff6974a63e67029053ab9312f86cb9cc"",""state"":""file""},""nh3_pdb_4096"":{""bytes"":332031,""sha256"":""e6d9ba2e0f95a04ebbeb61682dcf615982860aaa336140fee7ba55698f68175c"",""state"":""file""},""nh3_pdb_512"":{""bytes"":41727,""sha256"":""76e8d0d71fd3d49a1d14bb1fcd0689b08241620df41c90a904be29c85a67934e"",""state"":""file""},""nh3_pdb_65536"":{""bytes"":5308671,""sha256"":""a80e717b9abb39221c121bf3137135662e1b3c727e705e8f01e651720acd6dcc"",""state"":""file""},""nh3_pdb_8192"":{""bytes"":663807,""sha256"":""b0664469d3a8e84f71fbd848f1f0ffaca2cee3f4fd2100ed10f398e7c19a27e6"",""state"":""file""}},""metadata"":{""benchmark"":""el""}}",da2e3992-31bf-4906-ae02-d3747f02a55a,1.0377348687956955,"[0.003695478439331055,0.003592915344238281,0.0035611007690429684,0.0035936000823974606,0.003586300659179688]",,,,,not_measured,not_measured,,nan,nan,665,410,52480,,,,,,,,,,,,,,,,,
cscl,system_size,ewald,torch,256,1,256,14.094132483005522,70951.51129065828,4.92626953125,0.03899717330932617,10,3,torch_cuda_events,warmup_excluded,True,,,1e-06,,5,arithmetic_mean,energy_autograd,energy_forces_charge_gradients,True,True,False,0.028619011864066124,16.47599983215332,0.0,8,4,4,orthorhombic,0.2151558471670446,17.275487688531474,1.5994350847919458,1248,2.0,2,"{""compute_capability"":""9.0"",""driver"":""unavailable"",""memory_bytes"":102132088832,""name"":""NVIDIA H100""}","{""cuda"":""13.0"",""git_head"":""7db753be5b014476cd3ab0207173a55d6730fb14"",""jax"":""0.11.2"",""jaxlib"":""0.11.2"",""nvalchemi_toolkit_ops"":""0.5.0"",""python"":""3.12.3"",""source_sha256"":""0796a4ffc622cdc7ab846f2e8cf88b0b52fccae4dcfe32a3140b3bb9818aab8e"",""torch"":""2.14.0+cu130"",""warp"":""1.17.0""}","{""gpu_uuid"":""e8b1f776-3e7d-8391-c1b5-79a044e95420"",""host"":""s4124-0117""}","{""JAX_DISABLE_JIT"":""<unset>"",""JAX_DISABLE_JIT_ACTUAL"":""<not-imported>"",""JAX_ENABLE_X64"":""1"",""JAX_ENABLE_X64_ACTUAL"":""<not-imported>"",""JAX_PLATFORMS"":""<unset>"",""TF_GPU_ALLOCATOR"":""<unset>"",""XLA_FLAGS"":""<unset>"",""XLA_PYTHON_CLIENT_ALLOCATOR"":""<unset>"",""XLA_PYTHON_CLIENT_MEM_FRACTION"":""0.95"",""XLA_PYTHON_CLIENT_PREALLOCATE"":""<unset>""}","{""artifacts"":{""nh3_pdb_1024"":{""bytes"":83199,""sha256"":""cb99e65c2024c8b1a80a7ea1f4ff5b23ef76a5d153a2caeb4a0e3077b5239135"",""state"":""file""},""nh3_pdb_128"":{""bytes"":10623,""sha256"":""4b48182856ba92449fa52b61bf2f95c6ce28937a3cb3da6aec4f131a1216c760"",""state"":""file""},""nh3_pdb_131072"":{""bytes"":10617087,""sha256"":""d454eb5e6e9fe717e1c12c22e3fc749189deae022de05b0f6f83f9f4501bbb52"",""state"":""file""},""nh3_pdb_16384"":{""bytes"":1327359,""sha256"":""07f5683974f6bdad6798104cf7de5ddb670704f71b7e28715d957805124196b8"",""state"":""file""},""nh3_pdb_2048"":{""bytes"":166143,""sha256"":""7171f9c4d6bf3c819f96ddd11877441961f43096057863d0607070d97c5e5a16"",""state"":""file""},""nh3_pdb_256"":{""bytes"":20991,""sha256"":""870d35ef9d654b395f8eefcd897e002ff41b1327475879ff5b955080ecb91ee0"",""state"":""file""},""nh3_pdb_32768"":{""bytes"":2654463,""sha256"":""a193ff7fc7793ae1c9121af48f694b9cff6974a63e67029053ab9312f86cb9cc"",""state"":""file""},""nh3_pdb_4096"":{""bytes"":332031,""sha256"":""e6d9ba2e0f95a04ebbeb61682dcf615982860aaa336140fee7ba55698f68175c"",""state"":""file""},""nh3_pdb_512"":{""bytes"":41727,""sha256"":""76e8d0d71fd3d49a1d14bb1fcd0689b08241620df41c90a904be29c85a67934e"",""state"":""file""},""nh3_pdb_65536"":{""bytes"":5308671,""sha256"":""a80e717b9abb39221c121bf3137135662e1b3c727e705e8f01e651720acd6dcc"",""state"":""file""},""nh3_pdb_8192"":{""bytes"":663807,""sha256"":""b0664469d3a8e84f71fbd848f1f0ffaca2cee3f4fd2100ed10f398e7c19a27e6"",""state"":""file""}},""metadata"":{""benchmark"":""el""}}",da2e3992-31bf-4906-ae02-d3747f02a55a,1.0277963123786025,"[0.0035720321655273437,0.0036213790893554684,0.003588832092285156,0.0036713214874267578,0.0035869247436523437]",,,,,not_measured,not_measured,,nan,nan,1149,608,155648,,,,,,,,,,,,,,,,,
cscl,system_size,ewald,torch,512,1,512,7.1690236032009125,139489.00929179642,10.24169921875,0.049808502197265625,10,3,torch_cuda_events,warmup_excluded,True,,,1e-06,,5,arithmetic_mean,energy_autograd,energy_forces_charge_gradients,True,True,False,0.028619011864066124,16.47599983215332,0.0,8,8,4,orthorhombic,0.1916820684415188,19.391079296412393,1.4249346667898293,1760,2.0,2,"{""compute_capability"":""9.0"",""driver"":""unavailable"",""memory_bytes"":102132088832,""name"":""NVIDIA H100""}","{""cuda"":""13.0"",""git_head"":""7db753be5b014476cd3ab0207173a55d6730fb14"",""jax"":""0.11.2"",""jaxlib"":""0.11.2"",""nvalchemi_toolkit_ops"":""0.5.0"",""python"":""3.12.3"",""source_sha256"":""0796a4ffc622cdc7ab846f2e8cf88b0b52fccae4dcfe32a3140b3bb9818aab8e"",""torch"":""2.14.0+cu130"",""warp"":""1.17.0""}","{""gpu_uuid"":""e8b1f776-3e7d-8391-c1b5-79a044e95420"",""host"":""s4124-0117""}","{""JAX_DISABLE_JIT"":""<unset>"",""JAX_DISABLE_JIT_ACTUAL"":""<not-imported>"",""JAX_ENABLE_X64"":""1"",""JAX_ENABLE_X64_ACTUAL"":""<not-imported>"",""JAX_PLATFORMS"":""<unset>"",""TF_GPU_ALLOCATOR"":""<unset>"",""XLA_FLAGS"":""<unset>"",""XLA_PYTHON_CLIENT_ALLOCATOR"":""<unset>"",""XLA_PYTHON_CLIENT_MEM_FRACTION"":""0.95"",""XLA_PYTHON_CLIENT_PREALLOCATE"":""<unset>""}","{""artifacts"":{""nh3_pdb_1024"":{""bytes"":83199,""sha256"":""cb99e65c2024c8b1a80a7ea1f4ff5b23ef76a5d153a2caeb4a0e3077b5239135"",""state"":""file""},""nh3_pdb_128"":{""bytes"":10623,""sha256"":""4b48182856ba92449fa52b61bf2f95c6ce28937a3cb3da6aec4f131a1216c760"",""state"":""file""},""nh3_pdb_131072"":{""bytes"":10617087,""sha256"":""d454eb5e6e9fe717e1c12c22e3fc749189deae022de05b0f6f83f9f4501bbb52"",""state"":""file""},""nh3_pdb_16384"":{""bytes"":1327359,""sha256"":""07f5683974f6bdad6798104cf7de5ddb670704f71b7e28715d957805124196b8"",""state"":""file""},""nh3_pdb_2048"":{""bytes"":166143,""sha256"":""7171f9c4d6bf3c819f96ddd11877441961f43096057863d0607070d97c5e5a16"",""state"":""file""},""nh3_pdb_256"":{""bytes"":20991,""sha256"":""870d35ef9d654b395f8eefcd897e002ff41b1327475879ff5b955080ecb91ee0"",""state"":""file""},""nh3_pdb_32768"":{""bytes"":2654463,""sha256"":""a193ff7fc7793ae1c9121af48f694b9cff6974a63e67029053ab9312f86cb9cc"",""state"":""file""},""nh3_pdb_4096"":{""bytes"":332031,""sha256"":""e6d9ba2e0f95a04ebbeb61682dcf615982860aaa336140fee7ba55698f68175c"",""state"":""file""},""nh3_pdb_512"":{""bytes"":41727,""sha256"":""76e8d0d71fd3d49a1d14bb1fcd0689b08241620df41c90a904be29c85a67934e"",""state"":""file""},""nh3_pdb_65536"":{""bytes"":5308671,""sha256"":""a80e717b9abb39221c121bf3137135662e1b3c727e705e8f01e651720acd6dcc"",""state"":""file""},""nh3_pdb_8192"":{""bytes"":663807,""sha256"":""b0664469d3a8e84f71fbd848f1f0ffaca2cee3f4fd2100ed10f398e7c19a27e6"",""state"":""file""}},""metadata"":{""benchmark"":""el""}}",da2e3992-31bf-4906-ae02-d3747f02a55a,1.0658986133586692,"[0.003630255889892578,0.003790086364746094,0.0037731967926025395,0.0035557662963867183,0.0036033950805664065]",,,,,not_measured,not_measured,,nan,nan,1300,892,456704,,,,,,,,,,,,,,,,,
cscl,system_size,ewald,torch,1024,1,1024,3.7371262162923813,267585.2893703184,26.51318359375,0.08150434494018555,10,3,torch_cuda_events,warmup_excluded,True,,,1e-06,,5,arithmetic_mean,energy_autograd,energy_forces_charge_gradients,True,True,False,0.028619011864066124,32.95199966430664,0.0,8,8,8,cubic,0.17076930906503784,21.765750585980534,1.2694724680767904,2480,2.0,2,"{""compute_capability"":""9.0"",""driver"":""unavailable"",""memory_bytes"":102132088832,""name"":""NVIDIA H100""}","{""cuda"":""13.0"",""git_head"":""7db753be5b014476cd3ab0207173a55d6730fb14"",""jax"":""0.11.2"",""jaxlib"":""0.11.2"",""nvalchemi_toolkit_ops"":""0.5.0"",""python"":""3.12.3"",""source_sha256"":""0796a4ffc622cdc7ab846f2e8cf88b0b52fccae4dcfe32a3140b3bb9818aab8e"",""torch"":""2.14.0+cu130"",""warp"":""1.17.0""}","{""gpu_uuid"":""e8b1f776-3e7d-8391-c1b5-79a044e95420"",""host"":""s4124-0117""}","{""JAX_DISABLE_JIT"":""<unset>"",""JAX_DISABLE_JIT_ACTUAL"":""<not-imported>"",""JAX_ENABLE_X64"":""1"",""JAX_ENABLE_X64_ACTUAL"":""<not-imported>"",""JAX_PLATFORMS"":""<unset>"",""TF_GPU_ALLOCATOR"":""<unset>"",""XLA_FLAGS"":""<unset>"",""XLA_PYTHON_CLIENT_ALLOCATOR"":""<unset>"",""XLA_PYTHON_CLIENT_MEM_FRACTION"":""0.95"",""XLA_PYTHON_CLIENT_PREALLOCATE"":""<unset>""}","{""artifacts"":{""nh3_pdb_1024"":{""bytes"":83199,""sha256"":""cb99e65c2024c8b1a80a7ea1f4ff5b23ef76a5d153a2caeb4a0e3077b5239135"",""state"":""file""},""nh3_pdb_128"":{""bytes"":10623,""sha256"":""4b48182856ba92449fa52b61bf2f95c6ce28937a3cb3da6aec4f131a1216c760"",""state"":""file""},""nh3_pdb_131072"":{""bytes"":10617087,""sha256"":""d454eb5e6e9fe717e1c12c22e3fc749189deae022de05b0f6f83f9f4501bbb52"",""state"":""file""},""nh3_pdb_16384"":{""bytes"":1327359,""sha256"":""07f5683974f6bdad6798104cf7de5ddb670704f71b7e28715d957805124196b8"",""state"":""file""},""nh3_pdb_2048"":{""bytes"":166143,""sha256"":""7171f9c4d6bf3c819f96ddd11877441961f43096057863d0607070d97c5e5a16"",""state"":""file""},""nh3_pdb_256"":{""bytes"":20991,""sha256"":""870d35ef9d654b395f8eefcd897e002ff41b1327475879ff5b955080ecb91ee0"",""state"":""file""},""nh3_pdb_32768"":{""bytes"":2654463,""sha256"":""a193ff7fc7793ae1c9121af48f694b9cff6974a63e67029053ab9312f86cb9cc"",""state"":""file""},""nh3_pdb_4096"":{""bytes"":332031,""sha256"":""e6d9ba2e0f95a04ebbeb61682dcf615982860aaa336140fee7ba55698f68175c"",""state"":""file""},""nh3_pdb_512"":{""bytes"":41727,""sha256"":""76e8d0d71fd3d49a1d14bb1fcd0689b08241620df41c90a904be29c85a67934e"",""state"":""file""},""nh3_pdb_65536"":{""bytes"":5308671,""sha256"":""a80e717b9abb39221c121bf3137135662e1b3c727e705e8f01e651720acd6dcc"",""state"":""file""},""nh3_pdb_8192"":{""bytes"":663807,""sha256"":""b0664469d3a8e84f71fbd848f1f0ffaca2cee3f4fd2100ed10f398e7c19a27e6"",""state"":""file""}},""metadata"":{""benchmark"":""el""}}",da2e3992-31bf-4906-ae02-d3747f02a55a,1.045610171368839,"[0.003861564636230469,0.003806604766845703,0.003892841720581055,0.0038500415802001954,0.0037230335235595704]",,,,,not_measured,not_measured,,nan,nan,1687,1242,1271808,,,,,,,,,,,,,,,,,
cscl,system_size,ewald,torch,2048,1,2048,1.910316571593285,523473.4466894969,66.28466796875,0.16499996185302734,10,3,torch_cuda_events,warmup_excluded,True,,,1e-06,,5,arithmetic_mean,energy_autograd,energy_forces_charge_gradients,True,True,False,0.028619011864066124,32.95199966430664,0.0,16,8,8,orthorhombic,0.15213815854375362,24.431228985730645,1.1309713945240651,3504,2.0,2,"{""compute_capability"":""9.0"",""driver"":""unavailable"",""memory_bytes"":102132088832,""name"":""NVIDIA H100""}","{""cuda"":""13.0"",""git_head"":""7db753be5b014476cd3ab0207173a55d6730fb14"",""jax"":""0.11.2"",""jaxlib"":""0.11.2"",""nvalchemi_toolkit_ops"":""0.5.0"",""python"":""3.12.3"",""source_sha256"":""0796a4ffc622cdc7ab846f2e8cf88b0b52fccae4dcfe32a3140b3bb9818aab8e"",""torch"":""2.14.0+cu130"",""warp"":""1.17.0""}","{""gpu_uuid"":""e8b1f776-3e7d-8391-c1b5-79a044e95420"",""host"":""s4124-0117""}","{""JAX_DISABLE_JIT"":""<unset>"",""JAX_DISABLE_JIT_ACTUAL"":""<not-imported>"",""JAX_ENABLE_X64"":""1"",""JAX_ENABLE_X64_ACTUAL"":""<not-imported>"",""JAX_PLATFORMS"":""<unset>"",""TF_GPU_ALLOCATOR"":""<unset>"",""XLA_FLAGS"":""<unset>"",""XLA_PYTHON_CLIENT_ALLOCATOR"":""<unset>"",""XLA_PYTHON_CLIENT_MEM_FRACTION"":""0.95"",""XLA_PYTHON_CLIENT_PREALLOCATE"":""<unset>""}","{""artifacts"":{""nh3_pdb_1024"":{""bytes"":83199,""sha256"":""cb99e65c2024c8b1a80a7ea1f4ff5b23ef76a5d153a2caeb4a0e3077b5239135"",""state"":""file""},""nh3_pdb_128"":{""bytes"":10623,""sha256"":""4b48182856ba92449fa52b61bf2f95c6ce28937a3cb3da6aec4f131a1216c760"",""state"":""file""},""nh3_pdb_131072"":{""bytes"":10617087,""sha256"":""d454eb5e6e9fe717e1c12c22e3fc749189deae022de05b0f6f83f9f4501bbb52"",""state"":""file""},""nh3_pdb_16384"":{""bytes"":1327359,""sha256"":""07f5683974f6bdad6798104cf7de5ddb670704f71b7e28715d957805124196b8"",""state"":""file""},""nh3_pdb_2048"":{""bytes"":166143,""sha256"":""7171f9c4d6bf3c819f96ddd11877441961f43096057863d0607070d97c5e5a16"",""state"":""file""},""nh3_pdb_256"":{""bytes"":20991,""sha256"":""870d35ef9d654b395f8eefcd897e002ff41b1327475879ff5b955080ecb91ee0"",""state"":""file""},""nh3_pdb_32768"":{""bytes"":2654463,""sha256"":""a193ff7fc7793ae1c9121af48f694b9cff6974a63e67029053ab9312f86cb9cc"",""state"":""file""},""nh3_pdb_4096"":{""bytes"":332031,""sha256"":""e6d9ba2e0f95a04ebbeb61682dcf615982860aaa336140fee7ba55698f68175c"",""state"":""file""},""nh3_pdb_512"":{""bytes"":41727,""sha256"":""76e8d0d71fd3d49a1d14bb1fcd0689b08241620df41c90a904be29c85a67934e"",""state"":""file""},""nh3_pdb_65536"":{""bytes"":5308671,""sha256"":""a80e717b9abb39221c121bf3137135662e1b3c727e705e8f01e651720acd6dcc"",""state"":""file""},""nh3_pdb_8192"":{""bytes"":663807,""sha256"":""b0664469d3a8e84f71fbd848f1f0ffaca2cee3f4fd2100ed10f398e7c19a27e6"",""state"":""file""}},""metadata"":{""benchmark"":""el""}}",da2e3992-31bf-4906-ae02-d3747f02a55a,1.0027613616717026,"[0.003907740783691406,0.003907583999633789,0.003918374252319336,0.0039160129547119145,0.003911929702758788]",,,,,not_measured,not_measured,,nan,nan,2112,1806,3698688,,,,,,,,,,,,,,,,,
cscl,system_size,ewald,torch,4096,1,4096,1.376898903399706,726269.7337697753,215.43017578125,0.42832517623901367,10,3,torch_cuda_events,warmup_excluded,True,,,1e-06,,5,arithmetic_mean,energy_autograd,energy_forces_charge_gradients,True,True,False,0.028619011864066124,32.95199966430664,0.0,16,16,8,orthorhombic,0.13553969042686184,27.42312733003854,1.0075809656348818,4960,2.0,2,"{""compute_capability"":""9.0"",""driver"":""unavailable"",""memory_bytes"":102132088832,""name"":""NVIDIA H100""}","{""cuda"":""13.0"",""git_head"":""7db753be5b014476cd3ab0207173a55d6730fb14"",""jax"":""0.11.2"",""jaxlib"":""0.11.2"",""nvalchemi_toolkit_ops"":""0.5.0"",""python"":""3.12.3"",""source_sha256"":""0796a4ffc622cdc7ab846f2e8cf88b0b52fccae4dcfe32a3140b3bb9818aab8e"",""torch"":""2.14.0+cu130"",""warp"":""1.17.0""}","{""gpu_uuid"":""e8b1f776-3e7d-8391-c1b5-79a044e95420"",""host"":""s4124-0117""}","{""JAX_DISABLE_JIT"":""<unset>"",""JAX_DISABLE_JIT_ACTUAL"":""<not-imported>"",""JAX_ENABLE_X64"":""1"",""JAX_ENABLE_X64_ACTUAL"":""<not-imported>"",""JAX_PLATFORMS"":""<unset>"",""TF_GPU_ALLOCATOR"":""<unset>"",""XLA_FLAGS"":""<unset>"",""XLA_PYTHON_CLIENT_ALLOCATOR"":""<unset>"",""XLA_PYTHON_CLIENT_MEM_FRACTION"":""0.95"",""XLA_PYTHON_CLIENT_PREALLOCATE"":""<unset>""}","{""artifacts"":{""nh3_pdb_1024"":{""bytes"":83199,""sha256"":""cb99e65c2024c8b1a80a7ea1f4ff5b23ef76a5d153a2caeb4a0e3077b5239135"",""state"":""file""},""nh3_pdb_128"":{""bytes"":10623,""sha256"":""4b48182856ba92449fa52b61bf2f95c6ce28937a3cb3da6aec4f131a1216c760"",""state"":""file""},""nh3_pdb_131072"":{""bytes"":10617087,""sha256"":""d454eb5e6e9fe717e1c12c22e3fc749189deae022de05b0f6f83f9f4501bbb52"",""state"":""file""},""nh3_pdb_16384"":{""bytes"":1327359,""sha256"":""07f5683974f6bdad6798104cf7de5ddb670704f71b7e28715d957805124196b8"",""state"":""file""},""nh3_pdb_2048"":{""bytes"":166143,""sha256"":""7171f9c4d6bf3c819f96ddd11877441961f43096057863d0607070d97c5e5a16"",""state"":""file""},""nh3_pdb_256"":{""bytes"":20991,""sha256"":""870d35ef9d654b395f8eefcd897e002ff41b1327475879ff5b955080ecb91ee0"",""state"":""file""},""nh3_pdb_32768"":{""bytes"":2654463,""sha256"":""a193ff7fc7793ae1c9121af48f694b9cff6974a63e67029053ab9312f86cb9cc"",""state"":""file""},""nh3_pdb_4096"":{""bytes"":332031,""sha256"":""e6d9ba2e0f95a04ebbeb61682dcf615982860aaa336140fee7ba55698f68175c"",""state"":""file""},""nh3_pdb_512"":{""bytes"":41727,""sha256"":""76e8d0d71fd3d49a1d14bb1fcd0689b08241620df41c90a904be29c85a67934e"",""state"":""file""},""nh3_pdb_65536"":{""bytes"":5308671,""sha256"":""a80e717b9abb39221c121bf3137135662e1b3c727e705e8f01e651720acd6dcc"",""state"":""file""},""nh3_pdb_8192"":{""bytes"":663807,""sha256"":""b0664469d3a8e84f71fbd848f1f0ffaca2cee3f4fd2100ed10f398e7c19a27e6"",""state"":""file""}},""metadata"":{""benchmark"":""el""}}",da2e3992-31bf-4906-ae02-d3747f02a55a,1.002251329417028,"[0.005634454345703125,0.00563620491027832,0.005638681411743164,0.005647139358520508,0.005642409515380859]",,,,,not_measured,not_measured,,nan,nan,3438,2444,10010624,,,,,,,,,,,,,,,,,
cscl,system_size,ewald,torch,8192,1,8192,0.9973670355975628,1002639.9152051979,579.82373046875,1.1292061805725098,10,3,torch_cuda_events,warmup_excluded,True,,,1e-06,,5,arithmetic_mean,energy_autograd,energy_forces_charge_gradients,True,True,False,0.028619011864066124,65.90399932861328,0.0,16,16,16,cubic,0.12075213645842964,30.78141967392381,0.8976525907067212,7008,2.0,2,"{""compute_capability"":""9.0"",""driver"":""unavailable"",""memory_bytes"":102132088832,""name"":""NVIDIA H100""}","{""cuda"":""13.0"",""git_head"":""7db753be5b014476cd3ab0207173a55d6730fb14"",""jax"":""0.11.2"",""jaxlib"":""0.11.2"",""nvalchemi_toolkit_ops"":""0.5.0"",""python"":""3.12.3"",""source_sha256"":""0796a4ffc622cdc7ab846f2e8cf88b0b52fccae4dcfe32a3140b3bb9818aab8e"",""torch"":""2.14.0+cu130"",""warp"":""1.17.0""}","{""gpu_uuid"":""e8b1f776-3e7d-8391-c1b5-79a044e95420"",""host"":""s4124-0117""}","{""JAX_DISABLE_JIT"":""<unset>"",""JAX_DISABLE_JIT_ACTUAL"":""<not-imported>"",""JAX_ENABLE_X64"":""1"",""JAX_ENABLE_X64_ACTUAL"":""<not-imported>"",""JAX_PLATFORMS"":""<unset>"",""TF_GPU_ALLOCATOR"":""<unset>"",""XLA_FLAGS"":""<unset>"",""XLA_PYTHON_CLIENT_ALLOCATOR"":""<unset>"",""XLA_PYTHON_CLIENT_MEM_FRACTION"":""0.95"",""XLA_PYTHON_CLIENT_PREALLOCATE"":""<unset>""}","{""artifacts"":{""nh3_pdb_1024"":{""bytes"":83199,""sha256"":""cb99e65c2024c8b1a80a7ea1f4ff5b23ef76a5d153a2caeb4a0e3077b5239135"",""state"":""file""},""nh3_pdb_128"":{""bytes"":10623,""sha256"":""4b48182856ba92449fa52b61bf2f95c6ce28937a3cb3da6aec4f131a1216c760"",""state"":""file""},""nh3_pdb_131072"":{""bytes"":10617087,""sha256"":""d454eb5e6e9fe717e1c12c22e3fc749189deae022de05b0f6f83f9f4501bbb52"",""state"":""file""},""nh3_pdb_16384"":{""bytes"":1327359,""sha256"":""07f5683974f6bdad6798104cf7de5ddb670704f71b7e28715d957805124196b8"",""state"":""file""},""nh3_pdb_2048"":{""bytes"":166143,""sha256"":""7171f9c4d6bf3c819f96ddd11877441961f43096057863d0607070d97c5e5a16"",""state"":""file""},""nh3_pdb_256"":{""bytes"":20991,""sha256"":""870d35ef9d654b395f8eefcd897e002ff41b1327475879ff5b955080ecb91ee0"",""state"":""file""},""nh3_pdb_32768"":{""bytes"":2654463,""sha256"":""a193ff7fc7793ae1c9121af48f694b9cff6974a63e67029053ab9312f86cb9cc"",""state"":""file""},""nh3_pdb_4096"":{""bytes"":332031,""sha256"":""e6d9ba2e0f95a04ebbeb61682dcf615982860aaa336140fee7ba55698f68175c"",""state"":""file""},""nh3_pdb_512"":{""bytes"":41727,""sha256"":""76e8d0d71fd3d49a1d14bb1fcd0689b08241620df41c90a904be29c85a67934e"",""state"":""file""},""nh3_pdb_65536"":{""bytes"":5308671,""sha256"":""a80e717b9abb39221c121bf3137135662e1b3c727e705e8f01e651720acd6dcc"",""state"":""file""},""nh3_pdb_8192"":{""bytes"":663807,""sha256"":""b0664469d3a8e84f71fbd848f1f0ffaca2cee3f4fd2100ed10f398e7c19a27e6"",""state"":""file""}},""metadata"":{""benchmark"":""el""}}",da2e3992-31bf-4906-ae02-d3747f02a55a,1.0026819747098976,"[0.008158863830566406,0.008173619079589843,0.008180745697021484,0.008165737915039061,0.008173187255859376]",,,,,not_measured,not_measured,,nan,nan,4630,3478,28491776,,,,,,,,,,,,,,,,,
cscl,system_size,ewald,torch,16384,1,16384,0.7285641878843307,1372562.6604072987,1581.34912109375,3.0892295837402344,10,3,torch_cuda_events,warmup_excluded,True,,,1e-06,,5,arithmetic_mean,energy_autograd,energy_forces_charge_gradients,True,True,False,0.028619011864066124,65.90399932861328,0.0,32,16,16,orthorhombic,0.1075779235835223,34.55097537706295,0.7997175423959729,9904,2.0,2,"{""compute_capability"":""9.0"",""driver"":""unavailable"",""memory_bytes"":102132088832,""name"":""NVIDIA H100""}","{""cuda"":""13.0"",""git_head"":""7db753be5b014476cd3ab0207173a55d6730fb14"",""jax"":""0.11.2"",""jaxlib"":""0.11.2"",""nvalchemi_toolkit_ops"":""0.5.0"",""python"":""3.12.3"",""source_sha256"":""0796a4ffc622cdc7ab846f2e8cf88b0b52fccae4dcfe32a3140b3bb9818aab8e"",""torch"":""2.14.0+cu130"",""warp"":""1.17.0""}","{""gpu_uuid"":""e8b1f776-3e7d-8391-c1b5-79a044e95420"",""host"":""s4124-0117""}","{""JAX_DISABLE_JIT"":""<unset>"",""JAX_DISABLE_JIT_ACTUAL"":""<not-imported>"",""JAX_ENABLE_X64"":""1"",""JAX_ENABLE_X64_ACTUAL"":""<not-imported>"",""JAX_PLATFORMS"":""<unset>"",""TF_GPU_ALLOCATOR"":""<unset>"",""XLA_FLAGS"":""<unset>"",""XLA_PYTHON_CLIENT_ALLOCATOR"":""<unset>"",""XLA_PYTHON_CLIENT_MEM_FRACTION"":""0.95"",""XLA_PYTHON_CLIENT_PREALLOCATE"":""<unset>""}","{""artifacts"":{""nh3_pdb_1024"":{""bytes"":83199,""sha256"":""cb99e65c2024c8b1a80a7ea1f4ff5b23ef76a5d153a2caeb4a0e3077b5239135"",""state"":""file""},""nh3_pdb_128"":{""bytes"":10623,""sha256"":""4b48182856ba92449fa52b61bf2f95c6ce28937a3cb3da6aec4f131a1216c760"",""state"":""file""},""nh3_pdb_131072"":{""bytes"":10617087,""sha256"":""d454eb5e6e9fe717e1c12c22e3fc749189deae022de05b0f6f83f9f4501bbb52"",""state"":""file""},""nh3_pdb_16384"":{""bytes"":1327359,""sha256"":""07f5683974f6bdad6798104cf7de5ddb670704f71b7e28715d957805124196b8"",""state"":""file""},""nh3_pdb_2048"":{""bytes"":166143,""sha256"":""7171f9c4d6bf3c819f96ddd11877441961f43096057863d0607070d97c5e5a16"",""state"":""file""},""nh3_pdb_256"":{""bytes"":20991,""sha256"":""870d35ef9d654b395f8eefcd897e002ff41b1327475879ff5b955080ecb91ee0"",""state"":""file""},""nh3_pdb_32768"":{""bytes"":2654463,""sha256"":""a193ff7fc7793ae1c9121af48f694b9cff6974a63e67029053ab9312f86cb9cc"",""state"":""file""},""nh3_pdb_4096"":{""bytes"":332031,""sha256"":""e6d9ba2e0f95a04ebbeb61682dcf615982860aaa336140fee7ba55698f68175c"",""state"":""file""},""nh3_pdb_512"":{""bytes"":41727,""sha256"":""76e8d0d71fd3d49a1d14bb1fcd0689b08241620df41c90a904be29c85a67934e"",""state"":""file""},""nh3_pdb_65536"":{""bytes"":5308671,""sha256"":""a80e717b9abb39221c121bf3137135662e1b3c727e705e8f01e651720acd6dcc"",""state"":""file""},""nh3_pdb_8192"":{""bytes"":663807,""sha256"":""b0664469d3a8e84f71fbd848f1f0ffaca2cee3f4fd2100ed10f398e7c19a27e6"",""state"":""file""}},""metadata"":{""benchmark"":""el""}}",da2e3992-31bf-4906-ae02-d3747f02a55a,1.0031237051742357,"[0.011961622619628905,0.01193257598876953,0.011924374389648437,0.011939830780029297,0.011925574493408203]",,,,,not_measured,not_measured,,nan,nan,6317,4956,81199104,,,,,,,,,,,,,,,,,
cscl,system_size,ewald,torch,32768,1,32768,0.65048367716372,1537317.5916731118,4088.12744140625,8.224185943603516,10,3,torch_cuda_events,warmup_excluded,True,,,1e-06,,5,arithmetic_mean,energy_autograd,energy_forces_charge_gradients,True,True,False,0.028619011864066124,65.90399932861328,0.0,32,32,16,orthorhombic,0.0958410342207594,38.782158592824786,0.7124673333949146,14000,2.0,2,"{""compute_capability"":""9.0"",""driver"":""unavailable"",""memory_bytes"":102132088832,""name"":""NVIDIA H100""}","{""cuda"":""13.0"",""git_head"":""7db753be5b014476cd3ab0207173a55d6730fb14"",""jax"":""0.11.2"",""jaxlib"":""0.11.2"",""nvalchemi_toolkit_ops"":""0.5.0"",""python"":""3.12.3"",""source_sha256"":""0796a4ffc622cdc7ab846f2e8cf88b0b52fccae4dcfe32a3140b3bb9818aab8e"",""torch"":""2.14.0+cu130"",""warp"":""1.17.0""}","{""gpu_uuid"":""e8b1f776-3e7d-8391-c1b5-79a044e95420"",""host"":""s4124-0117""}","{""JAX_DISABLE_JIT"":""<unset>"",""JAX_DISABLE_JIT_ACTUAL"":""<not-imported>"",""JAX_ENABLE_X64"":""1"",""JAX_ENABLE_X64_ACTUAL"":""<not-imported>"",""JAX_PLATFORMS"":""<unset>"",""TF_GPU_ALLOCATOR"":""<unset>"",""XLA_FLAGS"":""<unset>"",""XLA_PYTHON_CLIENT_ALLOCATOR"":""<unset>"",""XLA_PYTHON_CLIENT_MEM_FRACTION"":""0.95"",""XLA_PYTHON_CLIENT_PREALLOCATE"":""<unset>""}","{""artifacts"":{""nh3_pdb_1024"":{""bytes"":83199,""sha256"":""cb99e65c2024c8b1a80a7ea1f4ff5b23ef76a5d153a2caeb4a0e3077b5239135"",""state"":""file""},""nh3_pdb_128"":{""bytes"":10623,""sha256"":""4b48182856ba92449fa52b61bf2f95c6ce28937a3cb3da6aec4f131a1216c760"",""state"":""file""},""nh3_pdb_131072"":{""bytes"":10617087,""sha256"":""d454eb5e6e9fe717e1c12c22e3fc749189deae022de05b0f6f83f9f4501bbb52"",""state"":""file""},""nh3_pdb_16384"":{""bytes"":1327359,""sha256"":""07f5683974f6bdad6798104cf7de5ddb670704f71b7e28715d957805124196b8"",""state"":""file""},""nh3_pdb_2048"":{""bytes"":166143,""sha256"":""7171f9c4d6bf3c819f96ddd11877441961f43096057863d0607070d97c5e5a16"",""state"":""file""},""nh3_pdb_256"":{""bytes"":20991,""sha256"":""870d35ef9d654b395f8eefcd897e002ff41b1327475879ff5b955080ecb91ee0"",""state"":""file""},""nh3_pdb_32768"":{""bytes"":2654463,""sha256"":""a193ff7fc7793ae1c9121af48f694b9cff6974a63e67029053ab9312f86cb9cc"",""state"":""file""},""nh3_pdb_4096"":{""bytes"":332031,""sha256"":""e6d9ba2e0f95a04ebbeb61682dcf615982860aaa336140fee7ba55698f68175c"",""state"":""file""},""nh3_pdb_512"":{""bytes"":41727,""sha256"":""76e8d0d71fd3d49a1d14bb1fcd0689b08241620df41c90a904be29c85a67934e"",""state"":""file""},""nh3_pdb_65536"":{""bytes"":5308671,""sha256"":""a80e717b9abb39221c121bf3137135662e1b3c727e705e8f01e651720acd6dcc"",""state"":""file""},""nh3_pdb_8192"":{""bytes"":663807,""sha256"":""b0664469d3a8e84f71fbd848f1f0ffaca2cee3f4fd2100ed10f398e7c19a27e6"",""state"":""file""}},""metadata"":{""benchmark"":""el""}}",da2e3992-31bf-4906-ae02-d3747f02a55a,1.0141636471450761,"[0.02120892791748047,0.021344982910156247,0.02120608673095703,0.021506442260742185,0.021308805847167968]",,,,,not_measured,not_measured,,nan,nan,8168,6878,225378304,,,,,,,,,,,,,,,,,
cscl,system_size,ewald,torch,65536,1,65536,0.858257282525301,1165151.7794962847,12202.18896484375,23.96188497543335,10,3,torch_cuda_events,warmup_excluded,True,,,1e-06,,5,arithmetic_mean,energy_autograd,energy_forces_charge_gradients,True,True,False,0.028619011864066124,131.80799865722656,0.0,32,32,32,cubic,0.08538465453251894,43.531501171961054,0.6347362340383953,19792,2.0,2,"{""compute_capability"":""9.0"",""driver"":""unavailable"",""memory_bytes"":102132088832,""name"":""NVIDIA H100""}","{""cuda"":""13.0"",""git_head"":""7db753be5b014476cd3ab0207173a55d6730fb14"",""jax"":""0.11.2"",""jaxlib"":""0.11.2"",""nvalchemi_toolkit_ops"":""0.5.0"",""python"":""3.12.3"",""source_sha256"":""0796a4ffc622cdc7ab846f2e8cf88b0b52fccae4dcfe32a3140b3bb9818aab8e"",""torch"":""2.14.0+cu130"",""warp"":""1.17.0""}","{""gpu_uuid"":""e8b1f776-3e7d-8391-c1b5-79a044e95420"",""host"":""s4124-0117""}","{""JAX_DISABLE_JIT"":""<unset>"",""JAX_DISABLE_JIT_ACTUAL"":""<not-imported>"",""JAX_ENABLE_X64"":""1"",""JAX_ENABLE_X64_ACTUAL"":""<not-imported>"",""JAX_PLATFORMS"":""<unset>"",""TF_GPU_ALLOCATOR"":""<unset>"",""XLA_FLAGS"":""<unset>"",""XLA_PYTHON_CLIENT_ALLOCATOR"":""<unset>"",""XLA_PYTHON_CLIENT_MEM_FRACTION"":""0.95"",""XLA_PYTHON_CLIENT_PREALLOCATE"":""<unset>""}","{""artifacts"":{""nh3_pdb_1024"":{""bytes"":83199,""sha256"":""cb99e65c2024c8b1a80a7ea1f4ff5b23ef76a5d153a2caeb4a0e3077b5239135"",""state"":""file""},""nh3_pdb_128"":{""bytes"":10623,""sha256"":""4b48182856ba92449fa52b61bf2f95c6ce28937a3cb3da6aec4f131a1216c760"",""state"":""file""},""nh3_pdb_131072"":{""bytes"":10617087,""sha256"":""d454eb5e6e9fe717e1c12c22e3fc749189deae022de05b0f6f83f9f4501bbb52"",""state"":""file""},""nh3_pdb_16384"":{""bytes"":1327359,""sha256"":""07f5683974f6bdad6798104cf7de5ddb670704f71b7e28715d957805124196b8"",""state"":""file""},""nh3_pdb_2048"":{""bytes"":166143,""sha256"":""7171f9c4d6bf3c819f96ddd11877441961f43096057863d0607070d97c5e5a16"",""state"":""file""},""nh3_pdb_256"":{""bytes"":20991,""sha256"":""870d35ef9d654b395f8eefcd897e002ff41b1327475879ff5b955080ecb91ee0"",""state"":""file""},""nh3_pdb_32768"":{""bytes"":2654463,""sha256"":""a193ff7fc7793ae1c9121af48f694b9cff6974a63e67029053ab9312f86cb9cc"",""state"":""file""},""nh3_pdb_4096"":{""bytes"":332031,""sha256"":""e6d9ba2e0f95a04ebbeb61682dcf615982860aaa336140fee7ba55698f68175c"",""state"":""file""},""nh3_pdb_512"":{""bytes"":41727,""sha256"":""76e8d0d71fd3d49a1d14bb1fcd0689b08241620df41c90a904be29c85a67934e"",""state"":""file""},""nh3_pdb_65536"":{""bytes"":5308671,""sha256"":""a80e717b9abb39221c121bf3137135662e1b3c727e705e8f01e651720acd6dcc"",""state"":""file""},""nh3_pdb_8192"":{""bytes"":663807,""sha256"":""b0664469d3a8e84f71fbd848f1f0ffaca2cee3f4fd2100ed10f398e7c19a27e6"",""state"":""file""}},""metadata"":{""benchmark"":""el""}}",da2e3992-31bf-4906-ae02-d3747f02a55a,1.0024885244070536,"[0.05617337646484375,0.056226788330078124,0.056313165283203126,0.05628995971679688,0.05623045654296875]",,,,,not_measured,not_measured,,nan,nan,12194,9840,644874240,,,,,,,,,,,,,,,,,
cscl,system_size,ewald,torch,131072,1,131072,1.1424933560192583,875278.6129840248,30640.23681640625,63.77303647994995,10,3,torch_cuda_events,warmup_excluded,True,,,1e-06,,5,arithmetic_mean,energy_autograd,energy_forces_charge_gradients,True,True,False,0.028619011864066124,131.80799865722656,0.0,64,32,32,orthorhombic,0.07606907927187684,48.86245797146128,0.5654856972620327,27984,2.0,2,"{""compute_capability"":""9.0"",""driver"":""unavailable"",""memory_bytes"":102132088832,""name"":""NVIDIA H100""}","{""cuda"":""13.0"",""git_head"":""7db753be5b014476cd3ab0207173a55d6730fb14"",""jax"":""0.11.2"",""jaxlib"":""0.11.2"",""nvalchemi_toolkit_ops"":""0.5.0"",""python"":""3.12.3"",""source_sha256"":""0796a4ffc622cdc7ab846f2e8cf88b0b52fccae4dcfe32a3140b3bb9818aab8e"",""torch"":""2.14.0+cu130"",""warp"":""1.17.0""}","{""gpu_uuid"":""e8b1f776-3e7d-8391-c1b5-79a044e95420"",""host"":""s4124-0117""}","{""JAX_DISABLE_JIT"":""<unset>"",""JAX_DISABLE_JIT_ACTUAL"":""<not-imported>"",""JAX_ENABLE_X64"":""1"",""JAX_ENABLE_X64_ACTUAL"":""<not-imported>"",""JAX_PLATFORMS"":""<unset>"",""TF_GPU_ALLOCATOR"":""<unset>"",""XLA_FLAGS"":""<unset>"",""XLA_PYTHON_CLIENT_ALLOCATOR"":""<unset>"",""XLA_PYTHON_CLIENT_MEM_FRACTION"":""0.95"",""XLA_PYTHON_CLIENT_PREALLOCATE"":""<unset>""}","{""artifacts"":{""nh3_pdb_1024"":{""bytes"":83199,""sha256"":""cb99e65c2024c8b1a80a7ea1f4ff5b23ef76a5d153a2caeb4a0e3077b5239135"",""state"":""file""},""nh3_pdb_128"":{""bytes"":10623,""sha256"":""4b48182856ba92449fa52b61bf2f95c6ce28937a3cb3da6aec4f131a1216c760"",""state"":""file""},""nh3_pdb_131072"":{""bytes"":10617087,""sha256"":""d454eb5e6e9fe717e1c12c22e3fc749189deae022de05b0f6f83f9f4501bbb52"",""state"":""file""},""nh3_pdb_16384"":{""bytes"":1327359,""sha256"":""07f5683974f6bdad6798104cf7de5ddb670704f71b7e28715d957805124196b8"",""state"":""file""},""nh3_pdb_2048"":{""bytes"":166143,""sha256"":""7171f9c4d6bf3c819f96ddd11877441961f43096057863d0607070d97c5e5a16"",""state"":""file""},""nh3_pdb_256"":{""bytes"":20991,""sha256"":""870d35ef9d654b395f8eefcd897e002ff41b1327475879ff5b955080ecb91ee0"",""state"":""file""},""nh3_pdb_32768"":{""bytes"":2654463,""sha256"":""a193ff7fc7793ae1c9121af48f694b9cff6974a63e67029053ab9312f86cb9cc"",""state"":""file""},""nh3_pdb_4096"":{""bytes"":332031,""sha256"":""e6d9ba2e0f95a04ebbeb61682dcf615982860aaa336140fee7ba55698f68175c"",""state"":""file""},""nh3_pdb_512"":{""bytes"":41727,""sha256"":""76e8d0d71fd3d49a1d14bb1fcd0689b08241620df41c90a904be29c85a67934e"",""state"":""file""},""nh3_pdb_65536"":{""bytes"":5308671,""sha256"":""a80e717b9abb39221c121bf3137135662e1b3c727e705e8f01e651720acd6dcc"",""state"":""file""},""nh3_pdb_8192"":{""bytes"":663807,""sha256"":""b0664469d3a8e84f71fbd848f1f0ffaca2cee3f4fd2100ed10f398e7c19a27e6"",""state"":""file""}},""metadata"":{""benchmark"":""el""}}",da2e3992-31bf-4906-ae02-d3747f02a55a,1.0018373776747396,"[0.1497940185546875,0.14988492431640627,0.1498354248046875,0.1496100341796875,0.1496200439453125]",,,,,not_measured,not_measured,,nan,nan,15312,13850,1815347200,,,,,,,,,,,,,,,,,
cscl,system_size,pme,torch,128,1,128,16.030349731445312,62381.670815228,0.33935546875,0.03185606002807617,10,3,torch_cuda_events,warmup_excluded,True,,,0.0001,,5,arithmetic_mean,energy_autograd,energy_forces_charge_gradients,True,True,False,0.028619011864066124,16.47599983215332,0.0,4,4,4,cubic,0.3372060287522547,9.0,,176,2.0,2,"{""compute_capability"":""9.0"",""driver"":""unavailable"",""memory_bytes"":99996401664,""name"":""NVIDIA H100 NVL""}","{""cuda"":""13.0"",""git_head"":""unavailable"",""jax"":""0.11.2"",""jaxlib"":""0.11.2"",""nvalchemi_toolkit_ops"":""0.5.0"",""python"":""3.12.3"",""source_sha256"":""4dfd278da46af31f54f8b7671e891073f8b10f8fa2cb28e7cf92bfeddd543638"",""torch"":""2.14.0+cu130"",""warp"":""1.17.0""}","{""gpu_uuid"":""c0995d85-1dea-1b19-7e58-9baa33a5f384"",""host"":""a1u1g-mil-0576""}","{""JAX_DISABLE_JIT"":""<unset>"",""JAX_DISABLE_JIT_ACTUAL"":""<not-imported>"",""JAX_ENABLE_X64"":""1"",""JAX_ENABLE_X64_ACTUAL"":""<not-imported>"",""JAX_PLATFORMS"":""<unset>"",""TF_GPU_ALLOCATOR"":""<unset>"",""XLA_FLAGS"":""<unset>"",""XLA_PYTHON_CLIENT_ALLOCATOR"":""<unset>"",""XLA_PYTHON_CLIENT_MEM_FRACTION"":""0.95"",""XLA_PYTHON_CLIENT_PREALLOCATE"":""<unset>""}","{""artifacts"":{""nh3_pdb_1024"":{""bytes"":83199,""sha256"":""cb99e65c2024c8b1a80a7ea1f4ff5b23ef76a5d153a2caeb4a0e3077b5239135"",""state"":""file""},""nh3_pdb_128"":{""bytes"":10623,""sha256"":""4b48182856ba92449fa52b61bf2f95c6ce28937a3cb3da6aec4f131a1216c760"",""state"":""file""},""nh3_pdb_131072"":{""bytes"":10617087,""sha256"":""d454eb5e6e9fe717e1c12c22e3fc749189deae022de05b0f6f83f9f4501bbb52"",""state"":""file""},""nh3_pdb_16384"":{""bytes"":1327359,""sha256"":""07f5683974f6bdad6798104cf7de5ddb670704f71b7e28715d957805124196b8"",""state"":""file""},""nh3_pdb_2048"":{""bytes"":166143,""sha256"":""7171f9c4d6bf3c819f96ddd11877441961f43096057863d0607070d97c5e5a16"",""state"":""file""},""nh3_pdb_256"":{""bytes"":20991,""sha256"":""870d35ef9d654b395f8eefcd897e002ff41b1327475879ff5b955080ecb91ee0"",""state"":""file""},""nh3_pdb_32768"":{""bytes"":2654463,""sha256"":""a193ff7fc7793ae1c9121af48f694b9cff6974a63e67029053ab9312f86cb9cc"",""state"":""file""},""nh3_pdb_4096"":{""bytes"":332031,""sha256"":""e6d9ba2e0f95a04ebbeb61682dcf615982860aaa336140fee7ba55698f68175c"",""state"":""file""},""nh3_pdb_512"":{""bytes"":41727,""sha256"":""76e8d0d71fd3d49a1d14bb1fcd0689b08241620df41c90a904be29c85a67934e"",""state"":""file""},""nh3_pdb_65536"":{""bytes"":5308671,""sha256"":""a80e717b9abb39221c121bf3137135662e1b3c727e705e8f01e651720acd6dcc"",""state"":""file""},""nh3_pdb_8192"":{""bytes"":663807,""sha256"":""b0664469d3a8e84f71fbd848f1f0ffaca2cee3f4fd2100ed10f398e7c19a27e6"",""state"":""file""}},""metadata"":{""benchmark"":""el""}}",ec9f9176-c20b-4c6b-a2d3-efae9282f598,1.0504833418901725,"[0.0020823551177978515,0.0020765695571899412,0.002009814453125,0.0019949855804443357,0.002095699119567871]",,,,,not_measured,not_measured,k_squared_only,nan,nan,,88,11264,,24,24,24,7488,5,291fa112cd68dd8a6772cd0a3ad2bbdcf95758853c952bafded5912aadc571d0,"{""batch_idx"":""int32"",""cell"":""float64"",""charges"":""float64"",""pbc"":""bool"",""positions"":""float64""}",capped_upstream_estimate,bounded_power_two_then_four_fft_snap,0.25,9.0,single_case,4e58a2e9fa72736adb36ec90791c46b626d69fb0e9c5ddf901d8cb4127b113f1,13.985212982996018,,
cscl,system_size,pme,torch,128,1,128,16.096844971179962,62123.97533742888,11.63330078125,0.04425954818725586,10,3,torch_cuda_events,warmup_excluded,True,,,1e-06,,5,arithmetic_mean,energy_autograd,energy_forces_charge_gradients,True,True,False,0.028619011864066124,16.47599983215332,0.0,4,4,4,cubic,0.4129913543166487,9.0,,176,2.0,2,"{""compute_capability"":""9.0"",""driver"":""unavailable"",""memory_bytes"":99996401664,""name"":""NVIDIA H100 NVL""}","{""cuda"":""13.0"",""git_head"":""unavailable"",""jax"":""0.11.2"",""jaxlib"":""0.11.2"",""nvalchemi_toolkit_ops"":""0.5.0"",""python"":""3.12.3"",""source_sha256"":""4dfd278da46af31f54f8b7671e891073f8b10f8fa2cb28e7cf92bfeddd543638"",""torch"":""2.14.0+cu130"",""warp"":""1.17.0""}","{""gpu_uuid"":""c0995d85-1dea-1b19-7e58-9baa33a5f384"",""host"":""a1u1g-mil-0576""}","{""JAX_DISABLE_JIT"":""<unset>"",""JAX_DISABLE_JIT_ACTUAL"":""<not-imported>"",""JAX_ENABLE_X64"":""1"",""JAX_ENABLE_X64_ACTUAL"":""<not-imported>"",""JAX_PLATFORMS"":""<unset>"",""TF_GPU_ALLOCATOR"":""<unset>"",""XLA_FLAGS"":""<unset>"",""XLA_PYTHON_CLIENT_ALLOCATOR"":""<unset>"",""XLA_PYTHON_CLIENT_MEM_FRACTION"":""0.95"",""XLA_PYTHON_CLIENT_PREALLOCATE"":""<unset>""}","{""artifacts"":{""nh3_pdb_1024"":{""bytes"":83199,""sha256"":""cb99e65c2024c8b1a80a7ea1f4ff5b23ef76a5d153a2caeb4a0e3077b5239135"",""state"":""file""},""nh3_pdb_128"":{""bytes"":10623,""sha256"":""4b48182856ba92449fa52b61bf2f95c6ce28937a3cb3da6aec4f131a1216c760"",""state"":""file""},""nh3_pdb_131072"":{""bytes"":10617087,""sha256"":""d454eb5e6e9fe717e1c12c22e3fc749189deae022de05b0f6f83f9f4501bbb52"",""state"":""file""},""nh3_pdb_16384"":{""bytes"":1327359,""sha256"":""07f5683974f6bdad6798104cf7de5ddb670704f71b7e28715d957805124196b8"",""state"":""file""},""nh3_pdb_2048"":{""bytes"":166143,""sha256"":""7171f9c4d6bf3c819f96ddd11877441961f43096057863d0607070d97c5e5a16"",""state"":""file""},""nh3_pdb_256"":{""bytes"":20991,""sha256"":""870d35ef9d654b395f8eefcd897e002ff41b1327475879ff5b955080ecb91ee0"",""state"":""file""},""nh3_pdb_32768"":{""bytes"":2654463,""sha256"":""a193ff7fc7793ae1c9121af48f694b9cff6974a63e67029053ab9312f86cb9cc"",""state"":""file""},""nh3_pdb_4096"":{""bytes"":332031,""sha256"":""e6d9ba2e0f95a04ebbeb61682dcf615982860aaa336140fee7ba55698f68175c"",""state"":""file""},""nh3_pdb_512"":{""bytes"":41727,""sha256"":""76e8d0d71fd3d49a1d14bb1fcd0689b08241620df41c90a904be29c85a67934e"",""state"":""file""},""nh3_pdb_65536"":{""bytes"":5308671,""sha256"":""a80e717b9abb39221c121bf3137135662e1b3c727e705e8f01e651720acd6dcc"",""state"":""file""},""nh3_pdb_8192"":{""bytes"":663807,""sha256"":""b0664469d3a8e84f71fbd848f1f0ffaca2cee3f4fd2100ed10f398e7c19a27e6"",""state"":""file""}},""metadata"":{""benchmark"":""el""}}",ec9f9176-c20b-4c6b-a2d3-efae9282f598,1.1111308542008862,"[0.002214876747131348,0.002030636787414551,0.00206430721282959,0.0019933536529541016,0.001998806381225586]",,,,,not_measured,not_measured,k_squared_only,nan,nan,,88,11264,,72,72,72,191808,5,291fa112cd68dd8a6772cd0a3ad2bbdcf95758853c952bafded5912aadc571d0,"{""batch_idx"":""int32"",""cell"":""float64"",""charges"":""float64"",""pbc"":""bool"",""positions"":""float64""}",capped_upstream_estimate,bounded_power_two_then_four_fft_snap,0.25,9.0,single_case,4e58a2e9fa72736adb36ec90791c46b626d69fb0e9c5ddf901d8cb4127b113f1,5.585500968998531,,
cscl,system_size,pme,torch,4096,1,4096,0.4921204689890147,2032022.772908319,14.07861328125,0.05358695983886719,10,3,torch_cuda_events,warmup_excluded,True,,,0.0001,,5,arithmetic_mean,energy_autograd,energy_forces_charge_gradients,True,True,False,0.028619011864066124,32.95199966430664,0.0,16,16,8,orthorhombic,0.3372060287522547,9.0,,176,2.0,2,"{""compute_capability"":""9.0"",""driver"":""unavailable"",""memory_bytes"":99996401664,""name"":""NVIDIA H100 NVL""}","{""cuda"":""13.0"",""git_head"":""unavailable"",""jax"":""0.11.2"",""jaxlib"":""0.11.2"",""nvalchemi_toolkit_ops"":""0.5.0"",""python"":""3.12.3"",""source_sha256"":""4dfd278da46af31f54f8b7671e891073f8b10f8fa2cb28e7cf92bfeddd543638"",""torch"":""2.14.0+cu130"",""warp"":""1.17.0""}","{""gpu_uuid"":""c0995d85-1dea-1b19-7e58-9baa33a5f384"",""host"":""a1u1g-mil-0576""}","{""JAX_DISABLE_JIT"":""<unset>"",""JAX_DISABLE_JIT_ACTUAL"":""<not-imported>"",""JAX_ENABLE_X64"":""1"",""JAX_ENABLE_X64_ACTUAL"":""<not-imported>"",""JAX_PLATFORMS"":""<unset>"",""TF_GPU_ALLOCATOR"":""<unset>"",""XLA_FLAGS"":""<unset>"",""XLA_PYTHON_CLIENT_ALLOCATOR"":""<unset>"",""XLA_PYTHON_CLIENT_MEM_FRACTION"":""0.95"",""XLA_PYTHON_CLIENT_PREALLOCATE"":""<unset>""}","{""artifacts"":{""nh3_pdb_1024"":{""bytes"":83199,""sha256"":""cb99e65c2024c8b1a80a7ea1f4ff5b23ef76a5d153a2caeb4a0e3077b5239135"",""state"":""file""},""nh3_pdb_128"":{""bytes"":10623,""sha256"":""4b48182856ba92449fa52b61bf2f95c6ce28937a3cb3da6aec4f131a1216c760"",""state"":""file""},""nh3_pdb_131072"":{""bytes"":10617087,""sha256"":""d454eb5e6e9fe717e1c12c22e3fc749189deae022de05b0f6f83f9f4501bbb52"",""state"":""file""},""nh3_pdb_16384"":{""bytes"":1327359,""sha256"":""07f5683974f6bdad6798104cf7de5ddb670704f71b7e28715d957805124196b8"",""state"":""file""},""nh3_pdb_2048"":{""bytes"":166143,""sha256"":""7171f9c4d6bf3c819f96ddd11877441961f43096057863d0607070d97c5e5a16"",""state"":""file""},""nh3_pdb_256"":{""bytes"":20991,""sha256"":""870d35ef9d654b395f8eefcd897e002ff41b1327475879ff5b955080ecb91ee0"",""state"":""file""},""nh3_pdb_32768"":{""bytes"":2654463,""sha256"":""a193ff7fc7793ae1c9121af48f694b9cff6974a63e67029053ab9312f86cb9cc"",""state"":""file""},""nh3_pdb_4096"":{""bytes"":332031,""sha256"":""e6d9ba2e0f95a04ebbeb61682dcf615982860aaa336140fee7ba55698f68175c"",""state"":""file""},""nh3_pdb_512"":{""bytes"":41727,""sha256"":""76e8d0d71fd3d49a1d14bb1fcd0689b08241620df41c90a904be29c85a67934e"",""state"":""file""},""nh3_pdb_65536"":{""bytes"":5308671,""sha256"":""a80e717b9abb39221c121bf3137135662e1b3c727e705e8f01e651720acd6dcc"",""state"":""file""},""nh3_pdb_8192"":{""bytes"":663807,""sha256"":""b0664469d3a8e84f71fbd848f1f0ffaca2cee3f4fd2100ed10f398e7c19a27e6"",""state"":""file""}},""metadata"":{""benchmark"":""el""}}",ec9f9176-c20b-4c6b-a2d3-efae9282f598,1.071790246244002,"[0.0021161632537841798,0.002009676742553711,0.0019744192123413084,0.0019900800704956054,0.001988287925720215]",,,,,not_measured,not_measured,k_squared_only,nan,nan,,88,360448,,96,96,48,230400,5,56dcbac8c140db86edf2020ee878267bcfce63855c6635abbb7d0446589609da,"{""batch_idx"":""int32"",""cell"":""float64"",""charges"":""float64"",""pbc"":""bool"",""positions"":""float64""}",capped_upstream_estimate,bounded_power_two_then_four_fft_snap,0.25,9.0,single_case,4e58a2e9fa72736adb36ec90791c46b626d69fb0e9c5ddf901d8cb4127b113f1,4.9141140729916515,,
cscl,system_size,pme,torch,4096,1,4096,0.5021870322525502,1991289.9692262446,369.32861328125,0.4439101219177246,10,3,torch_cuda_events,warmup_excluded,True,,,1e-06,,5,arithmetic_mean,energy_autograd,energy_forces_charge_gradients,True,True,False,0.028619011864066124,32.95199966430664,0.0,16,16,8,orthorhombic,0.4129913543166487,9.0,,176,2.0,2,"{""compute_capability"":""9.0"",""driver"":""unavailable"",""memory_bytes"":99996401664,""name"":""NVIDIA H100 NVL""}","{""cuda"":""13.0"",""git_head"":""unavailable"",""jax"":""0.11.2"",""jaxlib"":""0.11.2"",""nvalchemi_toolkit_ops"":""0.5.0"",""python"":""3.12.3"",""source_sha256"":""4dfd278da46af31f54f8b7671e891073f8b10f8fa2cb28e7cf92bfeddd543638"",""torch"":""2.14.0+cu130"",""warp"":""1.17.0""}","{""gpu_uuid"":""c0995d85-1dea-1b19-7e58-9baa33a5f384"",""host"":""a1u1g-mil-0576""}","{""JAX_DISABLE_JIT"":""<unset>"",""JAX_DISABLE_JIT_ACTUAL"":""<not-imported>"",""JAX_ENABLE_X64"":""1"",""JAX_ENABLE_X64_ACTUAL"":""<not-imported>"",""JAX_PLATFORMS"":""<unset>"",""TF_GPU_ALLOCATOR"":""<unset>"",""XLA_FLAGS"":""<unset>"",""XLA_PYTHON_CLIENT_ALLOCATOR"":""<unset>"",""XLA_PYTHON_CLIENT_MEM_FRACTION"":""0.95"",""XLA_PYTHON_CLIENT_PREALLOCATE"":""<unset>""}","{""artifacts"":{""nh3_pdb_1024"":{""bytes"":83199,""sha256"":""cb99e65c2024c8b1a80a7ea1f4ff5b23ef76a5d153a2caeb4a0e3077b5239135"",""state"":""file""},""nh3_pdb_128"":{""bytes"":10623,""sha256"":""4b48182856ba92449fa52b61bf2f95c6ce28937a3cb3da6aec4f131a1216c760"",""state"":""file""},""nh3_pdb_131072"":{""bytes"":10617087,""sha256"":""d454eb5e6e9fe717e1c12c22e3fc749189deae022de05b0f6f83f9f4501bbb52"",""state"":""file""},""nh3_pdb_16384"":{""bytes"":1327359,""sha256"":""07f5683974f6bdad6798104cf7de5ddb670704f71b7e28715d957805124196b8"",""state"":""file""},""nh3_pdb_2048"":{""bytes"":166143,""sha256"":""7171f9c4d6bf3c819f96ddd11877441961f43096057863d0607070d97c5e5a16"",""state"":""file""},""nh3_pdb_256"":{""bytes"":20991,""sha256"":""870d35ef9d654b395f8eefcd897e002ff41b1327475879ff5b955080ecb91ee0"",""state"":""file""},""nh3_pdb_32768"":{""bytes"":2654463,""sha256"":""a193ff7fc7793ae1c9121af48f694b9cff6974a63e67029053ab9312f86cb9cc"",""state"":""file""},""nh3_pdb_4096"":{""bytes"":332031,""sha256"":""e6d9ba2e0f95a04ebbeb61682dcf615982860aaa336140fee7ba55698f68175c"",""state"":""file""},""nh3_pdb_512"":{""bytes"":41727,""sha256"":""76e8d0d71fd3d49a1d14bb1fcd0689b08241620df41c90a904be29c85a67934e"",""state"":""file""},""nh3_pdb_65536"":{""bytes"":5308671,""sha256"":""a80e717b9abb39221c121bf3137135662e1b3c727e705e8f01e651720acd6dcc"",""state"":""file""},""nh3_pdb_8192"":{""bytes"":663807,""sha256"":""b0664469d3a8e84f71fbd848f1f0ffaca2cee3f4fd2100ed10f398e7c19a27e6"",""state"":""file""}},""metadata"":{""benchmark"":""el""}}",ec9f9176-c20b-4c6b-a2d3-efae9282f598,1.0805880714513991,"[0.002158492851257324,0.0020569887161254884,0.0020159423828124997,0.002055849647521973,0.0019975168228149416]",,,,,not_measured,not_measured,k_squared_only,nan,nan,,88,360448,,288,288,144,6054912,5,56dcbac8c140db86edf2020ee878267bcfce63855c6635abbb7d0446589609da,"{""batch_idx"":""int32"",""cell"":""float64"",""charges"":""float64"",""pbc"":""bool"",""positions"":""float64""}",capped_upstream_estimate,bounded_power_two_then_four_fft_snap,0.25,9.0,single_case,4e58a2e9fa72736adb36ec90791c46b626d69fb0e9c5ddf901d8cb4127b113f1,4.952013872010866,,
cscl,system_size,pme,torch,8192,1,8192,0.2508603874593973,3986281.0152194863,27.73486328125,0.07616996765136719,10,3,torch_cuda_events,warmup_excluded,True,,,0.0001,,5,arithmetic_mean,energy_autograd,energy_forces_charge_gradients,True,True,False,0.028619011864066124,65.90399932861328,0.0,16,16,16,cubic,0.3372060287522547,9.0,,176,2.0,2,"{""compute_capability"":""9.0"",""driver"":""unavailable"",""memory_bytes"":99996401664,""name"":""NVIDIA H100 NVL""}","{""cuda"":""13.0"",""git_head"":""unavailable"",""jax"":""0.11.2"",""jaxlib"":""0.11.2"",""nvalchemi_toolkit_ops"":""0.5.0"",""python"":""3.12.3"",""source_sha256"":""4dfd278da46af31f54f8b7671e891073f8b10f8fa2cb28e7cf92bfeddd543638"",""torch"":""2.14.0+cu130"",""warp"":""1.17.0""}","{""gpu_uuid"":""c0995d85-1dea-1b19-7e58-9baa33a5f384"",""host"":""a1u1g-mil-0576""}","{""JAX_DISABLE_JIT"":""<unset>"",""JAX_DISABLE_JIT_ACTUAL"":""<not-imported>"",""JAX_ENABLE_X64"":""1"",""JAX_ENABLE_X64_ACTUAL"":""<not-imported>"",""JAX_PLATFORMS"":""<unset>"",""TF_GPU_ALLOCATOR"":""<unset>"",""XLA_FLAGS"":""<unset>"",""XLA_PYTHON_CLIENT_ALLOCATOR"":""<unset>"",""XLA_PYTHON_CLIENT_MEM_FRACTION"":""0.95"",""XLA_PYTHON_CLIENT_PREALLOCATE"":""<unset>""}","{""artifacts"":{""nh3_pdb_1024"":{""bytes"":83199,""sha256"":""cb99e65c2024c8b1a80a7ea1f4ff5b23ef76a5d153a2caeb4a0e3077b5239135"",""state"":""file""},""nh3_pdb_128"":{""bytes"":10623,""sha256"":""4b48182856ba92449fa52b61bf2f95c6ce28937a3cb3da6aec4f131a1216c760"",""state"":""file""},""nh3_pdb_131072"":{""bytes"":10617087,""sha256"":""d454eb5e6e9fe717e1c12c22e3fc749189deae022de05b0f6f83f9f4501bbb52"",""state"":""file""},""nh3_pdb_16384"":{""bytes"":1327359,""sha256"":""07f5683974f6bdad6798104cf7de5ddb670704f71b7e28715d957805124196b8"",""state"":""file""},""nh3_pdb_2048"":{""bytes"":166143,""sha256"":""7171f9c4d6bf3c819f96ddd11877441961f43096057863d0607070d97c5e5a16"",""state"":""file""},""nh3_pdb_256"":{""bytes"":20991,""sha256"":""870d35ef9d654b395f8eefcd897e002ff41b1327475879ff5b955080ecb91ee0"",""state"":""file""},""nh3_pdb_32768"":{""bytes"":2654463,""sha256"":""a193ff7fc7793ae1c9121af48f694b9cff6974a63e67029053ab9312f86cb9cc"",""state"":""file""},""nh3_pdb_4096"":{""bytes"":332031,""sha256"":""e6d9ba2e0f95a04ebbeb61682dcf615982860aaa336140fee7ba55698f68175c"",""state"":""file""},""nh3_pdb_512"":{""bytes"":41727,""sha256"":""76e8d0d71fd3d49a1d14bb1fcd0689b08241620df41c90a904be29c85a67934e"",""state"":""file""},""nh3_pdb_65536"":{""bytes"":5308671,""sha256"":""a80e717b9abb39221c121bf3137135662e1b3c727e705e8f01e651720acd6dcc"",""state"":""file""},""nh3_pdb_8192"":{""bytes"":663807,""sha256"":""b0664469d3a8e84f71fbd848f1f0ffaca2cee3f4fd2100ed10f398e7c19a27e6"",""state"":""file""}},""metadata"":{""benchmark"":""el""}}",ec9f9176-c20b-4c6b-a2d3-efae9282f598,1.0845412118063447,"[0.002169606399536133,0.0020254207611083985,0.002062195205688477,0.002000483131408691,0.002017535972595215]",,,,,not_measured,not_measured,k_squared_only,nan,nan,,88,720896,,96,96,96,451584,5,809b9b232ad1d0230a9c43bf73becb46f2247c509de6dabe0ff45b2669ec61bd,"{""batch_idx"":""int32"",""cell"":""float64"",""charges"":""float64"",""pbc"":""bool"",""positions"":""float64""}",capped_upstream_estimate,bounded_power_two_then_four_fft_snap,0.25,9.0,single_case,4e58a2e9fa72736adb36ec90791c46b626d69fb0e9c5ddf901d8cb4127b113f1,5.139265257996158,,
cscl,system_size,pme,torch,8192,1,8192,0.25421164464205503,3933730.1066914494,734.56298828125,0.8529148101806641,10,3,torch_cuda_events,warmup_excluded,True,,,1e-06,,5,arithmetic_mean,energy_autograd,energy_forces_charge_gradients,True,True,False,0.028619011864066124,65.90399932861328,0.0,16,16,16,cubic,0.4129913543166487,9.0,,176,2.0,2,"{""compute_capability"":""9.0"",""driver"":""unavailable"",""memory_bytes"":99996401664,""name"":""NVIDIA H100 NVL""}","{""cuda"":""13.0"",""git_head"":""unavailable"",""jax"":""0.11.2"",""jaxlib"":""0.11.2"",""nvalchemi_toolkit_ops"":""0.5.0"",""python"":""3.12.3"",""source_sha256"":""4dfd278da46af31f54f8b7671e891073f8b10f8fa2cb28e7cf92bfeddd543638"",""torch"":""2.14.0+cu130"",""warp"":""1.17.0""}","{""gpu_uuid"":""c0995d85-1dea-1b19-7e58-9baa33a5f384"",""host"":""a1u1g-mil-0576""}","{""JAX_DISABLE_JIT"":""<unset>"",""JAX_DISABLE_JIT_ACTUAL"":""<not-imported>"",""JAX_ENABLE_X64"":""1"",""JAX_ENABLE_X64_ACTUAL"":""<not-imported>"",""JAX_PLATFORMS"":""<unset>"",""TF_GPU_ALLOCATOR"":""<unset>"",""XLA_FLAGS"":""<unset>"",""XLA_PYTHON_CLIENT_ALLOCATOR"":""<unset>"",""XLA_PYTHON_CLIENT_MEM_FRACTION"":""0.95"",""XLA_PYTHON_CLIENT_PREALLOCATE"":""<unset>""}","{""artifacts"":{""nh3_pdb_1024"":{""bytes"":83199,""sha256"":""cb99e65c2024c8b1a80a7ea1f4ff5b23ef76a5d153a2caeb4a0e3077b5239135"",""state"":""file""},""nh3_pdb_128"":{""bytes"":10623,""sha256"":""4b48182856ba92449fa52b61bf2f95c6ce28937a3cb3da6aec4f131a1216c760"",""state"":""file""},""nh3_pdb_131072"":{""bytes"":10617087,""sha256"":""d454eb5e6e9fe717e1c12c22e3fc749189deae022de05b0f6f83f9f4501bbb52"",""state"":""file""},""nh3_pdb_16384"":{""bytes"":1327359,""sha256"":""07f5683974f6bdad6798104cf7de5ddb670704f71b7e28715d957805124196b8"",""state"":""file""},""nh3_pdb_2048"":{""bytes"":166143,""sha256"":""7171f9c4d6bf3c819f96ddd11877441961f43096057863d0607070d97c5e5a16"",""state"":""file""},""nh3_pdb_256"":{""bytes"":20991,""sha256"":""870d35ef9d654b395f8eefcd897e002ff41b1327475879ff5b955080ecb91ee0"",""state"":""file""},""nh3_pdb_32768"":{""bytes"":2654463,""sha256"":""a193ff7fc7793ae1c9121af48f694b9cff6974a63e67029053ab9312f86cb9cc"",""state"":""file""},""nh3_pdb_4096"":{""bytes"":332031,""sha256"":""e6d9ba2e0f95a04ebbeb61682dcf615982860aaa336140fee7ba55698f68175c"",""state"":""file""},""nh3_pdb_512"":{""bytes"":41727,""sha256"":""76e8d0d71fd3d49a1d14bb1fcd0689b08241620df41c90a904be29c85a67934e"",""state"":""file""},""nh3_pdb_65536"":{""bytes"":5308671,""sha256"":""a80e717b9abb39221c121bf3137135662e1b3c727e705e8f01e651720acd6dcc"",""state"":""file""},""nh3_pdb_8192"":{""bytes"":663807,""sha256"":""b0664469d3a8e84f71fbd848f1f0ffaca2cee3f4fd2100ed10f398e7c19a27e6"",""state"":""file""}},""metadata"":{""benchmark"":""el""}}",ec9f9176-c20b-4c6b-a2d3-efae9282f598,1.0861233779542405,"[0.002196416091918945,0.002080428886413574,0.0020398880004882814,0.0020735231399536132,0.00202225284576416]",,,,,not_measured,not_measured,k_squared_only,nan,nan,,88,720896,,288,288,288,12026880,5,809b9b232ad1d0230a9c43bf73becb46f2247c509de6dabe0ff45b2669ec61bd,"{""batch_idx"":""int32"",""cell"":""float64"",""charges"":""float64"",""pbc"":""bool"",""positions"":""float64""}",capped_upstream_estimate,bounded_power_two_then_four_fft_snap,0.25,9.0,single_case,4e58a2e9fa72736adb36ec90791c46b626d69fb0e9c5ddf901d8cb4127b113f1,4.999356803004048,,
cscl,system_size,pme,torch,16384,1,16384,0.1270980085246265,7867943.893127484,56.18798828125,0.12129831314086914,10,3,torch_cuda_events,warmup_excluded,True,,,0.0001,,5,arithmetic_mean,energy_autograd,energy_forces_charge_gradients,True,True,False,0.028619011864066124,65.90399932861328,0.0,32,16,16,orthorhombic,0.3372060287522547,9.0,,176,2.0,2,"{""compute_capability"":""9.0"",""driver"":""unavailable"",""memory_bytes"":99996401664,""name"":""NVIDIA H100 NVL""}","{""cuda"":""13.0"",""git_head"":""unavailable"",""jax"":""0.11.2"",""jaxlib"":""0.11.2"",""nvalchemi_toolkit_ops"":""0.5.0"",""python"":""3.12.3"",""source_sha256"":""4dfd278da46af31f54f8b7671e891073f8b10f8fa2cb28e7cf92bfeddd543638"",""torch"":""2.14.0+cu130"",""warp"":""1.17.0""}","{""gpu_uuid"":""c0995d85-1dea-1b19-7e58-9baa33a5f384"",""host"":""a1u1g-mil-0576""}","{""JAX_DISABLE_JIT"":""<unset>"",""JAX_DISABLE_JIT_ACTUAL"":""<not-imported>"",""JAX_ENABLE_X64"":""1"",""JAX_ENABLE_X64_ACTUAL"":""<not-imported>"",""JAX_PLATFORMS"":""<unset>"",""TF_GPU_ALLOCATOR"":""<unset>"",""XLA_FLAGS"":""<unset>"",""XLA_PYTHON_CLIENT_ALLOCATOR"":""<unset>"",""XLA_PYTHON_CLIENT_MEM_FRACTION"":""0.95"",""XLA_PYTHON_CLIENT_PREALLOCATE"":""<unset>""}","{""artifacts"":{""nh3_pdb_1024"":{""bytes"":83199,""sha256"":""cb99e65c2024c8b1a80a7ea1f4ff5b23ef76a5d153a2caeb4a0e3077b5239135"",""state"":""file""},""nh3_pdb_128"":{""bytes"":10623,""sha256"":""4b48182856ba92449fa52b61bf2f95c6ce28937a3cb3da6aec4f131a1216c760"",""state"":""file""},""nh3_pdb_131072"":{""bytes"":10617087,""sha256"":""d454eb5e6e9fe717e1c12c22e3fc749189deae022de05b0f6f83f9f4501bbb52"",""state"":""file""},""nh3_pdb_16384"":{""bytes"":1327359,""sha256"":""07f5683974f6bdad6798104cf7de5ddb670704f71b7e28715d957805124196b8"",""state"":""file""},""nh3_pdb_2048"":{""bytes"":166143,""sha256"":""7171f9c4d6bf3c819f96ddd11877441961f43096057863d0607070d97c5e5a16"",""state"":""file""},""nh3_pdb_256"":{""bytes"":20991,""sha256"":""870d35ef9d654b395f8eefcd897e002ff41b1327475879ff5b955080ecb91ee0"",""state"":""file""},""nh3_pdb_32768"":{""bytes"":2654463,""sha256"":""a193ff7fc7793ae1c9121af48f694b9cff6974a63e67029053ab9312f86cb9cc"",""state"":""file""},""nh3_pdb_4096"":{""bytes"":332031,""sha256"":""e6d9ba2e0f95a04ebbeb61682dcf615982860aaa336140fee7ba55698f68175c"",""state"":""file""},""nh3_pdb_512"":{""bytes"":41727,""sha256"":""76e8d0d71fd3d49a1d14bb1fcd0689b08241620df41c90a904be29c85a67934e"",""state"":""file""},""nh3_pdb_65536"":{""bytes"":5308671,""sha256"":""a80e717b9abb39221c121bf3137135662e1b3c727e705e8f01e651720acd6dcc"",""state"":""file""},""nh3_pdb_8192"":{""bytes"":663807,""sha256"":""b0664469d3a8e84f71fbd848f1f0ffaca2cee3f4fd2100ed10f398e7c19a27e6"",""state"":""file""}},""metadata"":{""benchmark"":""el""}}",ec9f9176-c20b-4c6b-a2d3-efae9282f598,1.0649600663067813,"[0.0021517408370971677,0.0020926048278808594,0.002072012710571289,0.002020489692687988,0.0020750207901000977]",,,,,not_measured,not_measured,k_squared_only,nan,nan,,88,1441792,,192,96,96,903168,5,a772b306414a22dec2ba76787c94a2c41683defaad5004ec0d0824357f912ef9,"{""batch_idx"":""int32"",""cell"":""float64"",""charges"":""float64"",""pbc"":""bool"",""positions"":""float64""}",capped_upstream_estimate,bounded_power_two_then_four_fft_snap,0.25,9.0,single_case,4e58a2e9fa72736adb36ec90791c46b626d69fb0e9c5ddf901d8cb4127b113f1,5.082830291998107,,
cscl,system_size,pme,torch,16384,1,16384,0.21125624887645247,4733587.7888507955,1469.12548828125,1.6740837097167969,10,3,torch_cuda_events,warmup_excluded,True,,,1e-06,,5,arithmetic_mean,energy_autograd,energy_forces_charge_gradients,True,True,False,0.028619011864066124,65.90399932861328,0.0,32,16,16,orthorhombic,0.4129913543166487,9.0,,176,2.0,2,"{""compute_capability"":""9.0"",""driver"":""unavailable"",""memory_bytes"":99996401664,""name"":""NVIDIA H100 NVL""}","{""cuda"":""13.0"",""git_head"":""unavailable"",""jax"":""0.11.2"",""jaxlib"":""0.11.2"",""nvalchemi_toolkit_ops"":""0.5.0"",""python"":""3.12.3"",""source_sha256"":""4dfd278da46af31f54f8b7671e891073f8b10f8fa2cb28e7cf92bfeddd543638"",""torch"":""2.14.0+cu130"",""warp"":""1.17.0""}","{""gpu_uuid"":""c0995d85-1dea-1b19-7e58-9baa33a5f384"",""host"":""a1u1g-mil-0576""}","{""JAX_DISABLE_JIT"":""<unset>"",""JAX_DISABLE_JIT_ACTUAL"":""<not-imported>"",""JAX_ENABLE_X64"":""1"",""JAX_ENABLE_X64_ACTUAL"":""<not-imported>"",""JAX_PLATFORMS"":""<unset>"",""TF_GPU_ALLOCATOR"":""<unset>"",""XLA_FLAGS"":""<unset>"",""XLA_PYTHON_CLIENT_ALLOCATOR"":""<unset>"",""XLA_PYTHON_CLIENT_MEM_FRACTION"":""0.95"",""XLA_PYTHON_CLIENT_PREALLOCATE"":""<unset>""}","{""artifacts"":{""nh3_pdb_1024"":{""bytes"":83199,""sha256"":""cb99e65c2024c8b1a80a7ea1f4ff5b23ef76a5d153a2caeb4a0e3077b5239135"",""state"":""file""},""nh3_pdb_128"":{""bytes"":10623,""sha256"":""4b48182856ba92449fa52b61bf2f95c6ce28937a3cb3da6aec4f131a1216c760"",""state"":""file""},""nh3_pdb_131072"":{""bytes"":10617087,""sha256"":""d454eb5e6e9fe717e1c12c22e3fc749189deae022de05b0f6f83f9f4501bbb52"",""state"":""file""},""nh3_pdb_16384"":{""bytes"":1327359,""sha256"":""07f5683974f6bdad6798104cf7de5ddb670704f71b7e28715d957805124196b8"",""state"":""file""},""nh3_pdb_2048"":{""bytes"":166143,""sha256"":""7171f9c4d6bf3c819f96ddd11877441961f43096057863d0607070d97c5e5a16"",""state"":""file""},""nh3_pdb_256"":{""bytes"":20991,""sha256"":""870d35ef9d654b395f8eefcd897e002ff41b1327475879ff5b955080ecb91ee0"",""state"":""file""},""nh3_pdb_32768"":{""bytes"":2654463,""sha256"":""a193ff7fc7793ae1c9121af48f694b9cff6974a63e67029053ab9312f86cb9cc"",""state"":""file""},""nh3_pdb_4096"":{""bytes"":332031,""sha256"":""e6d9ba2e0f95a04ebbeb61682dcf615982860aaa336140fee7ba55698f68175c"",""state"":""file""},""nh3_pdb_512"":{""bytes"":41727,""sha256"":""76e8d0d71fd3d49a1d14bb1fcd0689b08241620df41c90a904be29c85a67934e"",""state"":""file""},""nh3_pdb_65536"":{""bytes"":5308671,""sha256"":""a80e717b9abb39221c121bf3137135662e1b3c727e705e8f01e651720acd6dcc"",""state"":""file""},""nh3_pdb_8192"":{""bytes"":663807,""sha256"":""b0664469d3a8e84f71fbd848f1f0ffaca2cee3f4fd2100ed10f398e7c19a27e6"",""state"":""file""}},""metadata"":{""benchmark"":""el""}}",ec9f9176-c20b-4c6b-a2d3-efae9282f598,1.0168743185067413,"[0.003427104187011719,0.0034386753082275394,0.0034800094604492187,0.003484934234619141,0.003475388717651367]",,,,,not_measured,not_measured,k_squared_only,nan,nan,,88,1441792,,576,288,288,24053760,5,a772b306414a22dec2ba76787c94a2c41683defaad5004ec0d0824357f912ef9,"{""batch_idx"":""int32"",""cell"":""float64"",""charges"":""float64"",""pbc"":""bool"",""positions"":""float64""}",capped_upstream_estimate,bounded_power_two_then_four_fft_snap,0.25,9.0,single_case,4e58a2e9fa72736adb36ec90791c46b626d69fb0e9c5ddf901d8cb4127b113f1,5.141077512002084,,
cscl,system_size,pme,torch,32768,1,32768,0.0635995506308973,15723381.534620311,111.37548828125,0.20841121673583984,10,3,torch_cuda_events,warmup_excluded,True,,,0.0001,,5,arithmetic_mean,energy_autograd,energy_forces_charge_gradients,True,True,False,0.028619011864066124,65.90399932861328,0.0,32,32,16,orthorhombic,0.3372060287522547,9.0,,176,2.0,2,"{""compute_capability"":""9.0"",""driver"":""unavailable"",""memory_bytes"":99996401664,""name"":""NVIDIA H100 NVL""}","{""cuda"":""13.0"",""git_head"":""unavailable"",""jax"":""0.11.2"",""jaxlib"":""0.11.2"",""nvalchemi_toolkit_ops"":""0.5.0"",""python"":""3.12.3"",""source_sha256"":""4dfd278da46af31f54f8b7671e891073f8b10f8fa2cb28e7cf92bfeddd543638"",""torch"":""2.14.0+cu130"",""warp"":""1.17.0""}","{""gpu_uuid"":""c0995d85-1dea-1b19-7e58-9baa33a5f384"",""host"":""a1u1g-mil-0576""}","{""JAX_DISABLE_JIT"":""<unset>"",""JAX_DISABLE_JIT_ACTUAL"":""<not-imported>"",""JAX_ENABLE_X64"":""1"",""JAX_ENABLE_X64_ACTUAL"":""<not-imported>"",""JAX_PLATFORMS"":""<unset>"",""TF_GPU_ALLOCATOR"":""<unset>"",""XLA_FLAGS"":""<unset>"",""XLA_PYTHON_CLIENT_ALLOCATOR"":""<unset>"",""XLA_PYTHON_CLIENT_MEM_FRACTION"":""0.95"",""XLA_PYTHON_CLIENT_PREALLOCATE"":""<unset>""}","{""artifacts"":{""nh3_pdb_1024"":{""bytes"":83199,""sha256"":""cb99e65c2024c8b1a80a7ea1f4ff5b23ef76a5d153a2caeb4a0e3077b5239135"",""state"":""file""},""nh3_pdb_128"":{""bytes"":10623,""sha256"":""4b48182856ba92449fa52b61bf2f95c6ce28937a3cb3da6aec4f131a1216c760"",""state"":""file""},""nh3_pdb_131072"":{""bytes"":10617087,""sha256"":""d454eb5e6e9fe717e1c12c22e3fc749189deae022de05b0f6f83f9f4501bbb52"",""state"":""file""},""nh3_pdb_16384"":{""bytes"":1327359,""sha256"":""07f5683974f6bdad6798104cf7de5ddb670704f71b7e28715d957805124196b8"",""state"":""file""},""nh3_pdb_2048"":{""bytes"":166143,""sha256"":""7171f9c4d6bf3c819f96ddd11877441961f43096057863d0607070d97c5e5a16"",""state"":""file""},""nh3_pdb_256"":{""bytes"":20991,""sha256"":""870d35ef9d654b395f8eefcd897e002ff41b1327475879ff5b955080ecb91ee0"",""state"":""file""},""nh3_pdb_32768"":{""bytes"":2654463,""sha256"":""a193ff7fc7793ae1c9121af48f694b9cff6974a63e67029053ab9312f86cb9cc"",""state"":""file""},""nh3_pdb_4096"":{""bytes"":332031,""sha256"":""e6d9ba2e0f95a04ebbeb61682dcf615982860aaa336140fee7ba55698f68175c"",""state"":""file""},""nh3_pdb_512"":{""bytes"":41727,""sha256"":""76e8d0d71fd3d49a1d14bb1fcd0689b08241620df41c90a904be29c85a67934e"",""state"":""file""},""nh3_pdb_65536"":{""bytes"":5308671,""sha256"":""a80e717b9abb39221c121bf3137135662e1b3c727e705e8f01e651720acd6dcc"",""state"":""file""},""nh3_pdb_8192"":{""bytes"":663807,""sha256"":""b0664469d3a8e84f71fbd848f1f0ffaca2cee3f4fd2100ed10f398e7c19a27e6"",""state"":""file""}},""metadata"":{""benchmark"":""el""}}",ec9f9176-c20b-4c6b-a2d3-efae9282f598,1.081908626630522,"[0.002188083267211914,0.0020650751113891605,0.0020802911758422853,0.0020224288940429687,0.0020642719268798826]",,,,,not_measured,not_measured,k_squared_only,nan,nan,,88,2883584,,192,192,96,1806336,5,1485540d001c0e718d28f50108177d69e998560ed15919dbe9db7a93b7e5d6e2,"{""batch_idx"":""int32"",""cell"":""float64"",""charges"":""float64"",""pbc"":""bool"",""positions"":""float64""}",capped_upstream_estimate,bounded_power_two_then_four_fft_snap,0.25,9.0,single_case,4e58a2e9fa72736adb36ec90791c46b626d69fb0e9c5ddf901d8cb4127b113f1,5.211734327996965,,
cscl,system_size,pme,torch,32768,1,32768,0.21823457442224029,4582225.353830507,2933.43798828125,3.3102550506591797,10,3,torch_cuda_events,warmup_excluded,True,,,1e-06,,5,arithmetic_mean,energy_autograd,energy_forces_charge_gradients,True,True,False,0.028619011864066124,65.90399932861328,0.0,32,32,16,orthorhombic,0.4129913543166487,9.0,,176,2.0,2,"{""compute_capability"":""9.0"",""driver"":""unavailable"",""memory_bytes"":99996401664,""name"":""NVIDIA H100 NVL""}","{""cuda"":""13.0"",""git_head"":""unavailable"",""jax"":""0.11.2"",""jaxlib"":""0.11.2"",""nvalchemi_toolkit_ops"":""0.5.0"",""python"":""3.12.3"",""source_sha256"":""4dfd278da46af31f54f8b7671e891073f8b10f8fa2cb28e7cf92bfeddd543638"",""torch"":""2.14.0+cu130"",""warp"":""1.17.0""}","{""gpu_uuid"":""c0995d85-1dea-1b19-7e58-9baa33a5f384"",""host"":""a1u1g-mil-0576""}","{""JAX_DISABLE_JIT"":""<unset>"",""JAX_DISABLE_JIT_ACTUAL"":""<not-imported>"",""JAX_ENABLE_X64"":""1"",""JAX_ENABLE_X64_ACTUAL"":""<not-imported>"",""JAX_PLATFORMS"":""<unset>"",""TF_GPU_ALLOCATOR"":""<unset>"",""XLA_FLAGS"":""<unset>"",""XLA_PYTHON_CLIENT_ALLOCATOR"":""<unset>"",""XLA_PYTHON_CLIENT_MEM_FRACTION"":""0.95"",""XLA_PYTHON_CLIENT_PREALLOCATE"":""<unset>""}","{""artifacts"":{""nh3_pdb_1024"":{""bytes"":83199,""sha256"":""cb99e65c2024c8b1a80a7ea1f4ff5b23ef76a5d153a2caeb4a0e3077b5239135"",""state"":""file""},""nh3_pdb_128"":{""bytes"":10623,""sha256"":""4b48182856ba92449fa52b61bf2f95c6ce28937a3cb3da6aec4f131a1216c760"",""state"":""file""},""nh3_pdb_131072"":{""bytes"":10617087,""sha256"":""d454eb5e6e9fe717e1c12c22e3fc749189deae022de05b0f6f83f9f4501bbb52"",""state"":""file""},""nh3_pdb_16384"":{""bytes"":1327359,""sha256"":""07f5683974f6bdad6798104cf7de5ddb670704f71b7e28715d957805124196b8"",""state"":""file""},""nh3_pdb_2048"":{""bytes"":166143,""sha256"":""7171f9c4d6bf3c819f96ddd11877441961f43096057863d0607070d97c5e5a16"",""state"":""file""},""nh3_pdb_256"":{""bytes"":20991,""sha256"":""870d35ef9d654b395f8eefcd897e002ff41b1327475879ff5b955080ecb91ee0"",""state"":""file""},""nh3_pdb_32768"":{""bytes"":2654463,""sha256"":""a193ff7fc7793ae1c9121af48f694b9cff6974a63e67029053ab9312f86cb9cc"",""state"":""file""},""nh3_pdb_4096"":{""bytes"":332031,""sha256"":""e6d9ba2e0f95a04ebbeb61682dcf615982860aaa336140fee7ba55698f68175c"",""state"":""file""},""nh3_pdb_512"":{""bytes"":41727,""sha256"":""76e8d0d71fd3d49a1d14bb1fcd0689b08241620df41c90a904be29c85a67934e"",""state"":""file""},""nh3_pdb_65536"":{""bytes"":5308671,""sha256"":""a80e717b9abb39221c121bf3137135662e1b3c727e705e8f01e651720acd6dcc"",""state"":""file""},""nh3_pdb_8192"":{""bytes"":663807,""sha256"":""b0664469d3a8e84f71fbd848f1f0ffaca2cee3f4fd2100ed10f398e7c19a27e6"",""state"":""file""}},""metadata"":{""benchmark"":""el""}}",ec9f9176-c20b-4c6b-a2d3-efae9282f598,1.0101780231625859,"[0.007113056182861328,0.007149871826171874,0.007150524902343749,0.0071566467285156254,0.007185453033447265]",,,,,not_measured,not_measured,k_squared_only,nan,nan,,88,2883584,,576,576,288,48107520,5,1485540d001c0e718d28f50108177d69e998560ed15919dbe9db7a93b7e5d6e2,"{""batch_idx"":""int32"",""cell"":""float64"",""charges"":""float64"",""pbc"":""bool"",""positions"":""float64""}",capped_upstream_estimate,bounded_power_two_then_four_fft_snap,0.25,9.0,single_case,4e58a2e9fa72736adb36ec90791c46b626d69fb0e9c5ddf901d8cb4127b113f1,5.469905435995315,,
cscl,system_size,pme,torch,65536,1,65536,0.031820000149309635,31426775.465357624,220.18798828125,0.38278913497924805,10,3,torch_cuda_events,warmup_excluded,True,,,0.0001,,5,arithmetic_mean,energy_autograd,energy_forces_charge_gradients,True,True,False,0.028619011864066124,131.80799865722656,0.0,32,32,32,cubic,0.3372060287522547,9.0,,176,2.0,2,"{""compute_capability"":""9.0"",""driver"":""unavailable"",""memory_bytes"":99996401664,""name"":""NVIDIA H100 NVL""}","{""cuda"":""13.0"",""git_head"":""unavailable"",""jax"":""0.11.2"",""jaxlib"":""0.11.2"",""nvalchemi_toolkit_ops"":""0.5.0"",""python"":""3.12.3"",""source_sha256"":""4dfd278da46af31f54f8b7671e891073f8b10f8fa2cb28e7cf92bfeddd543638"",""torch"":""2.14.0+cu130"",""warp"":""1.17.0""}","{""gpu_uuid"":""c0995d85-1dea-1b19-7e58-9baa33a5f384"",""host"":""a1u1g-mil-0576""}","{""JAX_DISABLE_JIT"":""<unset>"",""JAX_DISABLE_JIT_ACTUAL"":""<not-imported>"",""JAX_ENABLE_X64"":""1"",""JAX_ENABLE_X64_ACTUAL"":""<not-imported>"",""JAX_PLATFORMS"":""<unset>"",""TF_GPU_ALLOCATOR"":""<unset>"",""XLA_FLAGS"":""<unset>"",""XLA_PYTHON_CLIENT_ALLOCATOR"":""<unset>"",""XLA_PYTHON_CLIENT_MEM_FRACTION"":""0.95"",""XLA_PYTHON_CLIENT_PREALLOCATE"":""<unset>""}","{""artifacts"":{""nh3_pdb_1024"":{""bytes"":83199,""sha256"":""cb99e65c2024c8b1a80a7ea1f4ff5b23ef76a5d153a2caeb4a0e3077b5239135"",""state"":""file""},""nh3_pdb_128"":{""bytes"":10623,""sha256"":""4b48182856ba92449fa52b61bf2f95c6ce28937a3cb3da6aec4f131a1216c760"",""state"":""file""},""nh3_pdb_131072"":{""bytes"":10617087,""sha256"":""d454eb5e6e9fe717e1c12c22e3fc749189deae022de05b0f6f83f9f4501bbb52"",""state"":""file""},""nh3_pdb_16384"":{""bytes"":1327359,""sha256"":""07f5683974f6bdad6798104cf7de5ddb670704f71b7e28715d957805124196b8"",""state"":""file""},""nh3_pdb_2048"":{""bytes"":166143,""sha256"":""7171f9c4d6bf3c819f96ddd11877441961f43096057863d0607070d97c5e5a16"",""state"":""file""},""nh3_pdb_256"":{""bytes"":20991,""sha256"":""870d35ef9d654b395f8eefcd897e002ff41b1327475879ff5b955080ecb91ee0"",""state"":""file""},""nh3_pdb_32768"":{""bytes"":2654463,""sha256"":""a193ff7fc7793ae1c9121af48f694b9cff6974a63e67029053ab9312f86cb9cc"",""state"":""file""},""nh3_pdb_4096"":{""bytes"":332031,""sha256"":""e6d9ba2e0f95a04ebbeb61682dcf615982860aaa336140fee7ba55698f68175c"",""state"":""file""},""nh3_pdb_512"":{""bytes"":41727,""sha256"":""76e8d0d71fd3d49a1d14bb1fcd0689b08241620df41c90a904be29c85a67934e"",""state"":""file""},""nh3_pdb_65536"":{""bytes"":5308671,""sha256"":""a80e717b9abb39221c121bf3137135662e1b3c727e705e8f01e651720acd6dcc"",""state"":""file""},""nh3_pdb_8192"":{""bytes"":663807,""sha256"":""b0664469d3a8e84f71fbd848f1f0ffaca2cee3f4fd2100ed10f398e7c19a27e6"",""state"":""file""}},""metadata"":{""benchmark"":""el""}}",ec9f9176-c20b-4c6b-a2d3-efae9282f598,1.0919213821081346,"[0.002203424072265625,0.0020753536224365236,0.002055897521972656,0.0020741695404052733,0.0020179328918457032]",,,,,not_measured,not_measured,k_squared_only,nan,nan,,88,5767168,,192,192,192,3575808,5,413927a8cac41bd297ef58d2257c7ea6b9ceda5e52391af391849a4888bb3400,"{""batch_idx"":""int32"",""cell"":""float64"",""charges"":""float64"",""pbc"":""bool"",""positions"":""float64""}",capped_upstream_estimate,bounded_power_two_then_four_fft_snap,0.25,9.0,single_case,4e58a2e9fa72736adb36ec90791c46b626d69fb0e9c5ddf901d8cb4127b113f1,5.08345505699981,,
cscl,system_size,pme,torch,65536,1,65536,0.22517526987940073,4440985.018184189,5852.50048828125,6.571303367614746,10,3,torch_cuda_events,warmup_excluded,True,,,1e-06,,5,arithmetic_mean,energy_autograd,energy_forces_charge_gradients,True,True,False,0.028619011864066124,131.80799865722656,0.0,32,32,32,cubic,0.4129913543166487,9.0,,176,2.0,2,"{""compute_capability"":""9.0"",""driver"":""unavailable"",""memory_bytes"":99996401664,""name"":""NVIDIA H100 NVL""}","{""cuda"":""13.0"",""git_head"":""unavailable"",""jax"":""0.11.2"",""jaxlib"":""0.11.2"",""nvalchemi_toolkit_ops"":""0.5.0"",""python"":""3.12.3"",""source_sha256"":""4dfd278da46af31f54f8b7671e891073f8b10f8fa2cb28e7cf92bfeddd543638"",""torch"":""2.14.0+cu130"",""warp"":""1.17.0""}","{""gpu_uuid"":""c0995d85-1dea-1b19-7e58-9baa33a5f384"",""host"":""a1u1g-mil-0576""}","{""JAX_DISABLE_JIT"":""<unset>"",""JAX_DISABLE_JIT_ACTUAL"":""<not-imported>"",""JAX_ENABLE_X64"":""1"",""JAX_ENABLE_X64_ACTUAL"":""<not-imported>"",""JAX_PLATFORMS"":""<unset>"",""TF_GPU_ALLOCATOR"":""<unset>"",""XLA_FLAGS"":""<unset>"",""XLA_PYTHON_CLIENT_ALLOCATOR"":""<unset>"",""XLA_PYTHON_CLIENT_MEM_FRACTION"":""0.95"",""XLA_PYTHON_CLIENT_PREALLOCATE"":""<unset>""}","{""artifacts"":{""nh3_pdb_1024"":{""bytes"":83199,""sha256"":""cb99e65c2024c8b1a80a7ea1f4ff5b23ef76a5d153a2caeb4a0e3077b5239135"",""state"":""file""},""nh3_pdb_128"":{""bytes"":10623,""sha256"":""4b48182856ba92449fa52b61bf2f95c6ce28937a3cb3da6aec4f131a1216c760"",""state"":""file""},""nh3_pdb_131072"":{""bytes"":10617087,""sha256"":""d454eb5e6e9fe717e1c12c22e3fc749189deae022de05b0f6f83f9f4501bbb52"",""state"":""file""},""nh3_pdb_16384"":{""bytes"":1327359,""sha256"":""07f5683974f6bdad6798104cf7de5ddb670704f71b7e28715d957805124196b8"",""state"":""file""},""nh3_pdb_2048"":{""bytes"":166143,""sha256"":""7171f9c4d6bf3c819f96ddd11877441961f43096057863d0607070d97c5e5a16"",""state"":""file""},""nh3_pdb_256"":{""bytes"":20991,""sha256"":""870d35ef9d654b395f8eefcd897e002ff41b1327475879ff5b955080ecb91ee0"",""state"":""file""},""nh3_pdb_32768"":{""bytes"":2654463,""sha256"":""a193ff7fc7793ae1c9121af48f694b9cff6974a63e67029053ab9312f86cb9cc"",""state"":""file""},""nh3_pdb_4096"":{""bytes"":332031,""sha256"":""e6d9ba2e0f95a04ebbeb61682dcf615982860aaa336140fee7ba55698f68175c"",""state"":""file""},""nh3_pdb_512"":{""bytes"":41727,""sha256"":""76e8d0d71fd3d49a1d14bb1fcd0689b08241620df41c90a904be29c85a67934e"",""state"":""file""},""nh3_pdb_65536"":{""bytes"":5308671,""sha256"":""a80e717b9abb39221c121bf3137135662e1b3c727e705e8f01e651720acd6dcc"",""state"":""file""},""nh3_pdb_8192"":{""bytes"":663807,""sha256"":""b0664469d3a8e84f71fbd848f1f0ffaca2cee3f4fd2100ed10f398e7c19a27e6"",""state"":""file""}},""metadata"":{""benchmark"":""el""}}",ec9f9176-c20b-4c6b-a2d3-efae9282f598,1.004707209397869,"[0.01471514587402344,0.014784413146972656,0.014756895446777343,0.01477013702392578,0.014758840942382811]",,,,,not_measured,not_measured,k_squared_only,nan,nan,,88,5767168,,576,576,576,95883264,5,413927a8cac41bd297ef58d2257c7ea6b9ceda5e52391af391849a4888bb3400,"{""batch_idx"":""int32"",""cell"":""float64"",""charges"":""float64"",""pbc"":""bool"",""positions"":""float64""}",capped_upstream_estimate,bounded_power_two_then_four_fft_snap,0.25,9.0,single_case,4e58a2e9fa72736adb36ec90791c46b626d69fb0e9c5ddf901d8cb4127b113f1,5.871841482003219,,
cscl,system_size,pme,torch,256,1,256,7.984132468700409,125248.42290884131,0.90673828125,0.032680511474609375,10,3,torch_cuda_events,warmup_excluded,True,,,0.0001,,5,arithmetic_mean,energy_autograd,energy_forces_charge_gradients,True,True,False,0.028619011864066124,16.47599983215332,0.0,8,4,4,orthorhombic,0.3372060287522547,9.0,,176,2.0,2,"{""compute_capability"":""9.0"",""driver"":""unavailable"",""memory_bytes"":99996401664,""name"":""NVIDIA H100 NVL""}","{""cuda"":""13.0"",""git_head"":""unavailable"",""jax"":""0.11.2"",""jaxlib"":""0.11.2"",""nvalchemi_toolkit_ops"":""0.5.0"",""python"":""3.12.3"",""source_sha256"":""4dfd278da46af31f54f8b7671e891073f8b10f8fa2cb28e7cf92bfeddd543638"",""torch"":""2.14.0+cu130"",""warp"":""1.17.0""}","{""gpu_uuid"":""c0995d85-1dea-1b19-7e58-9baa33a5f384"",""host"":""a1u1g-mil-0576""}","{""JAX_DISABLE_JIT"":""<unset>"",""JAX_DISABLE_JIT_ACTUAL"":""<not-imported>"",""JAX_ENABLE_X64"":""1"",""JAX_ENABLE_X64_ACTUAL"":""<not-imported>"",""JAX_PLATFORMS"":""<unset>"",""TF_GPU_ALLOCATOR"":""<unset>"",""XLA_FLAGS"":""<unset>"",""XLA_PYTHON_CLIENT_ALLOCATOR"":""<unset>"",""XLA_PYTHON_CLIENT_MEM_FRACTION"":""0.95"",""XLA_PYTHON_CLIENT_PREALLOCATE"":""<unset>""}","{""artifacts"":{""nh3_pdb_1024"":{""bytes"":83199,""sha256"":""cb99e65c2024c8b1a80a7ea1f4ff5b23ef76a5d153a2caeb4a0e3077b5239135"",""state"":""file""},""nh3_pdb_128"":{""bytes"":10623,""sha256"":""4b48182856ba92449fa52b61bf2f95c6ce28937a3cb3da6aec4f131a1216c760"",""state"":""file""},""nh3_pdb_131072"":{""bytes"":10617087,""sha256"":""d454eb5e6e9fe717e1c12c22e3fc749189deae022de05b0f6f83f9f4501bbb52"",""state"":""file""},""nh3_pdb_16384"":{""bytes"":1327359,""sha256"":""07f5683974f6bdad6798104cf7de5ddb670704f71b7e28715d957805124196b8"",""state"":""file""},""nh3_pdb_2048"":{""bytes"":166143,""sha256"":""7171f9c4d6bf3c819f96ddd11877441961f43096057863d0607070d97c5e5a16"",""state"":""file""},""nh3_pdb_256"":{""bytes"":20991,""sha256"":""870d35ef9d654b395f8eefcd897e002ff41b1327475879ff5b955080ecb91ee0"",""state"":""file""},""nh3_pdb_32768"":{""bytes"":2654463,""sha256"":""a193ff7fc7793ae1c9121af48f694b9cff6974a63e67029053ab9312f86cb9cc"",""state"":""file""},""nh3_pdb_4096"":{""bytes"":332031,""sha256"":""e6d9ba2e0f95a04ebbeb61682dcf615982860aaa336140fee7ba55698f68175c"",""state"":""file""},""nh3_pdb_512"":{""bytes"":41727,""sha256"":""76e8d0d71fd3d49a1d14bb1fcd0689b08241620df41c90a904be29c85a67934e"",""state"":""file""},""nh3_pdb_65536"":{""bytes"":5308671,""sha256"":""a80e717b9abb39221c121bf3137135662e1b3c727e705e8f01e651720acd6dcc"",""state"":""file""},""nh3_pdb_8192"":{""bytes"":663807,""sha256"":""b0664469d3a8e84f71fbd848f1f0ffaca2cee3f4fd2100ed10f398e7c19a27e6"",""state"":""file""}},""metadata"":{""benchmark"":""el""}}",ec9f9176-c20b-4c6b-a2d3-efae9282f598,1.0833826479344808,"[0.0021611040115356445,0.0020167455673217776,0.0020365535736083986,0.0020105119705200194,0.0019947744369506835]",,,,,not_measured,not_measured,k_squared_only,nan,nan,,88,22528,,48,24,24,14976,5,ba98f130c5fd5878a7e0b41aa1357a681b99a044260c237af422a501661a9f80,"{""batch_idx"":""int32"",""cell"":""float64"",""charges"":""float64"",""pbc"":""bool"",""positions"":""float64""}",capped_upstream_estimate,bounded_power_two_then_four_fft_snap,0.25,9.0,single_case,4e58a2e9fa72736adb36ec90791c46b626d69fb0e9c5ddf901d8cb4127b113f1,5.542210681000142,,
cscl,system_size,pme,torch,131072,1,131072,0.017019174701999873,58757255.71360948,440.37548828125,0.7343225479125977,10,3,torch_cuda_events,warmup_excluded,True,,,0.0001,,5,arithmetic_mean,energy_autograd,energy_forces_charge_gradients,True,True,False,0.028619011864066124,131.80799865722656,0.0,64,32,32,orthorhombic,0.3372060287522547,9.0,,176,2.0,2,"{""compute_capability"":""9.0"",""driver"":""unavailable"",""memory_bytes"":99996401664,""name"":""NVIDIA H100 NVL""}","{""cuda"":""13.0"",""git_head"":""unavailable"",""jax"":""0.11.2"",""jaxlib"":""0.11.2"",""nvalchemi_toolkit_ops"":""0.5.0"",""python"":""3.12.3"",""source_sha256"":""4dfd278da46af31f54f8b7671e891073f8b10f8fa2cb28e7cf92bfeddd543638"",""torch"":""2.14.0+cu130"",""warp"":""1.17.0""}","{""gpu_uuid"":""c0995d85-1dea-1b19-7e58-9baa33a5f384"",""host"":""a1u1g-mil-0576""}","{""JAX_DISABLE_JIT"":""<unset>"",""JAX_DISABLE_JIT_ACTUAL"":""<not-imported>"",""JAX_ENABLE_X64"":""1"",""JAX_ENABLE_X64_ACTUAL"":""<not-imported>"",""JAX_PLATFORMS"":""<unset>"",""TF_GPU_ALLOCATOR"":""<unset>"",""XLA_FLAGS"":""<unset>"",""XLA_PYTHON_CLIENT_ALLOCATOR"":""<unset>"",""XLA_PYTHON_CLIENT_MEM_FRACTION"":""0.95"",""XLA_PYTHON_CLIENT_PREALLOCATE"":""<unset>""}","{""artifacts"":{""nh3_pdb_1024"":{""bytes"":83199,""sha256"":""cb99e65c2024c8b1a80a7ea1f4ff5b23ef76a5d153a2caeb4a0e3077b5239135"",""state"":""file""},""nh3_pdb_128"":{""bytes"":10623,""sha256"":""4b48182856ba92449fa52b61bf2f95c6ce28937a3cb3da6aec4f131a1216c760"",""state"":""file""},""nh3_pdb_131072"":{""bytes"":10617087,""sha256"":""d454eb5e6e9fe717e1c12c22e3fc749189deae022de05b0f6f83f9f4501bbb52"",""state"":""file""},""nh3_pdb_16384"":{""bytes"":1327359,""sha256"":""07f5683974f6bdad6798104cf7de5ddb670704f71b7e28715d957805124196b8"",""state"":""file""},""nh3_pdb_2048"":{""bytes"":166143,""sha256"":""7171f9c4d6bf3c819f96ddd11877441961f43096057863d0607070d97c5e5a16"",""state"":""file""},""nh3_pdb_256"":{""bytes"":20991,""sha256"":""870d35ef9d654b395f8eefcd897e002ff41b1327475879ff5b955080ecb91ee0"",""state"":""file""},""nh3_pdb_32768"":{""bytes"":2654463,""sha256"":""a193ff7fc7793ae1c9121af48f694b9cff6974a63e67029053ab9312f86cb9cc"",""state"":""file""},""nh3_pdb_4096"":{""bytes"":332031,""sha256"":""e6d9ba2e0f95a04ebbeb61682dcf615982860aaa336140fee7ba55698f68175c"",""state"":""file""},""nh3_pdb_512"":{""bytes"":41727,""sha256"":""76e8d0d71fd3d49a1d14bb1fcd0689b08241620df41c90a904be29c85a67934e"",""state"":""file""},""nh3_pdb_65536"":{""bytes"":5308671,""sha256"":""a80e717b9abb39221c121bf3137135662e1b3c727e705e8f01e651720acd6dcc"",""state"":""file""},""nh3_pdb_8192"":{""bytes"":663807,""sha256"":""b0664469d3a8e84f71fbd848f1f0ffaca2cee3f4fd2100ed10f398e7c19a27e6"",""state"":""file""}},""metadata"":{""benchmark"":""el""}}",ec9f9176-c20b-4c6b-a2d3-efae9282f598,1.0360562582558106,"[0.002291584014892578,0.002217606353759766,0.0022118335723876953,0.0022171871185302735,0.0022154752731323242]",,,,,not_measured,not_measured,k_squared_only,nan,nan,,88,11534336,,384,192,192,7151616,5,0f5a938038876b8d809e865c1f81609e9e9ee59ca883b4742b610db3f19de7e6,"{""batch_idx"":""int32"",""cell"":""float64"",""charges"":""float64"",""pbc"":""bool"",""positions"":""float64""}",capped_upstream_estimate,bounded_power_two_then_four_fft_snap,0.25,9.0,single_case,4e58a2e9fa72736adb36ec90791c46b626d69fb0e9c5ddf901d8cb4127b113f1,5.443338695986313,,
cscl,system_size,pme,torch,131072,1,131072,0.25266151409596205,3957864.352938989,14625.50048828125,15.96339750289917,10,3,torch_cuda_events,warmup_excluded,True,,,1e-06,,5,arithmetic_mean,energy_autograd,energy_forces_charge_gradients,True,True,False,0.028619011864066124,131.80799865722656,0.0,64,32,32,orthorhombic,0.4129913543166487,9.0,,176,2.0,2,"{""compute_capability"":""9.0"",""driver"":""unavailable"",""memory_bytes"":99996401664,""name"":""NVIDIA H100 NVL""}","{""cuda"":""13.0"",""git_head"":""unavailable"",""jax"":""0.11.2"",""jaxlib"":""0.11.2"",""nvalchemi_toolkit_ops"":""0.5.0"",""python"":""3.12.3"",""source_sha256"":""4dfd278da46af31f54f8b7671e891073f8b10f8fa2cb28e7cf92bfeddd543638"",""torch"":""2.14.0+cu130"",""warp"":""1.17.0""}","{""gpu_uuid"":""c0995d85-1dea-1b19-7e58-9baa33a5f384"",""host"":""a1u1g-mil-0576""}","{""JAX_DISABLE_JIT"":""<unset>"",""JAX_DISABLE_JIT_ACTUAL"":""<not-imported>"",""JAX_ENABLE_X64"":""1"",""JAX_ENABLE_X64_ACTUAL"":""<not-imported>"",""JAX_PLATFORMS"":""<unset>"",""TF_GPU_ALLOCATOR"":""<unset>"",""XLA_FLAGS"":""<unset>"",""XLA_PYTHON_CLIENT_ALLOCATOR"":""<unset>"",""XLA_PYTHON_CLIENT_MEM_FRACTION"":""0.95"",""XLA_PYTHON_CLIENT_PREALLOCATE"":""<unset>""}","{""artifacts"":{""nh3_pdb_1024"":{""bytes"":83199,""sha256"":""cb99e65c2024c8b1a80a7ea1f4ff5b23ef76a5d153a2caeb4a0e3077b5239135"",""state"":""file""},""nh3_pdb_128"":{""bytes"":10623,""sha256"":""4b48182856ba92449fa52b61bf2f95c6ce28937a3cb3da6aec4f131a1216c760"",""state"":""file""},""nh3_pdb_131072"":{""bytes"":10617087,""sha256"":""d454eb5e6e9fe717e1c12c22e3fc749189deae022de05b0f6f83f9f4501bbb52"",""state"":""file""},""nh3_pdb_16384"":{""bytes"":1327359,""sha256"":""07f5683974f6bdad6798104cf7de5ddb670704f71b7e28715d957805124196b8"",""state"":""file""},""nh3_pdb_2048"":{""bytes"":166143,""sha256"":""7171f9c4d6bf3c819f96ddd11877441961f43096057863d0607070d97c5e5a16"",""state"":""file""},""nh3_pdb_256"":{""bytes"":20991,""sha256"":""870d35ef9d654b395f8eefcd897e002ff41b1327475879ff5b955080ecb91ee0"",""state"":""file""},""nh3_pdb_32768"":{""bytes"":2654463,""sha256"":""a193ff7fc7793ae1c9121af48f694b9cff6974a63e67029053ab9312f86cb9cc"",""state"":""file""},""nh3_pdb_4096"":{""bytes"":332031,""sha256"":""e6d9ba2e0f95a04ebbeb61682dcf615982860aaa336140fee7ba55698f68175c"",""state"":""file""},""nh3_pdb_512"":{""bytes"":41727,""sha256"":""76e8d0d71fd3d49a1d14bb1fcd0689b08241620df41c90a904be29c85a67934e"",""state"":""file""},""nh3_pdb_65536"":{""bytes"":5308671,""sha256"":""a80e717b9abb39221c121bf3137135662e1b3c727e705e8f01e651720acd6dcc"",""state"":""file""},""nh3_pdb_8192"":{""bytes"":663807,""sha256"":""b0664469d3a8e84f71fbd848f1f0ffaca2cee3f4fd2100ed10f398e7c19a27e6"",""state"":""file""}},""metadata"":{""benchmark"":""el""}}",ec9f9176-c20b-4c6b-a2d3-efae9282f598,1.04830249445468,"[0.032569924926757816,0.03257194213867188,0.03414313354492188,0.033212710571289064,0.03308653869628907]",,,,,not_measured,not_measured,k_squared_only,nan,nan,,88,11534336,,1152,576,576,191766528,5,0f5a938038876b8d809e865c1f81609e9e9ee59ca883b4742b610db3f19de7e6,"{""batch_idx"":""int32"",""cell"":""float64"",""charges"":""float64"",""pbc"":""bool"",""positions"":""float64""}",capped_upstream_estimate,bounded_power_two_then_four_fft_snap,0.25,9.0,single_case,4e58a2e9fa72736adb36ec90791c46b626d69fb0e9c5ddf901d8cb4127b113f1,7.02845040000102,,
cscl,system_size,pme,torch,256,1,256,8.01328510046005,124792.76444845185,23.26611328125,0.057263851165771484,10,3,torch_cuda_events,warmup_excluded,True,,,1e-06,,5,arithmetic_mean,energy_autograd,energy_forces_charge_gradients,True,True,False,0.028619011864066124,16.47599983215332,0.0,8,4,4,orthorhombic,0.4129913543166487,9.0,,176,2.0,2,"{""compute_capability"":""9.0"",""driver"":""unavailable"",""memory_bytes"":99996401664,""name"":""NVIDIA H100 NVL""}","{""cuda"":""13.0"",""git_head"":""unavailable"",""jax"":""0.11.2"",""jaxlib"":""0.11.2"",""nvalchemi_toolkit_ops"":""0.5.0"",""python"":""3.12.3"",""source_sha256"":""4dfd278da46af31f54f8b7671e891073f8b10f8fa2cb28e7cf92bfeddd543638"",""torch"":""2.14.0+cu130"",""warp"":""1.17.0""}","{""gpu_uuid"":""c0995d85-1dea-1b19-7e58-9baa33a5f384"",""host"":""a1u1g-mil-0576""}","{""JAX_DISABLE_JIT"":""<unset>"",""JAX_DISABLE_JIT_ACTUAL"":""<not-imported>"",""JAX_ENABLE_X64"":""1"",""JAX_ENABLE_X64_ACTUAL"":""<not-imported>"",""JAX_PLATFORMS"":""<unset>"",""TF_GPU_ALLOCATOR"":""<unset>"",""XLA_FLAGS"":""<unset>"",""XLA_PYTHON_CLIENT_ALLOCATOR"":""<unset>"",""XLA_PYTHON_CLIENT_MEM_FRACTION"":""0.95"",""XLA_PYTHON_CLIENT_PREALLOCATE"":""<unset>""}","{""artifacts"":{""nh3_pdb_1024"":{""bytes"":83199,""sha256"":""cb99e65c2024c8b1a80a7ea1f4ff5b23ef76a5d153a2caeb4a0e3077b5239135"",""state"":""file""},""nh3_pdb_128"":{""bytes"":10623,""sha256"":""4b48182856ba92449fa52b61bf2f95c6ce28937a3cb3da6aec4f131a1216c760"",""state"":""file""},""nh3_pdb_131072"":{""bytes"":10617087,""sha256"":""d454eb5e6e9fe717e1c12c22e3fc749189deae022de05b0f6f83f9f4501bbb52"",""state"":""file""},""nh3_pdb_16384"":{""bytes"":1327359,""sha256"":""07f5683974f6bdad6798104cf7de5ddb670704f71b7e28715d957805124196b8"",""state"":""file""},""nh3_pdb_2048"":{""bytes"":166143,""sha256"":""7171f9c4d6bf3c819f96ddd11877441961f43096057863d0607070d97c5e5a16"",""state"":""file""},""nh3_pdb_256"":{""bytes"":20991,""sha256"":""870d35ef9d654b395f8eefcd897e002ff41b1327475879ff5b955080ecb91ee0"",""state"":""file""},""nh3_pdb_32768"":{""bytes"":2654463,""sha256"":""a193ff7fc7793ae1c9121af48f694b9cff6974a63e67029053ab9312f86cb9cc"",""state"":""file""},""nh3_pdb_4096"":{""bytes"":332031,""sha256"":""e6d9ba2e0f95a04ebbeb61682dcf615982860aaa336140fee7ba55698f68175c"",""state"":""file""},""nh3_pdb_512"":{""bytes"":41727,""sha256"":""76e8d0d71fd3d49a1d14bb1fcd0689b08241620df41c90a904be29c85a67934e"",""state"":""file""},""nh3_pdb_65536"":{""bytes"":5308671,""sha256"":""a80e717b9abb39221c121bf3137135662e1b3c727e705e8f01e651720acd6dcc"",""state"":""file""},""nh3_pdb_8192"":{""bytes"":663807,""sha256"":""b0664469d3a8e84f71fbd848f1f0ffaca2cee3f4fd2100ed10f398e7c19a27e6"",""state"":""file""}},""metadata"":{""benchmark"":""el""}}",ec9f9176-c20b-4c6b-a2d3-efae9282f598,1.0667575151654554,"[0.0021442304611206052,0.0020526079177856445,0.0020232255935668944,0.0020100448608398437,0.0020268960952758786]",,,,,not_measured,not_measured,k_squared_only,nan,nan,,88,22528,,144,72,72,383616,5,ba98f130c5fd5878a7e0b41aa1357a681b99a044260c237af422a501661a9f80,"{""batch_idx"":""int32"",""cell"":""float64"",""charges"":""float64"",""pbc"":""bool"",""positions"":""float64""}",capped_upstream_estimate,bounded_power_two_then_four_fft_snap,0.25,9.0,single_case,4e58a2e9fa72736adb36ec90791c46b626d69fb0e9c5ddf901d8cb4127b113f1,5.303930669993861,,
cscl,system_size,pme,torch,512,1,512,4.01316873729229,249179.65464734143,1.81298828125,0.03410625457763672,10,3,torch_cuda_events,warmup_excluded,True,,,0.0001,,5,arithmetic_mean,energy_autograd,energy_forces_charge_gradients,True,True,False,0.028619011864066124,16.47599983215332,0.0,8,8,4,orthorhombic,0.3372060287522547,9.0,,176,2.0,2,"{""compute_capability"":""9.0"",""driver"":""unavailable"",""memory_bytes"":99996401664,""name"":""NVIDIA H100 NVL""}","{""cuda"":""13.0"",""git_head"":""unavailable"",""jax"":""0.11.2"",""jaxlib"":""0.11.2"",""nvalchemi_toolkit_ops"":""0.5.0"",""python"":""3.12.3"",""source_sha256"":""4dfd278da46af31f54f8b7671e891073f8b10f8fa2cb28e7cf92bfeddd543638"",""torch"":""2.14.0+cu130"",""warp"":""1.17.0""}","{""gpu_uuid"":""c0995d85-1dea-1b19-7e58-9baa33a5f384"",""host"":""a1u1g-mil-0576""}","{""JAX_DISABLE_JIT"":""<unset>"",""JAX_DISABLE_JIT_ACTUAL"":""<not-imported>"",""JAX_ENABLE_X64"":""1"",""JAX_ENABLE_X64_ACTUAL"":""<not-imported>"",""JAX_PLATFORMS"":""<unset>"",""TF_GPU_ALLOCATOR"":""<unset>"",""XLA_FLAGS"":""<unset>"",""XLA_PYTHON_CLIENT_ALLOCATOR"":""<unset>"",""XLA_PYTHON_CLIENT_MEM_FRACTION"":""0.95"",""XLA_PYTHON_CLIENT_PREALLOCATE"":""<unset>""}","{""artifacts"":{""nh3_pdb_1024"":{""bytes"":83199,""sha256"":""cb99e65c2024c8b1a80a7ea1f4ff5b23ef76a5d153a2caeb4a0e3077b5239135"",""state"":""file""},""nh3_pdb_128"":{""bytes"":10623,""sha256"":""4b48182856ba92449fa52b61bf2f95c6ce28937a3cb3da6aec4f131a1216c760"",""state"":""file""},""nh3_pdb_131072"":{""bytes"":10617087,""sha256"":""d454eb5e6e9fe717e1c12c22e3fc749189deae022de05b0f6f83f9f4501bbb52"",""state"":""file""},""nh3_pdb_16384"":{""bytes"":1327359,""sha256"":""07f5683974f6bdad6798104cf7de5ddb670704f71b7e28715d957805124196b8"",""state"":""file""},""nh3_pdb_2048"":{""bytes"":166143,""sha256"":""7171f9c4d6bf3c819f96ddd11877441961f43096057863d0607070d97c5e5a16"",""state"":""file""},""nh3_pdb_256"":{""bytes"":20991,""sha256"":""870d35ef9d654b395f8eefcd897e002ff41b1327475879ff5b955080ecb91ee0"",""state"":""file""},""nh3_pdb_32768"":{""bytes"":2654463,""sha256"":""a193ff7fc7793ae1c9121af48f694b9cff6974a63e67029053ab9312f86cb9cc"",""state"":""file""},""nh3_pdb_4096"":{""bytes"":332031,""sha256"":""e6d9ba2e0f95a04ebbeb61682dcf615982860aaa336140fee7ba55698f68175c"",""state"":""file""},""nh3_pdb_512"":{""bytes"":41727,""sha256"":""76e8d0d71fd3d49a1d14bb1fcd0689b08241620df41c90a904be29c85a67934e"",""state"":""file""},""nh3_pdb_65536"":{""bytes"":5308671,""sha256"":""a80e717b9abb39221c121bf3137135662e1b3c727e705e8f01e651720acd6dcc"",""state"":""file""},""nh3_pdb_8192"":{""bytes"":663807,""sha256"":""b0664469d3a8e84f71fbd848f1f0ffaca2cee3f4fd2100ed10f398e7c19a27e6"",""state"":""file""}},""metadata"":{""benchmark"":""el""}}",ec9f9176-c20b-4c6b-a2d3-efae9282f598,1.091855706378288,"[0.0021768352508544924,0.0020308128356933595,0.00201399040222168,0.002058371162414551,0.00199370231628418]",,,,,not_measured,not_measured,k_squared_only,nan,nan,,88,45056,,48,48,24,29952,5,9d203c87d9172597995c0dc25b9472159289baac46819ad2cabd8cf4abc6b724,"{""batch_idx"":""int32"",""cell"":""float64"",""charges"":""float64"",""pbc"":""bool"",""positions"":""float64""}",capped_upstream_estimate,bounded_power_two_then_four_fft_snap,0.25,9.0,single_case,4e58a2e9fa72736adb36ec90791c46b626d69fb0e9c5ddf901d8cb4127b113f1,5.091630499999155,,
cscl,system_size,pme,torch,512,1,512,3.971631303429604,251785.7080883804,47.72705078125,0.08443927764892578,10,3,torch_cuda_events,warmup_excluded,True,,,1e-06,,5,arithmetic_mean,energy_autograd,energy_forces_charge_gradients,True,True,False,0.028619011864066124,16.47599983215332,0.0,8,8,4,orthorhombic,0.4129913543166487,9.0,,176,2.0,2,"{""compute_capability"":""9.0"",""driver"":""unavailable"",""memory_bytes"":99996401664,""name"":""NVIDIA H100 NVL""}","{""cuda"":""13.0"",""git_head"":""unavailable"",""jax"":""0.11.2"",""jaxlib"":""0.11.2"",""nvalchemi_toolkit_ops"":""0.5.0"",""python"":""3.12.3"",""source_sha256"":""4dfd278da46af31f54f8b7671e891073f8b10f8fa2cb28e7cf92bfeddd543638"",""torch"":""2.14.0+cu130"",""warp"":""1.17.0""}","{""gpu_uuid"":""c0995d85-1dea-1b19-7e58-9baa33a5f384"",""host"":""a1u1g-mil-0576""}","{""JAX_DISABLE_JIT"":""<unset>"",""JAX_DISABLE_JIT_ACTUAL"":""<not-imported>"",""JAX_ENABLE_X64"":""1"",""JAX_ENABLE_X64_ACTUAL"":""<not-imported>"",""JAX_PLATFORMS"":""<unset>"",""TF_GPU_ALLOCATOR"":""<unset>"",""XLA_FLAGS"":""<unset>"",""XLA_PYTHON_CLIENT_ALLOCATOR"":""<unset>"",""XLA_PYTHON_CLIENT_MEM_FRACTION"":""0.95"",""XLA_PYTHON_CLIENT_PREALLOCATE"":""<unset>""}","{""artifacts"":{""nh3_pdb_1024"":{""bytes"":83199,""sha256"":""cb99e65c2024c8b1a80a7ea1f4ff5b23ef76a5d153a2caeb4a0e3077b5239135"",""state"":""file""},""nh3_pdb_128"":{""bytes"":10623,""sha256"":""4b48182856ba92449fa52b61bf2f95c6ce28937a3cb3da6aec4f131a1216c760"",""state"":""file""},""nh3_pdb_131072"":{""bytes"":10617087,""sha256"":""d454eb5e6e9fe717e1c12c22e3fc749189deae022de05b0f6f83f9f4501bbb52"",""state"":""file""},""nh3_pdb_16384"":{""bytes"":1327359,""sha256"":""07f5683974f6bdad6798104cf7de5ddb670704f71b7e28715d957805124196b8"",""state"":""file""},""nh3_pdb_2048"":{""bytes"":166143,""sha256"":""7171f9c4d6bf3c819f96ddd11877441961f43096057863d0607070d97c5e5a16"",""state"":""file""},""nh3_pdb_256"":{""bytes"":20991,""sha256"":""870d35ef9d654b395f8eefcd897e002ff41b1327475879ff5b955080ecb91ee0"",""state"":""file""},""nh3_pdb_32768"":{""bytes"":2654463,""sha256"":""a193ff7fc7793ae1c9121af48f694b9cff6974a63e67029053ab9312f86cb9cc"",""state"":""file""},""nh3_pdb_4096"":{""bytes"":332031,""sha256"":""e6d9ba2e0f95a04ebbeb61682dcf615982860aaa336140fee7ba55698f68175c"",""state"":""file""},""nh3_pdb_512"":{""bytes"":41727,""sha256"":""76e8d0d71fd3d49a1d14bb1fcd0689b08241620df41c90a904be29c85a67934e"",""state"":""file""},""nh3_pdb_65536"":{""bytes"":5308671,""sha256"":""a80e717b9abb39221c121bf3137135662e1b3c727e705e8f01e651720acd6dcc"",""state"":""file""},""nh3_pdb_8192"":{""bytes"":663807,""sha256"":""b0664469d3a8e84f71fbd848f1f0ffaca2cee3f4fd2100ed10f398e7c19a27e6"",""state"":""file""}},""metadata"":{""benchmark"":""el""}}",ec9f9176-c20b-4c6b-a2d3-efae9282f598,1.089899724159128,"[0.002165705680847168,0.0020280128479003906,0.001987068748474121,0.0019901504516601563,0.001996438407897949]",,,,,not_measured,not_measured,k_squared_only,nan,nan,,88,45056,,144,144,72,767232,5,9d203c87d9172597995c0dc25b9472159289baac46819ad2cabd8cf4abc6b724,"{""batch_idx"":""int32"",""cell"":""float64"",""charges"":""float64"",""pbc"":""bool"",""positions"":""float64""}",capped_upstream_estimate,bounded_power_two_then_four_fft_snap,0.25,9.0,single_case,4e58a2e9fa72736adb36ec90791c46b626d69fb0e9c5ddf901d8cb4127b113f1,5.280703277996508,,
cscl,system_size,pme,torch,1024,1,1024,2.0132393762469287,496711.92198922473,3.52001953125,0.03683757781982422,10,3,torch_cuda_events,warmup_excluded,True,,,0.0001,,5,arithmetic_mean,energy_autograd,energy_forces_charge_gradients,True,True,False,0.028619011864066124,32.95199966430664,0.0,8,8,8,cubic,0.3372060287522547,9.0,,176,2.0,2,"{""compute_capability"":""9.0"",""driver"":""unavailable"",""memory_bytes"":99996401664,""name"":""NVIDIA H100 NVL""}","{""cuda"":""13.0"",""git_head"":""unavailable"",""jax"":""0.11.2"",""jaxlib"":""0.11.2"",""nvalchemi_toolkit_ops"":""0.5.0"",""python"":""3.12.3"",""source_sha256"":""4dfd278da46af31f54f8b7671e891073f8b10f8fa2cb28e7cf92bfeddd543638"",""torch"":""2.14.0+cu130"",""warp"":""1.17.0""}","{""gpu_uuid"":""c0995d85-1dea-1b19-7e58-9baa33a5f384"",""host"":""a1u1g-mil-0576""}","{""JAX_DISABLE_JIT"":""<unset>"",""JAX_DISABLE_JIT_ACTUAL"":""<not-imported>"",""JAX_ENABLE_X64"":""1"",""JAX_ENABLE_X64_ACTUAL"":""<not-imported>"",""JAX_PLATFORMS"":""<unset>"",""TF_GPU_ALLOCATOR"":""<unset>"",""XLA_FLAGS"":""<unset>"",""XLA_PYTHON_CLIENT_ALLOCATOR"":""<unset>"",""XLA_PYTHON_CLIENT_MEM_FRACTION"":""0.95"",""XLA_PYTHON_CLIENT_PREALLOCATE"":""<unset>""}","{""artifacts"":{""nh3_pdb_1024"":{""bytes"":83199,""sha256"":""cb99e65c2024c8b1a80a7ea1f4ff5b23ef76a5d153a2caeb4a0e3077b5239135"",""state"":""file""},""nh3_pdb_128"":{""bytes"":10623,""sha256"":""4b48182856ba92449fa52b61bf2f95c6ce28937a3cb3da6aec4f131a1216c760"",""state"":""file""},""nh3_pdb_131072"":{""bytes"":10617087,""sha256"":""d454eb5e6e9fe717e1c12c22e3fc749189deae022de05b0f6f83f9f4501bbb52"",""state"":""file""},""nh3_pdb_16384"":{""bytes"":1327359,""sha256"":""07f5683974f6bdad6798104cf7de5ddb670704f71b7e28715d957805124196b8"",""state"":""file""},""nh3_pdb_2048"":{""bytes"":166143,""sha256"":""7171f9c4d6bf3c819f96ddd11877441961f43096057863d0607070d97c5e5a16"",""state"":""file""},""nh3_pdb_256"":{""bytes"":20991,""sha256"":""870d35ef9d654b395f8eefcd897e002ff41b1327475879ff5b955080ecb91ee0"",""state"":""file""},""nh3_pdb_32768"":{""bytes"":2654463,""sha256"":""a193ff7fc7793ae1c9121af48f694b9cff6974a63e67029053ab9312f86cb9cc"",""state"":""file""},""nh3_pdb_4096"":{""bytes"":332031,""sha256"":""e6d9ba2e0f95a04ebbeb61682dcf615982860aaa336140fee7ba55698f68175c"",""state"":""file""},""nh3_pdb_512"":{""bytes"":41727,""sha256"":""76e8d0d71fd3d49a1d14bb1fcd0689b08241620df41c90a904be29c85a67934e"",""state"":""file""},""nh3_pdb_65536"":{""bytes"":5308671,""sha256"":""a80e717b9abb39221c121bf3137135662e1b3c727e705e8f01e651720acd6dcc"",""state"":""file""},""nh3_pdb_8192"":{""bytes"":663807,""sha256"":""b0664469d3a8e84f71fbd848f1f0ffaca2cee3f4fd2100ed10f398e7c19a27e6"",""state"":""file""}},""metadata"":{""benchmark"":""el""}}",ec9f9176-c20b-4c6b-a2d3-efae9282f598,1.0409557251313093,"[0.00211823673248291,0.002047395133972168,0.0020659423828125,0.0020348960876464843,0.0020413152694702145]",,,,,not_measured,not_measured,k_squared_only,nan,nan,,88,90112,,48,48,48,57600,5,3f7122d895b23c720f56eca512e2610171df5f7792132c81475ba94fa4367fb7,"{""batch_idx"":""int32"",""cell"":""float64"",""charges"":""float64"",""pbc"":""bool"",""positions"":""float64""}",capped_upstream_estimate,bounded_power_two_then_four_fft_snap,0.25,9.0,single_case,4e58a2e9fa72736adb36ec90791c46b626d69fb0e9c5ddf901d8cb4127b113f1,5.070232557001873,,
cscl,system_size,pme,torch,1024,1,1024,1.990323141217232,502430.97680531663,94.82080078125,0.13729047775268555,10,3,torch_cuda_events,warmup_excluded,True,,,1e-06,,5,arithmetic_mean,energy_autograd,energy_forces_charge_gradients,True,True,False,0.028619011864066124,32.95199966430664,0.0,8,8,8,cubic,0.4129913543166487,9.0,,176,2.0,2,"{""compute_capability"":""9.0"",""driver"":""unavailable"",""memory_bytes"":99996401664,""name"":""NVIDIA H100 NVL""}","{""cuda"":""13.0"",""git_head"":""unavailable"",""jax"":""0.11.2"",""jaxlib"":""0.11.2"",""nvalchemi_toolkit_ops"":""0.5.0"",""python"":""3.12.3"",""source_sha256"":""4dfd278da46af31f54f8b7671e891073f8b10f8fa2cb28e7cf92bfeddd543638"",""torch"":""2.14.0+cu130"",""warp"":""1.17.0""}","{""gpu_uuid"":""c0995d85-1dea-1b19-7e58-9baa33a5f384"",""host"":""a1u1g-mil-0576""}","{""JAX_DISABLE_JIT"":""<unset>"",""JAX_DISABLE_JIT_ACTUAL"":""<not-imported>"",""JAX_ENABLE_X64"":""1"",""JAX_ENABLE_X64_ACTUAL"":""<not-imported>"",""JAX_PLATFORMS"":""<unset>"",""TF_GPU_ALLOCATOR"":""<unset>"",""XLA_FLAGS"":""<unset>"",""XLA_PYTHON_CLIENT_ALLOCATOR"":""<unset>"",""XLA_PYTHON_CLIENT_MEM_FRACTION"":""0.95"",""XLA_PYTHON_CLIENT_PREALLOCATE"":""<unset>""}","{""artifacts"":{""nh3_pdb_1024"":{""bytes"":83199,""sha256"":""cb99e65c2024c8b1a80a7ea1f4ff5b23ef76a5d153a2caeb4a0e3077b5239135"",""state"":""file""},""nh3_pdb_128"":{""bytes"":10623,""sha256"":""4b48182856ba92449fa52b61bf2f95c6ce28937a3cb3da6aec4f131a1216c760"",""state"":""file""},""nh3_pdb_131072"":{""bytes"":10617087,""sha256"":""d454eb5e6e9fe717e1c12c22e3fc749189deae022de05b0f6f83f9f4501bbb52"",""state"":""file""},""nh3_pdb_16384"":{""bytes"":1327359,""sha256"":""07f5683974f6bdad6798104cf7de5ddb670704f71b7e28715d957805124196b8"",""state"":""file""},""nh3_pdb_2048"":{""bytes"":166143,""sha256"":""7171f9c4d6bf3c819f96ddd11877441961f43096057863d0607070d97c5e5a16"",""state"":""file""},""nh3_pdb_256"":{""bytes"":20991,""sha256"":""870d35ef9d654b395f8eefcd897e002ff41b1327475879ff5b955080ecb91ee0"",""state"":""file""},""nh3_pdb_32768"":{""bytes"":2654463,""sha256"":""a193ff7fc7793ae1c9121af48f694b9cff6974a63e67029053ab9312f86cb9cc"",""state"":""file""},""nh3_pdb_4096"":{""bytes"":332031,""sha256"":""e6d9ba2e0f95a04ebbeb61682dcf615982860aaa336140fee7ba55698f68175c"",""state"":""file""},""nh3_pdb_512"":{""bytes"":41727,""sha256"":""76e8d0d71fd3d49a1d14bb1fcd0689b08241620df41c90a904be29c85a67934e"",""state"":""file""},""nh3_pdb_65536"":{""bytes"":5308671,""sha256"":""a80e717b9abb39221c121bf3137135662e1b3c727e705e8f01e651720acd6dcc"",""state"":""file""},""nh3_pdb_8192"":{""bytes"":663807,""sha256"":""b0664469d3a8e84f71fbd848f1f0ffaca2cee3f4fd2100ed10f398e7c19a27e6"",""state"":""file""}},""metadata"":{""benchmark"":""el""}}",ec9f9176-c20b-4c6b-a2d3-efae9282f598,1.0771018794928318,"[0.002149567985534668,0.0020325599670410156,0.0020128255844116213,0.0019956960678100587,0.0019998048782348633]",,,,,not_measured,not_measured,k_squared_only,nan,nan,,88,90112,,144,144,144,1513728,5,3f7122d895b23c720f56eca512e2610171df5f7792132c81475ba94fa4367fb7,"{""batch_idx"":""int32"",""cell"":""float64"",""charges"":""float64"",""pbc"":""bool"",""positions"":""float64""}",capped_upstream_estimate,bounded_power_two_then_four_fft_snap,0.25,9.0,single_case,4e58a2e9fa72736adb36ec90791c46b626d69fb0e9c5ddf901d8cb4127b113f1,5.070883148000576,,
cscl,system_size,pme,torch,2048,1,2048,1.0088049992918968,991271.8520446693,7.33642578125,0.04271078109741211,10,3,torch_cuda_events,warmup_excluded,True,,,0.0001,,5,arithmetic_mean,energy_autograd,energy_forces_charge_gradients,True,True,False,0.028619011864066124,32.95199966430664,0.0,16,8,8,orthorhombic,0.3372060287522547,9.0,,176,2.0,2,"{""compute_capability"":""9.0"",""driver"":""unavailable"",""memory_bytes"":99996401664,""name"":""NVIDIA H100 NVL""}","{""cuda"":""13.0"",""git_head"":""unavailable"",""jax"":""0.11.2"",""jaxlib"":""0.11.2"",""nvalchemi_toolkit_ops"":""0.5.0"",""python"":""3.12.3"",""source_sha256"":""4dfd278da46af31f54f8b7671e891073f8b10f8fa2cb28e7cf92bfeddd543638"",""torch"":""2.14.0+cu130"",""warp"":""1.17.0""}","{""gpu_uuid"":""c0995d85-1dea-1b19-7e58-9baa33a5f384"",""host"":""a1u1g-mil-0576""}","{""JAX_DISABLE_JIT"":""<unset>"",""JAX_DISABLE_JIT_ACTUAL"":""<not-imported>"",""JAX_ENABLE_X64"":""1"",""JAX_ENABLE_X64_ACTUAL"":""<not-imported>"",""JAX_PLATFORMS"":""<unset>"",""TF_GPU_ALLOCATOR"":""<unset>"",""XLA_FLAGS"":""<unset>"",""XLA_PYTHON_CLIENT_ALLOCATOR"":""<unset>"",""XLA_PYTHON_CLIENT_MEM_FRACTION"":""0.95"",""XLA_PYTHON_CLIENT_PREALLOCATE"":""<unset>""}","{""artifacts"":{""nh3_pdb_1024"":{""bytes"":83199,""sha256"":""cb99e65c2024c8b1a80a7ea1f4ff5b23ef76a5d153a2caeb4a0e3077b5239135"",""state"":""file""},""nh3_pdb_128"":{""bytes"":10623,""sha256"":""4b48182856ba92449fa52b61bf2f95c6ce28937a3cb3da6aec4f131a1216c760"",""state"":""file""},""nh3_pdb_131072"":{""bytes"":10617087,""sha256"":""d454eb5e6e9fe717e1c12c22e3fc749189deae022de05b0f6f83f9f4501bbb52"",""state"":""file""},""nh3_pdb_16384"":{""bytes"":1327359,""sha256"":""07f5683974f6bdad6798104cf7de5ddb670704f71b7e28715d957805124196b8"",""state"":""file""},""nh3_pdb_2048"":{""bytes"":166143,""sha256"":""7171f9c4d6bf3c819f96ddd11877441961f43096057863d0607070d97c5e5a16"",""state"":""file""},""nh3_pdb_256"":{""bytes"":20991,""sha256"":""870d35ef9d654b395f8eefcd897e002ff41b1327475879ff5b955080ecb91ee0"",""state"":""file""},""nh3_pdb_32768"":{""bytes"":2654463,""sha256"":""a193ff7fc7793ae1c9121af48f694b9cff6974a63e67029053ab9312f86cb9cc"",""state"":""file""},""nh3_pdb_4096"":{""bytes"":332031,""sha256"":""e6d9ba2e0f95a04ebbeb61682dcf615982860aaa336140fee7ba55698f68175c"",""state"":""file""},""nh3_pdb_512"":{""bytes"":41727,""sha256"":""76e8d0d71fd3d49a1d14bb1fcd0689b08241620df41c90a904be29c85a67934e"",""state"":""file""},""nh3_pdb_65536"":{""bytes"":5308671,""sha256"":""a80e717b9abb39221c121bf3137135662e1b3c727e705e8f01e651720acd6dcc"",""state"":""file""},""nh3_pdb_8192"":{""bytes"":663807,""sha256"":""b0664469d3a8e84f71fbd848f1f0ffaca2cee3f4fd2100ed10f398e7c19a27e6"",""state"":""file""}},""metadata"":{""benchmark"":""el""}}",ec9f9176-c20b-4c6b-a2d3-efae9282f598,1.0623588637755488,"[0.0021556095123291016,0.0020806272506713867,0.0020303295135498047,0.0020345184326171876,0.002029078483581543]",,,,,not_measured,not_measured,k_squared_only,nan,nan,,88,180224,,96,48,48,115200,5,d683319a05f855dbe61ec0c3369423e4649b7fcdb5456a9a5320aadbbd385143,"{""batch_idx"":""int32"",""cell"":""float64"",""charges"":""float64"",""pbc"":""bool"",""positions"":""float64""}",capped_upstream_estimate,bounded_power_two_then_four_fft_snap,0.25,9.0,single_case,4e58a2e9fa72736adb36ec90791c46b626d69fb0e9c5ddf901d8cb4127b113f1,5.136264757005847,,
cscl,system_size,pme,torch,2048,1,2048,1.0072515532374384,992800.6532090907,184.66455078125,0.2384648323059082,10,3,torch_cuda_events,warmup_excluded,True,,,1e-06,,5,arithmetic_mean,energy_autograd,energy_forces_charge_gradients,True,True,False,0.028619011864066124,32.95199966430664,0.0,16,8,8,orthorhombic,0.4129913543166487,9.0,,176,2.0,2,"{""compute_capability"":""9.0"",""driver"":""unavailable"",""memory_bytes"":99996401664,""name"":""NVIDIA H100 NVL""}","{""cuda"":""13.0"",""git_head"":""unavailable"",""jax"":""0.11.2"",""jaxlib"":""0.11.2"",""nvalchemi_toolkit_ops"":""0.5.0"",""python"":""3.12.3"",""source_sha256"":""4dfd278da46af31f54f8b7671e891073f8b10f8fa2cb28e7cf92bfeddd543638"",""torch"":""2.14.0+cu130"",""warp"":""1.17.0""}","{""gpu_uuid"":""c0995d85-1dea-1b19-7e58-9baa33a5f384"",""host"":""a1u1g-mil-0576""}","{""JAX_DISABLE_JIT"":""<unset>"",""JAX_DISABLE_JIT_ACTUAL"":""<not-imported>"",""JAX_ENABLE_X64"":""1"",""JAX_ENABLE_X64_ACTUAL"":""<not-imported>"",""JAX_PLATFORMS"":""<unset>"",""TF_GPU_ALLOCATOR"":""<unset>"",""XLA_FLAGS"":""<unset>"",""XLA_PYTHON_CLIENT_ALLOCATOR"":""<unset>"",""XLA_PYTHON_CLIENT_MEM_FRACTION"":""0.95"",""XLA_PYTHON_CLIENT_PREALLOCATE"":""<unset>""}","{""artifacts"":{""nh3_pdb_1024"":{""bytes"":83199,""sha256"":""cb99e65c2024c8b1a80a7ea1f4ff5b23ef76a5d153a2caeb4a0e3077b5239135"",""state"":""file""},""nh3_pdb_128"":{""bytes"":10623,""sha256"":""4b48182856ba92449fa52b61bf2f95c6ce28937a3cb3da6aec4f131a1216c760"",""state"":""file""},""nh3_pdb_131072"":{""bytes"":10617087,""sha256"":""d454eb5e6e9fe717e1c12c22e3fc749189deae022de05b0f6f83f9f4501bbb52"",""state"":""file""},""nh3_pdb_16384"":{""bytes"":1327359,""sha256"":""07f5683974f6bdad6798104cf7de5ddb670704f71b7e28715d957805124196b8"",""state"":""file""},""nh3_pdb_2048"":{""bytes"":166143,""sha256"":""7171f9c4d6bf3c819f96ddd11877441961f43096057863d0607070d97c5e5a16"",""state"":""file""},""nh3_pdb_256"":{""bytes"":20991,""sha256"":""870d35ef9d654b395f8eefcd897e002ff41b1327475879ff5b955080ecb91ee0"",""state"":""file""},""nh3_pdb_32768"":{""bytes"":2654463,""sha256"":""a193ff7fc7793ae1c9121af48f694b9cff6974a63e67029053ab9312f86cb9cc"",""state"":""file""},""nh3_pdb_4096"":{""bytes"":332031,""sha256"":""e6d9ba2e0f95a04ebbeb61682dcf615982860aaa336140fee7ba55698f68175c"",""state"":""file""},""nh3_pdb_512"":{""bytes"":41727,""sha256"":""76e8d0d71fd3d49a1d14bb1fcd0689b08241620df41c90a904be29c85a67934e"",""state"":""file""},""nh3_pdb_65536"":{""bytes"":5308671,""sha256"":""a80e717b9abb39221c121bf3137135662e1b3c727e705e8f01e651720acd6dcc"",""state"":""file""},""nh3_pdb_8192"":{""bytes"":663807,""sha256"":""b0664469d3a8e84f71fbd848f1f0ffaca2cee3f4fd2100ed10f398e7c19a27e6"",""state"":""file""}},""metadata"":{""benchmark"":""el""}}",ec9f9176-c20b-4c6b-a2d3-efae9282f598,1.0744352858851378,"[0.0021533952713012694,0.0020797407150268555,0.002050310325622559,0.0020265983581542967,0.0020042112350463865]",,,,,not_measured,not_measured,k_squared_only,nan,nan,,88,180224,,288,144,144,3027456,5,d683319a05f855dbe61ec0c3369423e4649b7fcdb5456a9a5320aadbbd385143,"{""batch_idx"":""int32"",""cell"":""float64"",""charges"":""float64"",""pbc"":""bool"",""positions"":""float64""}",capped_upstream_estimate,bounded_power_two_then_four_fft_snap,0.25,9.0,single_case,4e58a2e9fa72736adb36ec90791c46b626d69fb0e9c5ddf901d8cb4127b113f1,5.031725566004752,,
cscl,system_size,ewald,jax,256,1,256,2.261435781605314,442196.94767990935,nan,nan,10,3,jax_wall_block_until_ready,warmup_excluded,True,,,0.0001,,5,arithmetic_mean,energy_autograd,energy_forces_charge_gradients,True,True,False,0.028619011864066124,16.47599983215332,0.0,8,4,4,orthorhombic,0.21515584716704458,14.105376631544972,1.305933278148471,688,2.0,2,"{""compute_capability"":""9.0"",""driver"":""unavailable"",""memory_bytes"":99996401664,""name"":""NVIDIA H100 NVL""}","{""cuda"":""13.0"",""git_head"":""unavailable"",""jax"":""0.10.1"",""jaxlib"":""0.10.1"",""nvalchemi_toolkit_ops"":""0.5.0"",""python"":""3.12.3"",""source_sha256"":""4dfd278da46af31f54f8b7671e891073f8b10f8fa2cb28e7cf92bfeddd543638"",""torch"":""2.14.0+cu130"",""warp"":""1.17.0""}","{""gpu_uuid"":""b86b304e-698a-30bd-d46b-23da3dc3658e"",""host"":""ipp2-1738""}","{""JAX_DISABLE_JIT"":""<unset>"",""JAX_DISABLE_JIT_ACTUAL"":""False"",""JAX_ENABLE_X64"":""1"",""JAX_ENABLE_X64_ACTUAL"":""True"",""JAX_PLATFORMS"":""<unset>"",""TF_GPU_ALLOCATOR"":""<unset>"",""XLA_FLAGS"":""<unset>"",""XLA_PYTHON_CLIENT_ALLOCATOR"":""<unset>"",""XLA_PYTHON_CLIENT_MEM_FRACTION"":""0.95"",""XLA_PYTHON_CLIENT_PREALLOCATE"":""<unset>""}","{""artifacts"":{""nh3_pdb_1024"":{""bytes"":83199,""sha256"":""cb99e65c2024c8b1a80a7ea1f4ff5b23ef76a5d153a2caeb4a0e3077b5239135"",""state"":""file""},""nh3_pdb_128"":{""bytes"":10623,""sha256"":""4b48182856ba92449fa52b61bf2f95c6ce28937a3cb3da6aec4f131a1216c760"",""state"":""file""},""nh3_pdb_131072"":{""bytes"":10617087,""sha256"":""d454eb5e6e9fe717e1c12c22e3fc749189deae022de05b0f6f83f9f4501bbb52"",""state"":""file""},""nh3_pdb_16384"":{""bytes"":1327359,""sha256"":""07f5683974f6bdad6798104cf7de5ddb670704f71b7e28715d957805124196b8"",""state"":""file""},""nh3_pdb_2048"":{""bytes"":166143,""sha256"":""7171f9c4d6bf3c819f96ddd11877441961f43096057863d0607070d97c5e5a16"",""state"":""file""},""nh3_pdb_256"":{""bytes"":20991,""sha256"":""870d35ef9d654b395f8eefcd897e002ff41b1327475879ff5b955080ecb91ee0"",""state"":""file""},""nh3_pdb_32768"":{""bytes"":2654463,""sha256"":""a193ff7fc7793ae1c9121af48f694b9cff6974a63e67029053ab9312f86cb9cc"",""state"":""file""},""nh3_pdb_4096"":{""bytes"":332031,""sha256"":""e6d9ba2e0f95a04ebbeb61682dcf615982860aaa336140fee7ba55698f68175c"",""state"":""file""},""nh3_pdb_512"":{""bytes"":41727,""sha256"":""76e8d0d71fd3d49a1d14bb1fcd0689b08241620df41c90a904be29c85a67934e"",""state"":""file""},""nh3_pdb_65536"":{""bytes"":5308671,""sha256"":""a80e717b9abb39221c121bf3137135662e1b3c727e705e8f01e651720acd6dcc"",""state"":""file""},""nh3_pdb_8192"":{""bytes"":663807,""sha256"":""b0664469d3a8e84f71fbd848f1f0ffaca2cee3f4fd2100ed10f398e7c19a27e6"",""state"":""file""}},""metadata"":{""benchmark"":""el""}}",28ea42c8-c3b9-4a9c-96dc-b96a346325d0,1.002150915362528,"[0.0005787970001620124,0.0005784049000794767,0.0005788999000287731,0.000578887000119721,0.0005796490000648191]",,,,,not_measured,not_measured,,nan,nan,607,330,84480,,,,,,,,,,,,,single_case,5779517f771cd31c95dc30de603249f8f59a1f8d3680da722ea0763b4d76684d,12.477803694999238,150,supported_jax_separate_collection
cscl,system_size,ewald,jax,32768,1,32768,4.3972946661374746,227412.55156284233,nan,nan,10,3,jax_wall_block_until_ready,warmup_excluded,True,,,0.0001,,5,arithmetic_mean,energy_autograd,energy_forces_charge_gradients,True,True,False,0.028619011864066124,65.90399932861328,0.0,32,32,16,orthorhombic,0.09584103422075939,31.66549989203827,0.581727141739642,7616,2.0,2,"{""compute_capability"":""9.0"",""driver"":""unavailable"",""memory_bytes"":99996401664,""name"":""NVIDIA H100 NVL""}","{""cuda"":""13.0"",""git_head"":""unavailable"",""jax"":""0.10.1"",""jaxlib"":""0.10.1"",""nvalchemi_toolkit_ops"":""0.5.0"",""python"":""3.12.3"",""source_sha256"":""4dfd278da46af31f54f8b7671e891073f8b10f8fa2cb28e7cf92bfeddd543638"",""torch"":""2.14.0+cu130"",""warp"":""1.17.0""}","{""gpu_uuid"":""b86b304e-698a-30bd-d46b-23da3dc3658e"",""host"":""ipp2-1738""}","{""JAX_DISABLE_JIT"":""<unset>"",""JAX_DISABLE_JIT_ACTUAL"":""False"",""JAX_ENABLE_X64"":""1"",""JAX_ENABLE_X64_ACTUAL"":""True"",""JAX_PLATFORMS"":""<unset>"",""TF_GPU_ALLOCATOR"":""<unset>"",""XLA_FLAGS"":""<unset>"",""XLA_PYTHON_CLIENT_ALLOCATOR"":""<unset>"",""XLA_PYTHON_CLIENT_MEM_FRACTION"":""0.95"",""XLA_PYTHON_CLIENT_PREALLOCATE"":""<unset>""}","{""artifacts"":{""nh3_pdb_1024"":{""bytes"":83199,""sha256"":""cb99e65c2024c8b1a80a7ea1f4ff5b23ef76a5d153a2caeb4a0e3077b5239135"",""state"":""file""},""nh3_pdb_128"":{""bytes"":10623,""sha256"":""4b48182856ba92449fa52b61bf2f95c6ce28937a3cb3da6aec4f131a1216c760"",""state"":""file""},""nh3_pdb_131072"":{""bytes"":10617087,""sha256"":""d454eb5e6e9fe717e1c12c22e3fc749189deae022de05b0f6f83f9f4501bbb52"",""state"":""file""},""nh3_pdb_16384"":{""bytes"":1327359,""sha256"":""07f5683974f6bdad6798104cf7de5ddb670704f71b7e28715d957805124196b8"",""state"":""file""},""nh3_pdb_2048"":{""bytes"":166143,""sha256"":""7171f9c4d6bf3c819f96ddd11877441961f43096057863d0607070d97c5e5a16"",""state"":""file""},""nh3_pdb_256"":{""bytes"":20991,""sha256"":""870d35ef9d654b395f8eefcd897e002ff41b1327475879ff5b955080ecb91ee0"",""state"":""file""},""nh3_pdb_32768"":{""bytes"":2654463,""sha256"":""a193ff7fc7793ae1c9121af48f694b9cff6974a63e67029053ab9312f86cb9cc"",""state"":""file""},""nh3_pdb_4096"":{""bytes"":332031,""sha256"":""e6d9ba2e0f95a04ebbeb61682dcf615982860aaa336140fee7ba55698f68175c"",""state"":""file""},""nh3_pdb_512"":{""bytes"":41727,""sha256"":""76e8d0d71fd3d49a1d14bb1fcd0689b08241620df41c90a904be29c85a67934e"",""state"":""file""},""nh3_pdb_65536"":{""bytes"":5308671,""sha256"":""a80e717b9abb39221c121bf3137135662e1b3c727e705e8f01e651720acd6dcc"",""state"":""file""},""nh3_pdb_8192"":{""bytes"":663807,""sha256"":""b0664469d3a8e84f71fbd848f1f0ffaca2cee3f4fd2100ed10f398e7c19a27e6"",""state"":""file""}},""metadata"":{""benchmark"":""el""}}",28ea42c8-c3b9-4a9c-96dc-b96a346325d0,1.0003319104888209,"[0.14408371459994668,0.1440659505999065,0.14409694670011958,0.1440923785999985,0.14411376759999256]",,,,,not_measured,not_measured,,nan,nan,5467,3838,125763584,,,,,,,,,,,,,single_case,5779517f771cd31c95dc30de603249f8f59a1f8d3680da722ea0763b4d76684d,26.828711431000556,164,supported_jax_separate_collection
cscl,system_size,pme,jax,256,1,256,3.6380332814189846,274873.7910418341,nan,nan,10,3,jax_wall_block_until_ready,warmup_excluded,True,,,0.0001,,5,arithmetic_mean,energy_autograd,energy_forces_charge_gradients,True,True,False,0.028619011864066124,16.47599983215332,0.0,8,4,4,orthorhombic,0.3372060287522547,9.0,,176,2.0,2,"{""compute_capability"":""9.0"",""driver"":""unavailable"",""memory_bytes"":99996401664,""name"":""NVIDIA H100 NVL""}","{""cuda"":""13.0"",""git_head"":""unavailable"",""jax"":""0.10.1"",""jaxlib"":""0.10.1"",""nvalchemi_toolkit_ops"":""0.5.0"",""python"":""3.12.3"",""source_sha256"":""4dfd278da46af31f54f8b7671e891073f8b10f8fa2cb28e7cf92bfeddd543638"",""torch"":""2.14.0+cu130"",""warp"":""1.17.0""}","{""gpu_uuid"":""b86b304e-698a-30bd-d46b-23da3dc3658e"",""host"":""ipp2-1738""}","{""JAX_DISABLE_JIT"":""<unset>"",""JAX_DISABLE_JIT_ACTUAL"":""False"",""JAX_ENABLE_X64"":""1"",""JAX_ENABLE_X64_ACTUAL"":""True"",""JAX_PLATFORMS"":""<unset>"",""TF_GPU_ALLOCATOR"":""<unset>"",""XLA_FLAGS"":""<unset>"",""XLA_PYTHON_CLIENT_ALLOCATOR"":""<unset>"",""XLA_PYTHON_CLIENT_MEM_FRACTION"":""0.95"",""XLA_PYTHON_CLIENT_PREALLOCATE"":""<unset>""}","{""artifacts"":{""nh3_pdb_1024"":{""bytes"":83199,""sha256"":""cb99e65c2024c8b1a80a7ea1f4ff5b23ef76a5d153a2caeb4a0e3077b5239135"",""state"":""file""},""nh3_pdb_128"":{""bytes"":10623,""sha256"":""4b48182856ba92449fa52b61bf2f95c6ce28937a3cb3da6aec4f131a1216c760"",""state"":""file""},""nh3_pdb_131072"":{""bytes"":10617087,""sha256"":""d454eb5e6e9fe717e1c12c22e3fc749189deae022de05b0f6f83f9f4501bbb52"",""state"":""file""},""nh3_pdb_16384"":{""bytes"":1327359,""sha256"":""07f5683974f6bdad6798104cf7de5ddb670704f71b7e28715d957805124196b8"",""state"":""file""},""nh3_pdb_2048"":{""bytes"":166143,""sha256"":""7171f9c4d6bf3c819f96ddd11877441961f43096057863d0607070d97c5e5a16"",""state"":""file""},""nh3_pdb_256"":{""bytes"":20991,""sha256"":""870d35ef9d654b395f8eefcd897e002ff41b1327475879ff5b955080ecb91ee0"",""state"":""file""},""nh3_pdb_32768"":{""bytes"":2654463,""sha256"":""a193ff7fc7793ae1c9121af48f694b9cff6974a63e67029053ab9312f86cb9cc"",""state"":""file""},""nh3_pdb_4096"":{""bytes"":332031,""sha256"":""e6d9ba2e0f95a04ebbeb61682dcf615982860aaa336140fee7ba55698f68175c"",""state"":""file""},""nh3_pdb_512"":{""bytes"":41727,""sha256"":""76e8d0d71fd3d49a1d14bb1fcd0689b08241620df41c90a904be29c85a67934e"",""state"":""file""},""nh3_pdb_65536"":{""bytes"":5308671,""sha256"":""a80e717b9abb39221c121bf3137135662e1b3c727e705e8f01e651720acd6dcc"",""state"":""file""},""nh3_pdb_8192"":{""bytes"":663807,""sha256"":""b0664469d3a8e84f71fbd848f1f0ffaca2cee3f4fd2100ed10f398e7c19a27e6"",""state"":""file""}},""metadata"":{""benchmark"":""el""}}",28ea42c8-c3b9-4a9c-96dc-b96a346325d0,1.0545187956233308,"[0.0009396285999173415,0.0009060545000465936,0.000909167500140029,0.0009554515001582331,0.0009463804999541026]",,,,,not_measured,not_measured,k_squared_only,nan,nan,,88,22528,,48,24,24,14976,5,ba98f130c5fd5878a7e0b41aa1357a681b99a044260c237af422a501661a9f80,"{""batch_idx"":""int32"",""cell"":""float64"",""charges"":""float64"",""pbc"":""bool"",""positions"":""float64""}",capped_upstream_estimate,bounded_power_two_then_four_fft_snap,0.25,9.0,single_case,5779517f771cd31c95dc30de603249f8f59a1f8d3680da722ea0763b4d76684d,41.074757116999535,2,supported_jax_separate_collection
cscl,system_size,pme,jax,1024,1,1024,0.9580236328332603,1043815.5863051089,nan,nan,10,3,jax_wall_block_until_ready,warmup_excluded,True,,,0.0001,,5,arithmetic_mean,energy_autograd,energy_forces_charge_gradients,True,True,False,0.028619011864066124,32.95199966430664,0.0,8,8,8,cubic,0.3372060287522547,9.0,,176,2.0,2,"{""compute_capability"":""9.0"",""driver"":""unavailable"",""memory_bytes"":99996401664,""name"":""NVIDIA H100 NVL""}","{""cuda"":""13.0"",""git_head"":""unavailable"",""jax"":""0.10.1"",""jaxlib"":""0.10.1"",""nvalchemi_toolkit_ops"":""0.5.0"",""python"":""3.12.3"",""source_sha256"":""4dfd278da46af31f54f8b7671e891073f8b10f8fa2cb28e7cf92bfeddd543638"",""torch"":""2.14.0+cu130"",""warp"":""1.17.0""}","{""gpu_uuid"":""b86b304e-698a-30bd-d46b-23da3dc3658e"",""host"":""ipp2-1738""}","{""JAX_DISABLE_JIT"":""<unset>"",""JAX_DISABLE_JIT_ACTUAL"":""False"",""JAX_ENABLE_X64"":""1"",""JAX_ENABLE_X64_ACTUAL"":""True"",""JAX_PLATFORMS"":""<unset>"",""TF_GPU_ALLOCATOR"":""<unset>"",""XLA_FLAGS"":""<unset>"",""XLA_PYTHON_CLIENT_ALLOCATOR"":""<unset>"",""XLA_PYTHON_CLIENT_MEM_FRACTION"":""0.95"",""XLA_PYTHON_CLIENT_PREALLOCATE"":""<unset>""}","{""artifacts"":{""nh3_pdb_1024"":{""bytes"":83199,""sha256"":""cb99e65c2024c8b1a80a7ea1f4ff5b23ef76a5d153a2caeb4a0e3077b5239135"",""state"":""file""},""nh3_pdb_128"":{""bytes"":10623,""sha256"":""4b48182856ba92449fa52b61bf2f95c6ce28937a3cb3da6aec4f131a1216c760"",""state"":""file""},""nh3_pdb_131072"":{""bytes"":10617087,""sha256"":""d454eb5e6e9fe717e1c12c22e3fc749189deae022de05b0f6f83f9f4501bbb52"",""state"":""file""},""nh3_pdb_16384"":{""bytes"":1327359,""sha256"":""07f5683974f6bdad6798104cf7de5ddb670704f71b7e28715d957805124196b8"",""state"":""file""},""nh3_pdb_2048"":{""bytes"":166143,""sha256"":""7171f9c4d6bf3c819f96ddd11877441961f43096057863d0607070d97c5e5a16"",""state"":""file""},""nh3_pdb_256"":{""bytes"":20991,""sha256"":""870d35ef9d654b395f8eefcd897e002ff41b1327475879ff5b955080ecb91ee0"",""state"":""file""},""nh3_pdb_32768"":{""bytes"":2654463,""sha256"":""a193ff7fc7793ae1c9121af48f694b9cff6974a63e67029053ab9312f86cb9cc"",""state"":""file""},""nh3_pdb_4096"":{""bytes"":332031,""sha256"":""e6d9ba2e0f95a04ebbeb61682dcf615982860aaa336140fee7ba55698f68175c"",""state"":""file""},""nh3_pdb_512"":{""bytes"":41727,""sha256"":""76e8d0d71fd3d49a1d14bb1fcd0689b08241620df41c90a904be29c85a67934e"",""state"":""file""},""nh3_pdb_65536"":{""bytes"":5308671,""sha256"":""a80e717b9abb39221c121bf3137135662e1b3c727e705e8f01e651720acd6dcc"",""state"":""file""},""nh3_pdb_8192"":{""bytes"":663807,""sha256"":""b0664469d3a8e84f71fbd848f1f0ffaca2cee3f4fd2100ed10f398e7c19a27e6"",""state"":""file""}},""metadata"":{""benchmark"":""el""}}",28ea42c8-c3b9-4a9c-96dc-b96a346325d0,1.020749369199903,"[0.0009963406999304425,0.0009767135999936727,0.0009782206001546002,0.0009777186000064831,0.0009760875000210945]",,,,,not_measured,not_measured,k_squared_only,nan,nan,,88,90112,,48,48,48,57600,5,3f7122d895b23c720f56eca512e2610171df5f7792132c81475ba94fa4367fb7,"{""batch_idx"":""int32"",""cell"":""float64"",""charges"":""float64"",""pbc"":""bool"",""positions"":""float64""}",capped_upstream_estimate,bounded_power_two_then_four_fft_snap,0.25,9.0,single_case,5779517f771cd31c95dc30de603249f8f59a1f8d3680da722ea0763b4d76684d,37.738275652000084,6,supported_jax_separate_collection
cscl,system_size,ewald,jax,131072,1,131072,nan,nan,nan,nan,10,3,jax_wall_block_until_ready,warmup_excluded,False,Out of memory during benchmark execution; see run logs for backend details.,OutOfMemoryError,1e-06,neighbor_list_setup,5,arithmetic_mean,energy_autograd,energy_forces_charge_gradients,True,True,False,0.028619011864066124,131.80799865722656,0.0,64,32,32,orthorhombic,0.07606907927187684,48.86245797146128,0.5654856972620327,27984,2.0,2,"{""compute_capability"":""9.0"",""driver"":""unavailable"",""memory_bytes"":99996401664,""name"":""NVIDIA H100 NVL""}","{""cuda"":""13.0"",""git_head"":""unavailable"",""jax"":""0.10.1"",""jaxlib"":""0.10.1"",""nvalchemi_toolkit_ops"":""0.5.0"",""python"":""3.12.3"",""source_sha256"":""4dfd278da46af31f54f8b7671e891073f8b10f8fa2cb28e7cf92bfeddd543638"",""torch"":""2.14.0+cu130"",""warp"":""1.17.0""}","{""gpu_uuid"":""557cda80-d2b2-7630-d3a3-99bf87d35067"",""host"":""ipp2-1716""}","{""JAX_DISABLE_JIT"":""<unset>"",""JAX_DISABLE_JIT_ACTUAL"":""False"",""JAX_ENABLE_X64"":""1"",""JAX_ENABLE_X64_ACTUAL"":""True"",""JAX_PLATFORMS"":""<unset>"",""TF_GPU_ALLOCATOR"":""<unset>"",""XLA_FLAGS"":""<unset>"",""XLA_PYTHON_CLIENT_ALLOCATOR"":""<unset>"",""XLA_PYTHON_CLIENT_MEM_FRACTION"":""0.95"",""XLA_PYTHON_CLIENT_PREALLOCATE"":""<unset>""}","{""artifacts"":{""nh3_pdb_1024"":{""bytes"":83199,""sha256"":""cb99e65c2024c8b1a80a7ea1f4ff5b23ef76a5d153a2caeb4a0e3077b5239135"",""state"":""file""},""nh3_pdb_128"":{""bytes"":10623,""sha256"":""4b48182856ba92449fa52b61bf2f95c6ce28937a3cb3da6aec4f131a1216c760"",""state"":""file""},""nh3_pdb_131072"":{""bytes"":10617087,""sha256"":""d454eb5e6e9fe717e1c12c22e3fc749189deae022de05b0f6f83f9f4501bbb52"",""state"":""file""},""nh3_pdb_16384"":{""bytes"":1327359,""sha256"":""07f5683974f6bdad6798104cf7de5ddb670704f71b7e28715d957805124196b8"",""state"":""file""},""nh3_pdb_2048"":{""bytes"":166143,""sha256"":""7171f9c4d6bf3c819f96ddd11877441961f43096057863d0607070d97c5e5a16"",""state"":""file""},""nh3_pdb_256"":{""bytes"":20991,""sha256"":""870d35ef9d654b395f8eefcd897e002ff41b1327475879ff5b955080ecb91ee0"",""state"":""file""},""nh3_pdb_32768"":{""bytes"":2654463,""sha256"":""a193ff7fc7793ae1c9121af48f694b9cff6974a63e67029053ab9312f86cb9cc"",""state"":""file""},""nh3_pdb_4096"":{""bytes"":332031,""sha256"":""e6d9ba2e0f95a04ebbeb61682dcf615982860aaa336140fee7ba55698f68175c"",""state"":""file""},""nh3_pdb_512"":{""bytes"":41727,""sha256"":""76e8d0d71fd3d49a1d14bb1fcd0689b08241620df41c90a904be29c85a67934e"",""state"":""file""},""nh3_pdb_65536"":{""bytes"":5308671,""sha256"":""a80e717b9abb39221c121bf3137135662e1b3c727e705e8f01e651720acd6dcc"",""state"":""file""},""nh3_pdb_8192"":{""bytes"":663807,""sha256"":""b0664469d3a8e84f71fbd848f1f0ffaca2cee3f4fd2100ed10f398e7c19a27e6"",""state"":""file""}},""metadata"":{""benchmark"":""el""}}",28ea42c8-c3b9-4a9c-96dc-b96a346325d0,,,,,,,,,,,,,,,,,,,,,,,,,,,single_case,5779517f771cd31c95dc30de603249f8f59a1f8d3680da722ea0763b4d76684d,166.59931192200747,169,supported_jax_separate_collection
cscl,system_size,pme,jax,4096,1,4096,1.1427471874725368,875084.1926915988,nan,nan,10,3,jax_wall_block_until_ready,warmup_excluded,True,,,1e-06,,5,arithmetic_mean,energy_autograd,energy_forces_charge_gradients,True,True,False,0.028619011864066124,32.95199966430664,0.0,16,16,8,orthorhombic,0.4129913543166487,9.0,,176,2.0,2,"{""compute_capability"":""9.0"",""driver"":""unavailable"",""memory_bytes"":99996401664,""name"":""NVIDIA H100 NVL""}","{""cuda"":""13.0"",""git_head"":""unavailable"",""jax"":""0.10.1"",""jaxlib"":""0.10.1"",""nvalchemi_toolkit_ops"":""0.5.0"",""python"":""3.12.3"",""source_sha256"":""4dfd278da46af31f54f8b7671e891073f8b10f8fa2cb28e7cf92bfeddd543638"",""torch"":""2.14.0+cu130"",""warp"":""1.17.0""}","{""gpu_uuid"":""23074f79-c31a-f283-5a26-fe763902683e"",""host"":""a1u1g-mil-0678""}","{""JAX_DISABLE_JIT"":""<unset>"",""JAX_DISABLE_JIT_ACTUAL"":""False"",""JAX_ENABLE_X64"":""1"",""JAX_ENABLE_X64_ACTUAL"":""True"",""JAX_PLATFORMS"":""<unset>"",""TF_GPU_ALLOCATOR"":""<unset>"",""XLA_FLAGS"":""<unset>"",""XLA_PYTHON_CLIENT_ALLOCATOR"":""<unset>"",""XLA_PYTHON_CLIENT_MEM_FRACTION"":""0.95"",""XLA_PYTHON_CLIENT_PREALLOCATE"":""<unset>""}","{""artifacts"":{""nh3_pdb_1024"":{""bytes"":83199,""sha256"":""cb99e65c2024c8b1a80a7ea1f4ff5b23ef76a5d153a2caeb4a0e3077b5239135"",""state"":""file""},""nh3_pdb_128"":{""bytes"":10623,""sha256"":""4b48182856ba92449fa52b61bf2f95c6ce28937a3cb3da6aec4f131a1216c760"",""state"":""file""},""nh3_pdb_131072"":{""bytes"":10617087,""sha256"":""d454eb5e6e9fe717e1c12c22e3fc749189deae022de05b0f6f83f9f4501bbb52"",""state"":""file""},""nh3_pdb_16384"":{""bytes"":1327359,""sha256"":""07f5683974f6bdad6798104cf7de5ddb670704f71b7e28715d957805124196b8"",""state"":""file""},""nh3_pdb_2048"":{""bytes"":166143,""sha256"":""7171f9c4d6bf3c819f96ddd11877441961f43096057863d0607070d97c5e5a16"",""state"":""file""},""nh3_pdb_256"":{""bytes"":20991,""sha256"":""870d35ef9d654b395f8eefcd897e002ff41b1327475879ff5b955080ecb91ee0"",""state"":""file""},""nh3_pdb_32768"":{""bytes"":2654463,""sha256"":""a193ff7fc7793ae1c9121af48f694b9cff6974a63e67029053ab9312f86cb9cc"",""state"":""file""},""nh3_pdb_4096"":{""bytes"":332031,""sha256"":""e6d9ba2e0f95a04ebbeb61682dcf615982860aaa336140fee7ba55698f68175c"",""state"":""file""},""nh3_pdb_512"":{""bytes"":41727,""sha256"":""76e8d0d71fd3d49a1d14bb1fcd0689b08241620df41c90a904be29c85a67934e"",""state"":""file""},""nh3_pdb_65536"":{""bytes"":5308671,""sha256"":""a80e717b9abb39221c121bf3137135662e1b3c727e705e8f01e651720acd6dcc"",""state"":""file""},""nh3_pdb_8192"":{""bytes"":663807,""sha256"":""b0664469d3a8e84f71fbd848f1f0ffaca2cee3f4fd2100ed10f398e7c19a27e6"",""state"":""file""}},""metadata"":{""benchmark"":""el""}}",28ea42c8-c3b9-4a9c-96dc-b96a346325d0,1.004703568038488,"[0.004668774700257927,0.004681220700149424,0.004690734599716961,0.004684230699785985,0.00467850169952726]",,,,,not_measured,not_measured,k_squared_only,nan,nan,,88,360448,,288,288,144,6054912,5,56dcbac8c140db86edf2020ee878267bcfce63855c6635abbb7d0446589609da,"{""batch_idx"":""int32"",""cell"":""float64"",""charges"":""float64"",""pbc"":""bool"",""positions"":""float64""}",capped_upstream_estimate,bounded_power_two_then_four_fft_snap,0.25,9.0,single_case,5779517f771cd31c95dc30de603249f8f59a1f8d3680da722ea0763b4d76684d,44.46017168799881,11,supported_jax_separate_collection
cscl,system_size,ewald,jax,4096,1,4096,1.5524878516259832,644127.4235754306,nan,nan,10,3,jax_wall_block_until_ready,warmup_excluded,True,,,0.0001,,5,arithmetic_mean,energy_autograd,energy_forces_charge_gradients,True,True,False,0.028619011864066124,32.95199966430664,0.0,16,16,8,orthorhombic,0.13553969042686184,22.39088970332215,0.8226864134487375,2704,2.0,2,"{""compute_capability"":""9.0"",""driver"":""unavailable"",""memory_bytes"":99996401664,""name"":""NVIDIA H100 NVL""}","{""cuda"":""13.0"",""git_head"":""unavailable"",""jax"":""0.10.1"",""jaxlib"":""0.10.1"",""nvalchemi_toolkit_ops"":""0.5.0"",""python"":""3.12.3"",""source_sha256"":""4dfd278da46af31f54f8b7671e891073f8b10f8fa2cb28e7cf92bfeddd543638"",""torch"":""2.14.0+cu130"",""warp"":""1.17.0""}","{""gpu_uuid"":""23074f79-c31a-f283-5a26-fe763902683e"",""host"":""a1u1g-mil-0678""}","{""JAX_DISABLE_JIT"":""<unset>"",""JAX_DISABLE_JIT_ACTUAL"":""False"",""JAX_ENABLE_X64"":""1"",""JAX_ENABLE_X64_ACTUAL"":""True"",""JAX_PLATFORMS"":""<unset>"",""TF_GPU_ALLOCATOR"":""<unset>"",""XLA_FLAGS"":""<unset>"",""XLA_PYTHON_CLIENT_ALLOCATOR"":""<unset>"",""XLA_PYTHON_CLIENT_MEM_FRACTION"":""0.95"",""XLA_PYTHON_CLIENT_PREALLOCATE"":""<unset>""}","{""artifacts"":{""nh3_pdb_1024"":{""bytes"":83199,""sha256"":""cb99e65c2024c8b1a80a7ea1f4ff5b23ef76a5d153a2caeb4a0e3077b5239135"",""state"":""file""},""nh3_pdb_128"":{""bytes"":10623,""sha256"":""4b48182856ba92449fa52b61bf2f95c6ce28937a3cb3da6aec4f131a1216c760"",""state"":""file""},""nh3_pdb_131072"":{""bytes"":10617087,""sha256"":""d454eb5e6e9fe717e1c12c22e3fc749189deae022de05b0f6f83f9f4501bbb52"",""state"":""file""},""nh3_pdb_16384"":{""bytes"":1327359,""sha256"":""07f5683974f6bdad6798104cf7de5ddb670704f71b7e28715d957805124196b8"",""state"":""file""},""nh3_pdb_2048"":{""bytes"":166143,""sha256"":""7171f9c4d6bf3c819f96ddd11877441961f43096057863d0607070d97c5e5a16"",""state"":""file""},""nh3_pdb_256"":{""bytes"":20991,""sha256"":""870d35ef9d654b395f8eefcd897e002ff41b1327475879ff5b955080ecb91ee0"",""state"":""file""},""nh3_pdb_32768"":{""bytes"":2654463,""sha256"":""a193ff7fc7793ae1c9121af48f694b9cff6974a63e67029053ab9312f86cb9cc"",""state"":""file""},""nh3_pdb_4096"":{""bytes"":332031,""sha256"":""e6d9ba2e0f95a04ebbeb61682dcf615982860aaa336140fee7ba55698f68175c"",""state"":""file""},""nh3_pdb_512"":{""bytes"":41727,""sha256"":""76e8d0d71fd3d49a1d14bb1fcd0689b08241620df41c90a904be29c85a67934e"",""state"":""file""},""nh3_pdb_65536"":{""bytes"":5308671,""sha256"":""a80e717b9abb39221c121bf3137135662e1b3c727e705e8f01e651720acd6dcc"",""state"":""file""},""nh3_pdb_8192"":{""bytes"":663807,""sha256"":""b0664469d3a8e84f71fbd848f1f0ffaca2cee3f4fd2100ed10f398e7c19a27e6"",""state"":""file""}},""metadata"":{""benchmark"":""el""}}",28ea42c8-c3b9-4a9c-96dc-b96a346325d0,1.0044777196373735,"[0.00637874300009571,0.006350308100809343,0.006359067000448704,0.0063562249997630715,0.0063506081001833085]",,,,,not_measured,not_measured,,nan,nan,1985,1362,5578752,,,,,,,,,,,,,single_case,5779517f771cd31c95dc30de603249f8f59a1f8d3680da722ea0763b4d76684d,12.707919474996743,158,supported_jax_separate_collection
cscl,system_size,ewald,jax,4096,1,4096,3.395368999008497,294518.79907368426,nan,nan,10,3,jax_wall_block_until_ready,warmup_excluded,True,,,1e-06,,5,arithmetic_mean,energy_autograd,energy_forces_charge_gradients,True,True,False,0.028619011864066124,32.95199966430664,0.0,16,16,8,orthorhombic,0.13553969042686184,27.42312733003854,1.0075809656348818,4960,2.0,2,"{""compute_capability"":""9.0"",""driver"":""unavailable"",""memory_bytes"":99996401664,""name"":""NVIDIA H100 NVL""}","{""cuda"":""13.0"",""git_head"":""unavailable"",""jax"":""0.10.1"",""jaxlib"":""0.10.1"",""nvalchemi_toolkit_ops"":""0.5.0"",""python"":""3.12.3"",""source_sha256"":""4dfd278da46af31f54f8b7671e891073f8b10f8fa2cb28e7cf92bfeddd543638"",""torch"":""2.14.0+cu130"",""warp"":""1.17.0""}","{""gpu_uuid"":""23074f79-c31a-f283-5a26-fe763902683e"",""host"":""a1u1g-mil-0678""}","{""JAX_DISABLE_JIT"":""<unset>"",""JAX_DISABLE_JIT_ACTUAL"":""False"",""JAX_ENABLE_X64"":""1"",""JAX_ENABLE_X64_ACTUAL"":""True"",""JAX_PLATFORMS"":""<unset>"",""TF_GPU_ALLOCATOR"":""<unset>"",""XLA_FLAGS"":""<unset>"",""XLA_PYTHON_CLIENT_ALLOCATOR"":""<unset>"",""XLA_PYTHON_CLIENT_MEM_FRACTION"":""0.95"",""XLA_PYTHON_CLIENT_PREALLOCATE"":""<unset>""}","{""artifacts"":{""nh3_pdb_1024"":{""bytes"":83199,""sha256"":""cb99e65c2024c8b1a80a7ea1f4ff5b23ef76a5d153a2caeb4a0e3077b5239135"",""state"":""file""},""nh3_pdb_128"":{""bytes"":10623,""sha256"":""4b48182856ba92449fa52b61bf2f95c6ce28937a3cb3da6aec4f131a1216c760"",""state"":""file""},""nh3_pdb_131072"":{""bytes"":10617087,""sha256"":""d454eb5e6e9fe717e1c12c22e3fc749189deae022de05b0f6f83f9f4501bbb52"",""state"":""file""},""nh3_pdb_16384"":{""bytes"":1327359,""sha256"":""07f5683974f6bdad6798104cf7de5ddb670704f71b7e28715d957805124196b8"",""state"":""file""},""nh3_pdb_2048"":{""bytes"":166143,""sha256"":""7171f9c4d6bf3c819f96ddd11877441961f43096057863d0607070d97c5e5a16"",""state"":""file""},""nh3_pdb_256"":{""bytes"":20991,""sha256"":""870d35ef9d654b395f8eefcd897e002ff41b1327475879ff5b955080ecb91ee0"",""state"":""file""},""nh3_pdb_32768"":{""bytes"":2654463,""sha256"":""a193ff7fc7793ae1c9121af48f694b9cff6974a63e67029053ab9312f86cb9cc"",""state"":""file""},""nh3_pdb_4096"":{""bytes"":332031,""sha256"":""e6d9ba2e0f95a04ebbeb61682dcf615982860aaa336140fee7ba55698f68175c"",""state"":""file""},""nh3_pdb_512"":{""bytes"":41727,""sha256"":""76e8d0d71fd3d49a1d14bb1fcd0689b08241620df41c90a904be29c85a67934e"",""state"":""file""},""nh3_pdb_65536"":{""bytes"":5308671,""sha256"":""a80e717b9abb39221c121bf3137135662e1b3c727e705e8f01e651720acd6dcc"",""state"":""file""},""nh3_pdb_8192"":{""bytes"":663807,""sha256"":""b0664469d3a8e84f71fbd848f1f0ffaca2cee3f4fd2100ed10f398e7c19a27e6"",""state"":""file""}},""metadata"":{""benchmark"":""el""}}",28ea42c8-c3b9-4a9c-96dc-b96a346325d0,1.0018234627905716,"[0.013917348701215814,0.013892249600030483,0.013895414599392097,0.013914562598802149,0.01391758160025347]",,,,,not_measured,not_measured,,nan,nan,3438,2444,10010624,,,,,,,,,,,,,single_case,5779517f771cd31c95dc30de603249f8f59a1f8d3680da722ea0763b4d76684d,12.991408517002128,159,supported_jax_separate_collection
cscl,system_size,pme,jax,2048,1,2048,0.5484958300883137,1823167.9169538796,nan,nan,10,3,jax_wall_block_until_ready,warmup_excluded,True,,,0.0001,,5,arithmetic_mean,energy_autograd,energy_forces_charge_gradients,True,True,False,0.028619011864066124,32.95199966430664,0.0,16,8,8,orthorhombic,0.3372060287522547,9.0,,176,2.0,2,"{""compute_capability"":""9.0"",""driver"":""unavailable"",""memory_bytes"":99996401664,""name"":""NVIDIA H100 NVL""}","{""cuda"":""13.0"",""git_head"":""unavailable"",""jax"":""0.10.1"",""jaxlib"":""0.10.1"",""nvalchemi_toolkit_ops"":""0.5.0"",""python"":""3.12.3"",""source_sha256"":""4dfd278da46af31f54f8b7671e891073f8b10f8fa2cb28e7cf92bfeddd543638"",""torch"":""2.14.0+cu130"",""warp"":""1.17.0""}","{""gpu_uuid"":""23074f79-c31a-f283-5a26-fe763902683e"",""host"":""a1u1g-mil-0678""}","{""JAX_DISABLE_JIT"":""<unset>"",""JAX_DISABLE_JIT_ACTUAL"":""False"",""JAX_ENABLE_X64"":""1"",""JAX_ENABLE_X64_ACTUAL"":""True"",""JAX_PLATFORMS"":""<unset>"",""TF_GPU_ALLOCATOR"":""<unset>"",""XLA_FLAGS"":""<unset>"",""XLA_PYTHON_CLIENT_ALLOCATOR"":""<unset>"",""XLA_PYTHON_CLIENT_MEM_FRACTION"":""0.95"",""XLA_PYTHON_CLIENT_PREALLOCATE"":""<unset>""}","{""artifacts"":{""nh3_pdb_1024"":{""bytes"":83199,""sha256"":""cb99e65c2024c8b1a80a7ea1f4ff5b23ef76a5d153a2caeb4a0e3077b5239135"",""state"":""file""},""nh3_pdb_128"":{""bytes"":10623,""sha256"":""4b48182856ba92449fa52b61bf2f95c6ce28937a3cb3da6aec4f131a1216c760"",""state"":""file""},""nh3_pdb_131072"":{""bytes"":10617087,""sha256"":""d454eb5e6e9fe717e1c12c22e3fc749189deae022de05b0f6f83f9f4501bbb52"",""state"":""file""},""nh3_pdb_16384"":{""bytes"":1327359,""sha256"":""07f5683974f6bdad6798104cf7de5ddb670704f71b7e28715d957805124196b8"",""state"":""file""},""nh3_pdb_2048"":{""bytes"":166143,""sha256"":""7171f9c4d6bf3c819f96ddd11877441961f43096057863d0607070d97c5e5a16"",""state"":""file""},""nh3_pdb_256"":{""bytes"":20991,""sha256"":""870d35ef9d654b395f8eefcd897e002ff41b1327475879ff5b955080ecb91ee0"",""state"":""file""},""nh3_pdb_32768"":{""bytes"":2654463,""sha256"":""a193ff7fc7793ae1c9121af48f694b9cff6974a63e67029053ab9312f86cb9cc"",""state"":""file""},""nh3_pdb_4096"":{""bytes"":332031,""sha256"":""e6d9ba2e0f95a04ebbeb61682dcf615982860aaa336140fee7ba55698f68175c"",""state"":""file""},""nh3_pdb_512"":{""bytes"":41727,""sha256"":""76e8d0d71fd3d49a1d14bb1fcd0689b08241620df41c90a904be29c85a67934e"",""state"":""file""},""nh3_pdb_65536"":{""bytes"":5308671,""sha256"":""a80e717b9abb39221c121bf3137135662e1b3c727e705e8f01e651720acd6dcc"",""state"":""file""},""nh3_pdb_8192"":{""bytes"":663807,""sha256"":""b0664469d3a8e84f71fbd848f1f0ffaca2cee3f4fd2100ed10f398e7c19a27e6"",""state"":""file""}},""metadata"":{""benchmark"":""el""}}",28ea42c8-c3b9-4a9c-96dc-b96a346325d0,1.0112922639884137,"[0.0011301903999992647,0.0011208245006855578,0.0011283714004093782,0.0011175704989000224,0.0011196405001101084]",,,,,not_measured,not_measured,k_squared_only,nan,nan,,88,180224,,96,48,48,115200,5,d683319a05f855dbe61ec0c3369423e4649b7fcdb5456a9a5320aadbbd385143,"{""batch_idx"":""int32"",""cell"":""float64"",""charges"":""float64"",""pbc"":""bool"",""positions"":""float64""}",capped_upstream_estimate,bounded_power_two_then_four_fft_snap,0.25,9.0,single_case,5779517f771cd31c95dc30de603249f8f59a1f8d3680da722ea0763b4d76684d,38.14636179798981,8,supported_jax_separate_collection
cscl,system_size,pme,jax,2048,1,2048,1.4119819140034906,708224.3689401307,nan,nan,10,3,jax_wall_block_until_ready,warmup_excluded,True,,,1e-06,,5,arithmetic_mean,energy_autograd,energy_forces_charge_gradients,True,True,False,0.028619011864066124,32.95199966430664,0.0,16,8,8,orthorhombic,0.4129913543166487,9.0,,176,2.0,2,"{""compute_capability"":""9.0"",""driver"":""unavailable"",""memory_bytes"":99996401664,""name"":""NVIDIA H100 NVL""}","{""cuda"":""13.0"",""git_head"":""unavailable"",""jax"":""0.10.1"",""jaxlib"":""0.10.1"",""nvalchemi_toolkit_ops"":""0.5.0"",""python"":""3.12.3"",""source_sha256"":""4dfd278da46af31f54f8b7671e891073f8b10f8fa2cb28e7cf92bfeddd543638"",""torch"":""2.14.0+cu130"",""warp"":""1.17.0""}","{""gpu_uuid"":""23074f79-c31a-f283-5a26-fe763902683e"",""host"":""a1u1g-mil-0678""}","{""JAX_DISABLE_JIT"":""<unset>"",""JAX_DISABLE_JIT_ACTUAL"":""False"",""JAX_ENABLE_X64"":""1"",""JAX_ENABLE_X64_ACTUAL"":""True"",""JAX_PLATFORMS"":""<unset>"",""TF_GPU_ALLOCATOR"":""<unset>"",""XLA_FLAGS"":""<unset>"",""XLA_PYTHON_CLIENT_ALLOCATOR"":""<unset>"",""XLA_PYTHON_CLIENT_MEM_FRACTION"":""0.95"",""XLA_PYTHON_CLIENT_PREALLOCATE"":""<unset>""}","{""artifacts"":{""nh3_pdb_1024"":{""bytes"":83199,""sha256"":""cb99e65c2024c8b1a80a7ea1f4ff5b23ef76a5d153a2caeb4a0e3077b5239135"",""state"":""file""},""nh3_pdb_128"":{""bytes"":10623,""sha256"":""4b48182856ba92449fa52b61bf2f95c6ce28937a3cb3da6aec4f131a1216c760"",""state"":""file""},""nh3_pdb_131072"":{""bytes"":10617087,""sha256"":""d454eb5e6e9fe717e1c12c22e3fc749189deae022de05b0f6f83f9f4501bbb52"",""state"":""file""},""nh3_pdb_16384"":{""bytes"":1327359,""sha256"":""07f5683974f6bdad6798104cf7de5ddb670704f71b7e28715d957805124196b8"",""state"":""file""},""nh3_pdb_2048"":{""bytes"":166143,""sha256"":""7171f9c4d6bf3c819f96ddd11877441961f43096057863d0607070d97c5e5a16"",""state"":""file""},""nh3_pdb_256"":{""bytes"":20991,""sha256"":""870d35ef9d654b395f8eefcd897e002ff41b1327475879ff5b955080ecb91ee0"",""state"":""file""},""nh3_pdb_32768"":{""bytes"":2654463,""sha256"":""a193ff7fc7793ae1c9121af48f694b9cff6974a63e67029053ab9312f86cb9cc"",""state"":""file""},""nh3_pdb_4096"":{""bytes"":332031,""sha256"":""e6d9ba2e0f95a04ebbeb61682dcf615982860aaa336140fee7ba55698f68175c"",""state"":""file""},""nh3_pdb_512"":{""bytes"":41727,""sha256"":""76e8d0d71fd3d49a1d14bb1fcd0689b08241620df41c90a904be29c85a67934e"",""state"":""file""},""nh3_pdb_65536"":{""bytes"":5308671,""sha256"":""a80e717b9abb39221c121bf3137135662e1b3c727e705e8f01e651720acd6dcc"",""state"":""file""},""nh3_pdb_8192"":{""bytes"":663807,""sha256"":""b0664469d3a8e84f71fbd848f1f0ffaca2cee3f4fd2100ed10f398e7c19a27e6"",""state"":""file""}},""metadata"":{""benchmark"":""el""}}",28ea42c8-c3b9-4a9c-96dc-b96a346325d0,1.011954321020985,"[0.0028658256007474845,0.0028968614991754294,0.0028977805995964445,0.002898142499907408,0.002900084599968977]",,,,,not_measured,not_measured,k_squared_only,nan,nan,,88,180224,,288,144,144,3027456,5,d683319a05f855dbe61ec0c3369423e4649b7fcdb5456a9a5320aadbbd385143,"{""batch_idx"":""int32"",""cell"":""float64"",""charges"":""float64"",""pbc"":""bool"",""positions"":""float64""}",capped_upstream_estimate,bounded_power_two_then_four_fft_snap,0.25,9.0,single_case,5779517f771cd31c95dc30de603249f8f59a1f8d3680da722ea0763b4d76684d,38.8707035099942,9,supported_jax_separate_collection
cscl,system_size,ewald,jax,128,1,128,4.803312499461754,208189.66080430063,nan,nan,10,3,jax_wall_block_until_ready,warmup_excluded,True,,,1e-06,,5,arithmetic_mean,energy_autograd,energy_forces_charge_gradients,True,True,False,0.028619011864066124,16.47599983215332,0.0,4,4,4,cubic,0.24150427291685927,15.390709836961905,1.7953051814134426,880,2.0,2,"{""compute_capability"":""9.0"",""driver"":""unavailable"",""memory_bytes"":99996401664,""name"":""NVIDIA H100 NVL""}","{""cuda"":""13.0"",""git_head"":""unavailable"",""jax"":""0.10.1"",""jaxlib"":""0.10.1"",""nvalchemi_toolkit_ops"":""0.5.0"",""python"":""3.12.3"",""source_sha256"":""4dfd278da46af31f54f8b7671e891073f8b10f8fa2cb28e7cf92bfeddd543638"",""torch"":""2.14.0+cu130"",""warp"":""1.17.0""}","{""gpu_uuid"":""c0995d85-1dea-1b19-7e58-9baa33a5f384"",""host"":""a1u1g-mil-0576""}","{""JAX_DISABLE_JIT"":""<unset>"",""JAX_DISABLE_JIT_ACTUAL"":""False"",""JAX_ENABLE_X64"":""1"",""JAX_ENABLE_X64_ACTUAL"":""True"",""JAX_PLATFORMS"":""<unset>"",""TF_GPU_ALLOCATOR"":""<unset>"",""XLA_FLAGS"":""<unset>"",""XLA_PYTHON_CLIENT_ALLOCATOR"":""<unset>"",""XLA_PYTHON_CLIENT_MEM_FRACTION"":""0.95"",""XLA_PYTHON_CLIENT_PREALLOCATE"":""<unset>""}","{""artifacts"":{""nh3_pdb_1024"":{""bytes"":83199,""sha256"":""cb99e65c2024c8b1a80a7ea1f4ff5b23ef76a5d153a2caeb4a0e3077b5239135"",""state"":""file""},""nh3_pdb_128"":{""bytes"":10623,""sha256"":""4b48182856ba92449fa52b61bf2f95c6ce28937a3cb3da6aec4f131a1216c760"",""state"":""file""},""nh3_pdb_131072"":{""bytes"":10617087,""sha256"":""d454eb5e6e9fe717e1c12c22e3fc749189deae022de05b0f6f83f9f4501bbb52"",""state"":""file""},""nh3_pdb_16384"":{""bytes"":1327359,""sha256"":""07f5683974f6bdad6798104cf7de5ddb670704f71b7e28715d957805124196b8"",""state"":""file""},""nh3_pdb_2048"":{""bytes"":166143,""sha256"":""7171f9c4d6bf3c819f96ddd11877441961f43096057863d0607070d97c5e5a16"",""state"":""file""},""nh3_pdb_256"":{""bytes"":20991,""sha256"":""870d35ef9d654b395f8eefcd897e002ff41b1327475879ff5b955080ecb91ee0"",""state"":""file""},""nh3_pdb_32768"":{""bytes"":2654463,""sha256"":""a193ff7fc7793ae1c9121af48f694b9cff6974a63e67029053ab9312f86cb9cc"",""state"":""file""},""nh3_pdb_4096"":{""bytes"":332031,""sha256"":""e6d9ba2e0f95a04ebbeb61682dcf615982860aaa336140fee7ba55698f68175c"",""state"":""file""},""nh3_pdb_512"":{""bytes"":41727,""sha256"":""76e8d0d71fd3d49a1d14bb1fcd0689b08241620df41c90a904be29c85a67934e"",""state"":""file""},""nh3_pdb_65536"":{""bytes"":5308671,""sha256"":""a80e717b9abb39221c121bf3137135662e1b3c727e705e8f01e651720acd6dcc"",""state"":""file""},""nh3_pdb_8192"":{""bytes"":663807,""sha256"":""b0664469d3a8e84f71fbd848f1f0ffaca2cee3f4fd2100ed10f398e7c19a27e6"",""state"":""file""}},""metadata"":{""benchmark"":""el""}}",28ea42c8-c3b9-4a9c-96dc-b96a346325d0,1.0353298631348764,"[0.0006316240003798157,0.0006107121997047215,0.000610070300172083,0.0006115361989941448,0.0006101773004047572]",,,,,not_measured,not_measured,,nan,nan,665,410,52480,,,,,,,,,,,,,single_case,5779517f771cd31c95dc30de603249f8f59a1f8d3680da722ea0763b4d76684d,17.13762568999664,149,supported_jax_separate_collection
cscl,system_size,ewald,jax,2048,1,2048,1.3933568749990857,717691.2232199351,nan,nan,10,3,jax_wall_block_until_ready,warmup_excluded,True,,,0.0001,,5,arithmetic_mean,energy_autograd,energy_forces_charge_gradients,True,True,False,0.028619011864066124,32.95199966430664,0.0,16,8,8,orthorhombic,0.15213815854375362,19.948014934711427,0.9234342767559615,1904,2.0,2,"{""compute_capability"":""9.0"",""driver"":""unavailable"",""memory_bytes"":99996401664,""name"":""NVIDIA H100 NVL""}","{""cuda"":""13.0"",""git_head"":""unavailable"",""jax"":""0.10.1"",""jaxlib"":""0.10.1"",""nvalchemi_toolkit_ops"":""0.5.0"",""python"":""3.12.3"",""source_sha256"":""4dfd278da46af31f54f8b7671e891073f8b10f8fa2cb28e7cf92bfeddd543638"",""torch"":""2.14.0+cu130"",""warp"":""1.17.0""}","{""gpu_uuid"":""b86b304e-698a-30bd-d46b-23da3dc3658e"",""host"":""ipp2-1738""}","{""JAX_DISABLE_JIT"":""<unset>"",""JAX_DISABLE_JIT_ACTUAL"":""False"",""JAX_ENABLE_X64"":""1"",""JAX_ENABLE_X64_ACTUAL"":""True"",""JAX_PLATFORMS"":""<unset>"",""TF_GPU_ALLOCATOR"":""<unset>"",""XLA_FLAGS"":""<unset>"",""XLA_PYTHON_CLIENT_ALLOCATOR"":""<unset>"",""XLA_PYTHON_CLIENT_MEM_FRACTION"":""0.95"",""XLA_PYTHON_CLIENT_PREALLOCATE"":""<unset>""}","{""artifacts"":{""nh3_pdb_1024"":{""bytes"":83199,""sha256"":""cb99e65c2024c8b1a80a7ea1f4ff5b23ef76a5d153a2caeb4a0e3077b5239135"",""state"":""file""},""nh3_pdb_128"":{""bytes"":10623,""sha256"":""4b48182856ba92449fa52b61bf2f95c6ce28937a3cb3da6aec4f131a1216c760"",""state"":""file""},""nh3_pdb_131072"":{""bytes"":10617087,""sha256"":""d454eb5e6e9fe717e1c12c22e3fc749189deae022de05b0f6f83f9f4501bbb52"",""state"":""file""},""nh3_pdb_16384"":{""bytes"":1327359,""sha256"":""07f5683974f6bdad6798104cf7de5ddb670704f71b7e28715d957805124196b8"",""state"":""file""},""nh3_pdb_2048"":{""bytes"":166143,""sha256"":""7171f9c4d6bf3c819f96ddd11877441961f43096057863d0607070d97c5e5a16"",""state"":""file""},""nh3_pdb_256"":{""bytes"":20991,""sha256"":""870d35ef9d654b395f8eefcd897e002ff41b1327475879ff5b955080ecb91ee0"",""state"":""file""},""nh3_pdb_32768"":{""bytes"":2654463,""sha256"":""a193ff7fc7793ae1c9121af48f694b9cff6974a63e67029053ab9312f86cb9cc"",""state"":""file""},""nh3_pdb_4096"":{""bytes"":332031,""sha256"":""e6d9ba2e0f95a04ebbeb61682dcf615982860aaa336140fee7ba55698f68175c"",""state"":""file""},""nh3_pdb_512"":{""bytes"":41727,""sha256"":""76e8d0d71fd3d49a1d14bb1fcd0689b08241620df41c90a904be29c85a67934e"",""state"":""file""},""nh3_pdb_65536"":{""bytes"":5308671,""sha256"":""a80e717b9abb39221c121bf3137135662e1b3c727e705e8f01e651720acd6dcc"",""state"":""file""},""nh3_pdb_8192"":{""bytes"":663807,""sha256"":""b0664469d3a8e84f71fbd848f1f0ffaca2cee3f4fd2100ed10f398e7c19a27e6"",""state"":""file""}},""metadata"":{""benchmark"":""el""}}",28ea42c8-c3b9-4a9c-96dc-b96a346325d0,1.0081893524449217,"[0.002869442700102809,0.002848382699994545,0.0028492995999840785,0.002854714699969918,0.0028461346999392846]",,,,,not_measured,not_measured,,nan,nan,1270,940,1925120,,,,,,,,,,,,,single_case,5779517f771cd31c95dc30de603249f8f59a1f8d3680da722ea0763b4d76684d,12.529301360000318,156,supported_jax_separate_collection
cscl,system_size,ewald,jax,16384,1,16384,2.953243696288687,338610.7286901824,nan,nan,10,3,jax_wall_block_until_ready,warmup_excluded,True,,,0.0001,,5,arithmetic_mean,energy_autograd,energy_forces_charge_gradients,True,True,False,0.028619011864066124,65.90399932861328,0.0,32,16,16,orthorhombic,0.10757792358352229,28.210753263089945,0.6529666390742355,5392,2.0,2,"{""compute_capability"":""9.0"",""driver"":""unavailable"",""memory_bytes"":99996401664,""name"":""NVIDIA H100 NVL""}","{""cuda"":""13.0"",""git_head"":""unavailable"",""jax"":""0.10.1"",""jaxlib"":""0.10.1"",""nvalchemi_toolkit_ops"":""0.5.0"",""python"":""3.12.3"",""source_sha256"":""4dfd278da46af31f54f8b7671e891073f8b10f8fa2cb28e7cf92bfeddd543638"",""torch"":""2.14.0+cu130"",""warp"":""1.17.0""}","{""gpu_uuid"":""b86b304e-698a-30bd-d46b-23da3dc3658e"",""host"":""ipp2-1738""}","{""JAX_DISABLE_JIT"":""<unset>"",""JAX_DISABLE_JIT_ACTUAL"":""False"",""JAX_ENABLE_X64"":""1"",""JAX_ENABLE_X64_ACTUAL"":""True"",""JAX_PLATFORMS"":""<unset>"",""TF_GPU_ALLOCATOR"":""<unset>"",""XLA_FLAGS"":""<unset>"",""XLA_PYTHON_CLIENT_ALLOCATOR"":""<unset>"",""XLA_PYTHON_CLIENT_MEM_FRACTION"":""0.95"",""XLA_PYTHON_CLIENT_PREALLOCATE"":""<unset>""}","{""artifacts"":{""nh3_pdb_1024"":{""bytes"":83199,""sha256"":""cb99e65c2024c8b1a80a7ea1f4ff5b23ef76a5d153a2caeb4a0e3077b5239135"",""state"":""file""},""nh3_pdb_128"":{""bytes"":10623,""sha256"":""4b48182856ba92449fa52b61bf2f95c6ce28937a3cb3da6aec4f131a1216c760"",""state"":""file""},""nh3_pdb_131072"":{""bytes"":10617087,""sha256"":""d454eb5e6e9fe717e1c12c22e3fc749189deae022de05b0f6f83f9f4501bbb52"",""state"":""file""},""nh3_pdb_16384"":{""bytes"":1327359,""sha256"":""07f5683974f6bdad6798104cf7de5ddb670704f71b7e28715d957805124196b8"",""state"":""file""},""nh3_pdb_2048"":{""bytes"":166143,""sha256"":""7171f9c4d6bf3c819f96ddd11877441961f43096057863d0607070d97c5e5a16"",""state"":""file""},""nh3_pdb_256"":{""bytes"":20991,""sha256"":""870d35ef9d654b395f8eefcd897e002ff41b1327475879ff5b955080ecb91ee0"",""state"":""file""},""nh3_pdb_32768"":{""bytes"":2654463,""sha256"":""a193ff7fc7793ae1c9121af48f694b9cff6974a63e67029053ab9312f86cb9cc"",""state"":""file""},""nh3_pdb_4096"":{""bytes"":332031,""sha256"":""e6d9ba2e0f95a04ebbeb61682dcf615982860aaa336140fee7ba55698f68175c"",""state"":""file""},""nh3_pdb_512"":{""bytes"":41727,""sha256"":""76e8d0d71fd3d49a1d14bb1fcd0689b08241620df41c90a904be29c85a67934e"",""state"":""file""},""nh3_pdb_65536"":{""bytes"":5308671,""sha256"":""a80e717b9abb39221c121bf3137135662e1b3c727e705e8f01e651720acd6dcc"",""state"":""file""},""nh3_pdb_8192"":{""bytes"":663807,""sha256"":""b0664469d3a8e84f71fbd848f1f0ffaca2cee3f4fd2100ed10f398e7c19a27e6"",""state"":""file""}},""metadata"":{""benchmark"":""el""}}",28ea42c8-c3b9-4a9c-96dc-b96a346325d0,1.0016103340803668,"[0.048342887999933734,0.048357753100026456,0.048393164099979916,0.048415182200005805,0.048420736200023386]",,,,,not_measured,not_measured,,nan,nan,3262,2732,44761088,,,,,,,,,,,,,single_case,5779517f771cd31c95dc30de603249f8f59a1f8d3680da722ea0763b4d76684d,16.596312968000348,162,supported_jax_separate_collection
cscl,system_size,pme,jax,65536,1,65536,0.09686905334427286,10323214.333952429,nan,nan,10,3,jax_wall_block_until_ready,warmup_excluded,True,,,0.0001,,5,arithmetic_mean,energy_autograd,energy_forces_charge_gradients,True,True,False,0.028619011864066124,131.80799865722656,0.0,32,32,32,cubic,0.3372060287522547,9.0,,176,2.0,2,"{""compute_capability"":""9.0"",""driver"":""unavailable"",""memory_bytes"":99996401664,""name"":""NVIDIA H100 NVL""}","{""cuda"":""13.0"",""git_head"":""unavailable"",""jax"":""0.10.1"",""jaxlib"":""0.10.1"",""nvalchemi_toolkit_ops"":""0.5.0"",""python"":""3.12.3"",""source_sha256"":""4dfd278da46af31f54f8b7671e891073f8b10f8fa2cb28e7cf92bfeddd543638"",""torch"":""2.14.0+cu130"",""warp"":""1.17.0""}","{""gpu_uuid"":""b86b304e-698a-30bd-d46b-23da3dc3658e"",""host"":""ipp2-1738""}","{""JAX_DISABLE_JIT"":""<unset>"",""JAX_DISABLE_JIT_ACTUAL"":""False"",""JAX_ENABLE_X64"":""1"",""JAX_ENABLE_X64_ACTUAL"":""True"",""JAX_PLATFORMS"":""<unset>"",""TF_GPU_ALLOCATOR"":""<unset>"",""XLA_FLAGS"":""<unset>"",""XLA_PYTHON_CLIENT_ALLOCATOR"":""<unset>"",""XLA_PYTHON_CLIENT_MEM_FRACTION"":""0.95"",""XLA_PYTHON_CLIENT_PREALLOCATE"":""<unset>""}","{""artifacts"":{""nh3_pdb_1024"":{""bytes"":83199,""sha256"":""cb99e65c2024c8b1a80a7ea1f4ff5b23ef76a5d153a2caeb4a0e3077b5239135"",""state"":""file""},""nh3_pdb_128"":{""bytes"":10623,""sha256"":""4b48182856ba92449fa52b61bf2f95c6ce28937a3cb3da6aec4f131a1216c760"",""state"":""file""},""nh3_pdb_131072"":{""bytes"":10617087,""sha256"":""d454eb5e6e9fe717e1c12c22e3fc749189deae022de05b0f6f83f9f4501bbb52"",""state"":""file""},""nh3_pdb_16384"":{""bytes"":1327359,""sha256"":""07f5683974f6bdad6798104cf7de5ddb670704f71b7e28715d957805124196b8"",""state"":""file""},""nh3_pdb_2048"":{""bytes"":166143,""sha256"":""7171f9c4d6bf3c819f96ddd11877441961f43096057863d0607070d97c5e5a16"",""state"":""file""},""nh3_pdb_256"":{""bytes"":20991,""sha256"":""870d35ef9d654b395f8eefcd897e002ff41b1327475879ff5b955080ecb91ee0"",""state"":""file""},""nh3_pdb_32768"":{""bytes"":2654463,""sha256"":""a193ff7fc7793ae1c9121af48f694b9cff6974a63e67029053ab9312f86cb9cc"",""state"":""file""},""nh3_pdb_4096"":{""bytes"":332031,""sha256"":""e6d9ba2e0f95a04ebbeb61682dcf615982860aaa336140fee7ba55698f68175c"",""state"":""file""},""nh3_pdb_512"":{""bytes"":41727,""sha256"":""76e8d0d71fd3d49a1d14bb1fcd0689b08241620df41c90a904be29c85a67934e"",""state"":""file""},""nh3_pdb_65536"":{""bytes"":5308671,""sha256"":""a80e717b9abb39221c121bf3137135662e1b3c727e705e8f01e651720acd6dcc"",""state"":""file""},""nh3_pdb_8192"":{""bytes"":663807,""sha256"":""b0664469d3a8e84f71fbd848f1f0ffaca2cee3f4fd2100ed10f398e7c19a27e6"",""state"":""file""}},""metadata"":{""benchmark"":""el""}}",28ea42c8-c3b9-4a9c-96dc-b96a346325d0,1.0018944979137367,"[0.006345149199842126,0.006349331300043559,0.006348286300089967,0.006355651299963938,0.006343633299911744]",,,,,not_measured,not_measured,k_squared_only,nan,nan,,88,5767168,,192,192,192,3575808,5,413927a8cac41bd297ef58d2257c7ea6b9ceda5e52391af391849a4888bb3400,"{""batch_idx"":""int32"",""cell"":""float64"",""charges"":""float64"",""pbc"":""bool"",""positions"":""float64""}",capped_upstream_estimate,bounded_power_two_then_four_fft_snap,0.25,9.0,single_case,5779517f771cd31c95dc30de603249f8f59a1f8d3680da722ea0763b4d76684d,44.20100391999949,18,supported_jax_separate_collection
cscl,system_size,pme,jax,1024,1,1024,1.818653710898843,549857.289492327,nan,nan,10,3,jax_wall_block_until_ready,warmup_excluded,True,,,1e-06,,5,arithmetic_mean,energy_autograd,energy_forces_charge_gradients,True,True,False,0.028619011864066124,32.95199966430664,0.0,8,8,8,cubic,0.4129913543166487,9.0,,176,2.0,2,"{""compute_capability"":""9.0"",""driver"":""unavailable"",""memory_bytes"":99996401664,""name"":""NVIDIA H100 NVL""}","{""cuda"":""13.0"",""git_head"":""unavailable"",""jax"":""0.10.1"",""jaxlib"":""0.10.1"",""nvalchemi_toolkit_ops"":""0.5.0"",""python"":""3.12.3"",""source_sha256"":""4dfd278da46af31f54f8b7671e891073f8b10f8fa2cb28e7cf92bfeddd543638"",""torch"":""2.14.0+cu130"",""warp"":""1.17.0""}","{""gpu_uuid"":""b86b304e-698a-30bd-d46b-23da3dc3658e"",""host"":""ipp2-1738""}","{""JAX_DISABLE_JIT"":""<unset>"",""JAX_DISABLE_JIT_ACTUAL"":""False"",""JAX_ENABLE_X64"":""1"",""JAX_ENABLE_X64_ACTUAL"":""True"",""JAX_PLATFORMS"":""<unset>"",""TF_GPU_ALLOCATOR"":""<unset>"",""XLA_FLAGS"":""<unset>"",""XLA_PYTHON_CLIENT_ALLOCATOR"":""<unset>"",""XLA_PYTHON_CLIENT_MEM_FRACTION"":""0.95"",""XLA_PYTHON_CLIENT_PREALLOCATE"":""<unset>""}","{""artifacts"":{""nh3_pdb_1024"":{""bytes"":83199,""sha256"":""cb99e65c2024c8b1a80a7ea1f4ff5b23ef76a5d153a2caeb4a0e3077b5239135"",""state"":""file""},""nh3_pdb_128"":{""bytes"":10623,""sha256"":""4b48182856ba92449fa52b61bf2f95c6ce28937a3cb3da6aec4f131a1216c760"",""state"":""file""},""nh3_pdb_131072"":{""bytes"":10617087,""sha256"":""d454eb5e6e9fe717e1c12c22e3fc749189deae022de05b0f6f83f9f4501bbb52"",""state"":""file""},""nh3_pdb_16384"":{""bytes"":1327359,""sha256"":""07f5683974f6bdad6798104cf7de5ddb670704f71b7e28715d957805124196b8"",""state"":""file""},""nh3_pdb_2048"":{""bytes"":166143,""sha256"":""7171f9c4d6bf3c819f96ddd11877441961f43096057863d0607070d97c5e5a16"",""state"":""file""},""nh3_pdb_256"":{""bytes"":20991,""sha256"":""870d35ef9d654b395f8eefcd897e002ff41b1327475879ff5b955080ecb91ee0"",""state"":""file""},""nh3_pdb_32768"":{""bytes"":2654463,""sha256"":""a193ff7fc7793ae1c9121af48f694b9cff6974a63e67029053ab9312f86cb9cc"",""state"":""file""},""nh3_pdb_4096"":{""bytes"":332031,""sha256"":""e6d9ba2e0f95a04ebbeb61682dcf615982860aaa336140fee7ba55698f68175c"",""state"":""file""},""nh3_pdb_512"":{""bytes"":41727,""sha256"":""76e8d0d71fd3d49a1d14bb1fcd0689b08241620df41c90a904be29c85a67934e"",""state"":""file""},""nh3_pdb_65536"":{""bytes"":5308671,""sha256"":""a80e717b9abb39221c121bf3137135662e1b3c727e705e8f01e651720acd6dcc"",""state"":""file""},""nh3_pdb_8192"":{""bytes"":663807,""sha256"":""b0664469d3a8e84f71fbd848f1f0ffaca2cee3f4fd2100ed10f398e7c19a27e6"",""state"":""file""}},""metadata"":{""benchmark"":""el""}}",28ea42c8-c3b9-4a9c-96dc-b96a346325d0,1.0191600422080964,"[0.0018540584000220407,0.0018502703998819925,0.001848221399995964,0.0018753233998722862,0.0018836334000297938]",,,,,not_measured,not_measured,k_squared_only,nan,nan,,88,90112,,144,144,144,1513728,5,3f7122d895b23c720f56eca512e2610171df5f7792132c81475ba94fa4367fb7,"{""batch_idx"":""int32"",""cell"":""float64"",""charges"":""float64"",""pbc"":""bool"",""positions"":""float64""}",capped_upstream_estimate,bounded_power_two_then_four_fft_snap,0.25,9.0,single_case,5779517f771cd31c95dc30de603249f8f59a1f8d3680da722ea0763b4d76684d,39.45541511999909,7,supported_jax_separate_collection
cscl,system_size,pme,jax,16384,1,16384,0.13983594357114268,7151237.188822213,nan,nan,10,3,jax_wall_block_until_ready,warmup_excluded,True,,,0.0001,,5,arithmetic_mean,energy_autograd,energy_forces_charge_gradients,True,True,False,0.028619011864066124,65.90399932861328,0.0,32,16,16,orthorhombic,0.3372060287522547,9.0,,176,2.0,2,"{""compute_capability"":""9.0"",""driver"":""unavailable"",""memory_bytes"":99996401664,""name"":""NVIDIA H100 NVL""}","{""cuda"":""13.0"",""git_head"":""unavailable"",""jax"":""0.10.1"",""jaxlib"":""0.10.1"",""nvalchemi_toolkit_ops"":""0.5.0"",""python"":""3.12.3"",""source_sha256"":""4dfd278da46af31f54f8b7671e891073f8b10f8fa2cb28e7cf92bfeddd543638"",""torch"":""2.14.0+cu130"",""warp"":""1.17.0""}","{""gpu_uuid"":""23074f79-c31a-f283-5a26-fe763902683e"",""host"":""a1u1g-mil-0678""}","{""JAX_DISABLE_JIT"":""<unset>"",""JAX_DISABLE_JIT_ACTUAL"":""False"",""JAX_ENABLE_X64"":""1"",""JAX_ENABLE_X64_ACTUAL"":""True"",""JAX_PLATFORMS"":""<unset>"",""TF_GPU_ALLOCATOR"":""<unset>"",""XLA_FLAGS"":""<unset>"",""XLA_PYTHON_CLIENT_ALLOCATOR"":""<unset>"",""XLA_PYTHON_CLIENT_MEM_FRACTION"":""0.95"",""XLA_PYTHON_CLIENT_PREALLOCATE"":""<unset>""}","{""artifacts"":{""nh3_pdb_1024"":{""bytes"":83199,""sha256"":""cb99e65c2024c8b1a80a7ea1f4ff5b23ef76a5d153a2caeb4a0e3077b5239135"",""state"":""file""},""nh3_pdb_128"":{""bytes"":10623,""sha256"":""4b48182856ba92449fa52b61bf2f95c6ce28937a3cb3da6aec4f131a1216c760"",""state"":""file""},""nh3_pdb_131072"":{""bytes"":10617087,""sha256"":""d454eb5e6e9fe717e1c12c22e3fc749189deae022de05b0f6f83f9f4501bbb52"",""state"":""file""},""nh3_pdb_16384"":{""bytes"":1327359,""sha256"":""07f5683974f6bdad6798104cf7de5ddb670704f71b7e28715d957805124196b8"",""state"":""file""},""nh3_pdb_2048"":{""bytes"":166143,""sha256"":""7171f9c4d6bf3c819f96ddd11877441961f43096057863d0607070d97c5e5a16"",""state"":""file""},""nh3_pdb_256"":{""bytes"":20991,""sha256"":""870d35ef9d654b395f8eefcd897e002ff41b1327475879ff5b955080ecb91ee0"",""state"":""file""},""nh3_pdb_32768"":{""bytes"":2654463,""sha256"":""a193ff7fc7793ae1c9121af48f694b9cff6974a63e67029053ab9312f86cb9cc"",""state"":""file""},""nh3_pdb_4096"":{""bytes"":332031,""sha256"":""e6d9ba2e0f95a04ebbeb61682dcf615982860aaa336140fee7ba55698f68175c"",""state"":""file""},""nh3_pdb_512"":{""bytes"":41727,""sha256"":""76e8d0d71fd3d49a1d14bb1fcd0689b08241620df41c90a904be29c85a67934e"",""state"":""file""},""nh3_pdb_65536"":{""bytes"":5308671,""sha256"":""a80e717b9abb39221c121bf3137135662e1b3c727e705e8f01e651720acd6dcc"",""state"":""file""},""nh3_pdb_8192"":{""bytes"":663807,""sha256"":""b0664469d3a8e84f71fbd848f1f0ffaca2cee3f4fd2100ed10f398e7c19a27e6"",""state"":""file""}},""metadata"":{""benchmark"":""el""}}",28ea42c8-c3b9-4a9c-96dc-b96a346325d0,1.0248757859613626,"[0.002335159698850475,0.0022786186993471345,0.0022835486990516072,0.002279552699474152,0.002278480700624641]",,,,,not_measured,not_measured,k_squared_only,nan,nan,,88,1441792,,192,96,96,903168,5,a772b306414a22dec2ba76787c94a2c41683defaad5004ec0d0824357f912ef9,"{""batch_idx"":""int32"",""cell"":""float64"",""charges"":""float64"",""pbc"":""bool"",""positions"":""float64""}",capped_upstream_estimate,bounded_power_two_then_four_fft_snap,0.25,9.0,single_case,5779517f771cd31c95dc30de603249f8f59a1f8d3680da722ea0763b4d76684d,42.17211442500411,14,supported_jax_separate_collection
cscl,system_size,ewald,jax,2048,1,2048,2.9684873436508497,336871.90957335575,nan,nan,10,3,jax_wall_block_until_ready,warmup_excluded,True,,,1e-06,,5,arithmetic_mean,energy_autograd,energy_forces_charge_gradients,True,True,False,0.028619011864066124,32.95199966430664,0.0,16,8,8,orthorhombic,0.15213815854375362,24.431228985730645,1.1309713945240651,3504,2.0,2,"{""compute_capability"":""9.0"",""driver"":""unavailable"",""memory_bytes"":99996401664,""name"":""NVIDIA H100 NVL""}","{""cuda"":""13.0"",""git_head"":""unavailable"",""jax"":""0.10.1"",""jaxlib"":""0.10.1"",""nvalchemi_toolkit_ops"":""0.5.0"",""python"":""3.12.3"",""source_sha256"":""4dfd278da46af31f54f8b7671e891073f8b10f8fa2cb28e7cf92bfeddd543638"",""torch"":""2.14.0+cu130"",""warp"":""1.17.0""}","{""gpu_uuid"":""c0995d85-1dea-1b19-7e58-9baa33a5f384"",""host"":""a1u1g-mil-0576""}","{""JAX_DISABLE_JIT"":""<unset>"",""JAX_DISABLE_JIT_ACTUAL"":""False"",""JAX_ENABLE_X64"":""1"",""JAX_ENABLE_X64_ACTUAL"":""True"",""JAX_PLATFORMS"":""<unset>"",""TF_GPU_ALLOCATOR"":""<unset>"",""XLA_FLAGS"":""<unset>"",""XLA_PYTHON_CLIENT_ALLOCATOR"":""<unset>"",""XLA_PYTHON_CLIENT_MEM_FRACTION"":""0.95"",""XLA_PYTHON_CLIENT_PREALLOCATE"":""<unset>""}","{""artifacts"":{""nh3_pdb_1024"":{""bytes"":83199,""sha256"":""cb99e65c2024c8b1a80a7ea1f4ff5b23ef76a5d153a2caeb4a0e3077b5239135"",""state"":""file""},""nh3_pdb_128"":{""bytes"":10623,""sha256"":""4b48182856ba92449fa52b61bf2f95c6ce28937a3cb3da6aec4f131a1216c760"",""state"":""file""},""nh3_pdb_131072"":{""bytes"":10617087,""sha256"":""d454eb5e6e9fe717e1c12c22e3fc749189deae022de05b0f6f83f9f4501bbb52"",""state"":""file""},""nh3_pdb_16384"":{""bytes"":1327359,""sha256"":""07f5683974f6bdad6798104cf7de5ddb670704f71b7e28715d957805124196b8"",""state"":""file""},""nh3_pdb_2048"":{""bytes"":166143,""sha256"":""7171f9c4d6bf3c819f96ddd11877441961f43096057863d0607070d97c5e5a16"",""state"":""file""},""nh3_pdb_256"":{""bytes"":20991,""sha256"":""870d35ef9d654b395f8eefcd897e002ff41b1327475879ff5b955080ecb91ee0"",""state"":""file""},""nh3_pdb_32768"":{""bytes"":2654463,""sha256"":""a193ff7fc7793ae1c9121af48f694b9cff6974a63e67029053ab9312f86cb9cc"",""state"":""file""},""nh3_pdb_4096"":{""bytes"":332031,""sha256"":""e6d9ba2e0f95a04ebbeb61682dcf615982860aaa336140fee7ba55698f68175c"",""state"":""file""},""nh3_pdb_512"":{""bytes"":41727,""sha256"":""76e8d0d71fd3d49a1d14bb1fcd0689b08241620df41c90a904be29c85a67934e"",""state"":""file""},""nh3_pdb_65536"":{""bytes"":5308671,""sha256"":""a80e717b9abb39221c121bf3137135662e1b3c727e705e8f01e651720acd6dcc"",""state"":""file""},""nh3_pdb_8192"":{""bytes"":663807,""sha256"":""b0664469d3a8e84f71fbd848f1f0ffaca2cee3f4fd2100ed10f398e7c19a27e6"",""state"":""file""}},""metadata"":{""benchmark"":""el""}}",28ea42c8-c3b9-4a9c-96dc-b96a346325d0,1.0079975479780787,"[0.00611420749919489,0.0060694417014019566,0.00606569679803215,0.0060814547003246846,0.00606650970003102]",,,,,not_measured,not_measured,,nan,nan,2112,1806,3698688,,,,,,,,,,,,,single_case,5779517f771cd31c95dc30de603249f8f59a1f8d3680da722ea0763b4d76684d,12.66566948997206,157,supported_jax_separate_collection
cscl,system_size,pme,jax,512,1,512,2.741193122801633,364804.650822249,nan,nan,10,3,jax_wall_block_until_ready,warmup_excluded,True,,,1e-06,,5,arithmetic_mean,energy_autograd,energy_forces_charge_gradients,True,True,False,0.028619011864066124,16.47599983215332,0.0,8,8,4,orthorhombic,0.4129913543166487,9.0,,176,2.0,2,"{""compute_capability"":""9.0"",""driver"":""unavailable"",""memory_bytes"":99996401664,""name"":""NVIDIA H100 NVL""}","{""cuda"":""13.0"",""git_head"":""unavailable"",""jax"":""0.10.1"",""jaxlib"":""0.10.1"",""nvalchemi_toolkit_ops"":""0.5.0"",""python"":""3.12.3"",""source_sha256"":""4dfd278da46af31f54f8b7671e891073f8b10f8fa2cb28e7cf92bfeddd543638"",""torch"":""2.14.0+cu130"",""warp"":""1.17.0""}","{""gpu_uuid"":""c0995d85-1dea-1b19-7e58-9baa33a5f384"",""host"":""a1u1g-mil-0576""}","{""JAX_DISABLE_JIT"":""<unset>"",""JAX_DISABLE_JIT_ACTUAL"":""False"",""JAX_ENABLE_X64"":""1"",""JAX_ENABLE_X64_ACTUAL"":""True"",""JAX_PLATFORMS"":""<unset>"",""TF_GPU_ALLOCATOR"":""<unset>"",""XLA_FLAGS"":""<unset>"",""XLA_PYTHON_CLIENT_ALLOCATOR"":""<unset>"",""XLA_PYTHON_CLIENT_MEM_FRACTION"":""0.95"",""XLA_PYTHON_CLIENT_PREALLOCATE"":""<unset>""}","{""artifacts"":{""nh3_pdb_1024"":{""bytes"":83199,""sha256"":""cb99e65c2024c8b1a80a7ea1f4ff5b23ef76a5d153a2caeb4a0e3077b5239135"",""state"":""file""},""nh3_pdb_128"":{""bytes"":10623,""sha256"":""4b48182856ba92449fa52b61bf2f95c6ce28937a3cb3da6aec4f131a1216c760"",""state"":""file""},""nh3_pdb_131072"":{""bytes"":10617087,""sha256"":""d454eb5e6e9fe717e1c12c22e3fc749189deae022de05b0f6f83f9f4501bbb52"",""state"":""file""},""nh3_pdb_16384"":{""bytes"":1327359,""sha256"":""07f5683974f6bdad6798104cf7de5ddb670704f71b7e28715d957805124196b8"",""state"":""file""},""nh3_pdb_2048"":{""bytes"":166143,""sha256"":""7171f9c4d6bf3c819f96ddd11877441961f43096057863d0607070d97c5e5a16"",""state"":""file""},""nh3_pdb_256"":{""bytes"":20991,""sha256"":""870d35ef9d654b395f8eefcd897e002ff41b1327475879ff5b955080ecb91ee0"",""state"":""file""},""nh3_pdb_32768"":{""bytes"":2654463,""sha256"":""a193ff7fc7793ae1c9121af48f694b9cff6974a63e67029053ab9312f86cb9cc"",""state"":""file""},""nh3_pdb_4096"":{""bytes"":332031,""sha256"":""e6d9ba2e0f95a04ebbeb61682dcf615982860aaa336140fee7ba55698f68175c"",""state"":""file""},""nh3_pdb_512"":{""bytes"":41727,""sha256"":""76e8d0d71fd3d49a1d14bb1fcd0689b08241620df41c90a904be29c85a67934e"",""state"":""file""},""nh3_pdb_65536"":{""bytes"":5308671,""sha256"":""a80e717b9abb39221c121bf3137135662e1b3c727e705e8f01e651720acd6dcc"",""state"":""file""},""nh3_pdb_8192"":{""bytes"":663807,""sha256"":""b0664469d3a8e84f71fbd848f1f0ffaca2cee3f4fd2100ed10f398e7c19a27e6"",""state"":""file""}},""metadata"":{""benchmark"":""el""}}",28ea42c8-c3b9-4a9c-96dc-b96a346325d0,1.0040332637995786,"[0.0014074720005737618,0.0014023800991708412,0.0014025180978933349,0.0014032660983502865,0.0014018180983839557]",,,,,not_measured,not_measured,k_squared_only,nan,nan,,88,45056,,144,144,72,767232,5,9d203c87d9172597995c0dc25b9472159289baac46819ad2cabd8cf4abc6b724,"{""batch_idx"":""int32"",""cell"":""float64"",""charges"":""float64"",""pbc"":""bool"",""positions"":""float64""}",capped_upstream_estimate,bounded_power_two_then_four_fft_snap,0.25,9.0,single_case,5779517f771cd31c95dc30de603249f8f59a1f8d3680da722ea0763b4d76684d,41.42645767101203,5,supported_jax_separate_collection
cscl,system_size,pme,jax,128,1,128,6.996805313974619,142922.37029987306,nan,nan,10,3,jax_wall_block_until_ready,warmup_excluded,True,,,0.0001,,5,arithmetic_mean,energy_autograd,energy_forces_charge_gradients,True,True,False,0.028619011864066124,16.47599983215332,0.0,4,4,4,cubic,0.3372060287522547,9.0,,176,2.0,2,"{""compute_capability"":""9.0"",""driver"":""unavailable"",""memory_bytes"":99996401664,""name"":""NVIDIA H100 NVL""}","{""cuda"":""13.0"",""git_head"":""unavailable"",""jax"":""0.10.1"",""jaxlib"":""0.10.1"",""nvalchemi_toolkit_ops"":""0.5.0"",""python"":""3.12.3"",""source_sha256"":""4dfd278da46af31f54f8b7671e891073f8b10f8fa2cb28e7cf92bfeddd543638"",""torch"":""2.14.0+cu130"",""warp"":""1.17.0""}","{""gpu_uuid"":""557cda80-d2b2-7630-d3a3-99bf87d35067"",""host"":""ipp2-1716""}","{""JAX_DISABLE_JIT"":""<unset>"",""JAX_DISABLE_JIT_ACTUAL"":""False"",""JAX_ENABLE_X64"":""1"",""JAX_ENABLE_X64_ACTUAL"":""True"",""JAX_PLATFORMS"":""<unset>"",""TF_GPU_ALLOCATOR"":""<unset>"",""XLA_FLAGS"":""<unset>"",""XLA_PYTHON_CLIENT_ALLOCATOR"":""<unset>"",""XLA_PYTHON_CLIENT_MEM_FRACTION"":""0.95"",""XLA_PYTHON_CLIENT_PREALLOCATE"":""<unset>""}","{""artifacts"":{""nh3_pdb_1024"":{""bytes"":83199,""sha256"":""cb99e65c2024c8b1a80a7ea1f4ff5b23ef76a5d153a2caeb4a0e3077b5239135"",""state"":""file""},""nh3_pdb_128"":{""bytes"":10623,""sha256"":""4b48182856ba92449fa52b61bf2f95c6ce28937a3cb3da6aec4f131a1216c760"",""state"":""file""},""nh3_pdb_131072"":{""bytes"":10617087,""sha256"":""d454eb5e6e9fe717e1c12c22e3fc749189deae022de05b0f6f83f9f4501bbb52"",""state"":""file""},""nh3_pdb_16384"":{""bytes"":1327359,""sha256"":""07f5683974f6bdad6798104cf7de5ddb670704f71b7e28715d957805124196b8"",""state"":""file""},""nh3_pdb_2048"":{""bytes"":166143,""sha256"":""7171f9c4d6bf3c819f96ddd11877441961f43096057863d0607070d97c5e5a16"",""state"":""file""},""nh3_pdb_256"":{""bytes"":20991,""sha256"":""870d35ef9d654b395f8eefcd897e002ff41b1327475879ff5b955080ecb91ee0"",""state"":""file""},""nh3_pdb_32768"":{""bytes"":2654463,""sha256"":""a193ff7fc7793ae1c9121af48f694b9cff6974a63e67029053ab9312f86cb9cc"",""state"":""file""},""nh3_pdb_4096"":{""bytes"":332031,""sha256"":""e6d9ba2e0f95a04ebbeb61682dcf615982860aaa336140fee7ba55698f68175c"",""state"":""file""},""nh3_pdb_512"":{""bytes"":41727,""sha256"":""76e8d0d71fd3d49a1d14bb1fcd0689b08241620df41c90a904be29c85a67934e"",""state"":""file""},""nh3_pdb_65536"":{""bytes"":5308671,""sha256"":""a80e717b9abb39221c121bf3137135662e1b3c727e705e8f01e651720acd6dcc"",""state"":""file""},""nh3_pdb_8192"":{""bytes"":663807,""sha256"":""b0664469d3a8e84f71fbd848f1f0ffaca2cee3f4fd2100ed10f398e7c19a27e6"",""state"":""file""}},""metadata"":{""benchmark"":""el""}}",28ea42c8-c3b9-4a9c-96dc-b96a346325d0,1.0511614903703597,"[0.0009272819006582722,0.0008828288991935551,0.0008939408988226205,0.0008917539002140984,0.0008821498020552098]",,,,,not_measured,not_measured,k_squared_only,nan,nan,,88,11264,,24,24,24,7488,5,291fa112cd68dd8a6772cd0a3ad2bbdcf95758853c952bafded5912aadc571d0,"{""batch_idx"":""int32"",""cell"":""float64"",""charges"":""float64"",""pbc"":""bool"",""positions"":""float64""}",capped_upstream_estimate,bounded_power_two_then_four_fft_snap,0.25,9.0,single_case,5779517f771cd31c95dc30de603249f8f59a1f8d3680da722ea0763b4d76684d,41.09531884099124,0,supported_jax_separate_collection
cscl,system_size,ewald,jax,1024,1,1024,2.504694766116699,399250.245390343,nan,nan,10,3,jax_wall_block_until_ready,warmup_excluded,True,,,1e-06,,5,arithmetic_mean,energy_autograd,energy_forces_charge_gradients,True,True,False,0.028619011864066124,32.95199966430664,0.0,8,8,8,cubic,0.17076930906503784,21.765750585980534,1.2694724680767902,2480,2.0,2,"{""compute_capability"":""9.0"",""driver"":""unavailable"",""memory_bytes"":99996401664,""name"":""NVIDIA H100 NVL""}","{""cuda"":""13.0"",""git_head"":""unavailable"",""jax"":""0.10.1"",""jaxlib"":""0.10.1"",""nvalchemi_toolkit_ops"":""0.5.0"",""python"":""3.12.3"",""source_sha256"":""4dfd278da46af31f54f8b7671e891073f8b10f8fa2cb28e7cf92bfeddd543638"",""torch"":""2.14.0+cu130"",""warp"":""1.17.0""}","{""gpu_uuid"":""557cda80-d2b2-7630-d3a3-99bf87d35067"",""host"":""ipp2-1716""}","{""JAX_DISABLE_JIT"":""<unset>"",""JAX_DISABLE_JIT_ACTUAL"":""False"",""JAX_ENABLE_X64"":""1"",""JAX_ENABLE_X64_ACTUAL"":""True"",""JAX_PLATFORMS"":""<unset>"",""TF_GPU_ALLOCATOR"":""<unset>"",""XLA_FLAGS"":""<unset>"",""XLA_PYTHON_CLIENT_ALLOCATOR"":""<unset>"",""XLA_PYTHON_CLIENT_MEM_FRACTION"":""0.95"",""XLA_PYTHON_CLIENT_PREALLOCATE"":""<unset>""}","{""artifacts"":{""nh3_pdb_1024"":{""bytes"":83199,""sha256"":""cb99e65c2024c8b1a80a7ea1f4ff5b23ef76a5d153a2caeb4a0e3077b5239135"",""state"":""file""},""nh3_pdb_128"":{""bytes"":10623,""sha256"":""4b48182856ba92449fa52b61bf2f95c6ce28937a3cb3da6aec4f131a1216c760"",""state"":""file""},""nh3_pdb_131072"":{""bytes"":10617087,""sha256"":""d454eb5e6e9fe717e1c12c22e3fc749189deae022de05b0f6f83f9f4501bbb52"",""state"":""file""},""nh3_pdb_16384"":{""bytes"":1327359,""sha256"":""07f5683974f6bdad6798104cf7de5ddb670704f71b7e28715d957805124196b8"",""state"":""file""},""nh3_pdb_2048"":{""bytes"":166143,""sha256"":""7171f9c4d6bf3c819f96ddd11877441961f43096057863d0607070d97c5e5a16"",""state"":""file""},""nh3_pdb_256"":{""bytes"":20991,""sha256"":""870d35ef9d654b395f8eefcd897e002ff41b1327475879ff5b955080ecb91ee0"",""state"":""file""},""nh3_pdb_32768"":{""bytes"":2654463,""sha256"":""a193ff7fc7793ae1c9121af48f694b9cff6974a63e67029053ab9312f86cb9cc"",""state"":""file""},""nh3_pdb_4096"":{""bytes"":332031,""sha256"":""e6d9ba2e0f95a04ebbeb61682dcf615982860aaa336140fee7ba55698f68175c"",""state"":""file""},""nh3_pdb_512"":{""bytes"":41727,""sha256"":""76e8d0d71fd3d49a1d14bb1fcd0689b08241620df41c90a904be29c85a67934e"",""state"":""file""},""nh3_pdb_65536"":{""bytes"":5308671,""sha256"":""a80e717b9abb39221c121bf3137135662e1b3c727e705e8f01e651720acd6dcc"",""state"":""file""},""nh3_pdb_8192"":{""bytes"":663807,""sha256"":""b0664469d3a8e84f71fbd848f1f0ffaca2cee3f4fd2100ed10f398e7c19a27e6"",""state"":""file""}},""metadata"":{""benchmark"":""el""}}",28ea42c8-c3b9-4a9c-96dc-b96a346325d0,1.0040473198698332,"[0.0025602127017918972,0.002567363600246608,0.002570574701530859,0.0025625645997934044,0.002563321599154733]",,,,,not_measured,not_measured,,nan,nan,1687,1242,1271808,,,,,,,,,,,,,single_case,5779517f771cd31c95dc30de603249f8f59a1f8d3680da722ea0763b4d76684d,12.172236808983143,155,supported_jax_separate_collection
cscl,system_size,ewald,jax,8192,1,8192,4.4504118824306715,224698.30353181428,nan,nan,10,3,jax_wall_block_until_ready,warmup_excluded,True,,,1e-06,,5,arithmetic_mean,energy_autograd,energy_forces_charge_gradients,True,True,False,0.028619011864066124,65.90399932861328,0.0,16,16,16,cubic,0.12075213645842964,30.78141967392381,0.8976525907067213,7008,2.0,2,"{""compute_capability"":""9.0"",""driver"":""unavailable"",""memory_bytes"":99996401664,""name"":""NVIDIA H100 NVL""}","{""cuda"":""13.0"",""git_head"":""unavailable"",""jax"":""0.10.1"",""jaxlib"":""0.10.1"",""nvalchemi_toolkit_ops"":""0.5.0"",""python"":""3.12.3"",""source_sha256"":""4dfd278da46af31f54f8b7671e891073f8b10f8fa2cb28e7cf92bfeddd543638"",""torch"":""2.14.0+cu130"",""warp"":""1.17.0""}","{""gpu_uuid"":""557cda80-d2b2-7630-d3a3-99bf87d35067"",""host"":""ipp2-1716""}","{""JAX_DISABLE_JIT"":""<unset>"",""JAX_DISABLE_JIT_ACTUAL"":""False"",""JAX_ENABLE_X64"":""1"",""JAX_ENABLE_X64_ACTUAL"":""True"",""JAX_PLATFORMS"":""<unset>"",""TF_GPU_ALLOCATOR"":""<unset>"",""XLA_FLAGS"":""<unset>"",""XLA_PYTHON_CLIENT_ALLOCATOR"":""<unset>"",""XLA_PYTHON_CLIENT_MEM_FRACTION"":""0.95"",""XLA_PYTHON_CLIENT_PREALLOCATE"":""<unset>""}","{""artifacts"":{""nh3_pdb_1024"":{""bytes"":83199,""sha256"":""cb99e65c2024c8b1a80a7ea1f4ff5b23ef76a5d153a2caeb4a0e3077b5239135"",""state"":""file""},""nh3_pdb_128"":{""bytes"":10623,""sha256"":""4b48182856ba92449fa52b61bf2f95c6ce28937a3cb3da6aec4f131a1216c760"",""state"":""file""},""nh3_pdb_131072"":{""bytes"":10617087,""sha256"":""d454eb5e6e9fe717e1c12c22e3fc749189deae022de05b0f6f83f9f4501bbb52"",""state"":""file""},""nh3_pdb_16384"":{""bytes"":1327359,""sha256"":""07f5683974f6bdad6798104cf7de5ddb670704f71b7e28715d957805124196b8"",""state"":""file""},""nh3_pdb_2048"":{""bytes"":166143,""sha256"":""7171f9c4d6bf3c819f96ddd11877441961f43096057863d0607070d97c5e5a16"",""state"":""file""},""nh3_pdb_256"":{""bytes"":20991,""sha256"":""870d35ef9d654b395f8eefcd897e002ff41b1327475879ff5b955080ecb91ee0"",""state"":""file""},""nh3_pdb_32768"":{""bytes"":2654463,""sha256"":""a193ff7fc7793ae1c9121af48f694b9cff6974a63e67029053ab9312f86cb9cc"",""state"":""file""},""nh3_pdb_4096"":{""bytes"":332031,""sha256"":""e6d9ba2e0f95a04ebbeb61682dcf615982860aaa336140fee7ba55698f68175c"",""state"":""file""},""nh3_pdb_512"":{""bytes"":41727,""sha256"":""76e8d0d71fd3d49a1d14bb1fcd0689b08241620df41c90a904be29c85a67934e"",""state"":""file""},""nh3_pdb_65536"":{""bytes"":5308671,""sha256"":""a80e717b9abb39221c121bf3137135662e1b3c727e705e8f01e651720acd6dcc"",""state"":""file""},""nh3_pdb_8192"":{""bytes"":663807,""sha256"":""b0664469d3a8e84f71fbd848f1f0ffaca2cee3f4fd2100ed10f398e7c19a27e6"",""state"":""file""}},""metadata"":{""benchmark"":""el""}}",28ea42c8-c3b9-4a9c-96dc-b96a346325d0,1.002454014505559,"[0.03651701050112024,0.0364396154996939,0.03645271360001061,0.03642761660157703,0.036451914501958525]",,,,,not_measured,not_measured,,nan,nan,4630,3478,28491776,,,,,,,,,,,,,single_case,5779517f771cd31c95dc30de603249f8f59a1f8d3680da722ea0763b4d76684d,14.798569713981124,161,supported_jax_separate_collection
cscl,system_size,pme,jax,128,1,128,10.173308282901415,98296.4412550763,nan,nan,10,3,jax_wall_block_until_ready,warmup_excluded,True,,,1e-06,,5,arithmetic_mean,energy_autograd,energy_forces_charge_gradients,True,True,False,0.028619011864066124,16.47599983215332,0.0,4,4,4,cubic,0.4129913543166487,9.0,,176,2.0,2,"{""compute_capability"":""9.0"",""driver"":""unavailable"",""memory_bytes"":99996401664,""name"":""NVIDIA H100 NVL""}","{""cuda"":""13.0"",""git_head"":""unavailable"",""jax"":""0.10.1"",""jaxlib"":""0.10.1"",""nvalchemi_toolkit_ops"":""0.5.0"",""python"":""3.12.3"",""source_sha256"":""4dfd278da46af31f54f8b7671e891073f8b10f8fa2cb28e7cf92bfeddd543638"",""torch"":""2.14.0+cu130"",""warp"":""1.17.0""}","{""gpu_uuid"":""c0995d85-1dea-1b19-7e58-9baa33a5f384"",""host"":""a1u1g-mil-0576""}","{""JAX_DISABLE_JIT"":""<unset>"",""JAX_DISABLE_JIT_ACTUAL"":""False"",""JAX_ENABLE_X64"":""1"",""JAX_ENABLE_X64_ACTUAL"":""True"",""JAX_PLATFORMS"":""<unset>"",""TF_GPU_ALLOCATOR"":""<unset>"",""XLA_FLAGS"":""<unset>"",""XLA_PYTHON_CLIENT_ALLOCATOR"":""<unset>"",""XLA_PYTHON_CLIENT_MEM_FRACTION"":""0.95"",""XLA_PYTHON_CLIENT_PREALLOCATE"":""<unset>""}","{""artifacts"":{""nh3_pdb_1024"":{""bytes"":83199,""sha256"":""cb99e65c2024c8b1a80a7ea1f4ff5b23ef76a5d153a2caeb4a0e3077b5239135"",""state"":""file""},""nh3_pdb_128"":{""bytes"":10623,""sha256"":""4b48182856ba92449fa52b61bf2f95c6ce28937a3cb3da6aec4f131a1216c760"",""state"":""file""},""nh3_pdb_131072"":{""bytes"":10617087,""sha256"":""d454eb5e6e9fe717e1c12c22e3fc749189deae022de05b0f6f83f9f4501bbb52"",""state"":""file""},""nh3_pdb_16384"":{""bytes"":1327359,""sha256"":""07f5683974f6bdad6798104cf7de5ddb670704f71b7e28715d957805124196b8"",""state"":""file""},""nh3_pdb_2048"":{""bytes"":166143,""sha256"":""7171f9c4d6bf3c819f96ddd11877441961f43096057863d0607070d97c5e5a16"",""state"":""file""},""nh3_pdb_256"":{""bytes"":20991,""sha256"":""870d35ef9d654b395f8eefcd897e002ff41b1327475879ff5b955080ecb91ee0"",""state"":""file""},""nh3_pdb_32768"":{""bytes"":2654463,""sha256"":""a193ff7fc7793ae1c9121af48f694b9cff6974a63e67029053ab9312f86cb9cc"",""state"":""file""},""nh3_pdb_4096"":{""bytes"":332031,""sha256"":""e6d9ba2e0f95a04ebbeb61682dcf615982860aaa336140fee7ba55698f68175c"",""state"":""file""},""nh3_pdb_512"":{""bytes"":41727,""sha256"":""76e8d0d71fd3d49a1d14bb1fcd0689b08241620df41c90a904be29c85a67934e"",""state"":""file""},""nh3_pdb_65536"":{""bytes"":5308671,""sha256"":""a80e717b9abb39221c121bf3137135662e1b3c727e705e8f01e651720acd6dcc"",""state"":""file""},""nh3_pdb_8192"":{""bytes"":663807,""sha256"":""b0664469d3a8e84f71fbd848f1f0ffaca2cee3f4fd2100ed10f398e7c19a27e6"",""state"":""file""}},""metadata"":{""benchmark"":""el""}}",28ea42c8-c3b9-4a9c-96dc-b96a346325d0,1.054346180671174,"[0.0013505795010132714,0.0012999008991755544,0.0012939089006977155,0.001285564000136219,0.001280964000034146]",,,,,not_measured,not_measured,k_squared_only,nan,nan,,88,11264,,72,72,72,191808,5,291fa112cd68dd8a6772cd0a3ad2bbdcf95758853c952bafded5912aadc571d0,"{""batch_idx"":""int32"",""cell"":""float64"",""charges"":""float64"",""pbc"":""bool"",""positions"":""float64""}",capped_upstream_estimate,bounded_power_two_then_four_fft_snap,0.25,9.0,single_case,5779517f771cd31c95dc30de603249f8f59a1f8d3680da722ea0763b4d76684d,42.43849873999716,1,supported_jax_separate_collection
cscl,system_size,pme,jax,8192,1,8192,1.0726625683332713,932259.6215451275,nan,nan,10,3,jax_wall_block_until_ready,warmup_excluded,True,,,1e-06,,5,arithmetic_mean,energy_autograd,energy_forces_charge_gradients,True,True,False,0.028619011864066124,65.90399932861328,0.0,16,16,16,cubic,0.4129913543166487,9.0,,176,2.0,2,"{""compute_capability"":""9.0"",""driver"":""unavailable"",""memory_bytes"":99996401664,""name"":""NVIDIA H100 NVL""}","{""cuda"":""13.0"",""git_head"":""unavailable"",""jax"":""0.10.1"",""jaxlib"":""0.10.1"",""nvalchemi_toolkit_ops"":""0.5.0"",""python"":""3.12.3"",""source_sha256"":""4dfd278da46af31f54f8b7671e891073f8b10f8fa2cb28e7cf92bfeddd543638"",""torch"":""2.14.0+cu130"",""warp"":""1.17.0""}","{""gpu_uuid"":""c0995d85-1dea-1b19-7e58-9baa33a5f384"",""host"":""a1u1g-mil-0576""}","{""JAX_DISABLE_JIT"":""<unset>"",""JAX_DISABLE_JIT_ACTUAL"":""False"",""JAX_ENABLE_X64"":""1"",""JAX_ENABLE_X64_ACTUAL"":""True"",""JAX_PLATFORMS"":""<unset>"",""TF_GPU_ALLOCATOR"":""<unset>"",""XLA_FLAGS"":""<unset>"",""XLA_PYTHON_CLIENT_ALLOCATOR"":""<unset>"",""XLA_PYTHON_CLIENT_MEM_FRACTION"":""0.95"",""XLA_PYTHON_CLIENT_PREALLOCATE"":""<unset>""}","{""artifacts"":{""nh3_pdb_1024"":{""bytes"":83199,""sha256"":""cb99e65c2024c8b1a80a7ea1f4ff5b23ef76a5d153a2caeb4a0e3077b5239135"",""state"":""file""},""nh3_pdb_128"":{""bytes"":10623,""sha256"":""4b48182856ba92449fa52b61bf2f95c6ce28937a3cb3da6aec4f131a1216c760"",""state"":""file""},""nh3_pdb_131072"":{""bytes"":10617087,""sha256"":""d454eb5e6e9fe717e1c12c22e3fc749189deae022de05b0f6f83f9f4501bbb52"",""state"":""file""},""nh3_pdb_16384"":{""bytes"":1327359,""sha256"":""07f5683974f6bdad6798104cf7de5ddb670704f71b7e28715d957805124196b8"",""state"":""file""},""nh3_pdb_2048"":{""bytes"":166143,""sha256"":""7171f9c4d6bf3c819f96ddd11877441961f43096057863d0607070d97c5e5a16"",""state"":""file""},""nh3_pdb_256"":{""bytes"":20991,""sha256"":""870d35ef9d654b395f8eefcd897e002ff41b1327475879ff5b955080ecb91ee0"",""state"":""file""},""nh3_pdb_32768"":{""bytes"":2654463,""sha256"":""a193ff7fc7793ae1c9121af48f694b9cff6974a63e67029053ab9312f86cb9cc"",""state"":""file""},""nh3_pdb_4096"":{""bytes"":332031,""sha256"":""e6d9ba2e0f95a04ebbeb61682dcf615982860aaa336140fee7ba55698f68175c"",""state"":""file""},""nh3_pdb_512"":{""bytes"":41727,""sha256"":""76e8d0d71fd3d49a1d14bb1fcd0689b08241620df41c90a904be29c85a67934e"",""state"":""file""},""nh3_pdb_65536"":{""bytes"":5308671,""sha256"":""a80e717b9abb39221c121bf3137135662e1b3c727e705e8f01e651720acd6dcc"",""state"":""file""},""nh3_pdb_8192"":{""bytes"":663807,""sha256"":""b0664469d3a8e84f71fbd848f1f0ffaca2cee3f4fd2100ed10f398e7c19a27e6"",""state"":""file""}},""metadata"":{""benchmark"":""el""}}",28ea42c8-c3b9-4a9c-96dc-b96a346325d0,1.0069486654606838,"[0.008756861599977128,0.008817710101720878,0.008808523198240437,0.008779078398947603,0.008774085500044748]",,,,,not_measured,not_measured,k_squared_only,nan,nan,,88,720896,,288,288,288,12026880,5,809b9b232ad1d0230a9c43bf73becb46f2247c509de6dabe0ff45b2669ec61bd,"{""batch_idx"":""int32"",""cell"":""float64"",""charges"":""float64"",""pbc"":""bool"",""positions"":""float64""}",capped_upstream_estimate,bounded_power_two_then_four_fft_snap,0.25,9.0,single_case,5779517f771cd31c95dc30de603249f8f59a1f8d3680da722ea0763b4d76684d,44.51052974301274,13,supported_jax_separate_collection
cscl,system_size,pme,jax,512,1,512,1.879501795656324,532055.8896570774,nan,nan,10,3,jax_wall_block_until_ready,warmup_excluded,True,,,0.0001,,5,arithmetic_mean,energy_autograd,energy_forces_charge_gradients,True,True,False,0.028619011864066124,16.47599983215332,0.0,8,8,4,orthorhombic,0.3372060287522547,9.0,,176,2.0,2,"{""compute_capability"":""9.0"",""driver"":""unavailable"",""memory_bytes"":99996401664,""name"":""NVIDIA H100 NVL""}","{""cuda"":""13.0"",""git_head"":""unavailable"",""jax"":""0.10.1"",""jaxlib"":""0.10.1"",""nvalchemi_toolkit_ops"":""0.5.0"",""python"":""3.12.3"",""source_sha256"":""4dfd278da46af31f54f8b7671e891073f8b10f8fa2cb28e7cf92bfeddd543638"",""torch"":""2.14.0+cu130"",""warp"":""1.17.0""}","{""gpu_uuid"":""557cda80-d2b2-7630-d3a3-99bf87d35067"",""host"":""ipp2-1716""}","{""JAX_DISABLE_JIT"":""<unset>"",""JAX_DISABLE_JIT_ACTUAL"":""False"",""JAX_ENABLE_X64"":""1"",""JAX_ENABLE_X64_ACTUAL"":""True"",""JAX_PLATFORMS"":""<unset>"",""TF_GPU_ALLOCATOR"":""<unset>"",""XLA_FLAGS"":""<unset>"",""XLA_PYTHON_CLIENT_ALLOCATOR"":""<unset>"",""XLA_PYTHON_CLIENT_MEM_FRACTION"":""0.95"",""XLA_PYTHON_CLIENT_PREALLOCATE"":""<unset>""}","{""artifacts"":{""nh3_pdb_1024"":{""bytes"":83199,""sha256"":""cb99e65c2024c8b1a80a7ea1f4ff5b23ef76a5d153a2caeb4a0e3077b5239135"",""state"":""file""},""nh3_pdb_128"":{""bytes"":10623,""sha256"":""4b48182856ba92449fa52b61bf2f95c6ce28937a3cb3da6aec4f131a1216c760"",""state"":""file""},""nh3_pdb_131072"":{""bytes"":10617087,""sha256"":""d454eb5e6e9fe717e1c12c22e3fc749189deae022de05b0f6f83f9f4501bbb52"",""state"":""file""},""nh3_pdb_16384"":{""bytes"":1327359,""sha256"":""07f5683974f6bdad6798104cf7de5ddb670704f71b7e28715d957805124196b8"",""state"":""file""},""nh3_pdb_2048"":{""bytes"":166143,""sha256"":""7171f9c4d6bf3c819f96ddd11877441961f43096057863d0607070d97c5e5a16"",""state"":""file""},""nh3_pdb_256"":{""bytes"":20991,""sha256"":""870d35ef9d654b395f8eefcd897e002ff41b1327475879ff5b955080ecb91ee0"",""state"":""file""},""nh3_pdb_32768"":{""bytes"":2654463,""sha256"":""a193ff7fc7793ae1c9121af48f694b9cff6974a63e67029053ab9312f86cb9cc"",""state"":""file""},""nh3_pdb_4096"":{""bytes"":332031,""sha256"":""e6d9ba2e0f95a04ebbeb61682dcf615982860aaa336140fee7ba55698f68175c"",""state"":""file""},""nh3_pdb_512"":{""bytes"":41727,""sha256"":""76e8d0d71fd3d49a1d14bb1fcd0689b08241620df41c90a904be29c85a67934e"",""state"":""file""},""nh3_pdb_65536"":{""bytes"":5308671,""sha256"":""a80e717b9abb39221c121bf3137135662e1b3c727e705e8f01e651720acd6dcc"",""state"":""file""},""nh3_pdb_8192"":{""bytes"":663807,""sha256"":""b0664469d3a8e84f71fbd848f1f0ffaca2cee3f4fd2100ed10f398e7c19a27e6"",""state"":""file""}},""metadata"":{""benchmark"":""el""}}",28ea42c8-c3b9-4a9c-96dc-b96a346325d0,1.043507696787181,"[0.0009921883000060916,0.000952842299011536,0.0009527454007184133,0.000962928298395127,0.0009508202987490222]",,,,,not_measured,not_measured,k_squared_only,nan,nan,,88,45056,,48,48,24,29952,5,9d203c87d9172597995c0dc25b9472159289baac46819ad2cabd8cf4abc6b724,"{""batch_idx"":""int32"",""cell"":""float64"",""charges"":""float64"",""pbc"":""bool"",""positions"":""float64""}",capped_upstream_estimate,bounded_power_two_then_four_fft_snap,0.25,9.0,single_case,5779517f771cd31c95dc30de603249f8f59a1f8d3680da722ea0763b4d76684d,39.25084037499619,4,supported_jax_separate_collection
cscl,system_size,pme,jax,16384,1,16384,1.04994913451506,952427.0911103422,nan,nan,10,3,jax_wall_block_until_ready,warmup_excluded,True,,,1e-06,,5,arithmetic_mean,energy_autograd,energy_forces_charge_gradients,True,True,False,0.028619011864066124,65.90399932861328,0.0,32,16,16,orthorhombic,0.4129913543166487,9.0,,176,2.0,2,"{""compute_capability"":""9.0"",""driver"":""unavailable"",""memory_bytes"":99996401664,""name"":""NVIDIA H100 NVL""}","{""cuda"":""13.0"",""git_head"":""unavailable"",""jax"":""0.10.1"",""jaxlib"":""0.10.1"",""nvalchemi_toolkit_ops"":""0.5.0"",""python"":""3.12.3"",""source_sha256"":""4dfd278da46af31f54f8b7671e891073f8b10f8fa2cb28e7cf92bfeddd543638"",""torch"":""2.14.0+cu130"",""warp"":""1.17.0""}","{""gpu_uuid"":""b86b304e-698a-30bd-d46b-23da3dc3658e"",""host"":""ipp2-1738""}","{""JAX_DISABLE_JIT"":""<unset>"",""JAX_DISABLE_JIT_ACTUAL"":""False"",""JAX_ENABLE_X64"":""1"",""JAX_ENABLE_X64_ACTUAL"":""True"",""JAX_PLATFORMS"":""<unset>"",""TF_GPU_ALLOCATOR"":""<unset>"",""XLA_FLAGS"":""<unset>"",""XLA_PYTHON_CLIENT_ALLOCATOR"":""<unset>"",""XLA_PYTHON_CLIENT_MEM_FRACTION"":""0.95"",""XLA_PYTHON_CLIENT_PREALLOCATE"":""<unset>""}","{""artifacts"":{""nh3_pdb_1024"":{""bytes"":83199,""sha256"":""cb99e65c2024c8b1a80a7ea1f4ff5b23ef76a5d153a2caeb4a0e3077b5239135"",""state"":""file""},""nh3_pdb_128"":{""bytes"":10623,""sha256"":""4b48182856ba92449fa52b61bf2f95c6ce28937a3cb3da6aec4f131a1216c760"",""state"":""file""},""nh3_pdb_131072"":{""bytes"":10617087,""sha256"":""d454eb5e6e9fe717e1c12c22e3fc749189deae022de05b0f6f83f9f4501bbb52"",""state"":""file""},""nh3_pdb_16384"":{""bytes"":1327359,""sha256"":""07f5683974f6bdad6798104cf7de5ddb670704f71b7e28715d957805124196b8"",""state"":""file""},""nh3_pdb_2048"":{""bytes"":166143,""sha256"":""7171f9c4d6bf3c819f96ddd11877441961f43096057863d0607070d97c5e5a16"",""state"":""file""},""nh3_pdb_256"":{""bytes"":20991,""sha256"":""870d35ef9d654b395f8eefcd897e002ff41b1327475879ff5b955080ecb91ee0"",""state"":""file""},""nh3_pdb_32768"":{""bytes"":2654463,""sha256"":""a193ff7fc7793ae1c9121af48f694b9cff6974a63e67029053ab9312f86cb9cc"",""state"":""file""},""nh3_pdb_4096"":{""bytes"":332031,""sha256"":""e6d9ba2e0f95a04ebbeb61682dcf615982860aaa336140fee7ba55698f68175c"",""state"":""file""},""nh3_pdb_512"":{""bytes"":41727,""sha256"":""76e8d0d71fd3d49a1d14bb1fcd0689b08241620df41c90a904be29c85a67934e"",""state"":""file""},""nh3_pdb_65536"":{""bytes"":5308671,""sha256"":""a80e717b9abb39221c121bf3137135662e1b3c727e705e8f01e651720acd6dcc"",""state"":""file""},""nh3_pdb_8192"":{""bytes"":663807,""sha256"":""b0664469d3a8e84f71fbd848f1f0ffaca2cee3f4fd2100ed10f398e7c19a27e6"",""state"":""file""}},""metadata"":{""benchmark"":""el""}}",28ea42c8-c3b9-4a9c-96dc-b96a346325d0,1.012696226682904,"[0.017133303099763,0.0171656181999424,0.017168492199925823,0.01719358820009802,0.01735083139974449]",,,,,not_measured,not_measured,k_squared_only,nan,nan,,88,1441792,,576,288,288,24053760,5,a772b306414a22dec2ba76787c94a2c41683defaad5004ec0d0824357f912ef9,"{""batch_idx"":""int32"",""cell"":""float64"",""charges"":""float64"",""pbc"":""bool"",""positions"":""float64""}",capped_upstream_estimate,bounded_power_two_then_four_fft_snap,0.25,9.0,single_case,5779517f771cd31c95dc30de603249f8f59a1f8d3680da722ea0763b4d76684d,42.810067997997976,15,supported_jax_separate_collection
cscl,system_size,pme,jax,65536,1,65536,1.1116419137569002,899570.2551556412,nan,nan,10,3,jax_wall_block_until_ready,warmup_excluded,True,,,1e-06,,5,arithmetic_mean,energy_autograd,energy_forces_charge_gradients,True,True,False,0.028619011864066124,131.80799865722656,0.0,32,32,32,cubic,0.4129913543166487,9.0,,176,2.0,2,"{""compute_capability"":""9.0"",""driver"":""unavailable"",""memory_bytes"":99996401664,""name"":""NVIDIA H100 NVL""}","{""cuda"":""13.0"",""git_head"":""unavailable"",""jax"":""0.10.1"",""jaxlib"":""0.10.1"",""nvalchemi_toolkit_ops"":""0.5.0"",""python"":""3.12.3"",""source_sha256"":""4dfd278da46af31f54f8b7671e891073f8b10f8fa2cb28e7cf92bfeddd543638"",""torch"":""2.14.0+cu130"",""warp"":""1.17.0""}","{""gpu_uuid"":""b86b304e-698a-30bd-d46b-23da3dc3658e"",""host"":""ipp2-1738""}","{""JAX_DISABLE_JIT"":""<unset>"",""JAX_DISABLE_JIT_ACTUAL"":""False"",""JAX_ENABLE_X64"":""1"",""JAX_ENABLE_X64_ACTUAL"":""True"",""JAX_PLATFORMS"":""<unset>"",""TF_GPU_ALLOCATOR"":""<unset>"",""XLA_FLAGS"":""<unset>"",""XLA_PYTHON_CLIENT_ALLOCATOR"":""<unset>"",""XLA_PYTHON_CLIENT_MEM_FRACTION"":""0.95"",""XLA_PYTHON_CLIENT_PREALLOCATE"":""<unset>""}","{""artifacts"":{""nh3_pdb_1024"":{""bytes"":83199,""sha256"":""cb99e65c2024c8b1a80a7ea1f4ff5b23ef76a5d153a2caeb4a0e3077b5239135"",""state"":""file""},""nh3_pdb_128"":{""bytes"":10623,""sha256"":""4b48182856ba92449fa52b61bf2f95c6ce28937a3cb3da6aec4f131a1216c760"",""state"":""file""},""nh3_pdb_131072"":{""bytes"":10617087,""sha256"":""d454eb5e6e9fe717e1c12c22e3fc749189deae022de05b0f6f83f9f4501bbb52"",""state"":""file""},""nh3_pdb_16384"":{""bytes"":1327359,""sha256"":""07f5683974f6bdad6798104cf7de5ddb670704f71b7e28715d957805124196b8"",""state"":""file""},""nh3_pdb_2048"":{""bytes"":166143,""sha256"":""7171f9c4d6bf3c819f96ddd11877441961f43096057863d0607070d97c5e5a16"",""state"":""file""},""nh3_pdb_256"":{""bytes"":20991,""sha256"":""870d35ef9d654b395f8eefcd897e002ff41b1327475879ff5b955080ecb91ee0"",""state"":""file""},""nh3_pdb_32768"":{""bytes"":2654463,""sha256"":""a193ff7fc7793ae1c9121af48f694b9cff6974a63e67029053ab9312f86cb9cc"",""state"":""file""},""nh3_pdb_4096"":{""bytes"":332031,""sha256"":""e6d9ba2e0f95a04ebbeb61682dcf615982860aaa336140fee7ba55698f68175c"",""state"":""file""},""nh3_pdb_512"":{""bytes"":41727,""sha256"":""76e8d0d71fd3d49a1d14bb1fcd0689b08241620df41c90a904be29c85a67934e"",""state"":""file""},""nh3_pdb_65536"":{""bytes"":5308671,""sha256"":""a80e717b9abb39221c121bf3137135662e1b3c727e705e8f01e651720acd6dcc"",""state"":""file""},""nh3_pdb_8192"":{""bytes"":663807,""sha256"":""b0664469d3a8e84f71fbd848f1f0ffaca2cee3f4fd2100ed10f398e7c19a27e6"",""state"":""file""}},""metadata"":{""benchmark"":""el""}}",28ea42c8-c3b9-4a9c-96dc-b96a346325d0,1.0298322977096714,"[0.07131819079986598,0.0734413461999793,0.07314018880024378,0.0729173201998492,0.07344577629992273]",,,,,not_measured,not_measured,k_squared_only,nan,nan,,88,5767168,,576,576,576,95883264,5,413927a8cac41bd297ef58d2257c7ea6b9ceda5e52391af391849a4888bb3400,"{""batch_idx"":""int32"",""cell"":""float64"",""charges"":""float64"",""pbc"":""bool"",""positions"":""float64""}",capped_upstream_estimate,bounded_power_two_then_four_fft_snap,0.25,9.0,single_case,5779517f771cd31c95dc30de603249f8f59a1f8d3680da722ea0763b4d76684d,46.55891986900315,19,supported_jax_separate_collection
cscl,system_size,pme,jax,256,1,256,4.683282265887101,213525.45997151878,nan,nan,10,3,jax_wall_block_until_ready,warmup_excluded,True,,,1e-06,,5,arithmetic_mean,energy_autograd,energy_forces_charge_gradients,True,True,False,0.028619011864066124,16.47599983215332,0.0,8,4,4,orthorhombic,0.4129913543166487,9.0,,176,2.0,2,"{""compute_capability"":""9.0"",""driver"":""unavailable"",""memory_bytes"":99996401664,""name"":""NVIDIA H100 NVL""}","{""cuda"":""13.0"",""git_head"":""unavailable"",""jax"":""0.10.1"",""jaxlib"":""0.10.1"",""nvalchemi_toolkit_ops"":""0.5.0"",""python"":""3.12.3"",""source_sha256"":""4dfd278da46af31f54f8b7671e891073f8b10f8fa2cb28e7cf92bfeddd543638"",""torch"":""2.14.0+cu130"",""warp"":""1.17.0""}","{""gpu_uuid"":""b86b304e-698a-30bd-d46b-23da3dc3658e"",""host"":""ipp2-1738""}","{""JAX_DISABLE_JIT"":""<unset>"",""JAX_DISABLE_JIT_ACTUAL"":""False"",""JAX_ENABLE_X64"":""1"",""JAX_ENABLE_X64_ACTUAL"":""True"",""JAX_PLATFORMS"":""<unset>"",""TF_GPU_ALLOCATOR"":""<unset>"",""XLA_FLAGS"":""<unset>"",""XLA_PYTHON_CLIENT_ALLOCATOR"":""<unset>"",""XLA_PYTHON_CLIENT_MEM_FRACTION"":""0.95"",""XLA_PYTHON_CLIENT_PREALLOCATE"":""<unset>""}","{""artifacts"":{""nh3_pdb_1024"":{""bytes"":83199,""sha256"":""cb99e65c2024c8b1a80a7ea1f4ff5b23ef76a5d153a2caeb4a0e3077b5239135"",""state"":""file""},""nh3_pdb_128"":{""bytes"":10623,""sha256"":""4b48182856ba92449fa52b61bf2f95c6ce28937a3cb3da6aec4f131a1216c760"",""state"":""file""},""nh3_pdb_131072"":{""bytes"":10617087,""sha256"":""d454eb5e6e9fe717e1c12c22e3fc749189deae022de05b0f6f83f9f4501bbb52"",""state"":""file""},""nh3_pdb_16384"":{""bytes"":1327359,""sha256"":""07f5683974f6bdad6798104cf7de5ddb670704f71b7e28715d957805124196b8"",""state"":""file""},""nh3_pdb_2048"":{""bytes"":166143,""sha256"":""7171f9c4d6bf3c819f96ddd11877441961f43096057863d0607070d97c5e5a16"",""state"":""file""},""nh3_pdb_256"":{""bytes"":20991,""sha256"":""870d35ef9d654b395f8eefcd897e002ff41b1327475879ff5b955080ecb91ee0"",""state"":""file""},""nh3_pdb_32768"":{""bytes"":2654463,""sha256"":""a193ff7fc7793ae1c9121af48f694b9cff6974a63e67029053ab9312f86cb9cc"",""state"":""file""},""nh3_pdb_4096"":{""bytes"":332031,""sha256"":""e6d9ba2e0f95a04ebbeb61682dcf615982860aaa336140fee7ba55698f68175c"",""state"":""file""},""nh3_pdb_512"":{""bytes"":41727,""sha256"":""76e8d0d71fd3d49a1d14bb1fcd0689b08241620df41c90a904be29c85a67934e"",""state"":""file""},""nh3_pdb_65536"":{""bytes"":5308671,""sha256"":""a80e717b9abb39221c121bf3137135662e1b3c727e705e8f01e651720acd6dcc"",""state"":""file""},""nh3_pdb_8192"":{""bytes"":663807,""sha256"":""b0664469d3a8e84f71fbd848f1f0ffaca2cee3f4fd2100ed10f398e7c19a27e6"",""state"":""file""}},""metadata"":{""benchmark"":""el""}}",28ea42c8-c3b9-4a9c-96dc-b96a346325d0,1.007091273357934,"[0.0012000506001641042,0.0011932976998650703,0.0012017597000522073,0.0011987936002697097,0.0012006996999843977]",,,,,not_measured,not_measured,k_squared_only,nan,nan,,88,22528,,144,72,72,383616,5,ba98f130c5fd5878a7e0b41aa1357a681b99a044260c237af422a501661a9f80,"{""batch_idx"":""int32"",""cell"":""float64"",""charges"":""float64"",""pbc"":""bool"",""positions"":""float64""}",capped_upstream_estimate,bounded_power_two_then_four_fft_snap,0.25,9.0,single_case,5779517f771cd31c95dc30de603249f8f59a1f8d3680da722ea0763b4d76684d,38.65435307900043,3,supported_jax_separate_collection
cscl,system_size,ewald,jax,128,1,128,3.300176094853669,303014.1335668151,nan,nan,10,3,jax_wall_block_until_ready,warmup_excluded,True,,,0.0001,,5,arithmetic_mean,energy_autograd,energy_forces_charge_gradients,True,True,False,0.028619011864066124,16.47599983215332,0.0,4,4,4,cubic,0.24150427291685927,12.566461959930114,1.4658605423459068,480,2.0,2,"{""compute_capability"":""9.0"",""driver"":""unavailable"",""memory_bytes"":99996401664,""name"":""NVIDIA H100 NVL""}","{""cuda"":""13.0"",""git_head"":""unavailable"",""jax"":""0.10.1"",""jaxlib"":""0.10.1"",""nvalchemi_toolkit_ops"":""0.5.0"",""python"":""3.12.3"",""source_sha256"":""4dfd278da46af31f54f8b7671e891073f8b10f8fa2cb28e7cf92bfeddd543638"",""torch"":""2.14.0+cu130"",""warp"":""1.17.0""}","{""gpu_uuid"":""23074f79-c31a-f283-5a26-fe763902683e"",""host"":""a1u1g-mil-0678""}","{""JAX_DISABLE_JIT"":""<unset>"",""JAX_DISABLE_JIT_ACTUAL"":""False"",""JAX_ENABLE_X64"":""1"",""JAX_ENABLE_X64_ACTUAL"":""True"",""JAX_PLATFORMS"":""<unset>"",""TF_GPU_ALLOCATOR"":""<unset>"",""XLA_FLAGS"":""<unset>"",""XLA_PYTHON_CLIENT_ALLOCATOR"":""<unset>"",""XLA_PYTHON_CLIENT_MEM_FRACTION"":""0.95"",""XLA_PYTHON_CLIENT_PREALLOCATE"":""<unset>""}","{""artifacts"":{""nh3_pdb_1024"":{""bytes"":83199,""sha256"":""cb99e65c2024c8b1a80a7ea1f4ff5b23ef76a5d153a2caeb4a0e3077b5239135"",""state"":""file""},""nh3_pdb_128"":{""bytes"":10623,""sha256"":""4b48182856ba92449fa52b61bf2f95c6ce28937a3cb3da6aec4f131a1216c760"",""state"":""file""},""nh3_pdb_131072"":{""bytes"":10617087,""sha256"":""d454eb5e6e9fe717e1c12c22e3fc749189deae022de05b0f6f83f9f4501bbb52"",""state"":""file""},""nh3_pdb_16384"":{""bytes"":1327359,""sha256"":""07f5683974f6bdad6798104cf7de5ddb670704f71b7e28715d957805124196b8"",""state"":""file""},""nh3_pdb_2048"":{""bytes"":166143,""sha256"":""7171f9c4d6bf3c819f96ddd11877441961f43096057863d0607070d97c5e5a16"",""state"":""file""},""nh3_pdb_256"":{""bytes"":20991,""sha256"":""870d35ef9d654b395f8eefcd897e002ff41b1327475879ff5b955080ecb91ee0"",""state"":""file""},""nh3_pdb_32768"":{""bytes"":2654463,""sha256"":""a193ff7fc7793ae1c9121af48f694b9cff6974a63e67029053ab9312f86cb9cc"",""state"":""file""},""nh3_pdb_4096"":{""bytes"":332031,""sha256"":""e6d9ba2e0f95a04ebbeb61682dcf615982860aaa336140fee7ba55698f68175c"",""state"":""file""},""nh3_pdb_512"":{""bytes"":41727,""sha256"":""76e8d0d71fd3d49a1d14bb1fcd0689b08241620df41c90a904be29c85a67934e"",""state"":""file""},""nh3_pdb_65536"":{""bytes"":5308671,""sha256"":""a80e717b9abb39221c121bf3137135662e1b3c727e705e8f01e651720acd6dcc"",""state"":""file""},""nh3_pdb_8192"":{""bytes"":663807,""sha256"":""b0664469d3a8e84f71fbd848f1f0ffaca2cee3f4fd2100ed10f398e7c19a27e6"",""state"":""file""}},""metadata"":{""benchmark"":""el""}}",28ea42c8-c3b9-4a9c-96dc-b96a346325d0,1.0898984135618957,"[0.0004511082996032201,0.00041389940015506,0.00041552530019544064,0.0004157534000114538,0.00041582630074117334]",,,,,not_measured,not_measured,,nan,nan,364,258,33024,,,,,,,,,,,,,single_case,5779517f771cd31c95dc30de603249f8f59a1f8d3680da722ea0763b4d76684d,12.672341211000457,148,supported_jax_separate_collection
cscl,system_size,ewald,jax,256,1,256,4.173624608938553,239599.890670168,nan,nan,10,3,jax_wall_block_until_ready,warmup_excluded,True,,,1e-06,,5,arithmetic_mean,energy_autograd,energy_forces_charge_gradients,True,True,False,0.028619011864066124,16.47599983215332,0.0,8,4,4,orthorhombic,0.21515584716704458,17.275487688531474,1.5994350847919456,1248,2.0,2,"{""compute_capability"":""9.0"",""driver"":""unavailable"",""memory_bytes"":99996401664,""name"":""NVIDIA H100 NVL""}","{""cuda"":""13.0"",""git_head"":""unavailable"",""jax"":""0.10.1"",""jaxlib"":""0.10.1"",""nvalchemi_toolkit_ops"":""0.5.0"",""python"":""3.12.3"",""source_sha256"":""4dfd278da46af31f54f8b7671e891073f8b10f8fa2cb28e7cf92bfeddd543638"",""torch"":""2.14.0+cu130"",""warp"":""1.17.0""}","{""gpu_uuid"":""23074f79-c31a-f283-5a26-fe763902683e"",""host"":""a1u1g-mil-0678""}","{""JAX_DISABLE_JIT"":""<unset>"",""JAX_DISABLE_JIT_ACTUAL"":""False"",""JAX_ENABLE_X64"":""1"",""JAX_ENABLE_X64_ACTUAL"":""True"",""JAX_PLATFORMS"":""<unset>"",""TF_GPU_ALLOCATOR"":""<unset>"",""XLA_FLAGS"":""<unset>"",""XLA_PYTHON_CLIENT_ALLOCATOR"":""<unset>"",""XLA_PYTHON_CLIENT_MEM_FRACTION"":""0.95"",""XLA_PYTHON_CLIENT_PREALLOCATE"":""<unset>""}","{""artifacts"":{""nh3_pdb_1024"":{""bytes"":83199,""sha256"":""cb99e65c2024c8b1a80a7ea1f4ff5b23ef76a5d153a2caeb4a0e3077b5239135"",""state"":""file""},""nh3_pdb_128"":{""bytes"":10623,""sha256"":""4b48182856ba92449fa52b61bf2f95c6ce28937a3cb3da6aec4f131a1216c760"",""state"":""file""},""nh3_pdb_131072"":{""bytes"":10617087,""sha256"":""d454eb5e6e9fe717e1c12c22e3fc749189deae022de05b0f6f83f9f4501bbb52"",""state"":""file""},""nh3_pdb_16384"":{""bytes"":1327359,""sha256"":""07f5683974f6bdad6798104cf7de5ddb670704f71b7e28715d957805124196b8"",""state"":""file""},""nh3_pdb_2048"":{""bytes"":166143,""sha256"":""7171f9c4d6bf3c819f96ddd11877441961f43096057863d0607070d97c5e5a16"",""state"":""file""},""nh3_pdb_256"":{""bytes"":20991,""sha256"":""870d35ef9d654b395f8eefcd897e002ff41b1327475879ff5b955080ecb91ee0"",""state"":""file""},""nh3_pdb_32768"":{""bytes"":2654463,""sha256"":""a193ff7fc7793ae1c9121af48f694b9cff6974a63e67029053ab9312f86cb9cc"",""state"":""file""},""nh3_pdb_4096"":{""bytes"":332031,""sha256"":""e6d9ba2e0f95a04ebbeb61682dcf615982860aaa336140fee7ba55698f68175c"",""state"":""file""},""nh3_pdb_512"":{""bytes"":41727,""sha256"":""76e8d0d71fd3d49a1d14bb1fcd0689b08241620df41c90a904be29c85a67934e"",""state"":""file""},""nh3_pdb_65536"":{""bytes"":5308671,""sha256"":""a80e717b9abb39221c121bf3137135662e1b3c727e705e8f01e651720acd6dcc"",""state"":""file""},""nh3_pdb_8192"":{""bytes"":663807,""sha256"":""b0664469d3a8e84f71fbd848f1f0ffaca2cee3f4fd2100ed10f398e7c19a27e6"",""state"":""file""}},""metadata"":{""benchmark"":""el""}}",28ea42c8-c3b9-4a9c-96dc-b96a346325d0,1.0119140512996914,"[0.0010772242996608839,0.0010645413000020198,0.0010668832997907884,0.0010651332995621487,0.001068457300425507]",,,,,not_measured,not_measured,,nan,nan,1149,608,155648,,,,,,,,,,,,,single_case,5779517f771cd31c95dc30de603249f8f59a1f8d3680da722ea0763b4d76684d,11.33562931000779,151,supported_jax_separate_collection
cscl,system_size,ewald,jax,8192,1,8192,2.0741340723162693,482128.9102508497,nan,nan,10,3,jax_wall_block_until_ready,warmup_excluded,True,,,0.0001,,5,arithmetic_mean,energy_autograd,energy_forces_charge_gradients,True,True,False,0.028619011864066124,65.90399932861328,0.0,16,16,16,cubic,0.12075213645842964,25.13292391986023,0.7329302711729534,3808,2.0,2,"{""compute_capability"":""9.0"",""driver"":""unavailable"",""memory_bytes"":99996401664,""name"":""NVIDIA H100 NVL""}","{""cuda"":""13.0"",""git_head"":""unavailable"",""jax"":""0.10.1"",""jaxlib"":""0.10.1"",""nvalchemi_toolkit_ops"":""0.5.0"",""python"":""3.12.3"",""source_sha256"":""4dfd278da46af31f54f8b7671e891073f8b10f8fa2cb28e7cf92bfeddd543638"",""torch"":""2.14.0+cu130"",""warp"":""1.17.0""}","{""gpu_uuid"":""557cda80-d2b2-7630-d3a3-99bf87d35067"",""host"":""ipp2-1716""}","{""JAX_DISABLE_JIT"":""<unset>"",""JAX_DISABLE_JIT_ACTUAL"":""False"",""JAX_ENABLE_X64"":""1"",""JAX_ENABLE_X64_ACTUAL"":""True"",""JAX_PLATFORMS"":""<unset>"",""TF_GPU_ALLOCATOR"":""<unset>"",""XLA_FLAGS"":""<unset>"",""XLA_PYTHON_CLIENT_ALLOCATOR"":""<unset>"",""XLA_PYTHON_CLIENT_MEM_FRACTION"":""0.95"",""XLA_PYTHON_CLIENT_PREALLOCATE"":""<unset>""}","{""artifacts"":{""nh3_pdb_1024"":{""bytes"":83199,""sha256"":""cb99e65c2024c8b1a80a7ea1f4ff5b23ef76a5d153a2caeb4a0e3077b5239135"",""state"":""file""},""nh3_pdb_128"":{""bytes"":10623,""sha256"":""4b48182856ba92449fa52b61bf2f95c6ce28937a3cb3da6aec4f131a1216c760"",""state"":""file""},""nh3_pdb_131072"":{""bytes"":10617087,""sha256"":""d454eb5e6e9fe717e1c12c22e3fc749189deae022de05b0f6f83f9f4501bbb52"",""state"":""file""},""nh3_pdb_16384"":{""bytes"":1327359,""sha256"":""07f5683974f6bdad6798104cf7de5ddb670704f71b7e28715d957805124196b8"",""state"":""file""},""nh3_pdb_2048"":{""bytes"":166143,""sha256"":""7171f9c4d6bf3c819f96ddd11877441961f43096057863d0607070d97c5e5a16"",""state"":""file""},""nh3_pdb_256"":{""bytes"":20991,""sha256"":""870d35ef9d654b395f8eefcd897e002ff41b1327475879ff5b955080ecb91ee0"",""state"":""file""},""nh3_pdb_32768"":{""bytes"":2654463,""sha256"":""a193ff7fc7793ae1c9121af48f694b9cff6974a63e67029053ab9312f86cb9cc"",""state"":""file""},""nh3_pdb_4096"":{""bytes"":332031,""sha256"":""e6d9ba2e0f95a04ebbeb61682dcf615982860aaa336140fee7ba55698f68175c"",""state"":""file""},""nh3_pdb_512"":{""bytes"":41727,""sha256"":""76e8d0d71fd3d49a1d14bb1fcd0689b08241620df41c90a904be29c85a67934e"",""state"":""file""},""nh3_pdb_65536"":{""bytes"":5308671,""sha256"":""a80e717b9abb39221c121bf3137135662e1b3c727e705e8f01e651720acd6dcc"",""state"":""file""},""nh3_pdb_8192"":{""bytes"":663807,""sha256"":""b0664469d3a8e84f71fbd848f1f0ffaca2cee3f4fd2100ed10f398e7c19a27e6"",""state"":""file""}},""metadata"":{""benchmark"":""el""}}",28ea42c8-c3b9-4a9c-96dc-b96a346325d0,1.0034068413887207,"[0.017030730299302375,0.016973579302430153,0.016982700300286525,0.016996615400421432,0.016972906299633904]",,,,,not_measured,not_measured,,nan,nan,2456,1916,15695872,,,,,,,,,,,,,single_case,5779517f771cd31c95dc30de603249f8f59a1f8d3680da722ea0763b4d76684d,13.735307650989853,160,supported_jax_separate_collection
cscl,system_size,ewald,jax,512,1,512,2.8692832427168473,348519.0953309743,nan,nan,10,3,jax_wall_block_until_ready,warmup_excluded,True,,,1e-06,,5,arithmetic_mean,energy_autograd,energy_forces_charge_gradients,True,True,False,0.028619011864066124,16.47599983215332,0.0,8,8,4,orthorhombic,0.19168206844151878,19.391079296412396,1.424934666789829,1760,2.0,2,"{""compute_capability"":""9.0"",""driver"":""unavailable"",""memory_bytes"":99996401664,""name"":""NVIDIA H100 NVL""}","{""cuda"":""13.0"",""git_head"":""unavailable"",""jax"":""0.10.1"",""jaxlib"":""0.10.1"",""nvalchemi_toolkit_ops"":""0.5.0"",""python"":""3.12.3"",""source_sha256"":""4dfd278da46af31f54f8b7671e891073f8b10f8fa2cb28e7cf92bfeddd543638"",""torch"":""2.14.0+cu130"",""warp"":""1.17.0""}","{""gpu_uuid"":""c0995d85-1dea-1b19-7e58-9baa33a5f384"",""host"":""a1u1g-mil-0576""}","{""JAX_DISABLE_JIT"":""<unset>"",""JAX_DISABLE_JIT_ACTUAL"":""False"",""JAX_ENABLE_X64"":""1"",""JAX_ENABLE_X64_ACTUAL"":""True"",""JAX_PLATFORMS"":""<unset>"",""TF_GPU_ALLOCATOR"":""<unset>"",""XLA_FLAGS"":""<unset>"",""XLA_PYTHON_CLIENT_ALLOCATOR"":""<unset>"",""XLA_PYTHON_CLIENT_MEM_FRACTION"":""0.95"",""XLA_PYTHON_CLIENT_PREALLOCATE"":""<unset>""}","{""artifacts"":{""nh3_pdb_1024"":{""bytes"":83199,""sha256"":""cb99e65c2024c8b1a80a7ea1f4ff5b23ef76a5d153a2caeb4a0e3077b5239135"",""state"":""file""},""nh3_pdb_128"":{""bytes"":10623,""sha256"":""4b48182856ba92449fa52b61bf2f95c6ce28937a3cb3da6aec4f131a1216c760"",""state"":""file""},""nh3_pdb_131072"":{""bytes"":10617087,""sha256"":""d454eb5e6e9fe717e1c12c22e3fc749189deae022de05b0f6f83f9f4501bbb52"",""state"":""file""},""nh3_pdb_16384"":{""bytes"":1327359,""sha256"":""07f5683974f6bdad6798104cf7de5ddb670704f71b7e28715d957805124196b8"",""state"":""file""},""nh3_pdb_2048"":{""bytes"":166143,""sha256"":""7171f9c4d6bf3c819f96ddd11877441961f43096057863d0607070d97c5e5a16"",""state"":""file""},""nh3_pdb_256"":{""bytes"":20991,""sha256"":""870d35ef9d654b395f8eefcd897e002ff41b1327475879ff5b955080ecb91ee0"",""state"":""file""},""nh3_pdb_32768"":{""bytes"":2654463,""sha256"":""a193ff7fc7793ae1c9121af48f694b9cff6974a63e67029053ab9312f86cb9cc"",""state"":""file""},""nh3_pdb_4096"":{""bytes"":332031,""sha256"":""e6d9ba2e0f95a04ebbeb61682dcf615982860aaa336140fee7ba55698f68175c"",""state"":""file""},""nh3_pdb_512"":{""bytes"":41727,""sha256"":""76e8d0d71fd3d49a1d14bb1fcd0689b08241620df41c90a904be29c85a67934e"",""state"":""file""},""nh3_pdb_65536"":{""bytes"":5308671,""sha256"":""a80e717b9abb39221c121bf3137135662e1b3c727e705e8f01e651720acd6dcc"",""state"":""file""},""nh3_pdb_8192"":{""bytes"":663807,""sha256"":""b0664469d3a8e84f71fbd848f1f0ffaca2cee3f4fd2100ed10f398e7c19a27e6"",""state"":""file""}},""metadata"":{""benchmark"":""el""}}",28ea42c8-c3b9-4a9c-96dc-b96a346325d0,1.0023092826479445,"[0.00146707950043492,0.001469904399709776,0.0014704674016684295,0.0014682263979921117,0.0014696874015498907]",,,,,not_measured,not_measured,,nan,nan,1300,892,456704,,,,,,,,,,,,,single_case,5779517f771cd31c95dc30de603249f8f59a1f8d3680da722ea0763b4d76684d,12.02778600397869,153,supported_jax_separate_collection
cscl,system_size,pme,jax,32768,1,32768,0.1097948852368802,9107892.392642157,nan,nan,10,3,jax_wall_block_until_ready,warmup_excluded,True,,,0.0001,,5,arithmetic_mean,energy_autograd,energy_forces_charge_gradients,True,True,False,0.028619011864066124,65.90399932861328,0.0,32,32,16,orthorhombic,0.3372060287522547,9.0,,176,2.0,2,"{""compute_capability"":""9.0"",""driver"":""unavailable"",""memory_bytes"":99996401664,""name"":""NVIDIA H100 NVL""}","{""cuda"":""13.0"",""git_head"":""unavailable"",""jax"":""0.10.1"",""jaxlib"":""0.10.1"",""nvalchemi_toolkit_ops"":""0.5.0"",""python"":""3.12.3"",""source_sha256"":""4dfd278da46af31f54f8b7671e891073f8b10f8fa2cb28e7cf92bfeddd543638"",""torch"":""2.14.0+cu130"",""warp"":""1.17.0""}","{""gpu_uuid"":""c0995d85-1dea-1b19-7e58-9baa33a5f384"",""host"":""a1u1g-mil-0576""}","{""JAX_DISABLE_JIT"":""<unset>"",""JAX_DISABLE_JIT_ACTUAL"":""False"",""JAX_ENABLE_X64"":""1"",""JAX_ENABLE_X64_ACTUAL"":""True"",""JAX_PLATFORMS"":""<unset>"",""TF_GPU_ALLOCATOR"":""<unset>"",""XLA_FLAGS"":""<unset>"",""XLA_PYTHON_CLIENT_ALLOCATOR"":""<unset>"",""XLA_PYTHON_CLIENT_MEM_FRACTION"":""0.95"",""XLA_PYTHON_CLIENT_PREALLOCATE"":""<unset>""}","{""artifacts"":{""nh3_pdb_1024"":{""bytes"":83199,""sha256"":""cb99e65c2024c8b1a80a7ea1f4ff5b23ef76a5d153a2caeb4a0e3077b5239135"",""state"":""file""},""nh3_pdb_128"":{""bytes"":10623,""sha256"":""4b48182856ba92449fa52b61bf2f95c6ce28937a3cb3da6aec4f131a1216c760"",""state"":""file""},""nh3_pdb_131072"":{""bytes"":10617087,""sha256"":""d454eb5e6e9fe717e1c12c22e3fc749189deae022de05b0f6f83f9f4501bbb52"",""state"":""file""},""nh3_pdb_16384"":{""bytes"":1327359,""sha256"":""07f5683974f6bdad6798104cf7de5ddb670704f71b7e28715d957805124196b8"",""state"":""file""},""nh3_pdb_2048"":{""bytes"":166143,""sha256"":""7171f9c4d6bf3c819f96ddd11877441961f43096057863d0607070d97c5e5a16"",""state"":""file""},""nh3_pdb_256"":{""bytes"":20991,""sha256"":""870d35ef9d654b395f8eefcd897e002ff41b1327475879ff5b955080ecb91ee0"",""state"":""file""},""nh3_pdb_32768"":{""bytes"":2654463,""sha256"":""a193ff7fc7793ae1c9121af48f694b9cff6974a63e67029053ab9312f86cb9cc"",""state"":""file""},""nh3_pdb_4096"":{""bytes"":332031,""sha256"":""e6d9ba2e0f95a04ebbeb61682dcf615982860aaa336140fee7ba55698f68175c"",""state"":""file""},""nh3_pdb_512"":{""bytes"":41727,""sha256"":""76e8d0d71fd3d49a1d14bb1fcd0689b08241620df41c90a904be29c85a67934e"",""state"":""file""},""nh3_pdb_65536"":{""bytes"":5308671,""sha256"":""a80e717b9abb39221c121bf3137135662e1b3c727e705e8f01e651720acd6dcc"",""state"":""file""},""nh3_pdb_8192"":{""bytes"":663807,""sha256"":""b0664469d3a8e84f71fbd848f1f0ffaca2cee3f4fd2100ed10f398e7c19a27e6"",""state"":""file""}},""metadata"":{""benchmark"":""el""}}",28ea42c8-c3b9-4a9c-96dc-b96a346325d0,1.0066012875796582,"[0.003605019100359641,0.003581377398222685,0.0035955152008682488,0.0036040820996277034,0.0036028001981321723]",,,,,not_measured,not_measured,k_squared_only,nan,nan,,88,2883584,,192,192,96,1806336,5,1485540d001c0e718d28f50108177d69e998560ed15919dbe9db7a93b7e5d6e2,"{""batch_idx"":""int32"",""cell"":""float64"",""charges"":""float64"",""pbc"":""bool"",""positions"":""float64""}",capped_upstream_estimate,bounded_power_two_then_four_fft_snap,0.25,9.0,single_case,5779517f771cd31c95dc30de603249f8f59a1f8d3680da722ea0763b4d76684d,42.458196360006696,16,supported_jax_separate_collection
cscl,system_size,ewald,jax,16384,1,16384,6.329120764121398,157999.82924465797,nan,nan,10,3,jax_wall_block_until_ready,warmup_excluded,True,,,1e-06,,5,arithmetic_mean,energy_autograd,energy_forces_charge_gradients,True,True,False,0.028619011864066124,65.90399932861328,0.0,32,16,16,orthorhombic,0.10757792358352229,34.55097537706295,0.7997175423959728,9904,2.0,2,"{""compute_capability"":""9.0"",""driver"":""unavailable"",""memory_bytes"":99996401664,""name"":""NVIDIA H100 NVL""}","{""cuda"":""13.0"",""git_head"":""unavailable"",""jax"":""0.10.1"",""jaxlib"":""0.10.1"",""nvalchemi_toolkit_ops"":""0.5.0"",""python"":""3.12.3"",""source_sha256"":""4dfd278da46af31f54f8b7671e891073f8b10f8fa2cb28e7cf92bfeddd543638"",""torch"":""2.14.0+cu130"",""warp"":""1.17.0""}","{""gpu_uuid"":""c0995d85-1dea-1b19-7e58-9baa33a5f384"",""host"":""a1u1g-mil-0576""}","{""JAX_DISABLE_JIT"":""<unset>"",""JAX_DISABLE_JIT_ACTUAL"":""False"",""JAX_ENABLE_X64"":""1"",""JAX_ENABLE_X64_ACTUAL"":""True"",""JAX_PLATFORMS"":""<unset>"",""TF_GPU_ALLOCATOR"":""<unset>"",""XLA_FLAGS"":""<unset>"",""XLA_PYTHON_CLIENT_ALLOCATOR"":""<unset>"",""XLA_PYTHON_CLIENT_MEM_FRACTION"":""0.95"",""XLA_PYTHON_CLIENT_PREALLOCATE"":""<unset>""}","{""artifacts"":{""nh3_pdb_1024"":{""bytes"":83199,""sha256"":""cb99e65c2024c8b1a80a7ea1f4ff5b23ef76a5d153a2caeb4a0e3077b5239135"",""state"":""file""},""nh3_pdb_128"":{""bytes"":10623,""sha256"":""4b48182856ba92449fa52b61bf2f95c6ce28937a3cb3da6aec4f131a1216c760"",""state"":""file""},""nh3_pdb_131072"":{""bytes"":10617087,""sha256"":""d454eb5e6e9fe717e1c12c22e3fc749189deae022de05b0f6f83f9f4501bbb52"",""state"":""file""},""nh3_pdb_16384"":{""bytes"":1327359,""sha256"":""07f5683974f6bdad6798104cf7de5ddb670704f71b7e28715d957805124196b8"",""state"":""file""},""nh3_pdb_2048"":{""bytes"":166143,""sha256"":""7171f9c4d6bf3c819f96ddd11877441961f43096057863d0607070d97c5e5a16"",""state"":""file""},""nh3_pdb_256"":{""bytes"":20991,""sha256"":""870d35ef9d654b395f8eefcd897e002ff41b1327475879ff5b955080ecb91ee0"",""state"":""file""},""nh3_pdb_32768"":{""bytes"":2654463,""sha256"":""a193ff7fc7793ae1c9121af48f694b9cff6974a63e67029053ab9312f86cb9cc"",""state"":""file""},""nh3_pdb_4096"":{""bytes"":332031,""sha256"":""e6d9ba2e0f95a04ebbeb61682dcf615982860aaa336140fee7ba55698f68175c"",""state"":""file""},""nh3_pdb_512"":{""bytes"":41727,""sha256"":""76e8d0d71fd3d49a1d14bb1fcd0689b08241620df41c90a904be29c85a67934e"",""state"":""file""},""nh3_pdb_65536"":{""bytes"":5308671,""sha256"":""a80e717b9abb39221c121bf3137135662e1b3c727e705e8f01e651720acd6dcc"",""state"":""file""},""nh3_pdb_8192"":{""bytes"":663807,""sha256"":""b0664469d3a8e84f71fbd848f1f0ffaca2cee3f4fd2100ed10f398e7c19a27e6"",""state"":""file""}},""metadata"":{""benchmark"":""el""}}",28ea42c8-c3b9-4a9c-96dc-b96a346325d0,1.0004436313541163,"[0.10368564740056171,0.10369394350273069,0.10369507779832929,0.10368045419745613,0.10372645009774714]",,,,,not_measured,not_measured,,nan,nan,6317,4956,81199104,,,,,,,,,,,,,single_case,5779517f771cd31c95dc30de603249f8f59a1f8d3680da722ea0763b4d76684d,22.038931286981096,163,supported_jax_separate_collection
cscl,system_size,ewald,jax,65536,1,65536,18.203721987317678,54933.820715164096,nan,nan,10,3,jax_wall_block_until_ready,warmup_excluded,True,,,1e-06,,5,arithmetic_mean,energy_autograd,energy_forces_charge_gradients,True,True,False,0.028619011864066124,131.80799865722656,0.0,32,32,32,cubic,0.08538465453251894,43.531501171961054,0.6347362340383953,19792,2.0,2,"{""compute_capability"":""9.0"",""driver"":""unavailable"",""memory_bytes"":99996401664,""name"":""NVIDIA H100 NVL""}","{""cuda"":""13.0"",""git_head"":""unavailable"",""jax"":""0.10.1"",""jaxlib"":""0.10.1"",""nvalchemi_toolkit_ops"":""0.5.0"",""python"":""3.12.3"",""source_sha256"":""4dfd278da46af31f54f8b7671e891073f8b10f8fa2cb28e7cf92bfeddd543638"",""torch"":""2.14.0+cu130"",""warp"":""1.17.0""}","{""gpu_uuid"":""c0995d85-1dea-1b19-7e58-9baa33a5f384"",""host"":""a1u1g-mil-0576""}","{""JAX_DISABLE_JIT"":""<unset>"",""JAX_DISABLE_JIT_ACTUAL"":""False"",""JAX_ENABLE_X64"":""1"",""JAX_ENABLE_X64_ACTUAL"":""True"",""JAX_PLATFORMS"":""<unset>"",""TF_GPU_ALLOCATOR"":""<unset>"",""XLA_FLAGS"":""<unset>"",""XLA_PYTHON_CLIENT_ALLOCATOR"":""<unset>"",""XLA_PYTHON_CLIENT_MEM_FRACTION"":""0.95"",""XLA_PYTHON_CLIENT_PREALLOCATE"":""<unset>""}","{""artifacts"":{""nh3_pdb_1024"":{""bytes"":83199,""sha256"":""cb99e65c2024c8b1a80a7ea1f4ff5b23ef76a5d153a2caeb4a0e3077b5239135"",""state"":""file""},""nh3_pdb_128"":{""bytes"":10623,""sha256"":""4b48182856ba92449fa52b61bf2f95c6ce28937a3cb3da6aec4f131a1216c760"",""state"":""file""},""nh3_pdb_131072"":{""bytes"":10617087,""sha256"":""d454eb5e6e9fe717e1c12c22e3fc749189deae022de05b0f6f83f9f4501bbb52"",""state"":""file""},""nh3_pdb_16384"":{""bytes"":1327359,""sha256"":""07f5683974f6bdad6798104cf7de5ddb670704f71b7e28715d957805124196b8"",""state"":""file""},""nh3_pdb_2048"":{""bytes"":166143,""sha256"":""7171f9c4d6bf3c819f96ddd11877441961f43096057863d0607070d97c5e5a16"",""state"":""file""},""nh3_pdb_256"":{""bytes"":20991,""sha256"":""870d35ef9d654b395f8eefcd897e002ff41b1327475879ff5b955080ecb91ee0"",""state"":""file""},""nh3_pdb_32768"":{""bytes"":2654463,""sha256"":""a193ff7fc7793ae1c9121af48f694b9cff6974a63e67029053ab9312f86cb9cc"",""state"":""file""},""nh3_pdb_4096"":{""bytes"":332031,""sha256"":""e6d9ba2e0f95a04ebbeb61682dcf615982860aaa336140fee7ba55698f68175c"",""state"":""file""},""nh3_pdb_512"":{""bytes"":41727,""sha256"":""76e8d0d71fd3d49a1d14bb1fcd0689b08241620df41c90a904be29c85a67934e"",""state"":""file""},""nh3_pdb_65536"":{""bytes"":5308671,""sha256"":""a80e717b9abb39221c121bf3137135662e1b3c727e705e8f01e651720acd6dcc"",""state"":""file""},""nh3_pdb_8192"":{""bytes"":663807,""sha256"":""b0664469d3a8e84f71fbd848f1f0ffaca2cee3f4fd2100ed10f398e7c19a27e6"",""state"":""file""}},""metadata"":{""benchmark"":""el""}}",28ea42c8-c3b9-4a9c-96dc-b96a346325d0,1.0002079537427802,"[1.1929876504000276,1.1931513357005314,1.1929317211004673,1.1930216466018464,1.192903267001384]",,,,,not_measured,not_measured,,nan,nan,12194,9840,644874240,,,,,,,,,,,,,single_case,5779517f771cd31c95dc30de603249f8f59a1f8d3680da722ea0763b4d76684d,111.30085112099187,167,supported_jax_separate_collection
cscl,system_size,pme,jax,131072,1,131072,0.09719518936579517,10288575.047027161,nan,nan,10,3,jax_wall_block_until_ready,warmup_excluded,True,,,0.0001,,5,arithmetic_mean,energy_autograd,energy_forces_charge_gradients,True,True,False,0.028619011864066124,131.80799865722656,0.0,64,32,32,orthorhombic,0.3372060287522547,9.0,,176,2.0,2,"{""compute_capability"":""9.0"",""driver"":""unavailable"",""memory_bytes"":99996401664,""name"":""NVIDIA H100 NVL""}","{""cuda"":""13.0"",""git_head"":""unavailable"",""jax"":""0.10.1"",""jaxlib"":""0.10.1"",""nvalchemi_toolkit_ops"":""0.5.0"",""python"":""3.12.3"",""source_sha256"":""4dfd278da46af31f54f8b7671e891073f8b10f8fa2cb28e7cf92bfeddd543638"",""torch"":""2.14.0+cu130"",""warp"":""1.17.0""}","{""gpu_uuid"":""23074f79-c31a-f283-5a26-fe763902683e"",""host"":""a1u1g-mil-0678""}","{""JAX_DISABLE_JIT"":""<unset>"",""JAX_DISABLE_JIT_ACTUAL"":""False"",""JAX_ENABLE_X64"":""1"",""JAX_ENABLE_X64_ACTUAL"":""True"",""JAX_PLATFORMS"":""<unset>"",""TF_GPU_ALLOCATOR"":""<unset>"",""XLA_FLAGS"":""<unset>"",""XLA_PYTHON_CLIENT_ALLOCATOR"":""<unset>"",""XLA_PYTHON_CLIENT_MEM_FRACTION"":""0.95"",""XLA_PYTHON_CLIENT_PREALLOCATE"":""<unset>""}","{""artifacts"":{""nh3_pdb_1024"":{""bytes"":83199,""sha256"":""cb99e65c2024c8b1a80a7ea1f4ff5b23ef76a5d153a2caeb4a0e3077b5239135"",""state"":""file""},""nh3_pdb_128"":{""bytes"":10623,""sha256"":""4b48182856ba92449fa52b61bf2f95c6ce28937a3cb3da6aec4f131a1216c760"",""state"":""file""},""nh3_pdb_131072"":{""bytes"":10617087,""sha256"":""d454eb5e6e9fe717e1c12c22e3fc749189deae022de05b0f6f83f9f4501bbb52"",""state"":""file""},""nh3_pdb_16384"":{""bytes"":1327359,""sha256"":""07f5683974f6bdad6798104cf7de5ddb670704f71b7e28715d957805124196b8"",""state"":""file""},""nh3_pdb_2048"":{""bytes"":166143,""sha256"":""7171f9c4d6bf3c819f96ddd11877441961f43096057863d0607070d97c5e5a16"",""state"":""file""},""nh3_pdb_256"":{""bytes"":20991,""sha256"":""870d35ef9d654b395f8eefcd897e002ff41b1327475879ff5b955080ecb91ee0"",""state"":""file""},""nh3_pdb_32768"":{""bytes"":2654463,""sha256"":""a193ff7fc7793ae1c9121af48f694b9cff6974a63e67029053ab9312f86cb9cc"",""state"":""file""},""nh3_pdb_4096"":{""bytes"":332031,""sha256"":""e6d9ba2e0f95a04ebbeb61682dcf615982860aaa336140fee7ba55698f68175c"",""state"":""file""},""nh3_pdb_512"":{""bytes"":41727,""sha256"":""76e8d0d71fd3d49a1d14bb1fcd0689b08241620df41c90a904be29c85a67934e"",""state"":""file""},""nh3_pdb_65536"":{""bytes"":5308671,""sha256"":""a80e717b9abb39221c121bf3137135662e1b3c727e705e8f01e651720acd6dcc"",""state"":""file""},""nh3_pdb_8192"":{""bytes"":663807,""sha256"":""b0664469d3a8e84f71fbd848f1f0ffaca2cee3f4fd2100ed10f398e7c19a27e6"",""state"":""file""}},""metadata"":{""benchmark"":""el""}}",28ea42c8-c3b9-4a9c-96dc-b96a346325d0,1.0024234521709916,"[0.0127268666998134,0.012722759701136965,0.012744680600007996,0.012749939601053483,0.012753592700755689]",,,,,not_measured,not_measured,k_squared_only,nan,nan,,88,11534336,,384,192,192,7151616,5,0f5a938038876b8d809e865c1f81609e9e9ee59ca883b4742b610db3f19de7e6,"{""batch_idx"":""int32"",""cell"":""float64"",""charges"":""float64"",""pbc"":""bool"",""positions"":""float64""}",capped_upstream_estimate,bounded_power_two_then_four_fft_snap,0.25,9.0,single_case,5779517f771cd31c95dc30de603249f8f59a1f8d3680da722ea0763b4d76684d,42.84298552101245,20,supported_jax_separate_collection
cscl,system_size,ewald,jax,131072,1,131072,nan,nan,nan,nan,10,3,jax_wall_block_until_ready,warmup_excluded,False,Out of memory during benchmark execution; see run logs for backend details.,OutOfMemoryError,0.0001,neighbor_list_setup,5,arithmetic_mean,energy_autograd,energy_forces_charge_gradients,True,True,False,0.028619011864066124,131.80799865722656,0.0,64,32,32,orthorhombic,0.07606907927187684,39.89602986942285,0.46171713837798084,15232,2.0,2,"{""compute_capability"":""9.0"",""driver"":""unavailable"",""memory_bytes"":99996401664,""name"":""NVIDIA H100 NVL""}","{""cuda"":""13.0"",""git_head"":""unavailable"",""jax"":""0.10.1"",""jaxlib"":""0.10.1"",""nvalchemi_toolkit_ops"":""0.5.0"",""python"":""3.12.3"",""source_sha256"":""4dfd278da46af31f54f8b7671e891073f8b10f8fa2cb28e7cf92bfeddd543638"",""torch"":""2.14.0+cu130"",""warp"":""1.17.0""}","{""gpu_uuid"":""c0995d85-1dea-1b19-7e58-9baa33a5f384"",""host"":""a1u1g-mil-0576""}","{""JAX_DISABLE_JIT"":""<unset>"",""JAX_DISABLE_JIT_ACTUAL"":""False"",""JAX_ENABLE_X64"":""1"",""JAX_ENABLE_X64_ACTUAL"":""True"",""JAX_PLATFORMS"":""<unset>"",""TF_GPU_ALLOCATOR"":""<unset>"",""XLA_FLAGS"":""<unset>"",""XLA_PYTHON_CLIENT_ALLOCATOR"":""<unset>"",""XLA_PYTHON_CLIENT_MEM_FRACTION"":""0.95"",""XLA_PYTHON_CLIENT_PREALLOCATE"":""<unset>""}","{""artifacts"":{""nh3_pdb_1024"":{""bytes"":83199,""sha256"":""cb99e65c2024c8b1a80a7ea1f4ff5b23ef76a5d153a2caeb4a0e3077b5239135"",""state"":""file""},""nh3_pdb_128"":{""bytes"":10623,""sha256"":""4b48182856ba92449fa52b61bf2f95c6ce28937a3cb3da6aec4f131a1216c760"",""state"":""file""},""nh3_pdb_131072"":{""bytes"":10617087,""sha256"":""d454eb5e6e9fe717e1c12c22e3fc749189deae022de05b0f6f83f9f4501bbb52"",""state"":""file""},""nh3_pdb_16384"":{""bytes"":1327359,""sha256"":""07f5683974f6bdad6798104cf7de5ddb670704f71b7e28715d957805124196b8"",""state"":""file""},""nh3_pdb_2048"":{""bytes"":166143,""sha256"":""7171f9c4d6bf3c819f96ddd11877441961f43096057863d0607070d97c5e5a16"",""state"":""file""},""nh3_pdb_256"":{""bytes"":20991,""sha256"":""870d35ef9d654b395f8eefcd897e002ff41b1327475879ff5b955080ecb91ee0"",""state"":""file""},""nh3_pdb_32768"":{""bytes"":2654463,""sha256"":""a193ff7fc7793ae1c9121af48f694b9cff6974a63e67029053ab9312f86cb9cc"",""state"":""file""},""nh3_pdb_4096"":{""bytes"":332031,""sha256"":""e6d9ba2e0f95a04ebbeb61682dcf615982860aaa336140fee7ba55698f68175c"",""state"":""file""},""nh3_pdb_512"":{""bytes"":41727,""sha256"":""76e8d0d71fd3d49a1d14bb1fcd0689b08241620df41c90a904be29c85a67934e"",""state"":""file""},""nh3_pdb_65536"":{""bytes"":5308671,""sha256"":""a80e717b9abb39221c121bf3137135662e1b3c727e705e8f01e651720acd6dcc"",""state"":""file""},""nh3_pdb_8192"":{""bytes"":663807,""sha256"":""b0664469d3a8e84f71fbd848f1f0ffaca2cee3f4fd2100ed10f398e7c19a27e6"",""state"":""file""}},""metadata"":{""benchmark"":""el""}}",28ea42c8-c3b9-4a9c-96dc-b96a346325d0,,,,,,,,,,,,,,,,,,,,,,,,,,,single_case,5779517f771cd31c95dc30de603249f8f59a1f8d3680da722ea0763b4d76684d,92.86902381901746,168,supported_jax_separate_collection
cscl,system_size,pme,jax,4096,1,4096,0.3079359765667533,3247428.284116791,nan,nan,10,3,jax_wall_block_until_ready,warmup_excluded,True,,,0.0001,,5,arithmetic_mean,energy_autograd,energy_forces_charge_gradients,True,True,False,0.028619011864066124,32.95199966430664,0.0,16,16,8,orthorhombic,0.3372060287522547,9.0,,176,2.0,2,"{""compute_capability"":""9.0"",""driver"":""unavailable"",""memory_bytes"":99996401664,""name"":""NVIDIA H100 NVL""}","{""cuda"":""13.0"",""git_head"":""unavailable"",""jax"":""0.10.1"",""jaxlib"":""0.10.1"",""nvalchemi_toolkit_ops"":""0.5.0"",""python"":""3.12.3"",""source_sha256"":""4dfd278da46af31f54f8b7671e891073f8b10f8fa2cb28e7cf92bfeddd543638"",""torch"":""2.14.0+cu130"",""warp"":""1.17.0""}","{""gpu_uuid"":""b86b304e-698a-30bd-d46b-23da3dc3658e"",""host"":""ipp2-1738""}","{""JAX_DISABLE_JIT"":""<unset>"",""JAX_DISABLE_JIT_ACTUAL"":""False"",""JAX_ENABLE_X64"":""1"",""JAX_ENABLE_X64_ACTUAL"":""True"",""JAX_PLATFORMS"":""<unset>"",""TF_GPU_ALLOCATOR"":""<unset>"",""XLA_FLAGS"":""<unset>"",""XLA_PYTHON_CLIENT_ALLOCATOR"":""<unset>"",""XLA_PYTHON_CLIENT_MEM_FRACTION"":""0.95"",""XLA_PYTHON_CLIENT_PREALLOCATE"":""<unset>""}","{""artifacts"":{""nh3_pdb_1024"":{""bytes"":83199,""sha256"":""cb99e65c2024c8b1a80a7ea1f4ff5b23ef76a5d153a2caeb4a0e3077b5239135"",""state"":""file""},""nh3_pdb_128"":{""bytes"":10623,""sha256"":""4b48182856ba92449fa52b61bf2f95c6ce28937a3cb3da6aec4f131a1216c760"",""state"":""file""},""nh3_pdb_131072"":{""bytes"":10617087,""sha256"":""d454eb5e6e9fe717e1c12c22e3fc749189deae022de05b0f6f83f9f4501bbb52"",""state"":""file""},""nh3_pdb_16384"":{""bytes"":1327359,""sha256"":""07f5683974f6bdad6798104cf7de5ddb670704f71b7e28715d957805124196b8"",""state"":""file""},""nh3_pdb_2048"":{""bytes"":166143,""sha256"":""7171f9c4d6bf3c819f96ddd11877441961f43096057863d0607070d97c5e5a16"",""state"":""file""},""nh3_pdb_256"":{""bytes"":20991,""sha256"":""870d35ef9d654b395f8eefcd897e002ff41b1327475879ff5b955080ecb91ee0"",""state"":""file""},""nh3_pdb_32768"":{""bytes"":2654463,""sha256"":""a193ff7fc7793ae1c9121af48f694b9cff6974a63e67029053ab9312f86cb9cc"",""state"":""file""},""nh3_pdb_4096"":{""bytes"":332031,""sha256"":""e6d9ba2e0f95a04ebbeb61682dcf615982860aaa336140fee7ba55698f68175c"",""state"":""file""},""nh3_pdb_512"":{""bytes"":41727,""sha256"":""76e8d0d71fd3d49a1d14bb1fcd0689b08241620df41c90a904be29c85a67934e"",""state"":""file""},""nh3_pdb_65536"":{""bytes"":5308671,""sha256"":""a80e717b9abb39221c121bf3137135662e1b3c727e705e8f01e651720acd6dcc"",""state"":""file""},""nh3_pdb_8192"":{""bytes"":663807,""sha256"":""b0664469d3a8e84f71fbd848f1f0ffaca2cee3f4fd2100ed10f398e7c19a27e6"",""state"":""file""}},""metadata"":{""benchmark"":""el""}}",28ea42c8-c3b9-4a9c-96dc-b96a346325d0,1.0096027494895812,"[0.0012653323999984422,0.0012532972999906634,0.0012619544000699533,0.0012611162999746738,0.001264828400053375]",,,,,not_measured,not_measured,k_squared_only,nan,nan,,88,360448,,96,96,48,230400,5,56dcbac8c140db86edf2020ee878267bcfce63855c6635abbb7d0446589609da,"{""batch_idx"":""int32"",""cell"":""float64"",""charges"":""float64"",""pbc"":""bool"",""positions"":""float64""}",capped_upstream_estimate,bounded_power_two_then_four_fft_snap,0.25,9.0,single_case,5779517f771cd31c95dc30de603249f8f59a1f8d3680da722ea0763b4d76684d,43.6457178089986,10,supported_jax_separate_collection
cscl,system_size,ewald,jax,512,1,512,2.042437382812068,489611.0933022487,nan,nan,10,3,jax_wall_block_until_ready,warmup_excluded,True,,,0.0001,,5,arithmetic_mean,energy_autograd,energy_forces_charge_gradients,True,True,False,0.028619011864066124,16.47599983215332,0.0,8,8,4,orthorhombic,0.19168206844151878,15.832749946019135,1.163454283479284,960,2.0,2,"{""compute_capability"":""9.0"",""driver"":""unavailable"",""memory_bytes"":99996401664,""name"":""NVIDIA H100 NVL""}","{""cuda"":""13.0"",""git_head"":""unavailable"",""jax"":""0.10.1"",""jaxlib"":""0.10.1"",""nvalchemi_toolkit_ops"":""0.5.0"",""python"":""3.12.3"",""source_sha256"":""4dfd278da46af31f54f8b7671e891073f8b10f8fa2cb28e7cf92bfeddd543638"",""torch"":""2.14.0+cu130"",""warp"":""1.17.0""}","{""gpu_uuid"":""b86b304e-698a-30bd-d46b-23da3dc3658e"",""host"":""ipp2-1738""}","{""JAX_DISABLE_JIT"":""<unset>"",""JAX_DISABLE_JIT_ACTUAL"":""False"",""JAX_ENABLE_X64"":""1"",""JAX_ENABLE_X64_ACTUAL"":""True"",""JAX_PLATFORMS"":""<unset>"",""TF_GPU_ALLOCATOR"":""<unset>"",""XLA_FLAGS"":""<unset>"",""XLA_PYTHON_CLIENT_ALLOCATOR"":""<unset>"",""XLA_PYTHON_CLIENT_MEM_FRACTION"":""0.95"",""XLA_PYTHON_CLIENT_PREALLOCATE"":""<unset>""}","{""artifacts"":{""nh3_pdb_1024"":{""bytes"":83199,""sha256"":""cb99e65c2024c8b1a80a7ea1f4ff5b23ef76a5d153a2caeb4a0e3077b5239135"",""state"":""file""},""nh3_pdb_128"":{""bytes"":10623,""sha256"":""4b48182856ba92449fa52b61bf2f95c6ce28937a3cb3da6aec4f131a1216c760"",""state"":""file""},""nh3_pdb_131072"":{""bytes"":10617087,""sha256"":""d454eb5e6e9fe717e1c12c22e3fc749189deae022de05b0f6f83f9f4501bbb52"",""state"":""file""},""nh3_pdb_16384"":{""bytes"":1327359,""sha256"":""07f5683974f6bdad6798104cf7de5ddb670704f71b7e28715d957805124196b8"",""state"":""file""},""nh3_pdb_2048"":{""bytes"":166143,""sha256"":""7171f9c4d6bf3c819f96ddd11877441961f43096057863d0607070d97c5e5a16"",""state"":""file""},""nh3_pdb_256"":{""bytes"":20991,""sha256"":""870d35ef9d654b395f8eefcd897e002ff41b1327475879ff5b955080ecb91ee0"",""state"":""file""},""nh3_pdb_32768"":{""bytes"":2654463,""sha256"":""a193ff7fc7793ae1c9121af48f694b9cff6974a63e67029053ab9312f86cb9cc"",""state"":""file""},""nh3_pdb_4096"":{""bytes"":332031,""sha256"":""e6d9ba2e0f95a04ebbeb61682dcf615982860aaa336140fee7ba55698f68175c"",""state"":""file""},""nh3_pdb_512"":{""bytes"":41727,""sha256"":""76e8d0d71fd3d49a1d14bb1fcd0689b08241620df41c90a904be29c85a67934e"",""state"":""file""},""nh3_pdb_65536"":{""bytes"":5308671,""sha256"":""a80e717b9abb39221c121bf3137135662e1b3c727e705e8f01e651720acd6dcc"",""state"":""file""},""nh3_pdb_8192"":{""bytes"":663807,""sha256"":""b0664469d3a8e84f71fbd848f1f0ffaca2cee3f4fd2100ed10f398e7c19a27e6"",""state"":""file""}},""metadata"":{""benchmark"":""el""}}",28ea42c8-c3b9-4a9c-96dc-b96a346325d0,1.0033381823412473,"[0.0010447328999362072,0.0010466289999385482,0.0010442808999869158,0.0010452300000906689,0.0010477669000465539]",,,,,not_measured,not_measured,,nan,nan,1012,530,271360,,,,,,,,,,,,,single_case,5779517f771cd31c95dc30de603249f8f59a1f8d3680da722ea0763b4d76684d,12.310244266000154,152,supported_jax_separate_collection
cscl,system_size,ewald,jax,32768,1,32768,9.983595418699974,100164.31536547745,nan,nan,10,3,jax_wall_block_until_ready,warmup_excluded,True,,,1e-06,,5,arithmetic_mean,energy_autograd,energy_forces_charge_gradients,True,True,False,0.028619011864066124,65.90399932861328,0.0,32,32,16,orthorhombic,0.09584103422075939,38.78215859282479,0.7124673333949145,14000,2.0,2,"{""compute_capability"":""9.0"",""driver"":""unavailable"",""memory_bytes"":99996401664,""name"":""NVIDIA H100 NVL""}","{""cuda"":""13.0"",""git_head"":""unavailable"",""jax"":""0.10.1"",""jaxlib"":""0.10.1"",""nvalchemi_toolkit_ops"":""0.5.0"",""python"":""3.12.3"",""source_sha256"":""4dfd278da46af31f54f8b7671e891073f8b10f8fa2cb28e7cf92bfeddd543638"",""torch"":""2.14.0+cu130"",""warp"":""1.17.0""}","{""gpu_uuid"":""b86b304e-698a-30bd-d46b-23da3dc3658e"",""host"":""ipp2-1738""}","{""JAX_DISABLE_JIT"":""<unset>"",""JAX_DISABLE_JIT_ACTUAL"":""False"",""JAX_ENABLE_X64"":""1"",""JAX_ENABLE_X64_ACTUAL"":""True"",""JAX_PLATFORMS"":""<unset>"",""TF_GPU_ALLOCATOR"":""<unset>"",""XLA_FLAGS"":""<unset>"",""XLA_PYTHON_CLIENT_ALLOCATOR"":""<unset>"",""XLA_PYTHON_CLIENT_MEM_FRACTION"":""0.95"",""XLA_PYTHON_CLIENT_PREALLOCATE"":""<unset>""}","{""artifacts"":{""nh3_pdb_1024"":{""bytes"":83199,""sha256"":""cb99e65c2024c8b1a80a7ea1f4ff5b23ef76a5d153a2caeb4a0e3077b5239135"",""state"":""file""},""nh3_pdb_128"":{""bytes"":10623,""sha256"":""4b48182856ba92449fa52b61bf2f95c6ce28937a3cb3da6aec4f131a1216c760"",""state"":""file""},""nh3_pdb_131072"":{""bytes"":10617087,""sha256"":""d454eb5e6e9fe717e1c12c22e3fc749189deae022de05b0f6f83f9f4501bbb52"",""state"":""file""},""nh3_pdb_16384"":{""bytes"":1327359,""sha256"":""07f5683974f6bdad6798104cf7de5ddb670704f71b7e28715d957805124196b8"",""state"":""file""},""nh3_pdb_2048"":{""bytes"":166143,""sha256"":""7171f9c4d6bf3c819f96ddd11877441961f43096057863d0607070d97c5e5a16"",""state"":""file""},""nh3_pdb_256"":{""bytes"":20991,""sha256"":""870d35ef9d654b395f8eefcd897e002ff41b1327475879ff5b955080ecb91ee0"",""state"":""file""},""nh3_pdb_32768"":{""bytes"":2654463,""sha256"":""a193ff7fc7793ae1c9121af48f694b9cff6974a63e67029053ab9312f86cb9cc"",""state"":""file""},""nh3_pdb_4096"":{""bytes"":332031,""sha256"":""e6d9ba2e0f95a04ebbeb61682dcf615982860aaa336140fee7ba55698f68175c"",""state"":""file""},""nh3_pdb_512"":{""bytes"":41727,""sha256"":""76e8d0d71fd3d49a1d14bb1fcd0689b08241620df41c90a904be29c85a67934e"",""state"":""file""},""nh3_pdb_65536"":{""bytes"":5308671,""sha256"":""a80e717b9abb39221c121bf3137135662e1b3c727e705e8f01e651720acd6dcc"",""state"":""file""},""nh3_pdb_8192"":{""bytes"":663807,""sha256"":""b0664469d3a8e84f71fbd848f1f0ffaca2cee3f4fd2100ed10f398e7c19a27e6"",""state"":""file""}},""metadata"":{""benchmark"":""el""}}",28ea42c8-c3b9-4a9c-96dc-b96a346325d0,1.0006075056538934,"[0.3270683965998614,0.3271863904999918,0.32711664170001314,0.3270737520999319,0.3272670925000057]",,,,,not_measured,not_measured,,nan,nan,8168,6878,225378304,,,,,,,,,,,,,single_case,5779517f771cd31c95dc30de603249f8f59a1f8d3680da722ea0763b4d76684d,40.97670612299953,165,supported_jax_separate_collection
cscl,system_size,pme,jax,32768,1,32768,1.081696728514325,924473.5364721562,nan,nan,10,3,jax_wall_block_until_ready,warmup_excluded,True,,,1e-06,,5,arithmetic_mean,energy_autograd,energy_forces_charge_gradients,True,True,False,0.028619011864066124,65.90399932861328,0.0,32,32,16,orthorhombic,0.4129913543166487,9.0,,176,2.0,2,"{""compute_capability"":""9.0"",""driver"":""unavailable"",""memory_bytes"":99996401664,""name"":""NVIDIA H100 NVL""}","{""cuda"":""13.0"",""git_head"":""unavailable"",""jax"":""0.10.1"",""jaxlib"":""0.10.1"",""nvalchemi_toolkit_ops"":""0.5.0"",""python"":""3.12.3"",""source_sha256"":""4dfd278da46af31f54f8b7671e891073f8b10f8fa2cb28e7cf92bfeddd543638"",""torch"":""2.14.0+cu130"",""warp"":""1.17.0""}","{""gpu_uuid"":""b86b304e-698a-30bd-d46b-23da3dc3658e"",""host"":""ipp2-1738""}","{""JAX_DISABLE_JIT"":""<unset>"",""JAX_DISABLE_JIT_ACTUAL"":""False"",""JAX_ENABLE_X64"":""1"",""JAX_ENABLE_X64_ACTUAL"":""True"",""JAX_PLATFORMS"":""<unset>"",""TF_GPU_ALLOCATOR"":""<unset>"",""XLA_FLAGS"":""<unset>"",""XLA_PYTHON_CLIENT_ALLOCATOR"":""<unset>"",""XLA_PYTHON_CLIENT_MEM_FRACTION"":""0.95"",""XLA_PYTHON_CLIENT_PREALLOCATE"":""<unset>""}","{""artifacts"":{""nh3_pdb_1024"":{""bytes"":83199,""sha256"":""cb99e65c2024c8b1a80a7ea1f4ff5b23ef76a5d153a2caeb4a0e3077b5239135"",""state"":""file""},""nh3_pdb_128"":{""bytes"":10623,""sha256"":""4b48182856ba92449fa52b61bf2f95c6ce28937a3cb3da6aec4f131a1216c760"",""state"":""file""},""nh3_pdb_131072"":{""bytes"":10617087,""sha256"":""d454eb5e6e9fe717e1c12c22e3fc749189deae022de05b0f6f83f9f4501bbb52"",""state"":""file""},""nh3_pdb_16384"":{""bytes"":1327359,""sha256"":""07f5683974f6bdad6798104cf7de5ddb670704f71b7e28715d957805124196b8"",""state"":""file""},""nh3_pdb_2048"":{""bytes"":166143,""sha256"":""7171f9c4d6bf3c819f96ddd11877441961f43096057863d0607070d97c5e5a16"",""state"":""file""},""nh3_pdb_256"":{""bytes"":20991,""sha256"":""870d35ef9d654b395f8eefcd897e002ff41b1327475879ff5b955080ecb91ee0"",""state"":""file""},""nh3_pdb_32768"":{""bytes"":2654463,""sha256"":""a193ff7fc7793ae1c9121af48f694b9cff6974a63e67029053ab9312f86cb9cc"",""state"":""file""},""nh3_pdb_4096"":{""bytes"":332031,""sha256"":""e6d9ba2e0f95a04ebbeb61682dcf615982860aaa336140fee7ba55698f68175c"",""state"":""file""},""nh3_pdb_512"":{""bytes"":41727,""sha256"":""76e8d0d71fd3d49a1d14bb1fcd0689b08241620df41c90a904be29c85a67934e"",""state"":""file""},""nh3_pdb_65536"":{""bytes"":5308671,""sha256"":""a80e717b9abb39221c121bf3137135662e1b3c727e705e8f01e651720acd6dcc"",""state"":""file""},""nh3_pdb_8192"":{""bytes"":663807,""sha256"":""b0664469d3a8e84f71fbd848f1f0ffaca2cee3f4fd2100ed10f398e7c19a27e6"",""state"":""file""}},""metadata"":{""benchmark"":""el""}}",28ea42c8-c3b9-4a9c-96dc-b96a346325d0,1.0413304669244923,"[0.03486596709990408,0.03497374329999729,0.03630699379991711,0.035891734100005124,0.03518675369996345]",,,,,not_measured,not_measured,k_squared_only,nan,nan,,88,2883584,,576,576,288,48107520,5,1485540d001c0e718d28f50108177d69e998560ed15919dbe9db7a93b7e5d6e2,"{""batch_idx"":""int32"",""cell"":""float64"",""charges"":""float64"",""pbc"":""bool"",""positions"":""float64""}",capped_upstream_estimate,bounded_power_two_then_four_fft_snap,0.25,9.0,single_case,5779517f771cd31c95dc30de603249f8f59a1f8d3680da722ea0763b4d76684d,42.80832099500003,17,supported_jax_separate_collection
cscl,system_size,pme,jax,8192,1,8192,0.20275774659239687,4931994.05105984,nan,nan,10,3,jax_wall_block_until_ready,warmup_excluded,True,,,0.0001,,5,arithmetic_mean,energy_autograd,energy_forces_charge_gradients,True,True,False,0.028619011864066124,65.90399932861328,0.0,16,16,16,cubic,0.3372060287522547,9.0,,176,2.0,2,"{""compute_capability"":""9.0"",""driver"":""unavailable"",""memory_bytes"":99996401664,""name"":""NVIDIA H100 NVL""}","{""cuda"":""13.0"",""git_head"":""unavailable"",""jax"":""0.10.1"",""jaxlib"":""0.10.1"",""nvalchemi_toolkit_ops"":""0.5.0"",""python"":""3.12.3"",""source_sha256"":""4dfd278da46af31f54f8b7671e891073f8b10f8fa2cb28e7cf92bfeddd543638"",""torch"":""2.14.0+cu130"",""warp"":""1.17.0""}","{""gpu_uuid"":""23074f79-c31a-f283-5a26-fe763902683e"",""host"":""a1u1g-mil-0678""}","{""JAX_DISABLE_JIT"":""<unset>"",""JAX_DISABLE_JIT_ACTUAL"":""False"",""JAX_ENABLE_X64"":""1"",""JAX_ENABLE_X64_ACTUAL"":""True"",""JAX_PLATFORMS"":""<unset>"",""TF_GPU_ALLOCATOR"":""<unset>"",""XLA_FLAGS"":""<unset>"",""XLA_PYTHON_CLIENT_ALLOCATOR"":""<unset>"",""XLA_PYTHON_CLIENT_MEM_FRACTION"":""0.95"",""XLA_PYTHON_CLIENT_PREALLOCATE"":""<unset>""}","{""artifacts"":{""nh3_pdb_1024"":{""bytes"":83199,""sha256"":""cb99e65c2024c8b1a80a7ea1f4ff5b23ef76a5d153a2caeb4a0e3077b5239135"",""state"":""file""},""nh3_pdb_128"":{""bytes"":10623,""sha256"":""4b48182856ba92449fa52b61bf2f95c6ce28937a3cb3da6aec4f131a1216c760"",""state"":""file""},""nh3_pdb_131072"":{""bytes"":10617087,""sha256"":""d454eb5e6e9fe717e1c12c22e3fc749189deae022de05b0f6f83f9f4501bbb52"",""state"":""file""},""nh3_pdb_16384"":{""bytes"":1327359,""sha256"":""07f5683974f6bdad6798104cf7de5ddb670704f71b7e28715d957805124196b8"",""state"":""file""},""nh3_pdb_2048"":{""bytes"":166143,""sha256"":""7171f9c4d6bf3c819f96ddd11877441961f43096057863d0607070d97c5e5a16"",""state"":""file""},""nh3_pdb_256"":{""bytes"":20991,""sha256"":""870d35ef9d654b395f8eefcd897e002ff41b1327475879ff5b955080ecb91ee0"",""state"":""file""},""nh3_pdb_32768"":{""bytes"":2654463,""sha256"":""a193ff7fc7793ae1c9121af48f694b9cff6974a63e67029053ab9312f86cb9cc"",""state"":""file""},""nh3_pdb_4096"":{""bytes"":332031,""sha256"":""e6d9ba2e0f95a04ebbeb61682dcf615982860aaa336140fee7ba55698f68175c"",""state"":""file""},""nh3_pdb_512"":{""bytes"":41727,""sha256"":""76e8d0d71fd3d49a1d14bb1fcd0689b08241620df41c90a904be29c85a67934e"",""state"":""file""},""nh3_pdb_65536"":{""bytes"":5308671,""sha256"":""a80e717b9abb39221c121bf3137135662e1b3c727e705e8f01e651720acd6dcc"",""state"":""file""},""nh3_pdb_8192"":{""bytes"":663807,""sha256"":""b0664469d3a8e84f71fbd848f1f0ffaca2cee3f4fd2100ed10f398e7c19a27e6"",""state"":""file""}},""metadata"":{""benchmark"":""el""}}",28ea42c8-c3b9-4a9c-96dc-b96a346325d0,1.0124525339567285,"[0.0016487326996866614,0.0016675906008458696,0.0016535627000848763,0.0016692635996150783,0.0016658077001920901]",,,,,not_measured,not_measured,k_squared_only,nan,nan,,88,720896,,96,96,96,451584,5,809b9b232ad1d0230a9c43bf73becb46f2247c509de6dabe0ff45b2669ec61bd,"{""batch_idx"":""int32"",""cell"":""float64"",""charges"":""float64"",""pbc"":""bool"",""positions"":""float64""}",capped_upstream_estimate,bounded_power_two_then_four_fft_snap,0.25,9.0,single_case,5779517f771cd31c95dc30de603249f8f59a1f8d3680da722ea0763b4d76684d,42.541810029011685,12,supported_jax_separate_collection
cscl,system_size,ewald,jax,1024,1,1024,1.4570269533464855,686329.1016705008,nan,nan,10,3,jax_wall_block_until_ready,warmup_excluded,True,,,0.0001,,5,arithmetic_mean,energy_autograd,energy_forces_charge_gradients,True,True,False,0.028619011864066124,32.95199966430664,0.0,8,8,8,cubic,0.17076930906503784,17.771660934778755,1.036519929766581,1360,2.0,2,"{""compute_capability"":""9.0"",""driver"":""unavailable"",""memory_bytes"":99996401664,""name"":""NVIDIA H100 NVL""}","{""cuda"":""13.0"",""git_head"":""unavailable"",""jax"":""0.10.1"",""jaxlib"":""0.10.1"",""nvalchemi_toolkit_ops"":""0.5.0"",""python"":""3.12.3"",""source_sha256"":""4dfd278da46af31f54f8b7671e891073f8b10f8fa2cb28e7cf92bfeddd543638"",""torch"":""2.14.0+cu130"",""warp"":""1.17.0""}","{""gpu_uuid"":""23074f79-c31a-f283-5a26-fe763902683e"",""host"":""a1u1g-mil-0678""}","{""JAX_DISABLE_JIT"":""<unset>"",""JAX_DISABLE_JIT_ACTUAL"":""False"",""JAX_ENABLE_X64"":""1"",""JAX_ENABLE_X64_ACTUAL"":""True"",""JAX_PLATFORMS"":""<unset>"",""TF_GPU_ALLOCATOR"":""<unset>"",""XLA_FLAGS"":""<unset>"",""XLA_PYTHON_CLIENT_ALLOCATOR"":""<unset>"",""XLA_PYTHON_CLIENT_MEM_FRACTION"":""0.95"",""XLA_PYTHON_CLIENT_PREALLOCATE"":""<unset>""}","{""artifacts"":{""nh3_pdb_1024"":{""bytes"":83199,""sha256"":""cb99e65c2024c8b1a80a7ea1f4ff5b23ef76a5d153a2caeb4a0e3077b5239135"",""state"":""file""},""nh3_pdb_128"":{""bytes"":10623,""sha256"":""4b48182856ba92449fa52b61bf2f95c6ce28937a3cb3da6aec4f131a1216c760"",""state"":""file""},""nh3_pdb_131072"":{""bytes"":10617087,""sha256"":""d454eb5e6e9fe717e1c12c22e3fc749189deae022de05b0f6f83f9f4501bbb52"",""state"":""file""},""nh3_pdb_16384"":{""bytes"":1327359,""sha256"":""07f5683974f6bdad6798104cf7de5ddb670704f71b7e28715d957805124196b8"",""state"":""file""},""nh3_pdb_2048"":{""bytes"":166143,""sha256"":""7171f9c4d6bf3c819f96ddd11877441961f43096057863d0607070d97c5e5a16"",""state"":""file""},""nh3_pdb_256"":{""bytes"":20991,""sha256"":""870d35ef9d654b395f8eefcd897e002ff41b1327475879ff5b955080ecb91ee0"",""state"":""file""},""nh3_pdb_32768"":{""bytes"":2654463,""sha256"":""a193ff7fc7793ae1c9121af48f694b9cff6974a63e67029053ab9312f86cb9cc"",""state"":""file""},""nh3_pdb_4096"":{""bytes"":332031,""sha256"":""e6d9ba2e0f95a04ebbeb61682dcf615982860aaa336140fee7ba55698f68175c"",""state"":""file""},""nh3_pdb_512"":{""bytes"":41727,""sha256"":""76e8d0d71fd3d49a1d14bb1fcd0689b08241620df41c90a904be29c85a67934e"",""state"":""file""},""nh3_pdb_65536"":{""bytes"":5308671,""sha256"":""a80e717b9abb39221c121bf3137135662e1b3c727e705e8f01e651720acd6dcc"",""state"":""file""},""nh3_pdb_8192"":{""bytes"":663807,""sha256"":""b0664469d3a8e84f71fbd848f1f0ffaca2cee3f4fd2100ed10f398e7c19a27e6"",""state"":""file""}},""metadata"":{""benchmark"":""el""}}",28ea42c8-c3b9-4a9c-96dc-b96a346325d0,1.0126593346987973,"[0.0015059500001370907,0.0014888630001223646,0.001489141001366079,0.0014888999998220243,0.001487123999686446]",,,,,not_measured,not_measured,,nan,nan,1098,644,659456,,,,,,,,,,,,,single_case,5779517f771cd31c95dc30de603249f8f59a1f8d3680da722ea0763b4d76684d,12.574011973003508,154,supported_jax_separate_collection
cscl,system_size,ewald,jax,65536,1,65536,6.6130138061470936,151216.98355906273,nan,nan,10,3,jax_wall_block_until_ready,warmup_excluded,True,,,0.0001,,5,arithmetic_mean,energy_autograd,energy_forces_charge_gradients,True,True,False,0.028619011864066124,131.80799865722656,0.0,32,32,32,cubic,0.08538465453251894,35.5433218695575,0.5182599648832906,10768,2.0,2,"{""compute_capability"":""9.0"",""driver"":""unavailable"",""memory_bytes"":99996401664,""name"":""NVIDIA H100 NVL""}","{""cuda"":""13.0"",""git_head"":""unavailable"",""jax"":""0.10.1"",""jaxlib"":""0.10.1"",""nvalchemi_toolkit_ops"":""0.5.0"",""python"":""3.12.3"",""source_sha256"":""4dfd278da46af31f54f8b7671e891073f8b10f8fa2cb28e7cf92bfeddd543638"",""torch"":""2.14.0+cu130"",""warp"":""1.17.0""}","{""gpu_uuid"":""23074f79-c31a-f283-5a26-fe763902683e"",""host"":""a1u1g-mil-0678""}","{""JAX_DISABLE_JIT"":""<unset>"",""JAX_DISABLE_JIT_ACTUAL"":""False"",""JAX_ENABLE_X64"":""1"",""JAX_ENABLE_X64_ACTUAL"":""True"",""JAX_PLATFORMS"":""<unset>"",""TF_GPU_ALLOCATOR"":""<unset>"",""XLA_FLAGS"":""<unset>"",""XLA_PYTHON_CLIENT_ALLOCATOR"":""<unset>"",""XLA_PYTHON_CLIENT_MEM_FRACTION"":""0.95"",""XLA_PYTHON_CLIENT_PREALLOCATE"":""<unset>""}","{""artifacts"":{""nh3_pdb_1024"":{""bytes"":83199,""sha256"":""cb99e65c2024c8b1a80a7ea1f4ff5b23ef76a5d153a2caeb4a0e3077b5239135"",""state"":""file""},""nh3_pdb_128"":{""bytes"":10623,""sha256"":""4b48182856ba92449fa52b61bf2f95c6ce28937a3cb3da6aec4f131a1216c760"",""state"":""file""},""nh3_pdb_131072"":{""bytes"":10617087,""sha256"":""d454eb5e6e9fe717e1c12c22e3fc749189deae022de05b0f6f83f9f4501bbb52"",""state"":""file""},""nh3_pdb_16384"":{""bytes"":1327359,""sha256"":""07f5683974f6bdad6798104cf7de5ddb670704f71b7e28715d957805124196b8"",""state"":""file""},""nh3_pdb_2048"":{""bytes"":166143,""sha256"":""7171f9c4d6bf3c819f96ddd11877441961f43096057863d0607070d97c5e5a16"",""state"":""file""},""nh3_pdb_256"":{""bytes"":20991,""sha256"":""870d35ef9d654b395f8eefcd897e002ff41b1327475879ff5b955080ecb91ee0"",""state"":""file""},""nh3_pdb_32768"":{""bytes"":2654463,""sha256"":""a193ff7fc7793ae1c9121af48f694b9cff6974a63e67029053ab9312f86cb9cc"",""state"":""file""},""nh3_pdb_4096"":{""bytes"":332031,""sha256"":""e6d9ba2e0f95a04ebbeb61682dcf615982860aaa336140fee7ba55698f68175c"",""state"":""file""},""nh3_pdb_512"":{""bytes"":41727,""sha256"":""76e8d0d71fd3d49a1d14bb1fcd0689b08241620df41c90a904be29c85a67934e"",""state"":""file""},""nh3_pdb_65536"":{""bytes"":5308671,""sha256"":""a80e717b9abb39221c121bf3137135662e1b3c727e705e8f01e651720acd6dcc"",""state"":""file""},""nh3_pdb_8192"":{""bytes"":663807,""sha256"":""b0664469d3a8e84f71fbd848f1f0ffaca2cee3f4fd2100ed10f398e7c19a27e6"",""state"":""file""}},""metadata"":{""benchmark"":""el""}}",28ea42c8-c3b9-4a9c-96dc-b96a346325d0,1.0004796384482773,"[0.433413472698885,0.4334833398999763,0.4332993713993346,0.4334806557002594,0.43327552429982463]",,,,,not_measured,not_measured,,nan,nan,6083,5328,349175808,,,,,,,,,,,,,single_case,5779517f771cd31c95dc30de603249f8f59a1f8d3680da722ea0763b4d76684d,53.725798227998894,166,supported_jax_separate_collection
cscl,system_size,pme,jax,131072,1,131072,1.1899179209917676,840394.0997598594,nan,nan,10,3,jax_wall_block_until_ready,warmup_excluded,True,,,1e-06,,5,arithmetic_mean,energy_autograd,energy_forces_charge_gradients,True,True,False,0.028619011864066124,131.80799865722656,0.0,64,32,32,orthorhombic,0.4129913543166487,9.0,,176,2.0,2,"{""compute_capability"":""9.0"",""driver"":""unavailable"",""memory_bytes"":99996401664,""name"":""NVIDIA H100 NVL""}","{""cuda"":""13.0"",""git_head"":""unavailable"",""jax"":""0.10.1"",""jaxlib"":""0.10.1"",""nvalchemi_toolkit_ops"":""0.5.0"",""python"":""3.12.3"",""source_sha256"":""4dfd278da46af31f54f8b7671e891073f8b10f8fa2cb28e7cf92bfeddd543638"",""torch"":""2.14.0+cu130"",""warp"":""1.17.0""}","{""gpu_uuid"":""c0995d85-1dea-1b19-7e58-9baa33a5f384"",""host"":""a1u1g-mil-0576""}","{""JAX_DISABLE_JIT"":""<unset>"",""JAX_DISABLE_JIT_ACTUAL"":""False"",""JAX_ENABLE_X64"":""1"",""JAX_ENABLE_X64_ACTUAL"":""True"",""JAX_PLATFORMS"":""<unset>"",""TF_GPU_ALLOCATOR"":""<unset>"",""XLA_FLAGS"":""<unset>"",""XLA_PYTHON_CLIENT_ALLOCATOR"":""<unset>"",""XLA_PYTHON_CLIENT_MEM_FRACTION"":""0.95"",""XLA_PYTHON_CLIENT_PREALLOCATE"":""<unset>""}","{""artifacts"":{""nh3_pdb_1024"":{""bytes"":83199,""sha256"":""cb99e65c2024c8b1a80a7ea1f4ff5b23ef76a5d153a2caeb4a0e3077b5239135"",""state"":""file""},""nh3_pdb_128"":{""bytes"":10623,""sha256"":""4b48182856ba92449fa52b61bf2f95c6ce28937a3cb3da6aec4f131a1216c760"",""state"":""file""},""nh3_pdb_131072"":{""bytes"":10617087,""sha256"":""d454eb5e6e9fe717e1c12c22e3fc749189deae022de05b0f6f83f9f4501bbb52"",""state"":""file""},""nh3_pdb_16384"":{""bytes"":1327359,""sha256"":""07f5683974f6bdad6798104cf7de5ddb670704f71b7e28715d957805124196b8"",""state"":""file""},""nh3_pdb_2048"":{""bytes"":166143,""sha256"":""7171f9c4d6bf3c819f96ddd11877441961f43096057863d0607070d97c5e5a16"",""state"":""file""},""nh3_pdb_256"":{""bytes"":20991,""sha256"":""870d35ef9d654b395f8eefcd897e002ff41b1327475879ff5b955080ecb91ee0"",""state"":""file""},""nh3_pdb_32768"":{""bytes"":2654463,""sha256"":""a193ff7fc7793ae1c9121af48f694b9cff6974a63e67029053ab9312f86cb9cc"",""state"":""file""},""nh3_pdb_4096"":{""bytes"":332031,""sha256"":""e6d9ba2e0f95a04ebbeb61682dcf615982860aaa336140fee7ba55698f68175c"",""state"":""file""},""nh3_pdb_512"":{""bytes"":41727,""sha256"":""76e8d0d71fd3d49a1d14bb1fcd0689b08241620df41c90a904be29c85a67934e"",""state"":""file""},""nh3_pdb_65536"":{""bytes"":5308671,""sha256"":""a80e717b9abb39221c121bf3137135662e1b3c727e705e8f01e651720acd6dcc"",""state"":""file""},""nh3_pdb_8192"":{""bytes"":663807,""sha256"":""b0664469d3a8e84f71fbd848f1f0ffaca2cee3f4fd2100ed10f398e7c19a27e6"",""state"":""file""}},""metadata"":{""benchmark"":""el""}}",28ea42c8-c3b9-4a9c-96dc-b96a346325d0,1.003707300141191,"[0.15568251200020314,0.1560360067000147,0.15574005650123582,0.15625967379892244,0.15610635970078873]",,,,,not_measured,not_measured,k_squared_only,nan,nan,,88,11534336,,1152,576,576,191766528,5,0f5a938038876b8d809e865c1f81609e9e9ee59ca883b4742b610db3f19de7e6,"{""batch_idx"":""int32"",""cell"":""float64"",""charges"":""float64"",""pbc"":""bool"",""positions"":""float64""}",capped_upstream_estimate,bounded_power_two_then_four_fft_snap,0.25,9.0,single_case,5779517f771cd31c95dc30de603249f8f59a1f8d3680da722ea0763b4d76684d,49.857344572024886,21,supported_jax_separate_collection
