system,scaling_mode,method,backend,atoms_per_system,batch_size,total_atoms,time_us_per_atom,throughput_atoms_per_sec,mem_delta_mb,mem_peak_gb,timing_runs,warmup_runs,timing_method,compile_policy,success,error,error_type,accuracy,timing_batches,timing_batch_aggregation,timing_batch_max_min_ratio,timing_batch_seconds_json,timing_batch_real_max_min_ratio,timing_batch_real_seconds_json,timing_batch_reciprocal_max_min_ratio,timing_batch_reciprocal_seconds_json,timing_method_real,timing_method_reciprocal,pme_cache_mode,time_real_us_per_atom,time_reciprocal_us_per_atom,num_k_vectors_per_system,derivative_contract,workload,compute_forces,compute_charge_gradients,component_profiled,target_total_atoms,target_delta_atoms,target_delta_fraction,batch_selection,atomic_density_atoms_per_angstrom3,minimum_cell_face_distance_angstrom,max_abs_net_charge_per_system,cscl_replication_nx,cscl_replication_ny,cscl_replication_nz,cscl_cell_shape,alpha,real_space_cutoff,reciprocal_space_cutoff,configured_max_neighbors,neighbor_capacity_safety_factor,observed_max_neighbors,observed_directed_neighbor_pairs,provenance_version,gpu_context,software_context,execution_context,runtime_context,input_context,run_id,cutoff,failure_stage,mesh_nx,mesh_ny,mesh_nz,reciprocal_grid_points,spline_order,pme_runtime_input_sha256,pme_runtime_dtype_signature,pme_cutoff_policy,pme_mesh_policy,pme_fft_padding_fraction,pme_max_real_space_cutoff,collection_process_scope,collection_script_sha256,collection_wall_seconds,collection_plan_index,collection_runtime_scope
cscl,constant_workload,ewald,torch,128,1024,131072,0.039791948511265225,25130712.051381372,750.6796875,1.4075121879577637,10,3,torch_cuda_events,warmup_excluded,True,,,0.0001,5,arithmetic_mean,1.0049965597493535,"[0.005227014541625977,0.005201027297973633,0.005211948776245117,0.005222745513916016,0.005215315246582032]",,,,,not_measured,not_measured,,nan,nan,364,energy_autograd,energy_forces_charge_gradients,True,True,False,131072,0,0.0,explicit,0.028619011864066124,16.47599983215332,0.0,4,4,4,cubic,0.24150427291685927,12.566461959930114,1.4658605423459066,480,2.0,258,33816576,2,"{""compute_capability"":""9.0"",""driver"":""unavailable"",""memory_bytes"":102132088832,""name"":""NVIDIA H100""}","{""cuda"":""13.0"",""git_head"":""7db753be5b014476cd3ab0207173a55d6730fb14"",""jax"":""0.11.2"",""jaxlib"":""0.11.2"",""nvalchemi_toolkit_ops"":""0.5.0"",""python"":""3.12.3"",""source_sha256"":""0796a4ffc622cdc7ab846f2e8cf88b0b52fccae4dcfe32a3140b3bb9818aab8e"",""torch"":""2.14.0+cu130"",""warp"":""1.17.0""}","{""gpu_uuid"":""e8b1f776-3e7d-8391-c1b5-79a044e95420"",""host"":""s4124-0117""}","{""JAX_DISABLE_JIT"":""<unset>"",""JAX_DISABLE_JIT_ACTUAL"":""<not-imported>"",""JAX_ENABLE_X64"":""1"",""JAX_ENABLE_X64_ACTUAL"":""<not-imported>"",""JAX_PLATFORMS"":""<unset>"",""TF_GPU_ALLOCATOR"":""<unset>"",""XLA_FLAGS"":""<unset>"",""XLA_PYTHON_CLIENT_ALLOCATOR"":""<unset>"",""XLA_PYTHON_CLIENT_MEM_FRACTION"":""0.95"",""XLA_PYTHON_CLIENT_PREALLOCATE"":""<unset>""}","{""artifacts"":{""nh3_pdb_1024"":{""bytes"":83199,""sha256"":""cb99e65c2024c8b1a80a7ea1f4ff5b23ef76a5d153a2caeb4a0e3077b5239135"",""state"":""file""},""nh3_pdb_128"":{""bytes"":10623,""sha256"":""4b48182856ba92449fa52b61bf2f95c6ce28937a3cb3da6aec4f131a1216c760"",""state"":""file""},""nh3_pdb_131072"":{""bytes"":10617087,""sha256"":""d454eb5e6e9fe717e1c12c22e3fc749189deae022de05b0f6f83f9f4501bbb52"",""state"":""file""},""nh3_pdb_16384"":{""bytes"":1327359,""sha256"":""07f5683974f6bdad6798104cf7de5ddb670704f71b7e28715d957805124196b8"",""state"":""file""},""nh3_pdb_2048"":{""bytes"":166143,""sha256"":""7171f9c4d6bf3c819f96ddd11877441961f43096057863d0607070d97c5e5a16"",""state"":""file""},""nh3_pdb_256"":{""bytes"":20991,""sha256"":""870d35ef9d654b395f8eefcd897e002ff41b1327475879ff5b955080ecb91ee0"",""state"":""file""},""nh3_pdb_32768"":{""bytes"":2654463,""sha256"":""a193ff7fc7793ae1c9121af48f694b9cff6974a63e67029053ab9312f86cb9cc"",""state"":""file""},""nh3_pdb_4096"":{""bytes"":332031,""sha256"":""e6d9ba2e0f95a04ebbeb61682dcf615982860aaa336140fee7ba55698f68175c"",""state"":""file""},""nh3_pdb_512"":{""bytes"":41727,""sha256"":""76e8d0d71fd3d49a1d14bb1fcd0689b08241620df41c90a904be29c85a67934e"",""state"":""file""},""nh3_pdb_65536"":{""bytes"":5308671,""sha256"":""a80e717b9abb39221c121bf3137135662e1b3c727e705e8f01e651720acd6dcc"",""state"":""file""},""nh3_pdb_8192"":{""bytes"":663807,""sha256"":""b0664469d3a8e84f71fbd848f1f0ffaca2cee3f4fd2100ed10f398e7c19a27e6"",""state"":""file""}},""metadata"":{""benchmark"":""el""}}",da2e3992-31bf-4906-ae02-d3747f02a55a,,,,,,,,,,,,,,,,,,
cscl,constant_workload,ewald,torch,256,512,131072,0.05923210410401225,16882736.399908885,1234.76953125,2.0546131134033203,10,3,torch_cuda_events,warmup_excluded,True,,,0.0001,5,arithmetic_mean,1.0084172801956062,"[0.0077554588317871095,0.007738361358642578,0.007803497314453125,0.007778352355957032,0.007742681884765625]",,,,,not_measured,not_measured,,nan,nan,607,energy_autograd,energy_forces_charge_gradients,True,True,False,131072,0,0.0,explicit,0.028619011864066124,16.47599983215332,0.0,8,4,4,orthorhombic,0.2151558471670446,14.10537663154497,1.3059332781484714,688,2.0,330,43253760,2,"{""compute_capability"":""9.0"",""driver"":""unavailable"",""memory_bytes"":102132088832,""name"":""NVIDIA H100""}","{""cuda"":""13.0"",""git_head"":""7db753be5b014476cd3ab0207173a55d6730fb14"",""jax"":""0.11.2"",""jaxlib"":""0.11.2"",""nvalchemi_toolkit_ops"":""0.5.0"",""python"":""3.12.3"",""source_sha256"":""0796a4ffc622cdc7ab846f2e8cf88b0b52fccae4dcfe32a3140b3bb9818aab8e"",""torch"":""2.14.0+cu130"",""warp"":""1.17.0""}","{""gpu_uuid"":""e8b1f776-3e7d-8391-c1b5-79a044e95420"",""host"":""s4124-0117""}","{""JAX_DISABLE_JIT"":""<unset>"",""JAX_DISABLE_JIT_ACTUAL"":""<not-imported>"",""JAX_ENABLE_X64"":""1"",""JAX_ENABLE_X64_ACTUAL"":""<not-imported>"",""JAX_PLATFORMS"":""<unset>"",""TF_GPU_ALLOCATOR"":""<unset>"",""XLA_FLAGS"":""<unset>"",""XLA_PYTHON_CLIENT_ALLOCATOR"":""<unset>"",""XLA_PYTHON_CLIENT_MEM_FRACTION"":""0.95"",""XLA_PYTHON_CLIENT_PREALLOCATE"":""<unset>""}","{""artifacts"":{""nh3_pdb_1024"":{""bytes"":83199,""sha256"":""cb99e65c2024c8b1a80a7ea1f4ff5b23ef76a5d153a2caeb4a0e3077b5239135"",""state"":""file""},""nh3_pdb_128"":{""bytes"":10623,""sha256"":""4b48182856ba92449fa52b61bf2f95c6ce28937a3cb3da6aec4f131a1216c760"",""state"":""file""},""nh3_pdb_131072"":{""bytes"":10617087,""sha256"":""d454eb5e6e9fe717e1c12c22e3fc749189deae022de05b0f6f83f9f4501bbb52"",""state"":""file""},""nh3_pdb_16384"":{""bytes"":1327359,""sha256"":""07f5683974f6bdad6798104cf7de5ddb670704f71b7e28715d957805124196b8"",""state"":""file""},""nh3_pdb_2048"":{""bytes"":166143,""sha256"":""7171f9c4d6bf3c819f96ddd11877441961f43096057863d0607070d97c5e5a16"",""state"":""file""},""nh3_pdb_256"":{""bytes"":20991,""sha256"":""870d35ef9d654b395f8eefcd897e002ff41b1327475879ff5b955080ecb91ee0"",""state"":""file""},""nh3_pdb_32768"":{""bytes"":2654463,""sha256"":""a193ff7fc7793ae1c9121af48f694b9cff6974a63e67029053ab9312f86cb9cc"",""state"":""file""},""nh3_pdb_4096"":{""bytes"":332031,""sha256"":""e6d9ba2e0f95a04ebbeb61682dcf615982860aaa336140fee7ba55698f68175c"",""state"":""file""},""nh3_pdb_512"":{""bytes"":41727,""sha256"":""76e8d0d71fd3d49a1d14bb1fcd0689b08241620df41c90a904be29c85a67934e"",""state"":""file""},""nh3_pdb_65536"":{""bytes"":5308671,""sha256"":""a80e717b9abb39221c121bf3137135662e1b3c727e705e8f01e651720acd6dcc"",""state"":""file""},""nh3_pdb_8192"":{""bytes"":663807,""sha256"":""b0664469d3a8e84f71fbd848f1f0ffaca2cee3f4fd2100ed10f398e7c19a27e6"",""state"":""file""}},""metadata"":{""benchmark"":""el""}}",da2e3992-31bf-4906-ae02-d3747f02a55a,,,,,,,,,,,,,,,,,,
cscl,constant_workload,ewald,torch,512,256,131072,0.09498755098320545,10527695.362698717,2043.958984375,3.3319430351257324,10,3,torch_cuda_events,warmup_excluded,True,,,0.0001,5,arithmetic_mean,1.0020574564303886,"[0.01245445785522461,0.012444278717041016,0.01243942108154297,0.0124650146484375,0.012447869110107422]",,,,,not_measured,not_measured,,nan,nan,1012,energy_autograd,energy_forces_charge_gradients,True,True,False,131072,0,0.0,explicit,0.028619011864066124,16.47599983215332,0.0,8,8,4,orthorhombic,0.1916820684415188,15.832749946019133,1.1634542834792843,960,2.0,530,69468160,2,"{""compute_capability"":""9.0"",""driver"":""unavailable"",""memory_bytes"":102132088832,""name"":""NVIDIA H100""}","{""cuda"":""13.0"",""git_head"":""7db753be5b014476cd3ab0207173a55d6730fb14"",""jax"":""0.11.2"",""jaxlib"":""0.11.2"",""nvalchemi_toolkit_ops"":""0.5.0"",""python"":""3.12.3"",""source_sha256"":""0796a4ffc622cdc7ab846f2e8cf88b0b52fccae4dcfe32a3140b3bb9818aab8e"",""torch"":""2.14.0+cu130"",""warp"":""1.17.0""}","{""gpu_uuid"":""e8b1f776-3e7d-8391-c1b5-79a044e95420"",""host"":""s4124-0117""}","{""JAX_DISABLE_JIT"":""<unset>"",""JAX_DISABLE_JIT_ACTUAL"":""<not-imported>"",""JAX_ENABLE_X64"":""1"",""JAX_ENABLE_X64_ACTUAL"":""<not-imported>"",""JAX_PLATFORMS"":""<unset>"",""TF_GPU_ALLOCATOR"":""<unset>"",""XLA_FLAGS"":""<unset>"",""XLA_PYTHON_CLIENT_ALLOCATOR"":""<unset>"",""XLA_PYTHON_CLIENT_MEM_FRACTION"":""0.95"",""XLA_PYTHON_CLIENT_PREALLOCATE"":""<unset>""}","{""artifacts"":{""nh3_pdb_1024"":{""bytes"":83199,""sha256"":""cb99e65c2024c8b1a80a7ea1f4ff5b23ef76a5d153a2caeb4a0e3077b5239135"",""state"":""file""},""nh3_pdb_128"":{""bytes"":10623,""sha256"":""4b48182856ba92449fa52b61bf2f95c6ce28937a3cb3da6aec4f131a1216c760"",""state"":""file""},""nh3_pdb_131072"":{""bytes"":10617087,""sha256"":""d454eb5e6e9fe717e1c12c22e3fc749189deae022de05b0f6f83f9f4501bbb52"",""state"":""file""},""nh3_pdb_16384"":{""bytes"":1327359,""sha256"":""07f5683974f6bdad6798104cf7de5ddb670704f71b7e28715d957805124196b8"",""state"":""file""},""nh3_pdb_2048"":{""bytes"":166143,""sha256"":""7171f9c4d6bf3c819f96ddd11877441961f43096057863d0607070d97c5e5a16"",""state"":""file""},""nh3_pdb_256"":{""bytes"":20991,""sha256"":""870d35ef9d654b395f8eefcd897e002ff41b1327475879ff5b955080ecb91ee0"",""state"":""file""},""nh3_pdb_32768"":{""bytes"":2654463,""sha256"":""a193ff7fc7793ae1c9121af48f694b9cff6974a63e67029053ab9312f86cb9cc"",""state"":""file""},""nh3_pdb_4096"":{""bytes"":332031,""sha256"":""e6d9ba2e0f95a04ebbeb61682dcf615982860aaa336140fee7ba55698f68175c"",""state"":""file""},""nh3_pdb_512"":{""bytes"":41727,""sha256"":""76e8d0d71fd3d49a1d14bb1fcd0689b08241620df41c90a904be29c85a67934e"",""state"":""file""},""nh3_pdb_65536"":{""bytes"":5308671,""sha256"":""a80e717b9abb39221c121bf3137135662e1b3c727e705e8f01e651720acd6dcc"",""state"":""file""},""nh3_pdb_8192"":{""bytes"":663807,""sha256"":""b0664469d3a8e84f71fbd848f1f0ffaca2cee3f4fd2100ed10f398e7c19a27e6"",""state"":""file""}},""metadata"":{""benchmark"":""el""}}",da2e3992-31bf-4906-ae02-d3747f02a55a,,,,,,,,,,,,,,,,,,
cscl,constant_workload,ewald,torch,1024,128,131072,0.06169135798700153,16209725.845404498,2214.5751953125,3.774221420288086,10,3,torch_cuda_events,warmup_excluded,True,,,0.0001,5,arithmetic_mean,1.0109035161649962,"[0.008083904266357422,0.008090483093261719,0.008031231689453125,0.008118800354003907,0.008105628967285155]",,,,,not_measured,not_measured,,nan,nan,1098,energy_autograd,energy_forces_charge_gradients,True,True,False,131072,0,0.0,explicit,0.028619011864066124,32.95199966430664,0.0,8,8,8,cubic,0.17076930906503784,17.771660934778755,1.036519929766581,1360,2.0,644,84410368,2,"{""compute_capability"":""9.0"",""driver"":""unavailable"",""memory_bytes"":102132088832,""name"":""NVIDIA H100""}","{""cuda"":""13.0"",""git_head"":""7db753be5b014476cd3ab0207173a55d6730fb14"",""jax"":""0.11.2"",""jaxlib"":""0.11.2"",""nvalchemi_toolkit_ops"":""0.5.0"",""python"":""3.12.3"",""source_sha256"":""0796a4ffc622cdc7ab846f2e8cf88b0b52fccae4dcfe32a3140b3bb9818aab8e"",""torch"":""2.14.0+cu130"",""warp"":""1.17.0""}","{""gpu_uuid"":""e8b1f776-3e7d-8391-c1b5-79a044e95420"",""host"":""s4124-0117""}","{""JAX_DISABLE_JIT"":""<unset>"",""JAX_DISABLE_JIT_ACTUAL"":""<not-imported>"",""JAX_ENABLE_X64"":""1"",""JAX_ENABLE_X64_ACTUAL"":""<not-imported>"",""JAX_PLATFORMS"":""<unset>"",""TF_GPU_ALLOCATOR"":""<unset>"",""XLA_FLAGS"":""<unset>"",""XLA_PYTHON_CLIENT_ALLOCATOR"":""<unset>"",""XLA_PYTHON_CLIENT_MEM_FRACTION"":""0.95"",""XLA_PYTHON_CLIENT_PREALLOCATE"":""<unset>""}","{""artifacts"":{""nh3_pdb_1024"":{""bytes"":83199,""sha256"":""cb99e65c2024c8b1a80a7ea1f4ff5b23ef76a5d153a2caeb4a0e3077b5239135"",""state"":""file""},""nh3_pdb_128"":{""bytes"":10623,""sha256"":""4b48182856ba92449fa52b61bf2f95c6ce28937a3cb3da6aec4f131a1216c760"",""state"":""file""},""nh3_pdb_131072"":{""bytes"":10617087,""sha256"":""d454eb5e6e9fe717e1c12c22e3fc749189deae022de05b0f6f83f9f4501bbb52"",""state"":""file""},""nh3_pdb_16384"":{""bytes"":1327359,""sha256"":""07f5683974f6bdad6798104cf7de5ddb670704f71b7e28715d957805124196b8"",""state"":""file""},""nh3_pdb_2048"":{""bytes"":166143,""sha256"":""7171f9c4d6bf3c819f96ddd11877441961f43096057863d0607070d97c5e5a16"",""state"":""file""},""nh3_pdb_256"":{""bytes"":20991,""sha256"":""870d35ef9d654b395f8eefcd897e002ff41b1327475879ff5b955080ecb91ee0"",""state"":""file""},""nh3_pdb_32768"":{""bytes"":2654463,""sha256"":""a193ff7fc7793ae1c9121af48f694b9cff6974a63e67029053ab9312f86cb9cc"",""state"":""file""},""nh3_pdb_4096"":{""bytes"":332031,""sha256"":""e6d9ba2e0f95a04ebbeb61682dcf615982860aaa336140fee7ba55698f68175c"",""state"":""file""},""nh3_pdb_512"":{""bytes"":41727,""sha256"":""76e8d0d71fd3d49a1d14bb1fcd0689b08241620df41c90a904be29c85a67934e"",""state"":""file""},""nh3_pdb_65536"":{""bytes"":5308671,""sha256"":""a80e717b9abb39221c121bf3137135662e1b3c727e705e8f01e651720acd6dcc"",""state"":""file""},""nh3_pdb_8192"":{""bytes"":663807,""sha256"":""b0664469d3a8e84f71fbd848f1f0ffaca2cee3f4fd2100ed10f398e7c19a27e6"",""state"":""file""}},""metadata"":{""benchmark"":""el""}}",da2e3992-31bf-4906-ae02-d3747f02a55a,,,,,,,,,,,,,,,,,,
cscl,constant_workload,ewald,torch,2048,64,131072,0.08096531266346574,12350968.175180448,2557.24267578125,4.830184459686279,10,3,torch_cuda_events,warmup_excluded,True,,,0.0001,5,arithmetic_mean,1.0217484143830753,"[0.010508108520507813,0.010736643218994141,0.010681273651123046,0.010605532836914063,0.010529869079589842]",,,,,not_measured,not_measured,,nan,nan,1270,energy_autograd,energy_forces_charge_gradients,True,True,False,131072,0,0.0,explicit,0.028619011864066124,32.95199966430664,0.0,16,8,8,orthorhombic,0.15213815854375362,19.948014934711427,0.9234342767559616,1904,2.0,940,123207680,2,"{""compute_capability"":""9.0"",""driver"":""unavailable"",""memory_bytes"":102132088832,""name"":""NVIDIA H100""}","{""cuda"":""13.0"",""git_head"":""7db753be5b014476cd3ab0207173a55d6730fb14"",""jax"":""0.11.2"",""jaxlib"":""0.11.2"",""nvalchemi_toolkit_ops"":""0.5.0"",""python"":""3.12.3"",""source_sha256"":""0796a4ffc622cdc7ab846f2e8cf88b0b52fccae4dcfe32a3140b3bb9818aab8e"",""torch"":""2.14.0+cu130"",""warp"":""1.17.0""}","{""gpu_uuid"":""e8b1f776-3e7d-8391-c1b5-79a044e95420"",""host"":""s4124-0117""}","{""JAX_DISABLE_JIT"":""<unset>"",""JAX_DISABLE_JIT_ACTUAL"":""<not-imported>"",""JAX_ENABLE_X64"":""1"",""JAX_ENABLE_X64_ACTUAL"":""<not-imported>"",""JAX_PLATFORMS"":""<unset>"",""TF_GPU_ALLOCATOR"":""<unset>"",""XLA_FLAGS"":""<unset>"",""XLA_PYTHON_CLIENT_ALLOCATOR"":""<unset>"",""XLA_PYTHON_CLIENT_MEM_FRACTION"":""0.95"",""XLA_PYTHON_CLIENT_PREALLOCATE"":""<unset>""}","{""artifacts"":{""nh3_pdb_1024"":{""bytes"":83199,""sha256"":""cb99e65c2024c8b1a80a7ea1f4ff5b23ef76a5d153a2caeb4a0e3077b5239135"",""state"":""file""},""nh3_pdb_128"":{""bytes"":10623,""sha256"":""4b48182856ba92449fa52b61bf2f95c6ce28937a3cb3da6aec4f131a1216c760"",""state"":""file""},""nh3_pdb_131072"":{""bytes"":10617087,""sha256"":""d454eb5e6e9fe717e1c12c22e3fc749189deae022de05b0f6f83f9f4501bbb52"",""state"":""file""},""nh3_pdb_16384"":{""bytes"":1327359,""sha256"":""07f5683974f6bdad6798104cf7de5ddb670704f71b7e28715d957805124196b8"",""state"":""file""},""nh3_pdb_2048"":{""bytes"":166143,""sha256"":""7171f9c4d6bf3c819f96ddd11877441961f43096057863d0607070d97c5e5a16"",""state"":""file""},""nh3_pdb_256"":{""bytes"":20991,""sha256"":""870d35ef9d654b395f8eefcd897e002ff41b1327475879ff5b955080ecb91ee0"",""state"":""file""},""nh3_pdb_32768"":{""bytes"":2654463,""sha256"":""a193ff7fc7793ae1c9121af48f694b9cff6974a63e67029053ab9312f86cb9cc"",""state"":""file""},""nh3_pdb_4096"":{""bytes"":332031,""sha256"":""e6d9ba2e0f95a04ebbeb61682dcf615982860aaa336140fee7ba55698f68175c"",""state"":""file""},""nh3_pdb_512"":{""bytes"":41727,""sha256"":""76e8d0d71fd3d49a1d14bb1fcd0689b08241620df41c90a904be29c85a67934e"",""state"":""file""},""nh3_pdb_65536"":{""bytes"":5308671,""sha256"":""a80e717b9abb39221c121bf3137135662e1b3c727e705e8f01e651720acd6dcc"",""state"":""file""},""nh3_pdb_8192"":{""bytes"":663807,""sha256"":""b0664469d3a8e84f71fbd848f1f0ffaca2cee3f4fd2100ed10f398e7c19a27e6"",""state"":""file""}},""metadata"":{""benchmark"":""el""}}",da2e3992-31bf-4906-ae02-d3747f02a55a,,,,,,,,,,,,,,,,,,
cscl,constant_workload,ewald,torch,4096,32,131072,0.12570680817589167,7955018.622386614,3986.97216796875,7.256324291229248,10,3,torch_cuda_events,warmup_excluded,True,,,0.0001,5,arithmetic_mean,1.0118073311964768,"[0.016467245483398438,0.016417567443847654,0.01643652801513672,0.016611415100097657,0.016450457763671874]",,,,,not_measured,not_measured,,nan,nan,1985,energy_autograd,energy_forces_charge_gradients,True,True,False,131072,0,0.0,explicit,0.028619011864066124,32.95199966430664,0.0,16,16,8,orthorhombic,0.13553969042686184,22.39088970332215,0.8226864134487376,2704,2.0,1362,178520064,2,"{""compute_capability"":""9.0"",""driver"":""unavailable"",""memory_bytes"":102132088832,""name"":""NVIDIA H100""}","{""cuda"":""13.0"",""git_head"":""7db753be5b014476cd3ab0207173a55d6730fb14"",""jax"":""0.11.2"",""jaxlib"":""0.11.2"",""nvalchemi_toolkit_ops"":""0.5.0"",""python"":""3.12.3"",""source_sha256"":""0796a4ffc622cdc7ab846f2e8cf88b0b52fccae4dcfe32a3140b3bb9818aab8e"",""torch"":""2.14.0+cu130"",""warp"":""1.17.0""}","{""gpu_uuid"":""e8b1f776-3e7d-8391-c1b5-79a044e95420"",""host"":""s4124-0117""}","{""JAX_DISABLE_JIT"":""<unset>"",""JAX_DISABLE_JIT_ACTUAL"":""<not-imported>"",""JAX_ENABLE_X64"":""1"",""JAX_ENABLE_X64_ACTUAL"":""<not-imported>"",""JAX_PLATFORMS"":""<unset>"",""TF_GPU_ALLOCATOR"":""<unset>"",""XLA_FLAGS"":""<unset>"",""XLA_PYTHON_CLIENT_ALLOCATOR"":""<unset>"",""XLA_PYTHON_CLIENT_MEM_FRACTION"":""0.95"",""XLA_PYTHON_CLIENT_PREALLOCATE"":""<unset>""}","{""artifacts"":{""nh3_pdb_1024"":{""bytes"":83199,""sha256"":""cb99e65c2024c8b1a80a7ea1f4ff5b23ef76a5d153a2caeb4a0e3077b5239135"",""state"":""file""},""nh3_pdb_128"":{""bytes"":10623,""sha256"":""4b48182856ba92449fa52b61bf2f95c6ce28937a3cb3da6aec4f131a1216c760"",""state"":""file""},""nh3_pdb_131072"":{""bytes"":10617087,""sha256"":""d454eb5e6e9fe717e1c12c22e3fc749189deae022de05b0f6f83f9f4501bbb52"",""state"":""file""},""nh3_pdb_16384"":{""bytes"":1327359,""sha256"":""07f5683974f6bdad6798104cf7de5ddb670704f71b7e28715d957805124196b8"",""state"":""file""},""nh3_pdb_2048"":{""bytes"":166143,""sha256"":""7171f9c4d6bf3c819f96ddd11877441961f43096057863d0607070d97c5e5a16"",""state"":""file""},""nh3_pdb_256"":{""bytes"":20991,""sha256"":""870d35ef9d654b395f8eefcd897e002ff41b1327475879ff5b955080ecb91ee0"",""state"":""file""},""nh3_pdb_32768"":{""bytes"":2654463,""sha256"":""a193ff7fc7793ae1c9121af48f694b9cff6974a63e67029053ab9312f86cb9cc"",""state"":""file""},""nh3_pdb_4096"":{""bytes"":332031,""sha256"":""e6d9ba2e0f95a04ebbeb61682dcf615982860aaa336140fee7ba55698f68175c"",""state"":""file""},""nh3_pdb_512"":{""bytes"":41727,""sha256"":""76e8d0d71fd3d49a1d14bb1fcd0689b08241620df41c90a904be29c85a67934e"",""state"":""file""},""nh3_pdb_65536"":{""bytes"":5308671,""sha256"":""a80e717b9abb39221c121bf3137135662e1b3c727e705e8f01e651720acd6dcc"",""state"":""file""},""nh3_pdb_8192"":{""bytes"":663807,""sha256"":""b0664469d3a8e84f71fbd848f1f0ffaca2cee3f4fd2100ed10f398e7c19a27e6"",""state"":""file""}},""metadata"":{""benchmark"":""el""}}",da2e3992-31bf-4906-ae02-d3747f02a55a,,,,,,,,,,,,,,,,,,
cscl,constant_workload,ewald,torch,8192,16,131072,0.1663451618514955,6011596.543413442,4928.60205078125,9.527836322784424,10,3,torch_cuda_events,warmup_excluded,True,,,0.0001,5,arithmetic_mean,1.0048041049679728,"[0.021773686218261718,0.02179850616455078,0.021797955322265625,0.021770614624023438,0.02187520294189453]",,,,,not_measured,not_measured,,nan,nan,2456,energy_autograd,energy_forces_charge_gradients,True,True,False,131072,0,0.0,explicit,0.028619011864066124,65.90399932861328,0.0,16,16,16,cubic,0.12075213645842964,25.13292391986023,0.7329302711729533,3808,2.0,1916,251133952,2,"{""compute_capability"":""9.0"",""driver"":""unavailable"",""memory_bytes"":102132088832,""name"":""NVIDIA H100""}","{""cuda"":""13.0"",""git_head"":""7db753be5b014476cd3ab0207173a55d6730fb14"",""jax"":""0.11.2"",""jaxlib"":""0.11.2"",""nvalchemi_toolkit_ops"":""0.5.0"",""python"":""3.12.3"",""source_sha256"":""0796a4ffc622cdc7ab846f2e8cf88b0b52fccae4dcfe32a3140b3bb9818aab8e"",""torch"":""2.14.0+cu130"",""warp"":""1.17.0""}","{""gpu_uuid"":""e8b1f776-3e7d-8391-c1b5-79a044e95420"",""host"":""s4124-0117""}","{""JAX_DISABLE_JIT"":""<unset>"",""JAX_DISABLE_JIT_ACTUAL"":""<not-imported>"",""JAX_ENABLE_X64"":""1"",""JAX_ENABLE_X64_ACTUAL"":""<not-imported>"",""JAX_PLATFORMS"":""<unset>"",""TF_GPU_ALLOCATOR"":""<unset>"",""XLA_FLAGS"":""<unset>"",""XLA_PYTHON_CLIENT_ALLOCATOR"":""<unset>"",""XLA_PYTHON_CLIENT_MEM_FRACTION"":""0.95"",""XLA_PYTHON_CLIENT_PREALLOCATE"":""<unset>""}","{""artifacts"":{""nh3_pdb_1024"":{""bytes"":83199,""sha256"":""cb99e65c2024c8b1a80a7ea1f4ff5b23ef76a5d153a2caeb4a0e3077b5239135"",""state"":""file""},""nh3_pdb_128"":{""bytes"":10623,""sha256"":""4b48182856ba92449fa52b61bf2f95c6ce28937a3cb3da6aec4f131a1216c760"",""state"":""file""},""nh3_pdb_131072"":{""bytes"":10617087,""sha256"":""d454eb5e6e9fe717e1c12c22e3fc749189deae022de05b0f6f83f9f4501bbb52"",""state"":""file""},""nh3_pdb_16384"":{""bytes"":1327359,""sha256"":""07f5683974f6bdad6798104cf7de5ddb670704f71b7e28715d957805124196b8"",""state"":""file""},""nh3_pdb_2048"":{""bytes"":166143,""sha256"":""7171f9c4d6bf3c819f96ddd11877441961f43096057863d0607070d97c5e5a16"",""state"":""file""},""nh3_pdb_256"":{""bytes"":20991,""sha256"":""870d35ef9d654b395f8eefcd897e002ff41b1327475879ff5b955080ecb91ee0"",""state"":""file""},""nh3_pdb_32768"":{""bytes"":2654463,""sha256"":""a193ff7fc7793ae1c9121af48f694b9cff6974a63e67029053ab9312f86cb9cc"",""state"":""file""},""nh3_pdb_4096"":{""bytes"":332031,""sha256"":""e6d9ba2e0f95a04ebbeb61682dcf615982860aaa336140fee7ba55698f68175c"",""state"":""file""},""nh3_pdb_512"":{""bytes"":41727,""sha256"":""76e8d0d71fd3d49a1d14bb1fcd0689b08241620df41c90a904be29c85a67934e"",""state"":""file""},""nh3_pdb_65536"":{""bytes"":5308671,""sha256"":""a80e717b9abb39221c121bf3137135662e1b3c727e705e8f01e651720acd6dcc"",""state"":""file""},""nh3_pdb_8192"":{""bytes"":663807,""sha256"":""b0664469d3a8e84f71fbd848f1f0ffaca2cee3f4fd2100ed10f398e7c19a27e6"",""state"":""file""}},""metadata"":{""benchmark"":""el""}}",da2e3992-31bf-4906-ae02-d3747f02a55a,,,,,,,,,,,,,,,,,,
cscl,constant_workload,ewald,torch,16384,8,131072,0.22743246052414176,4396909.7361713275,6540.40087890625,13.093750953674316,10,3,torch_cuda_events,warmup_excluded,True,,,0.0001,5,arithmetic_mean,1.004980640525669,"[0.029764904785156247,0.02981475524902344,0.02976637268066406,0.029790951538085936,0.029913153076171872]",,,,,not_measured,not_measured,,nan,nan,3262,energy_autograd,energy_forces_charge_gradients,True,True,False,131072,0,0.0,explicit,0.028619011864066124,65.90399932861328,0.0,32,16,16,orthorhombic,0.1075779235835223,28.21075326308994,0.6529666390742357,5392,2.0,2732,358088704,2,"{""compute_capability"":""9.0"",""driver"":""unavailable"",""memory_bytes"":102132088832,""name"":""NVIDIA H100""}","{""cuda"":""13.0"",""git_head"":""7db753be5b014476cd3ab0207173a55d6730fb14"",""jax"":""0.11.2"",""jaxlib"":""0.11.2"",""nvalchemi_toolkit_ops"":""0.5.0"",""python"":""3.12.3"",""source_sha256"":""0796a4ffc622cdc7ab846f2e8cf88b0b52fccae4dcfe32a3140b3bb9818aab8e"",""torch"":""2.14.0+cu130"",""warp"":""1.17.0""}","{""gpu_uuid"":""e8b1f776-3e7d-8391-c1b5-79a044e95420"",""host"":""s4124-0117""}","{""JAX_DISABLE_JIT"":""<unset>"",""JAX_DISABLE_JIT_ACTUAL"":""<not-imported>"",""JAX_ENABLE_X64"":""1"",""JAX_ENABLE_X64_ACTUAL"":""<not-imported>"",""JAX_PLATFORMS"":""<unset>"",""TF_GPU_ALLOCATOR"":""<unset>"",""XLA_FLAGS"":""<unset>"",""XLA_PYTHON_CLIENT_ALLOCATOR"":""<unset>"",""XLA_PYTHON_CLIENT_MEM_FRACTION"":""0.95"",""XLA_PYTHON_CLIENT_PREALLOCATE"":""<unset>""}","{""artifacts"":{""nh3_pdb_1024"":{""bytes"":83199,""sha256"":""cb99e65c2024c8b1a80a7ea1f4ff5b23ef76a5d153a2caeb4a0e3077b5239135"",""state"":""file""},""nh3_pdb_128"":{""bytes"":10623,""sha256"":""4b48182856ba92449fa52b61bf2f95c6ce28937a3cb3da6aec4f131a1216c760"",""state"":""file""},""nh3_pdb_131072"":{""bytes"":10617087,""sha256"":""d454eb5e6e9fe717e1c12c22e3fc749189deae022de05b0f6f83f9f4501bbb52"",""state"":""file""},""nh3_pdb_16384"":{""bytes"":1327359,""sha256"":""07f5683974f6bdad6798104cf7de5ddb670704f71b7e28715d957805124196b8"",""state"":""file""},""nh3_pdb_2048"":{""bytes"":166143,""sha256"":""7171f9c4d6bf3c819f96ddd11877441961f43096057863d0607070d97c5e5a16"",""state"":""file""},""nh3_pdb_256"":{""bytes"":20991,""sha256"":""870d35ef9d654b395f8eefcd897e002ff41b1327475879ff5b955080ecb91ee0"",""state"":""file""},""nh3_pdb_32768"":{""bytes"":2654463,""sha256"":""a193ff7fc7793ae1c9121af48f694b9cff6974a63e67029053ab9312f86cb9cc"",""state"":""file""},""nh3_pdb_4096"":{""bytes"":332031,""sha256"":""e6d9ba2e0f95a04ebbeb61682dcf615982860aaa336140fee7ba55698f68175c"",""state"":""file""},""nh3_pdb_512"":{""bytes"":41727,""sha256"":""76e8d0d71fd3d49a1d14bb1fcd0689b08241620df41c90a904be29c85a67934e"",""state"":""file""},""nh3_pdb_65536"":{""bytes"":5308671,""sha256"":""a80e717b9abb39221c121bf3137135662e1b3c727e705e8f01e651720acd6dcc"",""state"":""file""},""nh3_pdb_8192"":{""bytes"":663807,""sha256"":""b0664469d3a8e84f71fbd848f1f0ffaca2cee3f4fd2100ed10f398e7c19a27e6"",""state"":""file""}},""metadata"":{""benchmark"":""el""}}",da2e3992-31bf-4906-ae02-d3747f02a55a,,,,,,,,,,,,,,,,,,
cscl,constant_workload,ewald,torch,32768,4,131072,0.327419275417924,3054187.9329602136,10950.33642578125,20.10140562057495,10,3,torch_cuda_events,warmup_excluded,True,,,0.0001,5,arithmetic_mean,1.0065008250386134,"[0.0429541259765625,0.042953662109375,0.042792889404296874,0.04280574035644531,0.04307107849121094]",,,,,not_measured,not_measured,,nan,nan,5467,energy_autograd,energy_forces_charge_gradients,True,True,False,131072,0,0.0,explicit,0.028619011864066124,65.90399932861328,0.0,32,32,16,orthorhombic,0.0958410342207594,31.665499892038266,0.5817271417396421,7616,2.0,3838,503054336,2,"{""compute_capability"":""9.0"",""driver"":""unavailable"",""memory_bytes"":102132088832,""name"":""NVIDIA H100""}","{""cuda"":""13.0"",""git_head"":""7db753be5b014476cd3ab0207173a55d6730fb14"",""jax"":""0.11.2"",""jaxlib"":""0.11.2"",""nvalchemi_toolkit_ops"":""0.5.0"",""python"":""3.12.3"",""source_sha256"":""0796a4ffc622cdc7ab846f2e8cf88b0b52fccae4dcfe32a3140b3bb9818aab8e"",""torch"":""2.14.0+cu130"",""warp"":""1.17.0""}","{""gpu_uuid"":""e8b1f776-3e7d-8391-c1b5-79a044e95420"",""host"":""s4124-0117""}","{""JAX_DISABLE_JIT"":""<unset>"",""JAX_DISABLE_JIT_ACTUAL"":""<not-imported>"",""JAX_ENABLE_X64"":""1"",""JAX_ENABLE_X64_ACTUAL"":""<not-imported>"",""JAX_PLATFORMS"":""<unset>"",""TF_GPU_ALLOCATOR"":""<unset>"",""XLA_FLAGS"":""<unset>"",""XLA_PYTHON_CLIENT_ALLOCATOR"":""<unset>"",""XLA_PYTHON_CLIENT_MEM_FRACTION"":""0.95"",""XLA_PYTHON_CLIENT_PREALLOCATE"":""<unset>""}","{""artifacts"":{""nh3_pdb_1024"":{""bytes"":83199,""sha256"":""cb99e65c2024c8b1a80a7ea1f4ff5b23ef76a5d153a2caeb4a0e3077b5239135"",""state"":""file""},""nh3_pdb_128"":{""bytes"":10623,""sha256"":""4b48182856ba92449fa52b61bf2f95c6ce28937a3cb3da6aec4f131a1216c760"",""state"":""file""},""nh3_pdb_131072"":{""bytes"":10617087,""sha256"":""d454eb5e6e9fe717e1c12c22e3fc749189deae022de05b0f6f83f9f4501bbb52"",""state"":""file""},""nh3_pdb_16384"":{""bytes"":1327359,""sha256"":""07f5683974f6bdad6798104cf7de5ddb670704f71b7e28715d957805124196b8"",""state"":""file""},""nh3_pdb_2048"":{""bytes"":166143,""sha256"":""7171f9c4d6bf3c819f96ddd11877441961f43096057863d0607070d97c5e5a16"",""state"":""file""},""nh3_pdb_256"":{""bytes"":20991,""sha256"":""870d35ef9d654b395f8eefcd897e002ff41b1327475879ff5b955080ecb91ee0"",""state"":""file""},""nh3_pdb_32768"":{""bytes"":2654463,""sha256"":""a193ff7fc7793ae1c9121af48f694b9cff6974a63e67029053ab9312f86cb9cc"",""state"":""file""},""nh3_pdb_4096"":{""bytes"":332031,""sha256"":""e6d9ba2e0f95a04ebbeb61682dcf615982860aaa336140fee7ba55698f68175c"",""state"":""file""},""nh3_pdb_512"":{""bytes"":41727,""sha256"":""76e8d0d71fd3d49a1d14bb1fcd0689b08241620df41c90a904be29c85a67934e"",""state"":""file""},""nh3_pdb_65536"":{""bytes"":5308671,""sha256"":""a80e717b9abb39221c121bf3137135662e1b3c727e705e8f01e651720acd6dcc"",""state"":""file""},""nh3_pdb_8192"":{""bytes"":663807,""sha256"":""b0664469d3a8e84f71fbd848f1f0ffaca2cee3f4fd2100ed10f398e7c19a27e6"",""state"":""file""}},""metadata"":{""benchmark"":""el""}}",da2e3992-31bf-4906-ae02-d3747f02a55a,,,,,,,,,,,,,,,,,,
cscl,constant_workload,ewald,torch,65536,2,131072,0.44880920089781284,2228118.3139729905,12182.18896484375,24.94088840484619,10,3,torch_cuda_events,warmup_excluded,True,,,0.0001,5,arithmetic_mean,1.0034631117959634,"[0.058865722656249994,0.058867333984375006,0.05888885498046875,0.058824066162109376,0.0586856201171875]",,,,,not_measured,not_measured,,nan,nan,6083,energy_autograd,energy_forces_charge_gradients,True,True,False,131072,0,0.0,explicit,0.028619011864066124,131.80799865722656,0.0,32,32,32,cubic,0.08538465453251894,35.5433218695575,0.5182599648832906,10768,2.0,5328,698351616,2,"{""compute_capability"":""9.0"",""driver"":""unavailable"",""memory_bytes"":102132088832,""name"":""NVIDIA H100""}","{""cuda"":""13.0"",""git_head"":""7db753be5b014476cd3ab0207173a55d6730fb14"",""jax"":""0.11.2"",""jaxlib"":""0.11.2"",""nvalchemi_toolkit_ops"":""0.5.0"",""python"":""3.12.3"",""source_sha256"":""0796a4ffc622cdc7ab846f2e8cf88b0b52fccae4dcfe32a3140b3bb9818aab8e"",""torch"":""2.14.0+cu130"",""warp"":""1.17.0""}","{""gpu_uuid"":""e8b1f776-3e7d-8391-c1b5-79a044e95420"",""host"":""s4124-0117""}","{""JAX_DISABLE_JIT"":""<unset>"",""JAX_DISABLE_JIT_ACTUAL"":""<not-imported>"",""JAX_ENABLE_X64"":""1"",""JAX_ENABLE_X64_ACTUAL"":""<not-imported>"",""JAX_PLATFORMS"":""<unset>"",""TF_GPU_ALLOCATOR"":""<unset>"",""XLA_FLAGS"":""<unset>"",""XLA_PYTHON_CLIENT_ALLOCATOR"":""<unset>"",""XLA_PYTHON_CLIENT_MEM_FRACTION"":""0.95"",""XLA_PYTHON_CLIENT_PREALLOCATE"":""<unset>""}","{""artifacts"":{""nh3_pdb_1024"":{""bytes"":83199,""sha256"":""cb99e65c2024c8b1a80a7ea1f4ff5b23ef76a5d153a2caeb4a0e3077b5239135"",""state"":""file""},""nh3_pdb_128"":{""bytes"":10623,""sha256"":""4b48182856ba92449fa52b61bf2f95c6ce28937a3cb3da6aec4f131a1216c760"",""state"":""file""},""nh3_pdb_131072"":{""bytes"":10617087,""sha256"":""d454eb5e6e9fe717e1c12c22e3fc749189deae022de05b0f6f83f9f4501bbb52"",""state"":""file""},""nh3_pdb_16384"":{""bytes"":1327359,""sha256"":""07f5683974f6bdad6798104cf7de5ddb670704f71b7e28715d957805124196b8"",""state"":""file""},""nh3_pdb_2048"":{""bytes"":166143,""sha256"":""7171f9c4d6bf3c819f96ddd11877441961f43096057863d0607070d97c5e5a16"",""state"":""file""},""nh3_pdb_256"":{""bytes"":20991,""sha256"":""870d35ef9d654b395f8eefcd897e002ff41b1327475879ff5b955080ecb91ee0"",""state"":""file""},""nh3_pdb_32768"":{""bytes"":2654463,""sha256"":""a193ff7fc7793ae1c9121af48f694b9cff6974a63e67029053ab9312f86cb9cc"",""state"":""file""},""nh3_pdb_4096"":{""bytes"":332031,""sha256"":""e6d9ba2e0f95a04ebbeb61682dcf615982860aaa336140fee7ba55698f68175c"",""state"":""file""},""nh3_pdb_512"":{""bytes"":41727,""sha256"":""76e8d0d71fd3d49a1d14bb1fcd0689b08241620df41c90a904be29c85a67934e"",""state"":""file""},""nh3_pdb_65536"":{""bytes"":5308671,""sha256"":""a80e717b9abb39221c121bf3137135662e1b3c727e705e8f01e651720acd6dcc"",""state"":""file""},""nh3_pdb_8192"":{""bytes"":663807,""sha256"":""b0664469d3a8e84f71fbd848f1f0ffaca2cee3f4fd2100ed10f398e7c19a27e6"",""state"":""file""}},""metadata"":{""benchmark"":""el""}}",da2e3992-31bf-4906-ae02-d3747f02a55a,,,,,,,,,,,,,,,,,,
cscl,constant_workload,ewald,torch,131072,1,131072,0.6312805693596601,1584081.7039788673,18096.14111328125,36.33725595474243,10,3,torch_cuda_events,warmup_excluded,True,,,0.0001,5,arithmetic_mean,1.0020546555505971,"[0.0826652587890625,0.08269900512695313,0.08271261596679688,0.08280404663085937,0.082835107421875]",,,,,not_measured,not_measured,,nan,nan,9040,energy_autograd,energy_forces_charge_gradients,True,True,False,131072,0,0.0,explicit,0.028619011864066124,131.80799865722656,0.0,64,32,32,orthorhombic,0.07606907927187684,39.89602986942285,0.46171713837798084,15232,2.0,7630,1000079360,2,"{""compute_capability"":""9.0"",""driver"":""unavailable"",""memory_bytes"":102132088832,""name"":""NVIDIA H100""}","{""cuda"":""13.0"",""git_head"":""7db753be5b014476cd3ab0207173a55d6730fb14"",""jax"":""0.11.2"",""jaxlib"":""0.11.2"",""nvalchemi_toolkit_ops"":""0.5.0"",""python"":""3.12.3"",""source_sha256"":""0796a4ffc622cdc7ab846f2e8cf88b0b52fccae4dcfe32a3140b3bb9818aab8e"",""torch"":""2.14.0+cu130"",""warp"":""1.17.0""}","{""gpu_uuid"":""e8b1f776-3e7d-8391-c1b5-79a044e95420"",""host"":""s4124-0117""}","{""JAX_DISABLE_JIT"":""<unset>"",""JAX_DISABLE_JIT_ACTUAL"":""<not-imported>"",""JAX_ENABLE_X64"":""1"",""JAX_ENABLE_X64_ACTUAL"":""<not-imported>"",""JAX_PLATFORMS"":""<unset>"",""TF_GPU_ALLOCATOR"":""<unset>"",""XLA_FLAGS"":""<unset>"",""XLA_PYTHON_CLIENT_ALLOCATOR"":""<unset>"",""XLA_PYTHON_CLIENT_MEM_FRACTION"":""0.95"",""XLA_PYTHON_CLIENT_PREALLOCATE"":""<unset>""}","{""artifacts"":{""nh3_pdb_1024"":{""bytes"":83199,""sha256"":""cb99e65c2024c8b1a80a7ea1f4ff5b23ef76a5d153a2caeb4a0e3077b5239135"",""state"":""file""},""nh3_pdb_128"":{""bytes"":10623,""sha256"":""4b48182856ba92449fa52b61bf2f95c6ce28937a3cb3da6aec4f131a1216c760"",""state"":""file""},""nh3_pdb_131072"":{""bytes"":10617087,""sha256"":""d454eb5e6e9fe717e1c12c22e3fc749189deae022de05b0f6f83f9f4501bbb52"",""state"":""file""},""nh3_pdb_16384"":{""bytes"":1327359,""sha256"":""07f5683974f6bdad6798104cf7de5ddb670704f71b7e28715d957805124196b8"",""state"":""file""},""nh3_pdb_2048"":{""bytes"":166143,""sha256"":""7171f9c4d6bf3c819f96ddd11877441961f43096057863d0607070d97c5e5a16"",""state"":""file""},""nh3_pdb_256"":{""bytes"":20991,""sha256"":""870d35ef9d654b395f8eefcd897e002ff41b1327475879ff5b955080ecb91ee0"",""state"":""file""},""nh3_pdb_32768"":{""bytes"":2654463,""sha256"":""a193ff7fc7793ae1c9121af48f694b9cff6974a63e67029053ab9312f86cb9cc"",""state"":""file""},""nh3_pdb_4096"":{""bytes"":332031,""sha256"":""e6d9ba2e0f95a04ebbeb61682dcf615982860aaa336140fee7ba55698f68175c"",""state"":""file""},""nh3_pdb_512"":{""bytes"":41727,""sha256"":""76e8d0d71fd3d49a1d14bb1fcd0689b08241620df41c90a904be29c85a67934e"",""state"":""file""},""nh3_pdb_65536"":{""bytes"":5308671,""sha256"":""a80e717b9abb39221c121bf3137135662e1b3c727e705e8f01e651720acd6dcc"",""state"":""file""},""nh3_pdb_8192"":{""bytes"":663807,""sha256"":""b0664469d3a8e84f71fbd848f1f0ffaca2cee3f4fd2100ed10f398e7c19a27e6"",""state"":""file""}},""metadata"":{""benchmark"":""el""}}",da2e3992-31bf-4906-ae02-d3747f02a55a,,,,,,,,,,,,,,,,,,
cscl,constant_workload,ewald,torch,128,1024,131072,0.06706383661366999,14911165.99488083,1356.4140625,2.37703275680542,10,3,torch_cuda_events,warmup_excluded,True,,,1e-06,5,arithmetic_mean,1.0054494514182946,"[0.00878213119506836,0.008769865417480469,0.008817295837402343,0.0087695068359375,0.008812156677246094]",,,,,not_measured,not_measured,,nan,nan,665,energy_autograd,energy_forces_charge_gradients,True,True,False,131072,0,0.0,explicit,0.028619011864066124,16.47599983215332,0.0,4,4,4,cubic,0.24150427291685927,15.390709836961905,1.7953051814134424,880,2.0,410,53739520,2,"{""compute_capability"":""9.0"",""driver"":""unavailable"",""memory_bytes"":102132088832,""name"":""NVIDIA H100""}","{""cuda"":""13.0"",""git_head"":""7db753be5b014476cd3ab0207173a55d6730fb14"",""jax"":""0.11.2"",""jaxlib"":""0.11.2"",""nvalchemi_toolkit_ops"":""0.5.0"",""python"":""3.12.3"",""source_sha256"":""0796a4ffc622cdc7ab846f2e8cf88b0b52fccae4dcfe32a3140b3bb9818aab8e"",""torch"":""2.14.0+cu130"",""warp"":""1.17.0""}","{""gpu_uuid"":""e8b1f776-3e7d-8391-c1b5-79a044e95420"",""host"":""s4124-0117""}","{""JAX_DISABLE_JIT"":""<unset>"",""JAX_DISABLE_JIT_ACTUAL"":""<not-imported>"",""JAX_ENABLE_X64"":""1"",""JAX_ENABLE_X64_ACTUAL"":""<not-imported>"",""JAX_PLATFORMS"":""<unset>"",""TF_GPU_ALLOCATOR"":""<unset>"",""XLA_FLAGS"":""<unset>"",""XLA_PYTHON_CLIENT_ALLOCATOR"":""<unset>"",""XLA_PYTHON_CLIENT_MEM_FRACTION"":""0.95"",""XLA_PYTHON_CLIENT_PREALLOCATE"":""<unset>""}","{""artifacts"":{""nh3_pdb_1024"":{""bytes"":83199,""sha256"":""cb99e65c2024c8b1a80a7ea1f4ff5b23ef76a5d153a2caeb4a0e3077b5239135"",""state"":""file""},""nh3_pdb_128"":{""bytes"":10623,""sha256"":""4b48182856ba92449fa52b61bf2f95c6ce28937a3cb3da6aec4f131a1216c760"",""state"":""file""},""nh3_pdb_131072"":{""bytes"":10617087,""sha256"":""d454eb5e6e9fe717e1c12c22e3fc749189deae022de05b0f6f83f9f4501bbb52"",""state"":""file""},""nh3_pdb_16384"":{""bytes"":1327359,""sha256"":""07f5683974f6bdad6798104cf7de5ddb670704f71b7e28715d957805124196b8"",""state"":""file""},""nh3_pdb_2048"":{""bytes"":166143,""sha256"":""7171f9c4d6bf3c819f96ddd11877441961f43096057863d0607070d97c5e5a16"",""state"":""file""},""nh3_pdb_256"":{""bytes"":20991,""sha256"":""870d35ef9d654b395f8eefcd897e002ff41b1327475879ff5b955080ecb91ee0"",""state"":""file""},""nh3_pdb_32768"":{""bytes"":2654463,""sha256"":""a193ff7fc7793ae1c9121af48f694b9cff6974a63e67029053ab9312f86cb9cc"",""state"":""file""},""nh3_pdb_4096"":{""bytes"":332031,""sha256"":""e6d9ba2e0f95a04ebbeb61682dcf615982860aaa336140fee7ba55698f68175c"",""state"":""file""},""nh3_pdb_512"":{""bytes"":41727,""sha256"":""76e8d0d71fd3d49a1d14bb1fcd0689b08241620df41c90a904be29c85a67934e"",""state"":""file""},""nh3_pdb_65536"":{""bytes"":5308671,""sha256"":""a80e717b9abb39221c121bf3137135662e1b3c727e705e8f01e651720acd6dcc"",""state"":""file""},""nh3_pdb_8192"":{""bytes"":663807,""sha256"":""b0664469d3a8e84f71fbd848f1f0ffaca2cee3f4fd2100ed10f398e7c19a27e6"",""state"":""file""}},""metadata"":{""benchmark"":""el""}}",da2e3992-31bf-4906-ae02-d3747f02a55a,,,,,,,,,,,,,,,,,,
cscl,constant_workload,ewald,torch,256,512,131072,0.10941947111859916,9139141.23123576,2322.98828125,3.8022403717041016,10,3,torch_cuda_events,warmup_excluded,True,,,1e-06,5,arithmetic_mean,1.003494722111782,"[0.014369119262695313,0.014339158630371093,0.01435684814453125,0.014324940490722657,0.014319078063964843]",,,,,not_measured,not_measured,,nan,nan,1149,energy_autograd,energy_forces_charge_gradients,True,True,False,131072,0,0.0,explicit,0.028619011864066124,16.47599983215332,0.0,8,4,4,orthorhombic,0.2151558471670446,17.275487688531474,1.5994350847919458,1248,2.0,608,79691776,2,"{""compute_capability"":""9.0"",""driver"":""unavailable"",""memory_bytes"":102132088832,""name"":""NVIDIA H100""}","{""cuda"":""13.0"",""git_head"":""7db753be5b014476cd3ab0207173a55d6730fb14"",""jax"":""0.11.2"",""jaxlib"":""0.11.2"",""nvalchemi_toolkit_ops"":""0.5.0"",""python"":""3.12.3"",""source_sha256"":""0796a4ffc622cdc7ab846f2e8cf88b0b52fccae4dcfe32a3140b3bb9818aab8e"",""torch"":""2.14.0+cu130"",""warp"":""1.17.0""}","{""gpu_uuid"":""e8b1f776-3e7d-8391-c1b5-79a044e95420"",""host"":""s4124-0117""}","{""JAX_DISABLE_JIT"":""<unset>"",""JAX_DISABLE_JIT_ACTUAL"":""<not-imported>"",""JAX_ENABLE_X64"":""1"",""JAX_ENABLE_X64_ACTUAL"":""<not-imported>"",""JAX_PLATFORMS"":""<unset>"",""TF_GPU_ALLOCATOR"":""<unset>"",""XLA_FLAGS"":""<unset>"",""XLA_PYTHON_CLIENT_ALLOCATOR"":""<unset>"",""XLA_PYTHON_CLIENT_MEM_FRACTION"":""0.95"",""XLA_PYTHON_CLIENT_PREALLOCATE"":""<unset>""}","{""artifacts"":{""nh3_pdb_1024"":{""bytes"":83199,""sha256"":""cb99e65c2024c8b1a80a7ea1f4ff5b23ef76a5d153a2caeb4a0e3077b5239135"",""state"":""file""},""nh3_pdb_128"":{""bytes"":10623,""sha256"":""4b48182856ba92449fa52b61bf2f95c6ce28937a3cb3da6aec4f131a1216c760"",""state"":""file""},""nh3_pdb_131072"":{""bytes"":10617087,""sha256"":""d454eb5e6e9fe717e1c12c22e3fc749189deae022de05b0f6f83f9f4501bbb52"",""state"":""file""},""nh3_pdb_16384"":{""bytes"":1327359,""sha256"":""07f5683974f6bdad6798104cf7de5ddb670704f71b7e28715d957805124196b8"",""state"":""file""},""nh3_pdb_2048"":{""bytes"":166143,""sha256"":""7171f9c4d6bf3c819f96ddd11877441961f43096057863d0607070d97c5e5a16"",""state"":""file""},""nh3_pdb_256"":{""bytes"":20991,""sha256"":""870d35ef9d654b395f8eefcd897e002ff41b1327475879ff5b955080ecb91ee0"",""state"":""file""},""nh3_pdb_32768"":{""bytes"":2654463,""sha256"":""a193ff7fc7793ae1c9121af48f694b9cff6974a63e67029053ab9312f86cb9cc"",""state"":""file""},""nh3_pdb_4096"":{""bytes"":332031,""sha256"":""e6d9ba2e0f95a04ebbeb61682dcf615982860aaa336140fee7ba55698f68175c"",""state"":""file""},""nh3_pdb_512"":{""bytes"":41727,""sha256"":""76e8d0d71fd3d49a1d14bb1fcd0689b08241620df41c90a904be29c85a67934e"",""state"":""file""},""nh3_pdb_65536"":{""bytes"":5308671,""sha256"":""a80e717b9abb39221c121bf3137135662e1b3c727e705e8f01e651720acd6dcc"",""state"":""file""},""nh3_pdb_8192"":{""bytes"":663807,""sha256"":""b0664469d3a8e84f71fbd848f1f0ffaca2cee3f4fd2100ed10f398e7c19a27e6"",""state"":""file""}},""metadata"":{""benchmark"":""el""}}",da2e3992-31bf-4906-ae02-d3747f02a55a,,,,,,,,,,,,,,,,,,
cscl,constant_workload,ewald,torch,512,256,131072,0.13586973305791616,7359990.908157135,2621.083984375,4.780978679656982,10,3,torch_cuda_events,warmup_excluded,True,,,1e-06,5,arithmetic_mean,1.004430726823194,"[0.017780288696289063,0.017814329528808594,0.017802134704589846,0.017859068298339845,0.017787767028808594]",,,,,not_measured,not_measured,,nan,nan,1300,energy_autograd,energy_forces_charge_gradients,True,True,False,131072,0,0.0,explicit,0.028619011864066124,16.47599983215332,0.0,8,8,4,orthorhombic,0.1916820684415188,19.391079296412393,1.4249346667898293,1760,2.0,892,116916224,2,"{""compute_capability"":""9.0"",""driver"":""unavailable"",""memory_bytes"":102132088832,""name"":""NVIDIA H100""}","{""cuda"":""13.0"",""git_head"":""7db753be5b014476cd3ab0207173a55d6730fb14"",""jax"":""0.11.2"",""jaxlib"":""0.11.2"",""nvalchemi_toolkit_ops"":""0.5.0"",""python"":""3.12.3"",""source_sha256"":""0796a4ffc622cdc7ab846f2e8cf88b0b52fccae4dcfe32a3140b3bb9818aab8e"",""torch"":""2.14.0+cu130"",""warp"":""1.17.0""}","{""gpu_uuid"":""e8b1f776-3e7d-8391-c1b5-79a044e95420"",""host"":""s4124-0117""}","{""JAX_DISABLE_JIT"":""<unset>"",""JAX_DISABLE_JIT_ACTUAL"":""<not-imported>"",""JAX_ENABLE_X64"":""1"",""JAX_ENABLE_X64_ACTUAL"":""<not-imported>"",""JAX_PLATFORMS"":""<unset>"",""TF_GPU_ALLOCATOR"":""<unset>"",""XLA_FLAGS"":""<unset>"",""XLA_PYTHON_CLIENT_ALLOCATOR"":""<unset>"",""XLA_PYTHON_CLIENT_MEM_FRACTION"":""0.95"",""XLA_PYTHON_CLIENT_PREALLOCATE"":""<unset>""}","{""artifacts"":{""nh3_pdb_1024"":{""bytes"":83199,""sha256"":""cb99e65c2024c8b1a80a7ea1f4ff5b23ef76a5d153a2caeb4a0e3077b5239135"",""state"":""file""},""nh3_pdb_128"":{""bytes"":10623,""sha256"":""4b48182856ba92449fa52b61bf2f95c6ce28937a3cb3da6aec4f131a1216c760"",""state"":""file""},""nh3_pdb_131072"":{""bytes"":10617087,""sha256"":""d454eb5e6e9fe717e1c12c22e3fc749189deae022de05b0f6f83f9f4501bbb52"",""state"":""file""},""nh3_pdb_16384"":{""bytes"":1327359,""sha256"":""07f5683974f6bdad6798104cf7de5ddb670704f71b7e28715d957805124196b8"",""state"":""file""},""nh3_pdb_2048"":{""bytes"":166143,""sha256"":""7171f9c4d6bf3c819f96ddd11877441961f43096057863d0607070d97c5e5a16"",""state"":""file""},""nh3_pdb_256"":{""bytes"":20991,""sha256"":""870d35ef9d654b395f8eefcd897e002ff41b1327475879ff5b955080ecb91ee0"",""state"":""file""},""nh3_pdb_32768"":{""bytes"":2654463,""sha256"":""a193ff7fc7793ae1c9121af48f694b9cff6974a63e67029053ab9312f86cb9cc"",""state"":""file""},""nh3_pdb_4096"":{""bytes"":332031,""sha256"":""e6d9ba2e0f95a04ebbeb61682dcf615982860aaa336140fee7ba55698f68175c"",""state"":""file""},""nh3_pdb_512"":{""bytes"":41727,""sha256"":""76e8d0d71fd3d49a1d14bb1fcd0689b08241620df41c90a904be29c85a67934e"",""state"":""file""},""nh3_pdb_65536"":{""bytes"":5308671,""sha256"":""a80e717b9abb39221c121bf3137135662e1b3c727e705e8f01e651720acd6dcc"",""state"":""file""},""nh3_pdb_8192"":{""bytes"":663807,""sha256"":""b0664469d3a8e84f71fbd848f1f0ffaca2cee3f4fd2100ed10f398e7c19a27e6"",""state"":""file""}},""metadata"":{""benchmark"":""el""}}",da2e3992-31bf-4906-ae02-d3747f02a55a,,,,,,,,,,,,,,,,,,
cscl,constant_workload,ewald,torch,1024,128,131072,0.108969584107399,9176872.686000278,3393.2978515625,6.386963844299316,10,3,torch_cuda_events,warmup_excluded,True,,,1e-06,5,arithmetic_mean,1.013100299067262,"[0.014291632080078127,0.014186972045898439,0.014322895812988281,0.014239981079101563,0.014372825622558594]",,,,,not_measured,not_measured,,nan,nan,1687,energy_autograd,energy_forces_charge_gradients,True,True,False,131072,0,0.0,explicit,0.028619011864066124,32.95199966430664,0.0,8,8,8,cubic,0.17076930906503784,21.765750585980534,1.2694724680767904,2480,2.0,1242,162791424,2,"{""compute_capability"":""9.0"",""driver"":""unavailable"",""memory_bytes"":102132088832,""name"":""NVIDIA H100""}","{""cuda"":""13.0"",""git_head"":""7db753be5b014476cd3ab0207173a55d6730fb14"",""jax"":""0.11.2"",""jaxlib"":""0.11.2"",""nvalchemi_toolkit_ops"":""0.5.0"",""python"":""3.12.3"",""source_sha256"":""0796a4ffc622cdc7ab846f2e8cf88b0b52fccae4dcfe32a3140b3bb9818aab8e"",""torch"":""2.14.0+cu130"",""warp"":""1.17.0""}","{""gpu_uuid"":""e8b1f776-3e7d-8391-c1b5-79a044e95420"",""host"":""s4124-0117""}","{""JAX_DISABLE_JIT"":""<unset>"",""JAX_DISABLE_JIT_ACTUAL"":""<not-imported>"",""JAX_ENABLE_X64"":""1"",""JAX_ENABLE_X64_ACTUAL"":""<not-imported>"",""JAX_PLATFORMS"":""<unset>"",""TF_GPU_ALLOCATOR"":""<unset>"",""XLA_FLAGS"":""<unset>"",""XLA_PYTHON_CLIENT_ALLOCATOR"":""<unset>"",""XLA_PYTHON_CLIENT_MEM_FRACTION"":""0.95"",""XLA_PYTHON_CLIENT_PREALLOCATE"":""<unset>""}","{""artifacts"":{""nh3_pdb_1024"":{""bytes"":83199,""sha256"":""cb99e65c2024c8b1a80a7ea1f4ff5b23ef76a5d153a2caeb4a0e3077b5239135"",""state"":""file""},""nh3_pdb_128"":{""bytes"":10623,""sha256"":""4b48182856ba92449fa52b61bf2f95c6ce28937a3cb3da6aec4f131a1216c760"",""state"":""file""},""nh3_pdb_131072"":{""bytes"":10617087,""sha256"":""d454eb5e6e9fe717e1c12c22e3fc749189deae022de05b0f6f83f9f4501bbb52"",""state"":""file""},""nh3_pdb_16384"":{""bytes"":1327359,""sha256"":""07f5683974f6bdad6798104cf7de5ddb670704f71b7e28715d957805124196b8"",""state"":""file""},""nh3_pdb_2048"":{""bytes"":166143,""sha256"":""7171f9c4d6bf3c819f96ddd11877441961f43096057863d0607070d97c5e5a16"",""state"":""file""},""nh3_pdb_256"":{""bytes"":20991,""sha256"":""870d35ef9d654b395f8eefcd897e002ff41b1327475879ff5b955080ecb91ee0"",""state"":""file""},""nh3_pdb_32768"":{""bytes"":2654463,""sha256"":""a193ff7fc7793ae1c9121af48f694b9cff6974a63e67029053ab9312f86cb9cc"",""state"":""file""},""nh3_pdb_4096"":{""bytes"":332031,""sha256"":""e6d9ba2e0f95a04ebbeb61682dcf615982860aaa336140fee7ba55698f68175c"",""state"":""file""},""nh3_pdb_512"":{""bytes"":41727,""sha256"":""76e8d0d71fd3d49a1d14bb1fcd0689b08241620df41c90a904be29c85a67934e"",""state"":""file""},""nh3_pdb_65536"":{""bytes"":5308671,""sha256"":""a80e717b9abb39221c121bf3137135662e1b3c727e705e8f01e651720acd6dcc"",""state"":""file""},""nh3_pdb_8192"":{""bytes"":663807,""sha256"":""b0664469d3a8e84f71fbd848f1f0ffaca2cee3f4fd2100ed10f398e7c19a27e6"",""state"":""file""}},""metadata"":{""benchmark"":""el""}}",da2e3992-31bf-4906-ae02-d3747f02a55a,,,,,,,,,,,,,,,,,,
cscl,constant_workload,ewald,torch,2048,64,131072,0.14589335769414902,6854321.64839472,4242.53369140625,8.59241533279419,10,3,torch_cuda_events,warmup_excluded,True,,,1e-06,5,arithmetic_mean,1.0071533098245928,"[0.019185568237304686,0.019102423095703126,0.019049302673339843,0.01912927703857422,0.019146099853515626]",,,,,not_measured,not_measured,,nan,nan,2112,energy_autograd,energy_forces_charge_gradients,True,True,False,131072,0,0.0,explicit,0.028619011864066124,32.95199966430664,0.0,16,8,8,orthorhombic,0.15213815854375362,24.431228985730645,1.1309713945240651,3504,2.0,1806,236716032,2,"{""compute_capability"":""9.0"",""driver"":""unavailable"",""memory_bytes"":102132088832,""name"":""NVIDIA H100""}","{""cuda"":""13.0"",""git_head"":""7db753be5b014476cd3ab0207173a55d6730fb14"",""jax"":""0.11.2"",""jaxlib"":""0.11.2"",""nvalchemi_toolkit_ops"":""0.5.0"",""python"":""3.12.3"",""source_sha256"":""0796a4ffc622cdc7ab846f2e8cf88b0b52fccae4dcfe32a3140b3bb9818aab8e"",""torch"":""2.14.0+cu130"",""warp"":""1.17.0""}","{""gpu_uuid"":""e8b1f776-3e7d-8391-c1b5-79a044e95420"",""host"":""s4124-0117""}","{""JAX_DISABLE_JIT"":""<unset>"",""JAX_DISABLE_JIT_ACTUAL"":""<not-imported>"",""JAX_ENABLE_X64"":""1"",""JAX_ENABLE_X64_ACTUAL"":""<not-imported>"",""JAX_PLATFORMS"":""<unset>"",""TF_GPU_ALLOCATOR"":""<unset>"",""XLA_FLAGS"":""<unset>"",""XLA_PYTHON_CLIENT_ALLOCATOR"":""<unset>"",""XLA_PYTHON_CLIENT_MEM_FRACTION"":""0.95"",""XLA_PYTHON_CLIENT_PREALLOCATE"":""<unset>""}","{""artifacts"":{""nh3_pdb_1024"":{""bytes"":83199,""sha256"":""cb99e65c2024c8b1a80a7ea1f4ff5b23ef76a5d153a2caeb4a0e3077b5239135"",""state"":""file""},""nh3_pdb_128"":{""bytes"":10623,""sha256"":""4b48182856ba92449fa52b61bf2f95c6ce28937a3cb3da6aec4f131a1216c760"",""state"":""file""},""nh3_pdb_131072"":{""bytes"":10617087,""sha256"":""d454eb5e6e9fe717e1c12c22e3fc749189deae022de05b0f6f83f9f4501bbb52"",""state"":""file""},""nh3_pdb_16384"":{""bytes"":1327359,""sha256"":""07f5683974f6bdad6798104cf7de5ddb670704f71b7e28715d957805124196b8"",""state"":""file""},""nh3_pdb_2048"":{""bytes"":166143,""sha256"":""7171f9c4d6bf3c819f96ddd11877441961f43096057863d0607070d97c5e5a16"",""state"":""file""},""nh3_pdb_256"":{""bytes"":20991,""sha256"":""870d35ef9d654b395f8eefcd897e002ff41b1327475879ff5b955080ecb91ee0"",""state"":""file""},""nh3_pdb_32768"":{""bytes"":2654463,""sha256"":""a193ff7fc7793ae1c9121af48f694b9cff6974a63e67029053ab9312f86cb9cc"",""state"":""file""},""nh3_pdb_4096"":{""bytes"":332031,""sha256"":""e6d9ba2e0f95a04ebbeb61682dcf615982860aaa336140fee7ba55698f68175c"",""state"":""file""},""nh3_pdb_512"":{""bytes"":41727,""sha256"":""76e8d0d71fd3d49a1d14bb1fcd0689b08241620df41c90a904be29c85a67934e"",""state"":""file""},""nh3_pdb_65536"":{""bytes"":5308671,""sha256"":""a80e717b9abb39221c121bf3137135662e1b3c727e705e8f01e651720acd6dcc"",""state"":""file""},""nh3_pdb_8192"":{""bytes"":663807,""sha256"":""b0664469d3a8e84f71fbd848f1f0ffaca2cee3f4fd2100ed10f398e7c19a27e6"",""state"":""file""}},""metadata"":{""benchmark"":""el""}}",da2e3992-31bf-4906-ae02-d3747f02a55a,,,,,,,,,,,,,,,,,,
cscl,constant_workload,ewald,torch,4096,32,131072,0.20971206016838548,4768442.974605578,6894.6630859375,12.738461971282959,10,3,torch_cuda_events,warmup_excluded,True,,,1e-06,5,arithmetic_mean,1.0057439947324733,"[0.02747377624511719,0.027419622802734373,0.027524819946289063,0.027577120971679685,0.027441555786132815]",,,,,not_measured,not_measured,,nan,nan,3438,energy_autograd,energy_forces_charge_gradients,True,True,False,131072,0,0.0,explicit,0.028619011864066124,32.95199966430664,0.0,16,16,8,orthorhombic,0.13553969042686184,27.42312733003854,1.0075809656348818,4960,2.0,2444,320339968,2,"{""compute_capability"":""9.0"",""driver"":""unavailable"",""memory_bytes"":102132088832,""name"":""NVIDIA H100""}","{""cuda"":""13.0"",""git_head"":""7db753be5b014476cd3ab0207173a55d6730fb14"",""jax"":""0.11.2"",""jaxlib"":""0.11.2"",""nvalchemi_toolkit_ops"":""0.5.0"",""python"":""3.12.3"",""source_sha256"":""0796a4ffc622cdc7ab846f2e8cf88b0b52fccae4dcfe32a3140b3bb9818aab8e"",""torch"":""2.14.0+cu130"",""warp"":""1.17.0""}","{""gpu_uuid"":""e8b1f776-3e7d-8391-c1b5-79a044e95420"",""host"":""s4124-0117""}","{""JAX_DISABLE_JIT"":""<unset>"",""JAX_DISABLE_JIT_ACTUAL"":""<not-imported>"",""JAX_ENABLE_X64"":""1"",""JAX_ENABLE_X64_ACTUAL"":""<not-imported>"",""JAX_PLATFORMS"":""<unset>"",""TF_GPU_ALLOCATOR"":""<unset>"",""XLA_FLAGS"":""<unset>"",""XLA_PYTHON_CLIENT_ALLOCATOR"":""<unset>"",""XLA_PYTHON_CLIENT_MEM_FRACTION"":""0.95"",""XLA_PYTHON_CLIENT_PREALLOCATE"":""<unset>""}","{""artifacts"":{""nh3_pdb_1024"":{""bytes"":83199,""sha256"":""cb99e65c2024c8b1a80a7ea1f4ff5b23ef76a5d153a2caeb4a0e3077b5239135"",""state"":""file""},""nh3_pdb_128"":{""bytes"":10623,""sha256"":""4b48182856ba92449fa52b61bf2f95c6ce28937a3cb3da6aec4f131a1216c760"",""state"":""file""},""nh3_pdb_131072"":{""bytes"":10617087,""sha256"":""d454eb5e6e9fe717e1c12c22e3fc749189deae022de05b0f6f83f9f4501bbb52"",""state"":""file""},""nh3_pdb_16384"":{""bytes"":1327359,""sha256"":""07f5683974f6bdad6798104cf7de5ddb670704f71b7e28715d957805124196b8"",""state"":""file""},""nh3_pdb_2048"":{""bytes"":166143,""sha256"":""7171f9c4d6bf3c819f96ddd11877441961f43096057863d0607070d97c5e5a16"",""state"":""file""},""nh3_pdb_256"":{""bytes"":20991,""sha256"":""870d35ef9d654b395f8eefcd897e002ff41b1327475879ff5b955080ecb91ee0"",""state"":""file""},""nh3_pdb_32768"":{""bytes"":2654463,""sha256"":""a193ff7fc7793ae1c9121af48f694b9cff6974a63e67029053ab9312f86cb9cc"",""state"":""file""},""nh3_pdb_4096"":{""bytes"":332031,""sha256"":""e6d9ba2e0f95a04ebbeb61682dcf615982860aaa336140fee7ba55698f68175c"",""state"":""file""},""nh3_pdb_512"":{""bytes"":41727,""sha256"":""76e8d0d71fd3d49a1d14bb1fcd0689b08241620df41c90a904be29c85a67934e"",""state"":""file""},""nh3_pdb_65536"":{""bytes"":5308671,""sha256"":""a80e717b9abb39221c121bf3137135662e1b3c727e705e8f01e651720acd6dcc"",""state"":""file""},""nh3_pdb_8192"":{""bytes"":663807,""sha256"":""b0664469d3a8e84f71fbd848f1f0ffaca2cee3f4fd2100ed10f398e7c19a27e6"",""state"":""file""}},""metadata"":{""benchmark"":""el""}}",da2e3992-31bf-4906-ae02-d3747f02a55a,,,,,,,,,,,,,,,,,,
cscl,constant_workload,ewald,torch,8192,16,131072,0.2891348442062736,3458593.870777413,9277.13330078125,17.589679718017578,10,3,torch_cuda_events,warmup_excluded,True,,,1e-06,5,arithmetic_mean,1.005036243096313,"[0.03799984741210938,0.037850555419921876,0.037923937988281246,0.03790364074707031,0.037809429931640624]",,,,,not_measured,not_measured,,nan,nan,4630,energy_autograd,energy_forces_charge_gradients,True,True,False,131072,0,0.0,explicit,0.028619011864066124,65.90399932861328,0.0,16,16,16,cubic,0.12075213645842964,30.78141967392381,0.8976525907067212,7008,2.0,3478,455868416,2,"{""compute_capability"":""9.0"",""driver"":""unavailable"",""memory_bytes"":102132088832,""name"":""NVIDIA H100""}","{""cuda"":""13.0"",""git_head"":""7db753be5b014476cd3ab0207173a55d6730fb14"",""jax"":""0.11.2"",""jaxlib"":""0.11.2"",""nvalchemi_toolkit_ops"":""0.5.0"",""python"":""3.12.3"",""source_sha256"":""0796a4ffc622cdc7ab846f2e8cf88b0b52fccae4dcfe32a3140b3bb9818aab8e"",""torch"":""2.14.0+cu130"",""warp"":""1.17.0""}","{""gpu_uuid"":""e8b1f776-3e7d-8391-c1b5-79a044e95420"",""host"":""s4124-0117""}","{""JAX_DISABLE_JIT"":""<unset>"",""JAX_DISABLE_JIT_ACTUAL"":""<not-imported>"",""JAX_ENABLE_X64"":""1"",""JAX_ENABLE_X64_ACTUAL"":""<not-imported>"",""JAX_PLATFORMS"":""<unset>"",""TF_GPU_ALLOCATOR"":""<unset>"",""XLA_FLAGS"":""<unset>"",""XLA_PYTHON_CLIENT_ALLOCATOR"":""<unset>"",""XLA_PYTHON_CLIENT_MEM_FRACTION"":""0.95"",""XLA_PYTHON_CLIENT_PREALLOCATE"":""<unset>""}","{""artifacts"":{""nh3_pdb_1024"":{""bytes"":83199,""sha256"":""cb99e65c2024c8b1a80a7ea1f4ff5b23ef76a5d153a2caeb4a0e3077b5239135"",""state"":""file""},""nh3_pdb_128"":{""bytes"":10623,""sha256"":""4b48182856ba92449fa52b61bf2f95c6ce28937a3cb3da6aec4f131a1216c760"",""state"":""file""},""nh3_pdb_131072"":{""bytes"":10617087,""sha256"":""d454eb5e6e9fe717e1c12c22e3fc749189deae022de05b0f6f83f9f4501bbb52"",""state"":""file""},""nh3_pdb_16384"":{""bytes"":1327359,""sha256"":""07f5683974f6bdad6798104cf7de5ddb670704f71b7e28715d957805124196b8"",""state"":""file""},""nh3_pdb_2048"":{""bytes"":166143,""sha256"":""7171f9c4d6bf3c819f96ddd11877441961f43096057863d0607070d97c5e5a16"",""state"":""file""},""nh3_pdb_256"":{""bytes"":20991,""sha256"":""870d35ef9d654b395f8eefcd897e002ff41b1327475879ff5b955080ecb91ee0"",""state"":""file""},""nh3_pdb_32768"":{""bytes"":2654463,""sha256"":""a193ff7fc7793ae1c9121af48f694b9cff6974a63e67029053ab9312f86cb9cc"",""state"":""file""},""nh3_pdb_4096"":{""bytes"":332031,""sha256"":""e6d9ba2e0f95a04ebbeb61682dcf615982860aaa336140fee7ba55698f68175c"",""state"":""file""},""nh3_pdb_512"":{""bytes"":41727,""sha256"":""76e8d0d71fd3d49a1d14bb1fcd0689b08241620df41c90a904be29c85a67934e"",""state"":""file""},""nh3_pdb_65536"":{""bytes"":5308671,""sha256"":""a80e717b9abb39221c121bf3137135662e1b3c727e705e8f01e651720acd6dcc"",""state"":""file""},""nh3_pdb_8192"":{""bytes"":663807,""sha256"":""b0664469d3a8e84f71fbd848f1f0ffaca2cee3f4fd2100ed10f398e7c19a27e6"",""state"":""file""}},""metadata"":{""benchmark"":""el""}}",da2e3992-31bf-4906-ae02-d3747f02a55a,,,,,,,,,,,,,,,,,,
cscl,constant_workload,ewald,torch,16384,8,131072,0.4225057549774647,2366831.6661233106,12650.77392578125,24.491480827331543,10,3,torch_cuda_events,warmup_excluded,True,,,1e-06,5,arithmetic_mean,1.007926195656607,"[0.05548475952148437,0.05550848388671875,0.05507197265625,0.055501049804687494,0.05532710571289062]",,,,,not_measured,not_measured,,nan,nan,6317,energy_autograd,energy_forces_charge_gradients,True,True,False,131072,0,0.0,explicit,0.028619011864066124,65.90399932861328,0.0,32,16,16,orthorhombic,0.1075779235835223,34.55097537706295,0.7997175423959729,9904,2.0,4956,649592832,2,"{""compute_capability"":""9.0"",""driver"":""unavailable"",""memory_bytes"":102132088832,""name"":""NVIDIA H100""}","{""cuda"":""13.0"",""git_head"":""7db753be5b014476cd3ab0207173a55d6730fb14"",""jax"":""0.11.2"",""jaxlib"":""0.11.2"",""nvalchemi_toolkit_ops"":""0.5.0"",""python"":""3.12.3"",""source_sha256"":""0796a4ffc622cdc7ab846f2e8cf88b0b52fccae4dcfe32a3140b3bb9818aab8e"",""torch"":""2.14.0+cu130"",""warp"":""1.17.0""}","{""gpu_uuid"":""e8b1f776-3e7d-8391-c1b5-79a044e95420"",""host"":""s4124-0117""}","{""JAX_DISABLE_JIT"":""<unset>"",""JAX_DISABLE_JIT_ACTUAL"":""<not-imported>"",""JAX_ENABLE_X64"":""1"",""JAX_ENABLE_X64_ACTUAL"":""<not-imported>"",""JAX_PLATFORMS"":""<unset>"",""TF_GPU_ALLOCATOR"":""<unset>"",""XLA_FLAGS"":""<unset>"",""XLA_PYTHON_CLIENT_ALLOCATOR"":""<unset>"",""XLA_PYTHON_CLIENT_MEM_FRACTION"":""0.95"",""XLA_PYTHON_CLIENT_PREALLOCATE"":""<unset>""}","{""artifacts"":{""nh3_pdb_1024"":{""bytes"":83199,""sha256"":""cb99e65c2024c8b1a80a7ea1f4ff5b23ef76a5d153a2caeb4a0e3077b5239135"",""state"":""file""},""nh3_pdb_128"":{""bytes"":10623,""sha256"":""4b48182856ba92449fa52b61bf2f95c6ce28937a3cb3da6aec4f131a1216c760"",""state"":""file""},""nh3_pdb_131072"":{""bytes"":10617087,""sha256"":""d454eb5e6e9fe717e1c12c22e3fc749189deae022de05b0f6f83f9f4501bbb52"",""state"":""file""},""nh3_pdb_16384"":{""bytes"":1327359,""sha256"":""07f5683974f6bdad6798104cf7de5ddb670704f71b7e28715d957805124196b8"",""state"":""file""},""nh3_pdb_2048"":{""bytes"":166143,""sha256"":""7171f9c4d6bf3c819f96ddd11877441961f43096057863d0607070d97c5e5a16"",""state"":""file""},""nh3_pdb_256"":{""bytes"":20991,""sha256"":""870d35ef9d654b395f8eefcd897e002ff41b1327475879ff5b955080ecb91ee0"",""state"":""file""},""nh3_pdb_32768"":{""bytes"":2654463,""sha256"":""a193ff7fc7793ae1c9121af48f694b9cff6974a63e67029053ab9312f86cb9cc"",""state"":""file""},""nh3_pdb_4096"":{""bytes"":332031,""sha256"":""e6d9ba2e0f95a04ebbeb61682dcf615982860aaa336140fee7ba55698f68175c"",""state"":""file""},""nh3_pdb_512"":{""bytes"":41727,""sha256"":""76e8d0d71fd3d49a1d14bb1fcd0689b08241620df41c90a904be29c85a67934e"",""state"":""file""},""nh3_pdb_65536"":{""bytes"":5308671,""sha256"":""a80e717b9abb39221c121bf3137135662e1b3c727e705e8f01e651720acd6dcc"",""state"":""file""},""nh3_pdb_8192"":{""bytes"":663807,""sha256"":""b0664469d3a8e84f71fbd848f1f0ffaca2cee3f4fd2100ed10f398e7c19a27e6"",""state"":""file""}},""metadata"":{""benchmark"":""el""}}",da2e3992-31bf-4906-ae02-d3747f02a55a,,,,,,,,,,,,,,,,,,
cscl,constant_workload,ewald,torch,32768,4,131072,0.5638401210308075,1773552.400229712,16352.50146484375,32.799073696136475,10,3,torch_cuda_events,warmup_excluded,True,,,1e-06,5,arithmetic_mean,1.001923124922208,"[0.07391212158203125,0.07399198608398437,0.07384996337890624,0.07388988647460938,0.07387430419921875]",,,,,not_measured,not_measured,,nan,nan,8168,energy_autograd,energy_forces_charge_gradients,True,True,False,131072,0,0.0,explicit,0.028619011864066124,65.90399932861328,0.0,32,32,16,orthorhombic,0.0958410342207594,38.782158592824786,0.7124673333949146,14000,2.0,6878,901513216,2,"{""compute_capability"":""9.0"",""driver"":""unavailable"",""memory_bytes"":102132088832,""name"":""NVIDIA H100""}","{""cuda"":""13.0"",""git_head"":""7db753be5b014476cd3ab0207173a55d6730fb14"",""jax"":""0.11.2"",""jaxlib"":""0.11.2"",""nvalchemi_toolkit_ops"":""0.5.0"",""python"":""3.12.3"",""source_sha256"":""0796a4ffc622cdc7ab846f2e8cf88b0b52fccae4dcfe32a3140b3bb9818aab8e"",""torch"":""2.14.0+cu130"",""warp"":""1.17.0""}","{""gpu_uuid"":""e8b1f776-3e7d-8391-c1b5-79a044e95420"",""host"":""s4124-0117""}","{""JAX_DISABLE_JIT"":""<unset>"",""JAX_DISABLE_JIT_ACTUAL"":""<not-imported>"",""JAX_ENABLE_X64"":""1"",""JAX_ENABLE_X64_ACTUAL"":""<not-imported>"",""JAX_PLATFORMS"":""<unset>"",""TF_GPU_ALLOCATOR"":""<unset>"",""XLA_FLAGS"":""<unset>"",""XLA_PYTHON_CLIENT_ALLOCATOR"":""<unset>"",""XLA_PYTHON_CLIENT_MEM_FRACTION"":""0.95"",""XLA_PYTHON_CLIENT_PREALLOCATE"":""<unset>""}","{""artifacts"":{""nh3_pdb_1024"":{""bytes"":83199,""sha256"":""cb99e65c2024c8b1a80a7ea1f4ff5b23ef76a5d153a2caeb4a0e3077b5239135"",""state"":""file""},""nh3_pdb_128"":{""bytes"":10623,""sha256"":""4b48182856ba92449fa52b61bf2f95c6ce28937a3cb3da6aec4f131a1216c760"",""state"":""file""},""nh3_pdb_131072"":{""bytes"":10617087,""sha256"":""d454eb5e6e9fe717e1c12c22e3fc749189deae022de05b0f6f83f9f4501bbb52"",""state"":""file""},""nh3_pdb_16384"":{""bytes"":1327359,""sha256"":""07f5683974f6bdad6798104cf7de5ddb670704f71b7e28715d957805124196b8"",""state"":""file""},""nh3_pdb_2048"":{""bytes"":166143,""sha256"":""7171f9c4d6bf3c819f96ddd11877441961f43096057863d0607070d97c5e5a16"",""state"":""file""},""nh3_pdb_256"":{""bytes"":20991,""sha256"":""870d35ef9d654b395f8eefcd897e002ff41b1327475879ff5b955080ecb91ee0"",""state"":""file""},""nh3_pdb_32768"":{""bytes"":2654463,""sha256"":""a193ff7fc7793ae1c9121af48f694b9cff6974a63e67029053ab9312f86cb9cc"",""state"":""file""},""nh3_pdb_4096"":{""bytes"":332031,""sha256"":""e6d9ba2e0f95a04ebbeb61682dcf615982860aaa336140fee7ba55698f68175c"",""state"":""file""},""nh3_pdb_512"":{""bytes"":41727,""sha256"":""76e8d0d71fd3d49a1d14bb1fcd0689b08241620df41c90a904be29c85a67934e"",""state"":""file""},""nh3_pdb_65536"":{""bytes"":5308671,""sha256"":""a80e717b9abb39221c121bf3137135662e1b3c727e705e8f01e651720acd6dcc"",""state"":""file""},""nh3_pdb_8192"":{""bytes"":663807,""sha256"":""b0664469d3a8e84f71fbd848f1f0ffaca2cee3f4fd2100ed10f398e7c19a27e6"",""state"":""file""}},""metadata"":{""benchmark"":""el""}}",da2e3992-31bf-4906-ae02-d3747f02a55a,,,,,,,,,,,,,,,,,,
cscl,constant_workload,ewald,torch,65536,2,131072,0.8356094174087048,1196731.3665529096,24404.37548828125,47.892515659332275,10,3,torch_cuda_events,warmup_excluded,True,,,1e-06,5,arithmetic_mean,1.0026315437050528,"[0.109473095703125,0.109482763671875,0.10966918945312501,0.10961859130859375,0.10938134765625]",,,,,not_measured,not_measured,,nan,nan,12194,energy_autograd,energy_forces_charge_gradients,True,True,False,131072,0,0.0,explicit,0.028619011864066124,131.80799865722656,0.0,32,32,32,cubic,0.08538465453251894,43.531501171961054,0.6347362340383953,19792,2.0,9840,1289748480,2,"{""compute_capability"":""9.0"",""driver"":""unavailable"",""memory_bytes"":102132088832,""name"":""NVIDIA H100""}","{""cuda"":""13.0"",""git_head"":""7db753be5b014476cd3ab0207173a55d6730fb14"",""jax"":""0.11.2"",""jaxlib"":""0.11.2"",""nvalchemi_toolkit_ops"":""0.5.0"",""python"":""3.12.3"",""source_sha256"":""0796a4ffc622cdc7ab846f2e8cf88b0b52fccae4dcfe32a3140b3bb9818aab8e"",""torch"":""2.14.0+cu130"",""warp"":""1.17.0""}","{""gpu_uuid"":""e8b1f776-3e7d-8391-c1b5-79a044e95420"",""host"":""s4124-0117""}","{""JAX_DISABLE_JIT"":""<unset>"",""JAX_DISABLE_JIT_ACTUAL"":""<not-imported>"",""JAX_ENABLE_X64"":""1"",""JAX_ENABLE_X64_ACTUAL"":""<not-imported>"",""JAX_PLATFORMS"":""<unset>"",""TF_GPU_ALLOCATOR"":""<unset>"",""XLA_FLAGS"":""<unset>"",""XLA_PYTHON_CLIENT_ALLOCATOR"":""<unset>"",""XLA_PYTHON_CLIENT_MEM_FRACTION"":""0.95"",""XLA_PYTHON_CLIENT_PREALLOCATE"":""<unset>""}","{""artifacts"":{""nh3_pdb_1024"":{""bytes"":83199,""sha256"":""cb99e65c2024c8b1a80a7ea1f4ff5b23ef76a5d153a2caeb4a0e3077b5239135"",""state"":""file""},""nh3_pdb_128"":{""bytes"":10623,""sha256"":""4b48182856ba92449fa52b61bf2f95c6ce28937a3cb3da6aec4f131a1216c760"",""state"":""file""},""nh3_pdb_131072"":{""bytes"":10617087,""sha256"":""d454eb5e6e9fe717e1c12c22e3fc749189deae022de05b0f6f83f9f4501bbb52"",""state"":""file""},""nh3_pdb_16384"":{""bytes"":1327359,""sha256"":""07f5683974f6bdad6798104cf7de5ddb670704f71b7e28715d957805124196b8"",""state"":""file""},""nh3_pdb_2048"":{""bytes"":166143,""sha256"":""7171f9c4d6bf3c819f96ddd11877441961f43096057863d0607070d97c5e5a16"",""state"":""file""},""nh3_pdb_256"":{""bytes"":20991,""sha256"":""870d35ef9d654b395f8eefcd897e002ff41b1327475879ff5b955080ecb91ee0"",""state"":""file""},""nh3_pdb_32768"":{""bytes"":2654463,""sha256"":""a193ff7fc7793ae1c9121af48f694b9cff6974a63e67029053ab9312f86cb9cc"",""state"":""file""},""nh3_pdb_4096"":{""bytes"":332031,""sha256"":""e6d9ba2e0f95a04ebbeb61682dcf615982860aaa336140fee7ba55698f68175c"",""state"":""file""},""nh3_pdb_512"":{""bytes"":41727,""sha256"":""76e8d0d71fd3d49a1d14bb1fcd0689b08241620df41c90a904be29c85a67934e"",""state"":""file""},""nh3_pdb_65536"":{""bytes"":5308671,""sha256"":""a80e717b9abb39221c121bf3137135662e1b3c727e705e8f01e651720acd6dcc"",""state"":""file""},""nh3_pdb_8192"":{""bytes"":663807,""sha256"":""b0664469d3a8e84f71fbd848f1f0ffaca2cee3f4fd2100ed10f398e7c19a27e6"",""state"":""file""}},""metadata"":{""benchmark"":""el""}}",da2e3992-31bf-4906-ae02-d3747f02a55a,,,,,,,,,,,,,,,,,,
cscl,constant_workload,ewald,torch,131072,1,131072,1.1393101327121258,877724.1343579573,30640.23681640625,63.77303647994995,10,3,torch_cuda_events,warmup_excluded,True,,,1e-06,5,arithmetic_mean,1.0052220606342814,"[0.14957391357421873,0.14953743896484376,0.14932139892578125,0.14942864990234375,0.14879688720703127]",,,,,not_measured,not_measured,,nan,nan,15312,energy_autograd,energy_forces_charge_gradients,True,True,False,131072,0,0.0,explicit,0.028619011864066124,131.80799865722656,0.0,64,32,32,orthorhombic,0.07606907927187684,48.86245797146128,0.5654856972620327,27984,2.0,13850,1815347200,2,"{""compute_capability"":""9.0"",""driver"":""unavailable"",""memory_bytes"":102132088832,""name"":""NVIDIA H100""}","{""cuda"":""13.0"",""git_head"":""7db753be5b014476cd3ab0207173a55d6730fb14"",""jax"":""0.11.2"",""jaxlib"":""0.11.2"",""nvalchemi_toolkit_ops"":""0.5.0"",""python"":""3.12.3"",""source_sha256"":""0796a4ffc622cdc7ab846f2e8cf88b0b52fccae4dcfe32a3140b3bb9818aab8e"",""torch"":""2.14.0+cu130"",""warp"":""1.17.0""}","{""gpu_uuid"":""e8b1f776-3e7d-8391-c1b5-79a044e95420"",""host"":""s4124-0117""}","{""JAX_DISABLE_JIT"":""<unset>"",""JAX_DISABLE_JIT_ACTUAL"":""<not-imported>"",""JAX_ENABLE_X64"":""1"",""JAX_ENABLE_X64_ACTUAL"":""<not-imported>"",""JAX_PLATFORMS"":""<unset>"",""TF_GPU_ALLOCATOR"":""<unset>"",""XLA_FLAGS"":""<unset>"",""XLA_PYTHON_CLIENT_ALLOCATOR"":""<unset>"",""XLA_PYTHON_CLIENT_MEM_FRACTION"":""0.95"",""XLA_PYTHON_CLIENT_PREALLOCATE"":""<unset>""}","{""artifacts"":{""nh3_pdb_1024"":{""bytes"":83199,""sha256"":""cb99e65c2024c8b1a80a7ea1f4ff5b23ef76a5d153a2caeb4a0e3077b5239135"",""state"":""file""},""nh3_pdb_128"":{""bytes"":10623,""sha256"":""4b48182856ba92449fa52b61bf2f95c6ce28937a3cb3da6aec4f131a1216c760"",""state"":""file""},""nh3_pdb_131072"":{""bytes"":10617087,""sha256"":""d454eb5e6e9fe717e1c12c22e3fc749189deae022de05b0f6f83f9f4501bbb52"",""state"":""file""},""nh3_pdb_16384"":{""bytes"":1327359,""sha256"":""07f5683974f6bdad6798104cf7de5ddb670704f71b7e28715d957805124196b8"",""state"":""file""},""nh3_pdb_2048"":{""bytes"":166143,""sha256"":""7171f9c4d6bf3c819f96ddd11877441961f43096057863d0607070d97c5e5a16"",""state"":""file""},""nh3_pdb_256"":{""bytes"":20991,""sha256"":""870d35ef9d654b395f8eefcd897e002ff41b1327475879ff5b955080ecb91ee0"",""state"":""file""},""nh3_pdb_32768"":{""bytes"":2654463,""sha256"":""a193ff7fc7793ae1c9121af48f694b9cff6974a63e67029053ab9312f86cb9cc"",""state"":""file""},""nh3_pdb_4096"":{""bytes"":332031,""sha256"":""e6d9ba2e0f95a04ebbeb61682dcf615982860aaa336140fee7ba55698f68175c"",""state"":""file""},""nh3_pdb_512"":{""bytes"":41727,""sha256"":""76e8d0d71fd3d49a1d14bb1fcd0689b08241620df41c90a904be29c85a67934e"",""state"":""file""},""nh3_pdb_65536"":{""bytes"":5308671,""sha256"":""a80e717b9abb39221c121bf3137135662e1b3c727e705e8f01e651720acd6dcc"",""state"":""file""},""nh3_pdb_8192"":{""bytes"":663807,""sha256"":""b0664469d3a8e84f71fbd848f1f0ffaca2cee3f4fd2100ed10f398e7c19a27e6"",""state"":""file""}},""metadata"":{""benchmark"":""el""}}",da2e3992-31bf-4906-ae02-d3747f02a55a,,,,,,,,,,,,,,,,,,
cscl,constant_workload,pme,torch,128,1024,131072,0.016383408219553534,61037360.88358611,347.0703125,0.6471986770629883,10,3,torch_cuda_events,warmup_excluded,True,,,0.0001,5,arithmetic_mean,1.031777146053358,"[0.00215316162109375,0.0021244895935058593,0.0021196640014648437,0.0021526943206787107,0.0021870208740234374]",,,,,not_measured,not_measured,shared_cell_k_squared,nan,nan,,energy_autograd,energy_forces_charge_gradients,True,True,False,131072,0,0.0,explicit,0.028619011864066124,16.47599983215332,0.0,4,4,4,cubic,0.3372060287522547,9.0,,176,2.0,88,11534336,2,"{""compute_capability"":""9.0"",""driver"":""unavailable"",""memory_bytes"":99996401664,""name"":""NVIDIA H100 NVL""}","{""cuda"":""13.0"",""git_head"":""unavailable"",""jax"":""0.11.2"",""jaxlib"":""0.11.2"",""nvalchemi_toolkit_ops"":""0.5.0"",""python"":""3.12.3"",""source_sha256"":""4dfd278da46af31f54f8b7671e891073f8b10f8fa2cb28e7cf92bfeddd543638"",""torch"":""2.14.0+cu130"",""warp"":""1.17.0""}","{""gpu_uuid"":""c0995d85-1dea-1b19-7e58-9baa33a5f384"",""host"":""a1u1g-mil-0576""}","{""JAX_DISABLE_JIT"":""<unset>"",""JAX_DISABLE_JIT_ACTUAL"":""<not-imported>"",""JAX_ENABLE_X64"":""1"",""JAX_ENABLE_X64_ACTUAL"":""<not-imported>"",""JAX_PLATFORMS"":""<unset>"",""TF_GPU_ALLOCATOR"":""<unset>"",""XLA_FLAGS"":""<unset>"",""XLA_PYTHON_CLIENT_ALLOCATOR"":""<unset>"",""XLA_PYTHON_CLIENT_MEM_FRACTION"":""0.95"",""XLA_PYTHON_CLIENT_PREALLOCATE"":""<unset>""}","{""artifacts"":{""nh3_pdb_1024"":{""bytes"":83199,""sha256"":""cb99e65c2024c8b1a80a7ea1f4ff5b23ef76a5d153a2caeb4a0e3077b5239135"",""state"":""file""},""nh3_pdb_128"":{""bytes"":10623,""sha256"":""4b48182856ba92449fa52b61bf2f95c6ce28937a3cb3da6aec4f131a1216c760"",""state"":""file""},""nh3_pdb_131072"":{""bytes"":10617087,""sha256"":""d454eb5e6e9fe717e1c12c22e3fc749189deae022de05b0f6f83f9f4501bbb52"",""state"":""file""},""nh3_pdb_16384"":{""bytes"":1327359,""sha256"":""07f5683974f6bdad6798104cf7de5ddb670704f71b7e28715d957805124196b8"",""state"":""file""},""nh3_pdb_2048"":{""bytes"":166143,""sha256"":""7171f9c4d6bf3c819f96ddd11877441961f43096057863d0607070d97c5e5a16"",""state"":""file""},""nh3_pdb_256"":{""bytes"":20991,""sha256"":""870d35ef9d654b395f8eefcd897e002ff41b1327475879ff5b955080ecb91ee0"",""state"":""file""},""nh3_pdb_32768"":{""bytes"":2654463,""sha256"":""a193ff7fc7793ae1c9121af48f694b9cff6974a63e67029053ab9312f86cb9cc"",""state"":""file""},""nh3_pdb_4096"":{""bytes"":332031,""sha256"":""e6d9ba2e0f95a04ebbeb61682dcf615982860aaa336140fee7ba55698f68175c"",""state"":""file""},""nh3_pdb_512"":{""bytes"":41727,""sha256"":""76e8d0d71fd3d49a1d14bb1fcd0689b08241620df41c90a904be29c85a67934e"",""state"":""file""},""nh3_pdb_65536"":{""bytes"":5308671,""sha256"":""a80e717b9abb39221c121bf3137135662e1b3c727e705e8f01e651720acd6dcc"",""state"":""file""},""nh3_pdb_8192"":{""bytes"":663807,""sha256"":""b0664469d3a8e84f71fbd848f1f0ffaca2cee3f4fd2100ed10f398e7c19a27e6"",""state"":""file""}},""metadata"":{""benchmark"":""el""}}",ec9f9176-c20b-4c6b-a2d3-efae9282f598,,,24,24,24,7488,5,7230aa3d9e48631ce068c97e592e4d05caa38848563e67e18a710cb5e16142f6,"{""batch_idx"":""int32"",""cell"":""float64"",""charges"":""float64"",""pbc"":""bool"",""positions"":""float64""}",capped_upstream_estimate,bounded_power_two_then_four_fft_snap,0.25,9.0,single_case,4e58a2e9fa72736adb36ec90791c46b626d69fb0e9c5ddf901d8cb4127b113f1,9.158982103996095,,
cscl,constant_workload,pme,torch,128,1024,131072,0.18273386638611555,5472439.344587643,11915.0703125,13.350324630737305,10,3,torch_cuda_events,warmup_excluded,True,,,1e-06,5,arithmetic_mean,1.0614452126160687,"[0.023442970275878904,0.02334920654296875,0.023411174011230468,0.024769212341308595,0.02478390350341797]",,,,,not_measured,not_measured,shared_cell_k_squared,nan,nan,,energy_autograd,energy_forces_charge_gradients,True,True,False,131072,0,0.0,explicit,0.028619011864066124,16.47599983215332,0.0,4,4,4,cubic,0.4129913543166487,9.0,,176,2.0,88,11534336,2,"{""compute_capability"":""9.0"",""driver"":""unavailable"",""memory_bytes"":99996401664,""name"":""NVIDIA H100 NVL""}","{""cuda"":""13.0"",""git_head"":""unavailable"",""jax"":""0.11.2"",""jaxlib"":""0.11.2"",""nvalchemi_toolkit_ops"":""0.5.0"",""python"":""3.12.3"",""source_sha256"":""4dfd278da46af31f54f8b7671e891073f8b10f8fa2cb28e7cf92bfeddd543638"",""torch"":""2.14.0+cu130"",""warp"":""1.17.0""}","{""gpu_uuid"":""c0995d85-1dea-1b19-7e58-9baa33a5f384"",""host"":""a1u1g-mil-0576""}","{""JAX_DISABLE_JIT"":""<unset>"",""JAX_DISABLE_JIT_ACTUAL"":""<not-imported>"",""JAX_ENABLE_X64"":""1"",""JAX_ENABLE_X64_ACTUAL"":""<not-imported>"",""JAX_PLATFORMS"":""<unset>"",""TF_GPU_ALLOCATOR"":""<unset>"",""XLA_FLAGS"":""<unset>"",""XLA_PYTHON_CLIENT_ALLOCATOR"":""<unset>"",""XLA_PYTHON_CLIENT_MEM_FRACTION"":""0.95"",""XLA_PYTHON_CLIENT_PREALLOCATE"":""<unset>""}","{""artifacts"":{""nh3_pdb_1024"":{""bytes"":83199,""sha256"":""cb99e65c2024c8b1a80a7ea1f4ff5b23ef76a5d153a2caeb4a0e3077b5239135"",""state"":""file""},""nh3_pdb_128"":{""bytes"":10623,""sha256"":""4b48182856ba92449fa52b61bf2f95c6ce28937a3cb3da6aec4f131a1216c760"",""state"":""file""},""nh3_pdb_131072"":{""bytes"":10617087,""sha256"":""d454eb5e6e9fe717e1c12c22e3fc749189deae022de05b0f6f83f9f4501bbb52"",""state"":""file""},""nh3_pdb_16384"":{""bytes"":1327359,""sha256"":""07f5683974f6bdad6798104cf7de5ddb670704f71b7e28715d957805124196b8"",""state"":""file""},""nh3_pdb_2048"":{""bytes"":166143,""sha256"":""7171f9c4d6bf3c819f96ddd11877441961f43096057863d0607070d97c5e5a16"",""state"":""file""},""nh3_pdb_256"":{""bytes"":20991,""sha256"":""870d35ef9d654b395f8eefcd897e002ff41b1327475879ff5b955080ecb91ee0"",""state"":""file""},""nh3_pdb_32768"":{""bytes"":2654463,""sha256"":""a193ff7fc7793ae1c9121af48f694b9cff6974a63e67029053ab9312f86cb9cc"",""state"":""file""},""nh3_pdb_4096"":{""bytes"":332031,""sha256"":""e6d9ba2e0f95a04ebbeb61682dcf615982860aaa336140fee7ba55698f68175c"",""state"":""file""},""nh3_pdb_512"":{""bytes"":41727,""sha256"":""76e8d0d71fd3d49a1d14bb1fcd0689b08241620df41c90a904be29c85a67934e"",""state"":""file""},""nh3_pdb_65536"":{""bytes"":5308671,""sha256"":""a80e717b9abb39221c121bf3137135662e1b3c727e705e8f01e651720acd6dcc"",""state"":""file""},""nh3_pdb_8192"":{""bytes"":663807,""sha256"":""b0664469d3a8e84f71fbd848f1f0ffaca2cee3f4fd2100ed10f398e7c19a27e6"",""state"":""file""}},""metadata"":{""benchmark"":""el""}}",ec9f9176-c20b-4c6b-a2d3-efae9282f598,,,72,72,72,191808,5,7230aa3d9e48631ce068c97e592e4d05caa38848563e67e18a710cb5e16142f6,"{""batch_idx"":""int32"",""cell"":""float64"",""charges"":""float64"",""pbc"":""bool"",""positions"":""float64""}",capped_upstream_estimate,bounded_power_two_then_four_fft_snap,0.25,9.0,single_case,4e58a2e9fa72736adb36ec90791c46b626d69fb0e9c5ddf901d8cb4127b113f1,6.325086850003572,,
cscl,constant_workload,pme,torch,256,512,131072,0.016406557406298816,60951238.900129005,464.03515625,0.7613444328308105,10,3,torch_cuda_events,warmup_excluded,True,,,0.0001,5,arithmetic_mean,1.0602805055514442,"[0.0022333951950073245,0.0021610015869140626,0.0021098079681396483,0.0021064191818237306,0.0021415775299072266]",,,,,not_measured,not_measured,shared_cell_k_squared,nan,nan,,energy_autograd,energy_forces_charge_gradients,True,True,False,131072,0,0.0,explicit,0.028619011864066124,16.47599983215332,0.0,8,4,4,orthorhombic,0.3372060287522547,9.0,,176,2.0,88,11534336,2,"{""compute_capability"":""9.0"",""driver"":""unavailable"",""memory_bytes"":99996401664,""name"":""NVIDIA H100 NVL""}","{""cuda"":""13.0"",""git_head"":""unavailable"",""jax"":""0.11.2"",""jaxlib"":""0.11.2"",""nvalchemi_toolkit_ops"":""0.5.0"",""python"":""3.12.3"",""source_sha256"":""4dfd278da46af31f54f8b7671e891073f8b10f8fa2cb28e7cf92bfeddd543638"",""torch"":""2.14.0+cu130"",""warp"":""1.17.0""}","{""gpu_uuid"":""c0995d85-1dea-1b19-7e58-9baa33a5f384"",""host"":""a1u1g-mil-0576""}","{""JAX_DISABLE_JIT"":""<unset>"",""JAX_DISABLE_JIT_ACTUAL"":""<not-imported>"",""JAX_ENABLE_X64"":""1"",""JAX_ENABLE_X64_ACTUAL"":""<not-imported>"",""JAX_PLATFORMS"":""<unset>"",""TF_GPU_ALLOCATOR"":""<unset>"",""XLA_FLAGS"":""<unset>"",""XLA_PYTHON_CLIENT_ALLOCATOR"":""<unset>"",""XLA_PYTHON_CLIENT_MEM_FRACTION"":""0.95"",""XLA_PYTHON_CLIENT_PREALLOCATE"":""<unset>""}","{""artifacts"":{""nh3_pdb_1024"":{""bytes"":83199,""sha256"":""cb99e65c2024c8b1a80a7ea1f4ff5b23ef76a5d153a2caeb4a0e3077b5239135"",""state"":""file""},""nh3_pdb_128"":{""bytes"":10623,""sha256"":""4b48182856ba92449fa52b61bf2f95c6ce28937a3cb3da6aec4f131a1216c760"",""state"":""file""},""nh3_pdb_131072"":{""bytes"":10617087,""sha256"":""d454eb5e6e9fe717e1c12c22e3fc749189deae022de05b0f6f83f9f4501bbb52"",""state"":""file""},""nh3_pdb_16384"":{""bytes"":1327359,""sha256"":""07f5683974f6bdad6798104cf7de5ddb670704f71b7e28715d957805124196b8"",""state"":""file""},""nh3_pdb_2048"":{""bytes"":166143,""sha256"":""7171f9c4d6bf3c819f96ddd11877441961f43096057863d0607070d97c5e5a16"",""state"":""file""},""nh3_pdb_256"":{""bytes"":20991,""sha256"":""870d35ef9d654b395f8eefcd897e002ff41b1327475879ff5b955080ecb91ee0"",""state"":""file""},""nh3_pdb_32768"":{""bytes"":2654463,""sha256"":""a193ff7fc7793ae1c9121af48f694b9cff6974a63e67029053ab9312f86cb9cc"",""state"":""file""},""nh3_pdb_4096"":{""bytes"":332031,""sha256"":""e6d9ba2e0f95a04ebbeb61682dcf615982860aaa336140fee7ba55698f68175c"",""state"":""file""},""nh3_pdb_512"":{""bytes"":41727,""sha256"":""76e8d0d71fd3d49a1d14bb1fcd0689b08241620df41c90a904be29c85a67934e"",""state"":""file""},""nh3_pdb_65536"":{""bytes"":5308671,""sha256"":""a80e717b9abb39221c121bf3137135662e1b3c727e705e8f01e651720acd6dcc"",""state"":""file""},""nh3_pdb_8192"":{""bytes"":663807,""sha256"":""b0664469d3a8e84f71fbd848f1f0ffaca2cee3f4fd2100ed10f398e7c19a27e6"",""state"":""file""}},""metadata"":{""benchmark"":""el""}}",ec9f9176-c20b-4c6b-a2d3-efae9282f598,,,48,24,24,14976,5,ddbd9f69d3a26d96bbb8bbcda3a34bff52030623d9176e9cc0980332a0061bfd,"{""batch_idx"":""int32"",""cell"":""float64"",""charges"":""float64"",""pbc"":""bool"",""positions"":""float64""}",capped_upstream_estimate,bounded_power_two_then_four_fft_snap,0.25,9.0,single_case,4e58a2e9fa72736adb36ec90791c46b626d69fb0e9c5ddf901d8cb4127b113f1,5.137168549001217,,
cscl,constant_workload,pme,torch,256,512,131072,0.1816380675882101,5505453.858202732,11915.03515625,13.350213050842285,10,3,torch_cuda_events,warmup_excluded,True,,,1e-06,5,arithmetic_mean,1.051982822543854,"[0.023346995544433594,0.023319024658203125,0.02332007293701172,0.024521017456054686,0.02453121337890625]",,,,,not_measured,not_measured,shared_cell_k_squared,nan,nan,,energy_autograd,energy_forces_charge_gradients,True,True,False,131072,0,0.0,explicit,0.028619011864066124,16.47599983215332,0.0,8,4,4,orthorhombic,0.4129913543166487,9.0,,176,2.0,88,11534336,2,"{""compute_capability"":""9.0"",""driver"":""unavailable"",""memory_bytes"":99996401664,""name"":""NVIDIA H100 NVL""}","{""cuda"":""13.0"",""git_head"":""unavailable"",""jax"":""0.11.2"",""jaxlib"":""0.11.2"",""nvalchemi_toolkit_ops"":""0.5.0"",""python"":""3.12.3"",""source_sha256"":""4dfd278da46af31f54f8b7671e891073f8b10f8fa2cb28e7cf92bfeddd543638"",""torch"":""2.14.0+cu130"",""warp"":""1.17.0""}","{""gpu_uuid"":""c0995d85-1dea-1b19-7e58-9baa33a5f384"",""host"":""a1u1g-mil-0576""}","{""JAX_DISABLE_JIT"":""<unset>"",""JAX_DISABLE_JIT_ACTUAL"":""<not-imported>"",""JAX_ENABLE_X64"":""1"",""JAX_ENABLE_X64_ACTUAL"":""<not-imported>"",""JAX_PLATFORMS"":""<unset>"",""TF_GPU_ALLOCATOR"":""<unset>"",""XLA_FLAGS"":""<unset>"",""XLA_PYTHON_CLIENT_ALLOCATOR"":""<unset>"",""XLA_PYTHON_CLIENT_MEM_FRACTION"":""0.95"",""XLA_PYTHON_CLIENT_PREALLOCATE"":""<unset>""}","{""artifacts"":{""nh3_pdb_1024"":{""bytes"":83199,""sha256"":""cb99e65c2024c8b1a80a7ea1f4ff5b23ef76a5d153a2caeb4a0e3077b5239135"",""state"":""file""},""nh3_pdb_128"":{""bytes"":10623,""sha256"":""4b48182856ba92449fa52b61bf2f95c6ce28937a3cb3da6aec4f131a1216c760"",""state"":""file""},""nh3_pdb_131072"":{""bytes"":10617087,""sha256"":""d454eb5e6e9fe717e1c12c22e3fc749189deae022de05b0f6f83f9f4501bbb52"",""state"":""file""},""nh3_pdb_16384"":{""bytes"":1327359,""sha256"":""07f5683974f6bdad6798104cf7de5ddb670704f71b7e28715d957805124196b8"",""state"":""file""},""nh3_pdb_2048"":{""bytes"":166143,""sha256"":""7171f9c4d6bf3c819f96ddd11877441961f43096057863d0607070d97c5e5a16"",""state"":""file""},""nh3_pdb_256"":{""bytes"":20991,""sha256"":""870d35ef9d654b395f8eefcd897e002ff41b1327475879ff5b955080ecb91ee0"",""state"":""file""},""nh3_pdb_32768"":{""bytes"":2654463,""sha256"":""a193ff7fc7793ae1c9121af48f694b9cff6974a63e67029053ab9312f86cb9cc"",""state"":""file""},""nh3_pdb_4096"":{""bytes"":332031,""sha256"":""e6d9ba2e0f95a04ebbeb61682dcf615982860aaa336140fee7ba55698f68175c"",""state"":""file""},""nh3_pdb_512"":{""bytes"":41727,""sha256"":""76e8d0d71fd3d49a1d14bb1fcd0689b08241620df41c90a904be29c85a67934e"",""state"":""file""},""nh3_pdb_65536"":{""bytes"":5308671,""sha256"":""a80e717b9abb39221c121bf3137135662e1b3c727e705e8f01e651720acd6dcc"",""state"":""file""},""nh3_pdb_8192"":{""bytes"":663807,""sha256"":""b0664469d3a8e84f71fbd848f1f0ffaca2cee3f4fd2100ed10f398e7c19a27e6"",""state"":""file""}},""metadata"":{""benchmark"":""el""}}",ec9f9176-c20b-4c6b-a2d3-efae9282f598,,,144,72,72,383616,5,ddbd9f69d3a26d96bbb8bbcda3a34bff52030623d9176e9cc0980332a0061bfd,"{""batch_idx"":""int32"",""cell"":""float64"",""charges"":""float64"",""pbc"":""bool"",""positions"":""float64""}",capped_upstream_estimate,bounded_power_two_then_four_fft_snap,0.25,9.0,single_case,4e58a2e9fa72736adb36ec90791c46b626d69fb0e9c5ddf901d8cb4127b113f1,6.111203527994803,,
cscl,constant_workload,pme,torch,512,256,131072,0.0168188035604544,59457261.41610175,464.017578125,0.7612886428833008,10,3,torch_cuda_events,warmup_excluded,True,,,0.0001,5,arithmetic_mean,1.0696163026887464,"[0.0022984256744384766,0.002209462356567383,0.002178182411193848,0.002187468719482422,0.0021488319396972657]",,,,,not_measured,not_measured,shared_cell_k_squared,nan,nan,,energy_autograd,energy_forces_charge_gradients,True,True,False,131072,0,0.0,explicit,0.028619011864066124,16.47599983215332,0.0,8,8,4,orthorhombic,0.3372060287522547,9.0,,176,2.0,88,11534336,2,"{""compute_capability"":""9.0"",""driver"":""unavailable"",""memory_bytes"":99996401664,""name"":""NVIDIA H100 NVL""}","{""cuda"":""13.0"",""git_head"":""unavailable"",""jax"":""0.11.2"",""jaxlib"":""0.11.2"",""nvalchemi_toolkit_ops"":""0.5.0"",""python"":""3.12.3"",""source_sha256"":""4dfd278da46af31f54f8b7671e891073f8b10f8fa2cb28e7cf92bfeddd543638"",""torch"":""2.14.0+cu130"",""warp"":""1.17.0""}","{""gpu_uuid"":""c0995d85-1dea-1b19-7e58-9baa33a5f384"",""host"":""a1u1g-mil-0576""}","{""JAX_DISABLE_JIT"":""<unset>"",""JAX_DISABLE_JIT_ACTUAL"":""<not-imported>"",""JAX_ENABLE_X64"":""1"",""JAX_ENABLE_X64_ACTUAL"":""<not-imported>"",""JAX_PLATFORMS"":""<unset>"",""TF_GPU_ALLOCATOR"":""<unset>"",""XLA_FLAGS"":""<unset>"",""XLA_PYTHON_CLIENT_ALLOCATOR"":""<unset>"",""XLA_PYTHON_CLIENT_MEM_FRACTION"":""0.95"",""XLA_PYTHON_CLIENT_PREALLOCATE"":""<unset>""}","{""artifacts"":{""nh3_pdb_1024"":{""bytes"":83199,""sha256"":""cb99e65c2024c8b1a80a7ea1f4ff5b23ef76a5d153a2caeb4a0e3077b5239135"",""state"":""file""},""nh3_pdb_128"":{""bytes"":10623,""sha256"":""4b48182856ba92449fa52b61bf2f95c6ce28937a3cb3da6aec4f131a1216c760"",""state"":""file""},""nh3_pdb_131072"":{""bytes"":10617087,""sha256"":""d454eb5e6e9fe717e1c12c22e3fc749189deae022de05b0f6f83f9f4501bbb52"",""state"":""file""},""nh3_pdb_16384"":{""bytes"":1327359,""sha256"":""07f5683974f6bdad6798104cf7de5ddb670704f71b7e28715d957805124196b8"",""state"":""file""},""nh3_pdb_2048"":{""bytes"":166143,""sha256"":""7171f9c4d6bf3c819f96ddd11877441961f43096057863d0607070d97c5e5a16"",""state"":""file""},""nh3_pdb_256"":{""bytes"":20991,""sha256"":""870d35ef9d654b395f8eefcd897e002ff41b1327475879ff5b955080ecb91ee0"",""state"":""file""},""nh3_pdb_32768"":{""bytes"":2654463,""sha256"":""a193ff7fc7793ae1c9121af48f694b9cff6974a63e67029053ab9312f86cb9cc"",""state"":""file""},""nh3_pdb_4096"":{""bytes"":332031,""sha256"":""e6d9ba2e0f95a04ebbeb61682dcf615982860aaa336140fee7ba55698f68175c"",""state"":""file""},""nh3_pdb_512"":{""bytes"":41727,""sha256"":""76e8d0d71fd3d49a1d14bb1fcd0689b08241620df41c90a904be29c85a67934e"",""state"":""file""},""nh3_pdb_65536"":{""bytes"":5308671,""sha256"":""a80e717b9abb39221c121bf3137135662e1b3c727e705e8f01e651720acd6dcc"",""state"":""file""},""nh3_pdb_8192"":{""bytes"":663807,""sha256"":""b0664469d3a8e84f71fbd848f1f0ffaca2cee3f4fd2100ed10f398e7c19a27e6"",""state"":""file""}},""metadata"":{""benchmark"":""el""}}",ec9f9176-c20b-4c6b-a2d3-efae9282f598,,,48,48,24,29952,5,0a3b43de226788a78e380afaeef45d4adf85b69d0c1ee74d263b89da7e4e1de8,"{""batch_idx"":""int32"",""cell"":""float64"",""charges"":""float64"",""pbc"":""bool"",""positions"":""float64""}",capped_upstream_estimate,bounded_power_two_then_four_fft_snap,0.25,9.0,single_case,4e58a2e9fa72736adb36ec90791c46b626d69fb0e9c5ddf901d8cb4127b113f1,5.274094320993754,,
cscl,constant_workload,pme,torch,512,256,131072,0.18109682947397232,5521907.826352766,11915.017578125,13.350157737731934,10,3,torch_cuda_events,warmup_excluded,True,,,1e-06,5,arithmetic_mean,1.0590937215487697,"[0.02318384246826172,0.023303411865234373,0.023303404235839844,0.024339097595214843,0.02455386199951172]",,,,,not_measured,not_measured,shared_cell_k_squared,nan,nan,,energy_autograd,energy_forces_charge_gradients,True,True,False,131072,0,0.0,explicit,0.028619011864066124,16.47599983215332,0.0,8,8,4,orthorhombic,0.4129913543166487,9.0,,176,2.0,88,11534336,2,"{""compute_capability"":""9.0"",""driver"":""unavailable"",""memory_bytes"":99996401664,""name"":""NVIDIA H100 NVL""}","{""cuda"":""13.0"",""git_head"":""unavailable"",""jax"":""0.11.2"",""jaxlib"":""0.11.2"",""nvalchemi_toolkit_ops"":""0.5.0"",""python"":""3.12.3"",""source_sha256"":""4dfd278da46af31f54f8b7671e891073f8b10f8fa2cb28e7cf92bfeddd543638"",""torch"":""2.14.0+cu130"",""warp"":""1.17.0""}","{""gpu_uuid"":""c0995d85-1dea-1b19-7e58-9baa33a5f384"",""host"":""a1u1g-mil-0576""}","{""JAX_DISABLE_JIT"":""<unset>"",""JAX_DISABLE_JIT_ACTUAL"":""<not-imported>"",""JAX_ENABLE_X64"":""1"",""JAX_ENABLE_X64_ACTUAL"":""<not-imported>"",""JAX_PLATFORMS"":""<unset>"",""TF_GPU_ALLOCATOR"":""<unset>"",""XLA_FLAGS"":""<unset>"",""XLA_PYTHON_CLIENT_ALLOCATOR"":""<unset>"",""XLA_PYTHON_CLIENT_MEM_FRACTION"":""0.95"",""XLA_PYTHON_CLIENT_PREALLOCATE"":""<unset>""}","{""artifacts"":{""nh3_pdb_1024"":{""bytes"":83199,""sha256"":""cb99e65c2024c8b1a80a7ea1f4ff5b23ef76a5d153a2caeb4a0e3077b5239135"",""state"":""file""},""nh3_pdb_128"":{""bytes"":10623,""sha256"":""4b48182856ba92449fa52b61bf2f95c6ce28937a3cb3da6aec4f131a1216c760"",""state"":""file""},""nh3_pdb_131072"":{""bytes"":10617087,""sha256"":""d454eb5e6e9fe717e1c12c22e3fc749189deae022de05b0f6f83f9f4501bbb52"",""state"":""file""},""nh3_pdb_16384"":{""bytes"":1327359,""sha256"":""07f5683974f6bdad6798104cf7de5ddb670704f71b7e28715d957805124196b8"",""state"":""file""},""nh3_pdb_2048"":{""bytes"":166143,""sha256"":""7171f9c4d6bf3c819f96ddd11877441961f43096057863d0607070d97c5e5a16"",""state"":""file""},""nh3_pdb_256"":{""bytes"":20991,""sha256"":""870d35ef9d654b395f8eefcd897e002ff41b1327475879ff5b955080ecb91ee0"",""state"":""file""},""nh3_pdb_32768"":{""bytes"":2654463,""sha256"":""a193ff7fc7793ae1c9121af48f694b9cff6974a63e67029053ab9312f86cb9cc"",""state"":""file""},""nh3_pdb_4096"":{""bytes"":332031,""sha256"":""e6d9ba2e0f95a04ebbeb61682dcf615982860aaa336140fee7ba55698f68175c"",""state"":""file""},""nh3_pdb_512"":{""bytes"":41727,""sha256"":""76e8d0d71fd3d49a1d14bb1fcd0689b08241620df41c90a904be29c85a67934e"",""state"":""file""},""nh3_pdb_65536"":{""bytes"":5308671,""sha256"":""a80e717b9abb39221c121bf3137135662e1b3c727e705e8f01e651720acd6dcc"",""state"":""file""},""nh3_pdb_8192"":{""bytes"":663807,""sha256"":""b0664469d3a8e84f71fbd848f1f0ffaca2cee3f4fd2100ed10f398e7c19a27e6"",""state"":""file""}},""metadata"":{""benchmark"":""el""}}",ec9f9176-c20b-4c6b-a2d3-efae9282f598,,,144,144,72,767232,5,0a3b43de226788a78e380afaeef45d4adf85b69d0c1ee74d263b89da7e4e1de8,"{""batch_idx"":""int32"",""cell"":""float64"",""charges"":""float64"",""pbc"":""bool"",""positions"":""float64""}",capped_upstream_estimate,bounded_power_two_then_four_fft_snap,0.25,9.0,single_case,4e58a2e9fa72736adb36ec90791c46b626d69fb0e9c5ddf901d8cb4127b113f1,6.455208286992274,,
cscl,constant_workload,pme,torch,1024,128,131072,0.016554423782508824,60406814.102257445,450.5087890625,0.7458796501159668,10,3,torch_cuda_events,warmup_excluded,True,,,0.0001,5,arithmetic_mean,1.0578723436268809,"[0.0022528991699218752,0.0021633983612060546,0.002161231994628906,0.0021296512603759766,0.002141926383972168]",,,,,not_measured,not_measured,shared_cell_k_squared,nan,nan,,energy_autograd,energy_forces_charge_gradients,True,True,False,131072,0,0.0,explicit,0.028619011864066124,32.95199966430664,0.0,8,8,8,cubic,0.3372060287522547,9.0,,176,2.0,88,11534336,2,"{""compute_capability"":""9.0"",""driver"":""unavailable"",""memory_bytes"":99996401664,""name"":""NVIDIA H100 NVL""}","{""cuda"":""13.0"",""git_head"":""unavailable"",""jax"":""0.11.2"",""jaxlib"":""0.11.2"",""nvalchemi_toolkit_ops"":""0.5.0"",""python"":""3.12.3"",""source_sha256"":""4dfd278da46af31f54f8b7671e891073f8b10f8fa2cb28e7cf92bfeddd543638"",""torch"":""2.14.0+cu130"",""warp"":""1.17.0""}","{""gpu_uuid"":""c0995d85-1dea-1b19-7e58-9baa33a5f384"",""host"":""a1u1g-mil-0576""}","{""JAX_DISABLE_JIT"":""<unset>"",""JAX_DISABLE_JIT_ACTUAL"":""<not-imported>"",""JAX_ENABLE_X64"":""1"",""JAX_ENABLE_X64_ACTUAL"":""<not-imported>"",""JAX_PLATFORMS"":""<unset>"",""TF_GPU_ALLOCATOR"":""<unset>"",""XLA_FLAGS"":""<unset>"",""XLA_PYTHON_CLIENT_ALLOCATOR"":""<unset>"",""XLA_PYTHON_CLIENT_MEM_FRACTION"":""0.95"",""XLA_PYTHON_CLIENT_PREALLOCATE"":""<unset>""}","{""artifacts"":{""nh3_pdb_1024"":{""bytes"":83199,""sha256"":""cb99e65c2024c8b1a80a7ea1f4ff5b23ef76a5d153a2caeb4a0e3077b5239135"",""state"":""file""},""nh3_pdb_128"":{""bytes"":10623,""sha256"":""4b48182856ba92449fa52b61bf2f95c6ce28937a3cb3da6aec4f131a1216c760"",""state"":""file""},""nh3_pdb_131072"":{""bytes"":10617087,""sha256"":""d454eb5e6e9fe717e1c12c22e3fc749189deae022de05b0f6f83f9f4501bbb52"",""state"":""file""},""nh3_pdb_16384"":{""bytes"":1327359,""sha256"":""07f5683974f6bdad6798104cf7de5ddb670704f71b7e28715d957805124196b8"",""state"":""file""},""nh3_pdb_2048"":{""bytes"":166143,""sha256"":""7171f9c4d6bf3c819f96ddd11877441961f43096057863d0607070d97c5e5a16"",""state"":""file""},""nh3_pdb_256"":{""bytes"":20991,""sha256"":""870d35ef9d654b395f8eefcd897e002ff41b1327475879ff5b955080ecb91ee0"",""state"":""file""},""nh3_pdb_32768"":{""bytes"":2654463,""sha256"":""a193ff7fc7793ae1c9121af48f694b9cff6974a63e67029053ab9312f86cb9cc"",""state"":""file""},""nh3_pdb_4096"":{""bytes"":332031,""sha256"":""e6d9ba2e0f95a04ebbeb61682dcf615982860aaa336140fee7ba55698f68175c"",""state"":""file""},""nh3_pdb_512"":{""bytes"":41727,""sha256"":""76e8d0d71fd3d49a1d14bb1fcd0689b08241620df41c90a904be29c85a67934e"",""state"":""file""},""nh3_pdb_65536"":{""bytes"":5308671,""sha256"":""a80e717b9abb39221c121bf3137135662e1b3c727e705e8f01e651720acd6dcc"",""state"":""file""},""nh3_pdb_8192"":{""bytes"":663807,""sha256"":""b0664469d3a8e84f71fbd848f1f0ffaca2cee3f4fd2100ed10f398e7c19a27e6"",""state"":""file""}},""metadata"":{""benchmark"":""el""}}",ec9f9176-c20b-4c6b-a2d3-efae9282f598,,,48,48,48,57600,5,d29ce85f7d6e6c8a252105793151034f0047d40b8e7d7df44e4b2fc295547133,"{""batch_idx"":""int32"",""cell"":""float64"",""charges"":""float64"",""pbc"":""bool"",""positions"":""float64""}",capped_upstream_estimate,bounded_power_two_then_four_fft_snap,0.25,9.0,single_case,4e58a2e9fa72736adb36ec90791c46b626d69fb0e9c5ddf901d8cb4127b113f1,5.1241878629953135,,
cscl,constant_workload,pme,torch,1024,128,131072,0.16227628570049998,6162329.85419458,11790.5087890625,13.208772659301758,10,3,torch_cuda_events,warmup_excluded,True,,,1e-06,5,arithmetic_mean,1.088670595843391,"[0.02074024963378906,0.020796902465820312,0.020834646606445312,0.02139828796386719,0.022579299926757813]",,,,,not_measured,not_measured,shared_cell_k_squared,nan,nan,,energy_autograd,energy_forces_charge_gradients,True,True,False,131072,0,0.0,explicit,0.028619011864066124,32.95199966430664,0.0,8,8,8,cubic,0.4129913543166487,9.0,,176,2.0,88,11534336,2,"{""compute_capability"":""9.0"",""driver"":""unavailable"",""memory_bytes"":99996401664,""name"":""NVIDIA H100 NVL""}","{""cuda"":""13.0"",""git_head"":""unavailable"",""jax"":""0.11.2"",""jaxlib"":""0.11.2"",""nvalchemi_toolkit_ops"":""0.5.0"",""python"":""3.12.3"",""source_sha256"":""4dfd278da46af31f54f8b7671e891073f8b10f8fa2cb28e7cf92bfeddd543638"",""torch"":""2.14.0+cu130"",""warp"":""1.17.0""}","{""gpu_uuid"":""c0995d85-1dea-1b19-7e58-9baa33a5f384"",""host"":""a1u1g-mil-0576""}","{""JAX_DISABLE_JIT"":""<unset>"",""JAX_DISABLE_JIT_ACTUAL"":""<not-imported>"",""JAX_ENABLE_X64"":""1"",""JAX_ENABLE_X64_ACTUAL"":""<not-imported>"",""JAX_PLATFORMS"":""<unset>"",""TF_GPU_ALLOCATOR"":""<unset>"",""XLA_FLAGS"":""<unset>"",""XLA_PYTHON_CLIENT_ALLOCATOR"":""<unset>"",""XLA_PYTHON_CLIENT_MEM_FRACTION"":""0.95"",""XLA_PYTHON_CLIENT_PREALLOCATE"":""<unset>""}","{""artifacts"":{""nh3_pdb_1024"":{""bytes"":83199,""sha256"":""cb99e65c2024c8b1a80a7ea1f4ff5b23ef76a5d153a2caeb4a0e3077b5239135"",""state"":""file""},""nh3_pdb_128"":{""bytes"":10623,""sha256"":""4b48182856ba92449fa52b61bf2f95c6ce28937a3cb3da6aec4f131a1216c760"",""state"":""file""},""nh3_pdb_131072"":{""bytes"":10617087,""sha256"":""d454eb5e6e9fe717e1c12c22e3fc749189deae022de05b0f6f83f9f4501bbb52"",""state"":""file""},""nh3_pdb_16384"":{""bytes"":1327359,""sha256"":""07f5683974f6bdad6798104cf7de5ddb670704f71b7e28715d957805124196b8"",""state"":""file""},""nh3_pdb_2048"":{""bytes"":166143,""sha256"":""7171f9c4d6bf3c819f96ddd11877441961f43096057863d0607070d97c5e5a16"",""state"":""file""},""nh3_pdb_256"":{""bytes"":20991,""sha256"":""870d35ef9d654b395f8eefcd897e002ff41b1327475879ff5b955080ecb91ee0"",""state"":""file""},""nh3_pdb_32768"":{""bytes"":2654463,""sha256"":""a193ff7fc7793ae1c9121af48f694b9cff6974a63e67029053ab9312f86cb9cc"",""state"":""file""},""nh3_pdb_4096"":{""bytes"":332031,""sha256"":""e6d9ba2e0f95a04ebbeb61682dcf615982860aaa336140fee7ba55698f68175c"",""state"":""file""},""nh3_pdb_512"":{""bytes"":41727,""sha256"":""76e8d0d71fd3d49a1d14bb1fcd0689b08241620df41c90a904be29c85a67934e"",""state"":""file""},""nh3_pdb_65536"":{""bytes"":5308671,""sha256"":""a80e717b9abb39221c121bf3137135662e1b3c727e705e8f01e651720acd6dcc"",""state"":""file""},""nh3_pdb_8192"":{""bytes"":663807,""sha256"":""b0664469d3a8e84f71fbd848f1f0ffaca2cee3f4fd2100ed10f398e7c19a27e6"",""state"":""file""}},""metadata"":{""benchmark"":""el""}}",ec9f9176-c20b-4c6b-a2d3-efae9282f598,,,144,144,144,1513728,5,d29ce85f7d6e6c8a252105793151034f0047d40b8e7d7df44e4b2fc295547133,"{""batch_idx"":""int32"",""cell"":""float64"",""charges"":""float64"",""pbc"":""bool"",""positions"":""float64""}",capped_upstream_estimate,bounded_power_two_then_four_fft_snap,0.25,9.0,single_case,4e58a2e9fa72736adb36ec90791c46b626d69fb0e9c5ddf901d8cb4127b113f1,6.046481844998198,,
cscl,constant_workload,pme,torch,2048,64,131072,0.016887207166291773,59216422.83136555,450.50439453125,0.7458662986755371,10,3,torch_cuda_events,warmup_excluded,True,,,0.0001,5,arithmetic_mean,1.0573167622004316,"[0.0023069536209106446,0.0021886112213134767,0.002199519920349121,0.0021818944931030274,0.0021902208328247073]",,,,,not_measured,not_measured,shared_cell_k_squared,nan,nan,,energy_autograd,energy_forces_charge_gradients,True,True,False,131072,0,0.0,explicit,0.028619011864066124,32.95199966430664,0.0,16,8,8,orthorhombic,0.3372060287522547,9.0,,176,2.0,88,11534336,2,"{""compute_capability"":""9.0"",""driver"":""unavailable"",""memory_bytes"":99996401664,""name"":""NVIDIA H100 NVL""}","{""cuda"":""13.0"",""git_head"":""unavailable"",""jax"":""0.11.2"",""jaxlib"":""0.11.2"",""nvalchemi_toolkit_ops"":""0.5.0"",""python"":""3.12.3"",""source_sha256"":""4dfd278da46af31f54f8b7671e891073f8b10f8fa2cb28e7cf92bfeddd543638"",""torch"":""2.14.0+cu130"",""warp"":""1.17.0""}","{""gpu_uuid"":""c0995d85-1dea-1b19-7e58-9baa33a5f384"",""host"":""a1u1g-mil-0576""}","{""JAX_DISABLE_JIT"":""<unset>"",""JAX_DISABLE_JIT_ACTUAL"":""<not-imported>"",""JAX_ENABLE_X64"":""1"",""JAX_ENABLE_X64_ACTUAL"":""<not-imported>"",""JAX_PLATFORMS"":""<unset>"",""TF_GPU_ALLOCATOR"":""<unset>"",""XLA_FLAGS"":""<unset>"",""XLA_PYTHON_CLIENT_ALLOCATOR"":""<unset>"",""XLA_PYTHON_CLIENT_MEM_FRACTION"":""0.95"",""XLA_PYTHON_CLIENT_PREALLOCATE"":""<unset>""}","{""artifacts"":{""nh3_pdb_1024"":{""bytes"":83199,""sha256"":""cb99e65c2024c8b1a80a7ea1f4ff5b23ef76a5d153a2caeb4a0e3077b5239135"",""state"":""file""},""nh3_pdb_128"":{""bytes"":10623,""sha256"":""4b48182856ba92449fa52b61bf2f95c6ce28937a3cb3da6aec4f131a1216c760"",""state"":""file""},""nh3_pdb_131072"":{""bytes"":10617087,""sha256"":""d454eb5e6e9fe717e1c12c22e3fc749189deae022de05b0f6f83f9f4501bbb52"",""state"":""file""},""nh3_pdb_16384"":{""bytes"":1327359,""sha256"":""07f5683974f6bdad6798104cf7de5ddb670704f71b7e28715d957805124196b8"",""state"":""file""},""nh3_pdb_2048"":{""bytes"":166143,""sha256"":""7171f9c4d6bf3c819f96ddd11877441961f43096057863d0607070d97c5e5a16"",""state"":""file""},""nh3_pdb_256"":{""bytes"":20991,""sha256"":""870d35ef9d654b395f8eefcd897e002ff41b1327475879ff5b955080ecb91ee0"",""state"":""file""},""nh3_pdb_32768"":{""bytes"":2654463,""sha256"":""a193ff7fc7793ae1c9121af48f694b9cff6974a63e67029053ab9312f86cb9cc"",""state"":""file""},""nh3_pdb_4096"":{""bytes"":332031,""sha256"":""e6d9ba2e0f95a04ebbeb61682dcf615982860aaa336140fee7ba55698f68175c"",""state"":""file""},""nh3_pdb_512"":{""bytes"":41727,""sha256"":""76e8d0d71fd3d49a1d14bb1fcd0689b08241620df41c90a904be29c85a67934e"",""state"":""file""},""nh3_pdb_65536"":{""bytes"":5308671,""sha256"":""a80e717b9abb39221c121bf3137135662e1b3c727e705e8f01e651720acd6dcc"",""state"":""file""},""nh3_pdb_8192"":{""bytes"":663807,""sha256"":""b0664469d3a8e84f71fbd848f1f0ffaca2cee3f4fd2100ed10f398e7c19a27e6"",""state"":""file""}},""metadata"":{""benchmark"":""el""}}",ec9f9176-c20b-4c6b-a2d3-efae9282f598,,,96,48,48,115200,5,d447113bbe0ac52669ae0bada2b199789997ad5ce2d00cdbdd20c6ab6dc3b8c3,"{""batch_idx"":""int32"",""cell"":""float64"",""charges"":""float64"",""pbc"":""bool"",""positions"":""float64""}",capped_upstream_estimate,bounded_power_two_then_four_fft_snap,0.25,9.0,single_case,4e58a2e9fa72736adb36ec90791c46b626d69fb0e9c5ddf901d8cb4127b113f1,5.122526065999409,,
cscl,constant_workload,pme,torch,2048,64,131072,0.17108329571783543,5845106.009936131,11790.50439453125,13.208759784698486,10,3,torch_cuda_events,warmup_excluded,True,,,1e-06,5,arithmetic_mean,1.0731031402825686,"[0.021846578979492187,0.021875494384765624,0.02190758056640625,0.023047862243652344,0.02344363250732422]",,,,,not_measured,not_measured,shared_cell_k_squared,nan,nan,,energy_autograd,energy_forces_charge_gradients,True,True,False,131072,0,0.0,explicit,0.028619011864066124,32.95199966430664,0.0,16,8,8,orthorhombic,0.4129913543166487,9.0,,176,2.0,88,11534336,2,"{""compute_capability"":""9.0"",""driver"":""unavailable"",""memory_bytes"":99996401664,""name"":""NVIDIA H100 NVL""}","{""cuda"":""13.0"",""git_head"":""unavailable"",""jax"":""0.11.2"",""jaxlib"":""0.11.2"",""nvalchemi_toolkit_ops"":""0.5.0"",""python"":""3.12.3"",""source_sha256"":""4dfd278da46af31f54f8b7671e891073f8b10f8fa2cb28e7cf92bfeddd543638"",""torch"":""2.14.0+cu130"",""warp"":""1.17.0""}","{""gpu_uuid"":""c0995d85-1dea-1b19-7e58-9baa33a5f384"",""host"":""a1u1g-mil-0576""}","{""JAX_DISABLE_JIT"":""<unset>"",""JAX_DISABLE_JIT_ACTUAL"":""<not-imported>"",""JAX_ENABLE_X64"":""1"",""JAX_ENABLE_X64_ACTUAL"":""<not-imported>"",""JAX_PLATFORMS"":""<unset>"",""TF_GPU_ALLOCATOR"":""<unset>"",""XLA_FLAGS"":""<unset>"",""XLA_PYTHON_CLIENT_ALLOCATOR"":""<unset>"",""XLA_PYTHON_CLIENT_MEM_FRACTION"":""0.95"",""XLA_PYTHON_CLIENT_PREALLOCATE"":""<unset>""}","{""artifacts"":{""nh3_pdb_1024"":{""bytes"":83199,""sha256"":""cb99e65c2024c8b1a80a7ea1f4ff5b23ef76a5d153a2caeb4a0e3077b5239135"",""state"":""file""},""nh3_pdb_128"":{""bytes"":10623,""sha256"":""4b48182856ba92449fa52b61bf2f95c6ce28937a3cb3da6aec4f131a1216c760"",""state"":""file""},""nh3_pdb_131072"":{""bytes"":10617087,""sha256"":""d454eb5e6e9fe717e1c12c22e3fc749189deae022de05b0f6f83f9f4501bbb52"",""state"":""file""},""nh3_pdb_16384"":{""bytes"":1327359,""sha256"":""07f5683974f6bdad6798104cf7de5ddb670704f71b7e28715d957805124196b8"",""state"":""file""},""nh3_pdb_2048"":{""bytes"":166143,""sha256"":""7171f9c4d6bf3c819f96ddd11877441961f43096057863d0607070d97c5e5a16"",""state"":""file""},""nh3_pdb_256"":{""bytes"":20991,""sha256"":""870d35ef9d654b395f8eefcd897e002ff41b1327475879ff5b955080ecb91ee0"",""state"":""file""},""nh3_pdb_32768"":{""bytes"":2654463,""sha256"":""a193ff7fc7793ae1c9121af48f694b9cff6974a63e67029053ab9312f86cb9cc"",""state"":""file""},""nh3_pdb_4096"":{""bytes"":332031,""sha256"":""e6d9ba2e0f95a04ebbeb61682dcf615982860aaa336140fee7ba55698f68175c"",""state"":""file""},""nh3_pdb_512"":{""bytes"":41727,""sha256"":""76e8d0d71fd3d49a1d14bb1fcd0689b08241620df41c90a904be29c85a67934e"",""state"":""file""},""nh3_pdb_65536"":{""bytes"":5308671,""sha256"":""a80e717b9abb39221c121bf3137135662e1b3c727e705e8f01e651720acd6dcc"",""state"":""file""},""nh3_pdb_8192"":{""bytes"":663807,""sha256"":""b0664469d3a8e84f71fbd848f1f0ffaca2cee3f4fd2100ed10f398e7c19a27e6"",""state"":""file""}},""metadata"":{""benchmark"":""el""}}",ec9f9176-c20b-4c6b-a2d3-efae9282f598,,,288,144,144,3027456,5,d447113bbe0ac52669ae0bada2b199789997ad5ce2d00cdbdd20c6ab6dc3b8c3,"{""batch_idx"":""int32"",""cell"":""float64"",""charges"":""float64"",""pbc"":""bool"",""positions"":""float64""}",capped_upstream_estimate,bounded_power_two_then_four_fft_snap,0.25,9.0,single_case,4e58a2e9fa72736adb36ec90791c46b626d69fb0e9c5ddf901d8cb4127b113f1,6.2998167049954645,,
cscl,constant_workload,pme,torch,4096,32,131072,0.017870112496893856,55959356.72894157,450.50244140625,0.7458610534667969,10,3,torch_cuda_events,warmup_excluded,True,,,0.0001,5,arithmetic_mean,1.0088506430991675,"[0.0023544992446899414,0.002333843231201172,0.0023410816192626954,0.002334012794494629,0.002347920036315918]",,,,,not_measured,not_measured,shared_cell_k_squared,nan,nan,,energy_autograd,energy_forces_charge_gradients,True,True,False,131072,0,0.0,explicit,0.028619011864066124,32.95199966430664,0.0,16,16,8,orthorhombic,0.3372060287522547,9.0,,176,2.0,88,11534336,2,"{""compute_capability"":""9.0"",""driver"":""unavailable"",""memory_bytes"":99996401664,""name"":""NVIDIA H100 NVL""}","{""cuda"":""13.0"",""git_head"":""unavailable"",""jax"":""0.11.2"",""jaxlib"":""0.11.2"",""nvalchemi_toolkit_ops"":""0.5.0"",""python"":""3.12.3"",""source_sha256"":""4dfd278da46af31f54f8b7671e891073f8b10f8fa2cb28e7cf92bfeddd543638"",""torch"":""2.14.0+cu130"",""warp"":""1.17.0""}","{""gpu_uuid"":""c0995d85-1dea-1b19-7e58-9baa33a5f384"",""host"":""a1u1g-mil-0576""}","{""JAX_DISABLE_JIT"":""<unset>"",""JAX_DISABLE_JIT_ACTUAL"":""<not-imported>"",""JAX_ENABLE_X64"":""1"",""JAX_ENABLE_X64_ACTUAL"":""<not-imported>"",""JAX_PLATFORMS"":""<unset>"",""TF_GPU_ALLOCATOR"":""<unset>"",""XLA_FLAGS"":""<unset>"",""XLA_PYTHON_CLIENT_ALLOCATOR"":""<unset>"",""XLA_PYTHON_CLIENT_MEM_FRACTION"":""0.95"",""XLA_PYTHON_CLIENT_PREALLOCATE"":""<unset>""}","{""artifacts"":{""nh3_pdb_1024"":{""bytes"":83199,""sha256"":""cb99e65c2024c8b1a80a7ea1f4ff5b23ef76a5d153a2caeb4a0e3077b5239135"",""state"":""file""},""nh3_pdb_128"":{""bytes"":10623,""sha256"":""4b48182856ba92449fa52b61bf2f95c6ce28937a3cb3da6aec4f131a1216c760"",""state"":""file""},""nh3_pdb_131072"":{""bytes"":10617087,""sha256"":""d454eb5e6e9fe717e1c12c22e3fc749189deae022de05b0f6f83f9f4501bbb52"",""state"":""file""},""nh3_pdb_16384"":{""bytes"":1327359,""sha256"":""07f5683974f6bdad6798104cf7de5ddb670704f71b7e28715d957805124196b8"",""state"":""file""},""nh3_pdb_2048"":{""bytes"":166143,""sha256"":""7171f9c4d6bf3c819f96ddd11877441961f43096057863d0607070d97c5e5a16"",""state"":""file""},""nh3_pdb_256"":{""bytes"":20991,""sha256"":""870d35ef9d654b395f8eefcd897e002ff41b1327475879ff5b955080ecb91ee0"",""state"":""file""},""nh3_pdb_32768"":{""bytes"":2654463,""sha256"":""a193ff7fc7793ae1c9121af48f694b9cff6974a63e67029053ab9312f86cb9cc"",""state"":""file""},""nh3_pdb_4096"":{""bytes"":332031,""sha256"":""e6d9ba2e0f95a04ebbeb61682dcf615982860aaa336140fee7ba55698f68175c"",""state"":""file""},""nh3_pdb_512"":{""bytes"":41727,""sha256"":""76e8d0d71fd3d49a1d14bb1fcd0689b08241620df41c90a904be29c85a67934e"",""state"":""file""},""nh3_pdb_65536"":{""bytes"":5308671,""sha256"":""a80e717b9abb39221c121bf3137135662e1b3c727e705e8f01e651720acd6dcc"",""state"":""file""},""nh3_pdb_8192"":{""bytes"":663807,""sha256"":""b0664469d3a8e84f71fbd848f1f0ffaca2cee3f4fd2100ed10f398e7c19a27e6"",""state"":""file""}},""metadata"":{""benchmark"":""el""}}",ec9f9176-c20b-4c6b-a2d3-efae9282f598,,,96,96,48,230400,5,a06910c269f2134700a74660c61b4aaa3e61d4ef31d2a8bd085e6285e3c8d66a,"{""batch_idx"":""int32"",""cell"":""float64"",""charges"":""float64"",""pbc"":""bool"",""positions"":""float64""}",capped_upstream_estimate,bounded_power_two_then_four_fft_snap,0.25,9.0,single_case,4e58a2e9fa72736adb36ec90791c46b626d69fb0e9c5ddf901d8cb4127b113f1,5.045596117008245,,
cscl,constant_workload,pme,torch,4096,32,131072,0.18254403490573165,5478130.252332892,11790.50244140625,13.208755016326904,10,3,torch_cuda_events,warmup_excluded,True,,,1e-06,5,arithmetic_mean,1.077262134188057,"[0.023204876708984377,0.023200381469726562,0.02329640655517578,0.024937501525878904,0.02499289245605469]",,,,,not_measured,not_measured,shared_cell_k_squared,nan,nan,,energy_autograd,energy_forces_charge_gradients,True,True,False,131072,0,0.0,explicit,0.028619011864066124,32.95199966430664,0.0,16,16,8,orthorhombic,0.4129913543166487,9.0,,176,2.0,88,11534336,2,"{""compute_capability"":""9.0"",""driver"":""unavailable"",""memory_bytes"":99996401664,""name"":""NVIDIA H100 NVL""}","{""cuda"":""13.0"",""git_head"":""unavailable"",""jax"":""0.11.2"",""jaxlib"":""0.11.2"",""nvalchemi_toolkit_ops"":""0.5.0"",""python"":""3.12.3"",""source_sha256"":""4dfd278da46af31f54f8b7671e891073f8b10f8fa2cb28e7cf92bfeddd543638"",""torch"":""2.14.0+cu130"",""warp"":""1.17.0""}","{""gpu_uuid"":""c0995d85-1dea-1b19-7e58-9baa33a5f384"",""host"":""a1u1g-mil-0576""}","{""JAX_DISABLE_JIT"":""<unset>"",""JAX_DISABLE_JIT_ACTUAL"":""<not-imported>"",""JAX_ENABLE_X64"":""1"",""JAX_ENABLE_X64_ACTUAL"":""<not-imported>"",""JAX_PLATFORMS"":""<unset>"",""TF_GPU_ALLOCATOR"":""<unset>"",""XLA_FLAGS"":""<unset>"",""XLA_PYTHON_CLIENT_ALLOCATOR"":""<unset>"",""XLA_PYTHON_CLIENT_MEM_FRACTION"":""0.95"",""XLA_PYTHON_CLIENT_PREALLOCATE"":""<unset>""}","{""artifacts"":{""nh3_pdb_1024"":{""bytes"":83199,""sha256"":""cb99e65c2024c8b1a80a7ea1f4ff5b23ef76a5d153a2caeb4a0e3077b5239135"",""state"":""file""},""nh3_pdb_128"":{""bytes"":10623,""sha256"":""4b48182856ba92449fa52b61bf2f95c6ce28937a3cb3da6aec4f131a1216c760"",""state"":""file""},""nh3_pdb_131072"":{""bytes"":10617087,""sha256"":""d454eb5e6e9fe717e1c12c22e3fc749189deae022de05b0f6f83f9f4501bbb52"",""state"":""file""},""nh3_pdb_16384"":{""bytes"":1327359,""sha256"":""07f5683974f6bdad6798104cf7de5ddb670704f71b7e28715d957805124196b8"",""state"":""file""},""nh3_pdb_2048"":{""bytes"":166143,""sha256"":""7171f9c4d6bf3c819f96ddd11877441961f43096057863d0607070d97c5e5a16"",""state"":""file""},""nh3_pdb_256"":{""bytes"":20991,""sha256"":""870d35ef9d654b395f8eefcd897e002ff41b1327475879ff5b955080ecb91ee0"",""state"":""file""},""nh3_pdb_32768"":{""bytes"":2654463,""sha256"":""a193ff7fc7793ae1c9121af48f694b9cff6974a63e67029053ab9312f86cb9cc"",""state"":""file""},""nh3_pdb_4096"":{""bytes"":332031,""sha256"":""e6d9ba2e0f95a04ebbeb61682dcf615982860aaa336140fee7ba55698f68175c"",""state"":""file""},""nh3_pdb_512"":{""bytes"":41727,""sha256"":""76e8d0d71fd3d49a1d14bb1fcd0689b08241620df41c90a904be29c85a67934e"",""state"":""file""},""nh3_pdb_65536"":{""bytes"":5308671,""sha256"":""a80e717b9abb39221c121bf3137135662e1b3c727e705e8f01e651720acd6dcc"",""state"":""file""},""nh3_pdb_8192"":{""bytes"":663807,""sha256"":""b0664469d3a8e84f71fbd848f1f0ffaca2cee3f4fd2100ed10f398e7c19a27e6"",""state"":""file""}},""metadata"":{""benchmark"":""el""}}",ec9f9176-c20b-4c6b-a2d3-efae9282f598,,,288,288,144,6054912,5,a06910c269f2134700a74660c61b4aaa3e61d4ef31d2a8bd085e6285e3c8d66a,"{""batch_idx"":""int32"",""cell"":""float64"",""charges"":""float64"",""pbc"":""bool"",""positions"":""float64""}",capped_upstream_estimate,bounded_power_two_then_four_fft_snap,0.25,9.0,single_case,4e58a2e9fa72736adb36ec90791c46b626d69fb0e9c5ddf901d8cb4127b113f1,6.360888942988822,,
cscl,constant_workload,pme,torch,8192,16,131072,0.019372275564819574,51620161.84696543,443.75146484375,0.7381677627563477,10,3,torch_cuda_events,warmup_excluded,True,,,0.0001,5,arithmetic_mean,1.0064716802304818,"[0.002531635284423828,0.002548019218444824,0.002536771202087402,0.002541859245300293,0.0025375295639038084]",,,,,not_measured,not_measured,shared_cell_k_squared,nan,nan,,energy_autograd,energy_forces_charge_gradients,True,True,False,131072,0,0.0,explicit,0.028619011864066124,65.90399932861328,0.0,16,16,16,cubic,0.3372060287522547,9.0,,176,2.0,88,11534336,2,"{""compute_capability"":""9.0"",""driver"":""unavailable"",""memory_bytes"":99996401664,""name"":""NVIDIA H100 NVL""}","{""cuda"":""13.0"",""git_head"":""unavailable"",""jax"":""0.11.2"",""jaxlib"":""0.11.2"",""nvalchemi_toolkit_ops"":""0.5.0"",""python"":""3.12.3"",""source_sha256"":""4dfd278da46af31f54f8b7671e891073f8b10f8fa2cb28e7cf92bfeddd543638"",""torch"":""2.14.0+cu130"",""warp"":""1.17.0""}","{""gpu_uuid"":""c0995d85-1dea-1b19-7e58-9baa33a5f384"",""host"":""a1u1g-mil-0576""}","{""JAX_DISABLE_JIT"":""<unset>"",""JAX_DISABLE_JIT_ACTUAL"":""<not-imported>"",""JAX_ENABLE_X64"":""1"",""JAX_ENABLE_X64_ACTUAL"":""<not-imported>"",""JAX_PLATFORMS"":""<unset>"",""TF_GPU_ALLOCATOR"":""<unset>"",""XLA_FLAGS"":""<unset>"",""XLA_PYTHON_CLIENT_ALLOCATOR"":""<unset>"",""XLA_PYTHON_CLIENT_MEM_FRACTION"":""0.95"",""XLA_PYTHON_CLIENT_PREALLOCATE"":""<unset>""}","{""artifacts"":{""nh3_pdb_1024"":{""bytes"":83199,""sha256"":""cb99e65c2024c8b1a80a7ea1f4ff5b23ef76a5d153a2caeb4a0e3077b5239135"",""state"":""file""},""nh3_pdb_128"":{""bytes"":10623,""sha256"":""4b48182856ba92449fa52b61bf2f95c6ce28937a3cb3da6aec4f131a1216c760"",""state"":""file""},""nh3_pdb_131072"":{""bytes"":10617087,""sha256"":""d454eb5e6e9fe717e1c12c22e3fc749189deae022de05b0f6f83f9f4501bbb52"",""state"":""file""},""nh3_pdb_16384"":{""bytes"":1327359,""sha256"":""07f5683974f6bdad6798104cf7de5ddb670704f71b7e28715d957805124196b8"",""state"":""file""},""nh3_pdb_2048"":{""bytes"":166143,""sha256"":""7171f9c4d6bf3c819f96ddd11877441961f43096057863d0607070d97c5e5a16"",""state"":""file""},""nh3_pdb_256"":{""bytes"":20991,""sha256"":""870d35ef9d654b395f8eefcd897e002ff41b1327475879ff5b955080ecb91ee0"",""state"":""file""},""nh3_pdb_32768"":{""bytes"":2654463,""sha256"":""a193ff7fc7793ae1c9121af48f694b9cff6974a63e67029053ab9312f86cb9cc"",""state"":""file""},""nh3_pdb_4096"":{""bytes"":332031,""sha256"":""e6d9ba2e0f95a04ebbeb61682dcf615982860aaa336140fee7ba55698f68175c"",""state"":""file""},""nh3_pdb_512"":{""bytes"":41727,""sha256"":""76e8d0d71fd3d49a1d14bb1fcd0689b08241620df41c90a904be29c85a67934e"",""state"":""file""},""nh3_pdb_65536"":{""bytes"":5308671,""sha256"":""a80e717b9abb39221c121bf3137135662e1b3c727e705e8f01e651720acd6dcc"",""state"":""file""},""nh3_pdb_8192"":{""bytes"":663807,""sha256"":""b0664469d3a8e84f71fbd848f1f0ffaca2cee3f4fd2100ed10f398e7c19a27e6"",""state"":""file""}},""metadata"":{""benchmark"":""el""}}",ec9f9176-c20b-4c6b-a2d3-efae9282f598,,,96,96,96,451584,5,6611d29fdfeaaf130054c9f92b62da8cdf117e9f3cd93fa31b3e09a70b31799d,"{""batch_idx"":""int32"",""cell"":""float64"",""charges"":""float64"",""pbc"":""bool"",""positions"":""float64""}",capped_upstream_estimate,bounded_power_two_then_four_fft_snap,0.25,9.0,single_case,4e58a2e9fa72736adb36ec90791c46b626d69fb0e9c5ddf901d8cb4127b113f1,5.230631993996212,,
cscl,constant_workload,pme,torch,8192,16,131072,0.2073641307651997,4822434.797714891,11729.75146484375,13.139538764953613,10,3,torch_cuda_events,warmup_excluded,True,,,1e-06,5,arithmetic_mean,1.0878414500144666,"[0.026179022216796875,0.026380874633789065,0.027058657836914062,0.02847862548828125,0.027800976562500003]",,,,,not_measured,not_measured,shared_cell_k_squared,nan,nan,,energy_autograd,energy_forces_charge_gradients,True,True,False,131072,0,0.0,explicit,0.028619011864066124,65.90399932861328,0.0,16,16,16,cubic,0.4129913543166487,9.0,,176,2.0,88,11534336,2,"{""compute_capability"":""9.0"",""driver"":""unavailable"",""memory_bytes"":99996401664,""name"":""NVIDIA H100 NVL""}","{""cuda"":""13.0"",""git_head"":""unavailable"",""jax"":""0.11.2"",""jaxlib"":""0.11.2"",""nvalchemi_toolkit_ops"":""0.5.0"",""python"":""3.12.3"",""source_sha256"":""4dfd278da46af31f54f8b7671e891073f8b10f8fa2cb28e7cf92bfeddd543638"",""torch"":""2.14.0+cu130"",""warp"":""1.17.0""}","{""gpu_uuid"":""c0995d85-1dea-1b19-7e58-9baa33a5f384"",""host"":""a1u1g-mil-0576""}","{""JAX_DISABLE_JIT"":""<unset>"",""JAX_DISABLE_JIT_ACTUAL"":""<not-imported>"",""JAX_ENABLE_X64"":""1"",""JAX_ENABLE_X64_ACTUAL"":""<not-imported>"",""JAX_PLATFORMS"":""<unset>"",""TF_GPU_ALLOCATOR"":""<unset>"",""XLA_FLAGS"":""<unset>"",""XLA_PYTHON_CLIENT_ALLOCATOR"":""<unset>"",""XLA_PYTHON_CLIENT_MEM_FRACTION"":""0.95"",""XLA_PYTHON_CLIENT_PREALLOCATE"":""<unset>""}","{""artifacts"":{""nh3_pdb_1024"":{""bytes"":83199,""sha256"":""cb99e65c2024c8b1a80a7ea1f4ff5b23ef76a5d153a2caeb4a0e3077b5239135"",""state"":""file""},""nh3_pdb_128"":{""bytes"":10623,""sha256"":""4b48182856ba92449fa52b61bf2f95c6ce28937a3cb3da6aec4f131a1216c760"",""state"":""file""},""nh3_pdb_131072"":{""bytes"":10617087,""sha256"":""d454eb5e6e9fe717e1c12c22e3fc749189deae022de05b0f6f83f9f4501bbb52"",""state"":""file""},""nh3_pdb_16384"":{""bytes"":1327359,""sha256"":""07f5683974f6bdad6798104cf7de5ddb670704f71b7e28715d957805124196b8"",""state"":""file""},""nh3_pdb_2048"":{""bytes"":166143,""sha256"":""7171f9c4d6bf3c819f96ddd11877441961f43096057863d0607070d97c5e5a16"",""state"":""file""},""nh3_pdb_256"":{""bytes"":20991,""sha256"":""870d35ef9d654b395f8eefcd897e002ff41b1327475879ff5b955080ecb91ee0"",""state"":""file""},""nh3_pdb_32768"":{""bytes"":2654463,""sha256"":""a193ff7fc7793ae1c9121af48f694b9cff6974a63e67029053ab9312f86cb9cc"",""state"":""file""},""nh3_pdb_4096"":{""bytes"":332031,""sha256"":""e6d9ba2e0f95a04ebbeb61682dcf615982860aaa336140fee7ba55698f68175c"",""state"":""file""},""nh3_pdb_512"":{""bytes"":41727,""sha256"":""76e8d0d71fd3d49a1d14bb1fcd0689b08241620df41c90a904be29c85a67934e"",""state"":""file""},""nh3_pdb_65536"":{""bytes"":5308671,""sha256"":""a80e717b9abb39221c121bf3137135662e1b3c727e705e8f01e651720acd6dcc"",""state"":""file""},""nh3_pdb_8192"":{""bytes"":663807,""sha256"":""b0664469d3a8e84f71fbd848f1f0ffaca2cee3f4fd2100ed10f398e7c19a27e6"",""state"":""file""}},""metadata"":{""benchmark"":""el""}}",ec9f9176-c20b-4c6b-a2d3-efae9282f598,,,288,288,288,12026880,5,6611d29fdfeaaf130054c9f92b62da8cdf117e9f3cd93fa31b3e09a70b31799d,"{""batch_idx"":""int32"",""cell"":""float64"",""charges"":""float64"",""pbc"":""bool"",""positions"":""float64""}",capped_upstream_estimate,bounded_power_two_then_four_fft_snap,0.25,9.0,single_case,4e58a2e9fa72736adb36ec90791c46b626d69fb0e9c5ddf901d8cb4127b113f1,6.522822821003501,,
cscl,constant_workload,pme,torch,16384,8,131072,0.020462211978156116,48870571.816357054,443.7509765625,0.7381668090820312,10,3,torch_cuda_events,warmup_excluded,True,,,0.0001,5,arithmetic_mean,1.006782866611587,"[0.002674502372741699,0.0026821664810180662,0.0026840959548950195,0.0026767072677612307,0.0026926431655883787]",,,,,not_measured,not_measured,shared_cell_k_squared,nan,nan,,energy_autograd,energy_forces_charge_gradients,True,True,False,131072,0,0.0,explicit,0.028619011864066124,65.90399932861328,0.0,32,16,16,orthorhombic,0.3372060287522547,9.0,,176,2.0,88,11534336,2,"{""compute_capability"":""9.0"",""driver"":""unavailable"",""memory_bytes"":99996401664,""name"":""NVIDIA H100 NVL""}","{""cuda"":""13.0"",""git_head"":""unavailable"",""jax"":""0.11.2"",""jaxlib"":""0.11.2"",""nvalchemi_toolkit_ops"":""0.5.0"",""python"":""3.12.3"",""source_sha256"":""4dfd278da46af31f54f8b7671e891073f8b10f8fa2cb28e7cf92bfeddd543638"",""torch"":""2.14.0+cu130"",""warp"":""1.17.0""}","{""gpu_uuid"":""c0995d85-1dea-1b19-7e58-9baa33a5f384"",""host"":""a1u1g-mil-0576""}","{""JAX_DISABLE_JIT"":""<unset>"",""JAX_DISABLE_JIT_ACTUAL"":""<not-imported>"",""JAX_ENABLE_X64"":""1"",""JAX_ENABLE_X64_ACTUAL"":""<not-imported>"",""JAX_PLATFORMS"":""<unset>"",""TF_GPU_ALLOCATOR"":""<unset>"",""XLA_FLAGS"":""<unset>"",""XLA_PYTHON_CLIENT_ALLOCATOR"":""<unset>"",""XLA_PYTHON_CLIENT_MEM_FRACTION"":""0.95"",""XLA_PYTHON_CLIENT_PREALLOCATE"":""<unset>""}","{""artifacts"":{""nh3_pdb_1024"":{""bytes"":83199,""sha256"":""cb99e65c2024c8b1a80a7ea1f4ff5b23ef76a5d153a2caeb4a0e3077b5239135"",""state"":""file""},""nh3_pdb_128"":{""bytes"":10623,""sha256"":""4b48182856ba92449fa52b61bf2f95c6ce28937a3cb3da6aec4f131a1216c760"",""state"":""file""},""nh3_pdb_131072"":{""bytes"":10617087,""sha256"":""d454eb5e6e9fe717e1c12c22e3fc749189deae022de05b0f6f83f9f4501bbb52"",""state"":""file""},""nh3_pdb_16384"":{""bytes"":1327359,""sha256"":""07f5683974f6bdad6798104cf7de5ddb670704f71b7e28715d957805124196b8"",""state"":""file""},""nh3_pdb_2048"":{""bytes"":166143,""sha256"":""7171f9c4d6bf3c819f96ddd11877441961f43096057863d0607070d97c5e5a16"",""state"":""file""},""nh3_pdb_256"":{""bytes"":20991,""sha256"":""870d35ef9d654b395f8eefcd897e002ff41b1327475879ff5b955080ecb91ee0"",""state"":""file""},""nh3_pdb_32768"":{""bytes"":2654463,""sha256"":""a193ff7fc7793ae1c9121af48f694b9cff6974a63e67029053ab9312f86cb9cc"",""state"":""file""},""nh3_pdb_4096"":{""bytes"":332031,""sha256"":""e6d9ba2e0f95a04ebbeb61682dcf615982860aaa336140fee7ba55698f68175c"",""state"":""file""},""nh3_pdb_512"":{""bytes"":41727,""sha256"":""76e8d0d71fd3d49a1d14bb1fcd0689b08241620df41c90a904be29c85a67934e"",""state"":""file""},""nh3_pdb_65536"":{""bytes"":5308671,""sha256"":""a80e717b9abb39221c121bf3137135662e1b3c727e705e8f01e651720acd6dcc"",""state"":""file""},""nh3_pdb_8192"":{""bytes"":663807,""sha256"":""b0664469d3a8e84f71fbd848f1f0ffaca2cee3f4fd2100ed10f398e7c19a27e6"",""state"":""file""}},""metadata"":{""benchmark"":""el""}}",ec9f9176-c20b-4c6b-a2d3-efae9282f598,,,192,96,96,903168,5,f379dbbcc0e0a8a535097fed965c117c675fd5018f859fdffc827d5e491479a7,"{""batch_idx"":""int32"",""cell"":""float64"",""charges"":""float64"",""pbc"":""bool"",""positions"":""float64""}",capped_upstream_estimate,bounded_power_two_then_four_fft_snap,0.25,9.0,single_case,4e58a2e9fa72736adb36ec90791c46b626d69fb0e9c5ddf901d8cb4127b113f1,5.158986921989708,,
cscl,constant_workload,pme,torch,16384,8,131072,0.2186273643746972,4573992.843302715,11729.7509765625,13.139539241790771,10,3,torch_cuda_events,warmup_excluded,True,,,1e-06,5,arithmetic_mean,1.1040652434939295,"[0.027472207641601566,0.027538400268554687,0.02911168518066406,0.030331109619140623,0.028826226806640626]",,,,,not_measured,not_measured,shared_cell_k_squared,nan,nan,,energy_autograd,energy_forces_charge_gradients,True,True,False,131072,0,0.0,explicit,0.028619011864066124,65.90399932861328,0.0,32,16,16,orthorhombic,0.4129913543166487,9.0,,176,2.0,88,11534336,2,"{""compute_capability"":""9.0"",""driver"":""unavailable"",""memory_bytes"":99996401664,""name"":""NVIDIA H100 NVL""}","{""cuda"":""13.0"",""git_head"":""unavailable"",""jax"":""0.11.2"",""jaxlib"":""0.11.2"",""nvalchemi_toolkit_ops"":""0.5.0"",""python"":""3.12.3"",""source_sha256"":""4dfd278da46af31f54f8b7671e891073f8b10f8fa2cb28e7cf92bfeddd543638"",""torch"":""2.14.0+cu130"",""warp"":""1.17.0""}","{""gpu_uuid"":""c0995d85-1dea-1b19-7e58-9baa33a5f384"",""host"":""a1u1g-mil-0576""}","{""JAX_DISABLE_JIT"":""<unset>"",""JAX_DISABLE_JIT_ACTUAL"":""<not-imported>"",""JAX_ENABLE_X64"":""1"",""JAX_ENABLE_X64_ACTUAL"":""<not-imported>"",""JAX_PLATFORMS"":""<unset>"",""TF_GPU_ALLOCATOR"":""<unset>"",""XLA_FLAGS"":""<unset>"",""XLA_PYTHON_CLIENT_ALLOCATOR"":""<unset>"",""XLA_PYTHON_CLIENT_MEM_FRACTION"":""0.95"",""XLA_PYTHON_CLIENT_PREALLOCATE"":""<unset>""}","{""artifacts"":{""nh3_pdb_1024"":{""bytes"":83199,""sha256"":""cb99e65c2024c8b1a80a7ea1f4ff5b23ef76a5d153a2caeb4a0e3077b5239135"",""state"":""file""},""nh3_pdb_128"":{""bytes"":10623,""sha256"":""4b48182856ba92449fa52b61bf2f95c6ce28937a3cb3da6aec4f131a1216c760"",""state"":""file""},""nh3_pdb_131072"":{""bytes"":10617087,""sha256"":""d454eb5e6e9fe717e1c12c22e3fc749189deae022de05b0f6f83f9f4501bbb52"",""state"":""file""},""nh3_pdb_16384"":{""bytes"":1327359,""sha256"":""07f5683974f6bdad6798104cf7de5ddb670704f71b7e28715d957805124196b8"",""state"":""file""},""nh3_pdb_2048"":{""bytes"":166143,""sha256"":""7171f9c4d6bf3c819f96ddd11877441961f43096057863d0607070d97c5e5a16"",""state"":""file""},""nh3_pdb_256"":{""bytes"":20991,""sha256"":""870d35ef9d654b395f8eefcd897e002ff41b1327475879ff5b955080ecb91ee0"",""state"":""file""},""nh3_pdb_32768"":{""bytes"":2654463,""sha256"":""a193ff7fc7793ae1c9121af48f694b9cff6974a63e67029053ab9312f86cb9cc"",""state"":""file""},""nh3_pdb_4096"":{""bytes"":332031,""sha256"":""e6d9ba2e0f95a04ebbeb61682dcf615982860aaa336140fee7ba55698f68175c"",""state"":""file""},""nh3_pdb_512"":{""bytes"":41727,""sha256"":""76e8d0d71fd3d49a1d14bb1fcd0689b08241620df41c90a904be29c85a67934e"",""state"":""file""},""nh3_pdb_65536"":{""bytes"":5308671,""sha256"":""a80e717b9abb39221c121bf3137135662e1b3c727e705e8f01e651720acd6dcc"",""state"":""file""},""nh3_pdb_8192"":{""bytes"":663807,""sha256"":""b0664469d3a8e84f71fbd848f1f0ffaca2cee3f4fd2100ed10f398e7c19a27e6"",""state"":""file""}},""metadata"":{""benchmark"":""el""}}",ec9f9176-c20b-4c6b-a2d3-efae9282f598,,,576,288,288,24053760,5,f379dbbcc0e0a8a535097fed965c117c675fd5018f859fdffc827d5e491479a7,"{""batch_idx"":""int32"",""cell"":""float64"",""charges"":""float64"",""pbc"":""bool"",""positions"":""float64""}",capped_upstream_estimate,bounded_power_two_then_four_fft_snap,0.25,9.0,single_case,4e58a2e9fa72736adb36ec90791c46b626d69fb0e9c5ddf901d8cb4127b113f1,6.430278246989474,,
cscl,constant_workload,pme,torch,32768,4,131072,0.022142573434393853,45161868.96536196,443.75048828125,0.7381658554077148,10,3,torch_cuda_events,warmup_excluded,True,,,0.0001,5,arithmetic_mean,1.0055160173540174,"[0.0028942783355712888,0.0029102432250976565,0.0029014848709106446,0.0029033792495727537,0.0029019712448120115]",,,,,not_measured,not_measured,shared_cell_k_squared,nan,nan,,energy_autograd,energy_forces_charge_gradients,True,True,False,131072,0,0.0,explicit,0.028619011864066124,65.90399932861328,0.0,32,32,16,orthorhombic,0.3372060287522547,9.0,,176,2.0,88,11534336,2,"{""compute_capability"":""9.0"",""driver"":""unavailable"",""memory_bytes"":99996401664,""name"":""NVIDIA H100 NVL""}","{""cuda"":""13.0"",""git_head"":""unavailable"",""jax"":""0.11.2"",""jaxlib"":""0.11.2"",""nvalchemi_toolkit_ops"":""0.5.0"",""python"":""3.12.3"",""source_sha256"":""4dfd278da46af31f54f8b7671e891073f8b10f8fa2cb28e7cf92bfeddd543638"",""torch"":""2.14.0+cu130"",""warp"":""1.17.0""}","{""gpu_uuid"":""c0995d85-1dea-1b19-7e58-9baa33a5f384"",""host"":""a1u1g-mil-0576""}","{""JAX_DISABLE_JIT"":""<unset>"",""JAX_DISABLE_JIT_ACTUAL"":""<not-imported>"",""JAX_ENABLE_X64"":""1"",""JAX_ENABLE_X64_ACTUAL"":""<not-imported>"",""JAX_PLATFORMS"":""<unset>"",""TF_GPU_ALLOCATOR"":""<unset>"",""XLA_FLAGS"":""<unset>"",""XLA_PYTHON_CLIENT_ALLOCATOR"":""<unset>"",""XLA_PYTHON_CLIENT_MEM_FRACTION"":""0.95"",""XLA_PYTHON_CLIENT_PREALLOCATE"":""<unset>""}","{""artifacts"":{""nh3_pdb_1024"":{""bytes"":83199,""sha256"":""cb99e65c2024c8b1a80a7ea1f4ff5b23ef76a5d153a2caeb4a0e3077b5239135"",""state"":""file""},""nh3_pdb_128"":{""bytes"":10623,""sha256"":""4b48182856ba92449fa52b61bf2f95c6ce28937a3cb3da6aec4f131a1216c760"",""state"":""file""},""nh3_pdb_131072"":{""bytes"":10617087,""sha256"":""d454eb5e6e9fe717e1c12c22e3fc749189deae022de05b0f6f83f9f4501bbb52"",""state"":""file""},""nh3_pdb_16384"":{""bytes"":1327359,""sha256"":""07f5683974f6bdad6798104cf7de5ddb670704f71b7e28715d957805124196b8"",""state"":""file""},""nh3_pdb_2048"":{""bytes"":166143,""sha256"":""7171f9c4d6bf3c819f96ddd11877441961f43096057863d0607070d97c5e5a16"",""state"":""file""},""nh3_pdb_256"":{""bytes"":20991,""sha256"":""870d35ef9d654b395f8eefcd897e002ff41b1327475879ff5b955080ecb91ee0"",""state"":""file""},""nh3_pdb_32768"":{""bytes"":2654463,""sha256"":""a193ff7fc7793ae1c9121af48f694b9cff6974a63e67029053ab9312f86cb9cc"",""state"":""file""},""nh3_pdb_4096"":{""bytes"":332031,""sha256"":""e6d9ba2e0f95a04ebbeb61682dcf615982860aaa336140fee7ba55698f68175c"",""state"":""file""},""nh3_pdb_512"":{""bytes"":41727,""sha256"":""76e8d0d71fd3d49a1d14bb1fcd0689b08241620df41c90a904be29c85a67934e"",""state"":""file""},""nh3_pdb_65536"":{""bytes"":5308671,""sha256"":""a80e717b9abb39221c121bf3137135662e1b3c727e705e8f01e651720acd6dcc"",""state"":""file""},""nh3_pdb_8192"":{""bytes"":663807,""sha256"":""b0664469d3a8e84f71fbd848f1f0ffaca2cee3f4fd2100ed10f398e7c19a27e6"",""state"":""file""}},""metadata"":{""benchmark"":""el""}}",ec9f9176-c20b-4c6b-a2d3-efae9282f598,,,192,192,96,1806336,5,20bc975ef081a09d59303478d897d7a35a08a4e68964082a1d599bfee403d381,"{""batch_idx"":""int32"",""cell"":""float64"",""charges"":""float64"",""pbc"":""bool"",""positions"":""float64""}",capped_upstream_estimate,bounded_power_two_then_four_fft_snap,0.25,9.0,single_case,4e58a2e9fa72736adb36ec90791c46b626d69fb0e9c5ddf901d8cb4127b113f1,5.251487335990532,,
cscl,constant_workload,pme,torch,32768,4,131072,0.2298601344227791,4350471.657519835,11729.75048828125,13.13953971862793,10,3,torch_cuda_events,warmup_excluded,True,,,1e-06,5,arithmetic_mean,1.0850299643988583,"[0.02920335693359375,0.029227703857421877,0.03094994812011719,0.03168651733398438,0.029573611450195315]",,,,,not_measured,not_measured,shared_cell_k_squared,nan,nan,,energy_autograd,energy_forces_charge_gradients,True,True,False,131072,0,0.0,explicit,0.028619011864066124,65.90399932861328,0.0,32,32,16,orthorhombic,0.4129913543166487,9.0,,176,2.0,88,11534336,2,"{""compute_capability"":""9.0"",""driver"":""unavailable"",""memory_bytes"":99996401664,""name"":""NVIDIA H100 NVL""}","{""cuda"":""13.0"",""git_head"":""unavailable"",""jax"":""0.11.2"",""jaxlib"":""0.11.2"",""nvalchemi_toolkit_ops"":""0.5.0"",""python"":""3.12.3"",""source_sha256"":""4dfd278da46af31f54f8b7671e891073f8b10f8fa2cb28e7cf92bfeddd543638"",""torch"":""2.14.0+cu130"",""warp"":""1.17.0""}","{""gpu_uuid"":""c0995d85-1dea-1b19-7e58-9baa33a5f384"",""host"":""a1u1g-mil-0576""}","{""JAX_DISABLE_JIT"":""<unset>"",""JAX_DISABLE_JIT_ACTUAL"":""<not-imported>"",""JAX_ENABLE_X64"":""1"",""JAX_ENABLE_X64_ACTUAL"":""<not-imported>"",""JAX_PLATFORMS"":""<unset>"",""TF_GPU_ALLOCATOR"":""<unset>"",""XLA_FLAGS"":""<unset>"",""XLA_PYTHON_CLIENT_ALLOCATOR"":""<unset>"",""XLA_PYTHON_CLIENT_MEM_FRACTION"":""0.95"",""XLA_PYTHON_CLIENT_PREALLOCATE"":""<unset>""}","{""artifacts"":{""nh3_pdb_1024"":{""bytes"":83199,""sha256"":""cb99e65c2024c8b1a80a7ea1f4ff5b23ef76a5d153a2caeb4a0e3077b5239135"",""state"":""file""},""nh3_pdb_128"":{""bytes"":10623,""sha256"":""4b48182856ba92449fa52b61bf2f95c6ce28937a3cb3da6aec4f131a1216c760"",""state"":""file""},""nh3_pdb_131072"":{""bytes"":10617087,""sha256"":""d454eb5e6e9fe717e1c12c22e3fc749189deae022de05b0f6f83f9f4501bbb52"",""state"":""file""},""nh3_pdb_16384"":{""bytes"":1327359,""sha256"":""07f5683974f6bdad6798104cf7de5ddb670704f71b7e28715d957805124196b8"",""state"":""file""},""nh3_pdb_2048"":{""bytes"":166143,""sha256"":""7171f9c4d6bf3c819f96ddd11877441961f43096057863d0607070d97c5e5a16"",""state"":""file""},""nh3_pdb_256"":{""bytes"":20991,""sha256"":""870d35ef9d654b395f8eefcd897e002ff41b1327475879ff5b955080ecb91ee0"",""state"":""file""},""nh3_pdb_32768"":{""bytes"":2654463,""sha256"":""a193ff7fc7793ae1c9121af48f694b9cff6974a63e67029053ab9312f86cb9cc"",""state"":""file""},""nh3_pdb_4096"":{""bytes"":332031,""sha256"":""e6d9ba2e0f95a04ebbeb61682dcf615982860aaa336140fee7ba55698f68175c"",""state"":""file""},""nh3_pdb_512"":{""bytes"":41727,""sha256"":""76e8d0d71fd3d49a1d14bb1fcd0689b08241620df41c90a904be29c85a67934e"",""state"":""file""},""nh3_pdb_65536"":{""bytes"":5308671,""sha256"":""a80e717b9abb39221c121bf3137135662e1b3c727e705e8f01e651720acd6dcc"",""state"":""file""},""nh3_pdb_8192"":{""bytes"":663807,""sha256"":""b0664469d3a8e84f71fbd848f1f0ffaca2cee3f4fd2100ed10f398e7c19a27e6"",""state"":""file""}},""metadata"":{""benchmark"":""el""}}",ec9f9176-c20b-4c6b-a2d3-efae9282f598,,,576,576,288,48107520,5,20bc975ef081a09d59303478d897d7a35a08a4e68964082a1d599bfee403d381,"{""batch_idx"":""int32"",""cell"":""float64"",""charges"":""float64"",""pbc"":""bool"",""positions"":""float64""}",capped_upstream_estimate,bounded_power_two_then_four_fft_snap,0.25,9.0,single_case,4e58a2e9fa72736adb36ec90791c46b626d69fb0e9c5ddf901d8cb4127b113f1,6.727295235992642,,
cscl,constant_workload,pme,torch,65536,2,131072,0.020917949150316417,47805833.77529022,440.37548828125,0.734321117401123,10,3,torch_cuda_events,warmup_excluded,True,,,0.0001,5,arithmetic_mean,1.0087940190916356,"[0.0027413183212280272,0.002729862403869629,0.002738204765319824,0.002753868865966797,0.00274553279876709]",,,,,not_measured,not_measured,shared_cell_k_squared,nan,nan,,energy_autograd,energy_forces_charge_gradients,True,True,False,131072,0,0.0,explicit,0.028619011864066124,131.80799865722656,0.0,32,32,32,cubic,0.3372060287522547,9.0,,176,2.0,88,11534336,2,"{""compute_capability"":""9.0"",""driver"":""unavailable"",""memory_bytes"":99996401664,""name"":""NVIDIA H100 NVL""}","{""cuda"":""13.0"",""git_head"":""unavailable"",""jax"":""0.11.2"",""jaxlib"":""0.11.2"",""nvalchemi_toolkit_ops"":""0.5.0"",""python"":""3.12.3"",""source_sha256"":""4dfd278da46af31f54f8b7671e891073f8b10f8fa2cb28e7cf92bfeddd543638"",""torch"":""2.14.0+cu130"",""warp"":""1.17.0""}","{""gpu_uuid"":""c0995d85-1dea-1b19-7e58-9baa33a5f384"",""host"":""a1u1g-mil-0576""}","{""JAX_DISABLE_JIT"":""<unset>"",""JAX_DISABLE_JIT_ACTUAL"":""<not-imported>"",""JAX_ENABLE_X64"":""1"",""JAX_ENABLE_X64_ACTUAL"":""<not-imported>"",""JAX_PLATFORMS"":""<unset>"",""TF_GPU_ALLOCATOR"":""<unset>"",""XLA_FLAGS"":""<unset>"",""XLA_PYTHON_CLIENT_ALLOCATOR"":""<unset>"",""XLA_PYTHON_CLIENT_MEM_FRACTION"":""0.95"",""XLA_PYTHON_CLIENT_PREALLOCATE"":""<unset>""}","{""artifacts"":{""nh3_pdb_1024"":{""bytes"":83199,""sha256"":""cb99e65c2024c8b1a80a7ea1f4ff5b23ef76a5d153a2caeb4a0e3077b5239135"",""state"":""file""},""nh3_pdb_128"":{""bytes"":10623,""sha256"":""4b48182856ba92449fa52b61bf2f95c6ce28937a3cb3da6aec4f131a1216c760"",""state"":""file""},""nh3_pdb_131072"":{""bytes"":10617087,""sha256"":""d454eb5e6e9fe717e1c12c22e3fc749189deae022de05b0f6f83f9f4501bbb52"",""state"":""file""},""nh3_pdb_16384"":{""bytes"":1327359,""sha256"":""07f5683974f6bdad6798104cf7de5ddb670704f71b7e28715d957805124196b8"",""state"":""file""},""nh3_pdb_2048"":{""bytes"":166143,""sha256"":""7171f9c4d6bf3c819f96ddd11877441961f43096057863d0607070d97c5e5a16"",""state"":""file""},""nh3_pdb_256"":{""bytes"":20991,""sha256"":""870d35ef9d654b395f8eefcd897e002ff41b1327475879ff5b955080ecb91ee0"",""state"":""file""},""nh3_pdb_32768"":{""bytes"":2654463,""sha256"":""a193ff7fc7793ae1c9121af48f694b9cff6974a63e67029053ab9312f86cb9cc"",""state"":""file""},""nh3_pdb_4096"":{""bytes"":332031,""sha256"":""e6d9ba2e0f95a04ebbeb61682dcf615982860aaa336140fee7ba55698f68175c"",""state"":""file""},""nh3_pdb_512"":{""bytes"":41727,""sha256"":""76e8d0d71fd3d49a1d14bb1fcd0689b08241620df41c90a904be29c85a67934e"",""state"":""file""},""nh3_pdb_65536"":{""bytes"":5308671,""sha256"":""a80e717b9abb39221c121bf3137135662e1b3c727e705e8f01e651720acd6dcc"",""state"":""file""},""nh3_pdb_8192"":{""bytes"":663807,""sha256"":""b0664469d3a8e84f71fbd848f1f0ffaca2cee3f4fd2100ed10f398e7c19a27e6"",""state"":""file""}},""metadata"":{""benchmark"":""el""}}",ec9f9176-c20b-4c6b-a2d3-efae9282f598,,,192,192,192,3575808,5,174ffa70b004051b1576cfc8d5d771541bbe4dd1ba2e599f3bc58db2436bb481,"{""batch_idx"":""int32"",""cell"":""float64"",""charges"":""float64"",""pbc"":""bool"",""positions"":""float64""}",capped_upstream_estimate,bounded_power_two_then_four_fft_snap,0.25,9.0,single_case,4e58a2e9fa72736adb36ec90791c46b626d69fb0e9c5ddf901d8cb4127b113f1,5.318026875000214,,
cscl,constant_workload,pme,torch,65536,2,131072,0.23852432612329724,4192444.5034720823,11699.37548828125,13.105849266052246,10,3,torch_cuda_events,warmup_excluded,True,,,1e-06,5,arithmetic_mean,1.0646846247875672,"[0.030423114013671877,0.030564794921875,0.03205323486328125,0.03239102172851562,0.030887136840820312]",,,,,not_measured,not_measured,shared_cell_k_squared,nan,nan,,energy_autograd,energy_forces_charge_gradients,True,True,False,131072,0,0.0,explicit,0.028619011864066124,131.80799865722656,0.0,32,32,32,cubic,0.4129913543166487,9.0,,176,2.0,88,11534336,2,"{""compute_capability"":""9.0"",""driver"":""unavailable"",""memory_bytes"":99996401664,""name"":""NVIDIA H100 NVL""}","{""cuda"":""13.0"",""git_head"":""unavailable"",""jax"":""0.11.2"",""jaxlib"":""0.11.2"",""nvalchemi_toolkit_ops"":""0.5.0"",""python"":""3.12.3"",""source_sha256"":""4dfd278da46af31f54f8b7671e891073f8b10f8fa2cb28e7cf92bfeddd543638"",""torch"":""2.14.0+cu130"",""warp"":""1.17.0""}","{""gpu_uuid"":""c0995d85-1dea-1b19-7e58-9baa33a5f384"",""host"":""a1u1g-mil-0576""}","{""JAX_DISABLE_JIT"":""<unset>"",""JAX_DISABLE_JIT_ACTUAL"":""<not-imported>"",""JAX_ENABLE_X64"":""1"",""JAX_ENABLE_X64_ACTUAL"":""<not-imported>"",""JAX_PLATFORMS"":""<unset>"",""TF_GPU_ALLOCATOR"":""<unset>"",""XLA_FLAGS"":""<unset>"",""XLA_PYTHON_CLIENT_ALLOCATOR"":""<unset>"",""XLA_PYTHON_CLIENT_MEM_FRACTION"":""0.95"",""XLA_PYTHON_CLIENT_PREALLOCATE"":""<unset>""}","{""artifacts"":{""nh3_pdb_1024"":{""bytes"":83199,""sha256"":""cb99e65c2024c8b1a80a7ea1f4ff5b23ef76a5d153a2caeb4a0e3077b5239135"",""state"":""file""},""nh3_pdb_128"":{""bytes"":10623,""sha256"":""4b48182856ba92449fa52b61bf2f95c6ce28937a3cb3da6aec4f131a1216c760"",""state"":""file""},""nh3_pdb_131072"":{""bytes"":10617087,""sha256"":""d454eb5e6e9fe717e1c12c22e3fc749189deae022de05b0f6f83f9f4501bbb52"",""state"":""file""},""nh3_pdb_16384"":{""bytes"":1327359,""sha256"":""07f5683974f6bdad6798104cf7de5ddb670704f71b7e28715d957805124196b8"",""state"":""file""},""nh3_pdb_2048"":{""bytes"":166143,""sha256"":""7171f9c4d6bf3c819f96ddd11877441961f43096057863d0607070d97c5e5a16"",""state"":""file""},""nh3_pdb_256"":{""bytes"":20991,""sha256"":""870d35ef9d654b395f8eefcd897e002ff41b1327475879ff5b955080ecb91ee0"",""state"":""file""},""nh3_pdb_32768"":{""bytes"":2654463,""sha256"":""a193ff7fc7793ae1c9121af48f694b9cff6974a63e67029053ab9312f86cb9cc"",""state"":""file""},""nh3_pdb_4096"":{""bytes"":332031,""sha256"":""e6d9ba2e0f95a04ebbeb61682dcf615982860aaa336140fee7ba55698f68175c"",""state"":""file""},""nh3_pdb_512"":{""bytes"":41727,""sha256"":""76e8d0d71fd3d49a1d14bb1fcd0689b08241620df41c90a904be29c85a67934e"",""state"":""file""},""nh3_pdb_65536"":{""bytes"":5308671,""sha256"":""a80e717b9abb39221c121bf3137135662e1b3c727e705e8f01e651720acd6dcc"",""state"":""file""},""nh3_pdb_8192"":{""bytes"":663807,""sha256"":""b0664469d3a8e84f71fbd848f1f0ffaca2cee3f4fd2100ed10f398e7c19a27e6"",""state"":""file""}},""metadata"":{""benchmark"":""el""}}",ec9f9176-c20b-4c6b-a2d3-efae9282f598,,,576,576,576,95883264,5,174ffa70b004051b1576cfc8d5d771541bbe4dd1ba2e599f3bc58db2436bb481,"{""batch_idx"":""int32"",""cell"":""float64"",""charges"":""float64"",""pbc"":""bool"",""positions"":""float64""}",capped_upstream_estimate,bounded_power_two_then_four_fft_snap,0.25,9.0,single_case,4e58a2e9fa72736adb36ec90791c46b626d69fb0e9c5ddf901d8cb4127b113f1,6.64925439999206,,
cscl,constant_workload,pme,torch,131072,1,131072,0.017008476716000587,58794212.83266703,440.37548828125,0.7343225479125977,10,3,torch_cuda_events,warmup_excluded,True,,,0.0001,5,arithmetic_mean,1.0216807885974952,"[0.0022655616760253903,0.00222423038482666,0.0022190336227416994,0.0022174848556518554,0.002220364761352539]",,,,,not_measured,not_measured,k_squared_only,nan,nan,,energy_autograd,energy_forces_charge_gradients,True,True,False,131072,0,0.0,explicit,0.028619011864066124,131.80799865722656,0.0,64,32,32,orthorhombic,0.3372060287522547,9.0,,176,2.0,88,11534336,2,"{""compute_capability"":""9.0"",""driver"":""unavailable"",""memory_bytes"":99996401664,""name"":""NVIDIA H100 NVL""}","{""cuda"":""13.0"",""git_head"":""unavailable"",""jax"":""0.11.2"",""jaxlib"":""0.11.2"",""nvalchemi_toolkit_ops"":""0.5.0"",""python"":""3.12.3"",""source_sha256"":""4dfd278da46af31f54f8b7671e891073f8b10f8fa2cb28e7cf92bfeddd543638"",""torch"":""2.14.0+cu130"",""warp"":""1.17.0""}","{""gpu_uuid"":""c0995d85-1dea-1b19-7e58-9baa33a5f384"",""host"":""a1u1g-mil-0576""}","{""JAX_DISABLE_JIT"":""<unset>"",""JAX_DISABLE_JIT_ACTUAL"":""<not-imported>"",""JAX_ENABLE_X64"":""1"",""JAX_ENABLE_X64_ACTUAL"":""<not-imported>"",""JAX_PLATFORMS"":""<unset>"",""TF_GPU_ALLOCATOR"":""<unset>"",""XLA_FLAGS"":""<unset>"",""XLA_PYTHON_CLIENT_ALLOCATOR"":""<unset>"",""XLA_PYTHON_CLIENT_MEM_FRACTION"":""0.95"",""XLA_PYTHON_CLIENT_PREALLOCATE"":""<unset>""}","{""artifacts"":{""nh3_pdb_1024"":{""bytes"":83199,""sha256"":""cb99e65c2024c8b1a80a7ea1f4ff5b23ef76a5d153a2caeb4a0e3077b5239135"",""state"":""file""},""nh3_pdb_128"":{""bytes"":10623,""sha256"":""4b48182856ba92449fa52b61bf2f95c6ce28937a3cb3da6aec4f131a1216c760"",""state"":""file""},""nh3_pdb_131072"":{""bytes"":10617087,""sha256"":""d454eb5e6e9fe717e1c12c22e3fc749189deae022de05b0f6f83f9f4501bbb52"",""state"":""file""},""nh3_pdb_16384"":{""bytes"":1327359,""sha256"":""07f5683974f6bdad6798104cf7de5ddb670704f71b7e28715d957805124196b8"",""state"":""file""},""nh3_pdb_2048"":{""bytes"":166143,""sha256"":""7171f9c4d6bf3c819f96ddd11877441961f43096057863d0607070d97c5e5a16"",""state"":""file""},""nh3_pdb_256"":{""bytes"":20991,""sha256"":""870d35ef9d654b395f8eefcd897e002ff41b1327475879ff5b955080ecb91ee0"",""state"":""file""},""nh3_pdb_32768"":{""bytes"":2654463,""sha256"":""a193ff7fc7793ae1c9121af48f694b9cff6974a63e67029053ab9312f86cb9cc"",""state"":""file""},""nh3_pdb_4096"":{""bytes"":332031,""sha256"":""e6d9ba2e0f95a04ebbeb61682dcf615982860aaa336140fee7ba55698f68175c"",""state"":""file""},""nh3_pdb_512"":{""bytes"":41727,""sha256"":""76e8d0d71fd3d49a1d14bb1fcd0689b08241620df41c90a904be29c85a67934e"",""state"":""file""},""nh3_pdb_65536"":{""bytes"":5308671,""sha256"":""a80e717b9abb39221c121bf3137135662e1b3c727e705e8f01e651720acd6dcc"",""state"":""file""},""nh3_pdb_8192"":{""bytes"":663807,""sha256"":""b0664469d3a8e84f71fbd848f1f0ffaca2cee3f4fd2100ed10f398e7c19a27e6"",""state"":""file""}},""metadata"":{""benchmark"":""el""}}",ec9f9176-c20b-4c6b-a2d3-efae9282f598,,,384,192,192,7151616,5,0f5a938038876b8d809e865c1f81609e9e9ee59ca883b4742b610db3f19de7e6,"{""batch_idx"":""int32"",""cell"":""float64"",""charges"":""float64"",""pbc"":""bool"",""positions"":""float64""}",capped_upstream_estimate,bounded_power_two_then_four_fft_snap,0.25,9.0,single_case,4e58a2e9fa72736adb36ec90791c46b626d69fb0e9c5ddf901d8cb4127b113f1,5.354581678009708,,
cscl,constant_workload,pme,torch,131072,1,131072,0.2533520804718137,3947076.3300530845,14625.50048828125,15.96339750289917,10,3,torch_cuda_events,warmup_excluded,True,,,1e-06,5,arithmetic_mean,1.0448907543416128,"[0.032810861206054684,0.03259071655273437,0.03405373840332031,0.033337380981445314,0.033244122314453124]",,,,,not_measured,not_measured,k_squared_only,nan,nan,,energy_autograd,energy_forces_charge_gradients,True,True,False,131072,0,0.0,explicit,0.028619011864066124,131.80799865722656,0.0,64,32,32,orthorhombic,0.4129913543166487,9.0,,176,2.0,88,11534336,2,"{""compute_capability"":""9.0"",""driver"":""unavailable"",""memory_bytes"":99996401664,""name"":""NVIDIA H100 NVL""}","{""cuda"":""13.0"",""git_head"":""unavailable"",""jax"":""0.11.2"",""jaxlib"":""0.11.2"",""nvalchemi_toolkit_ops"":""0.5.0"",""python"":""3.12.3"",""source_sha256"":""4dfd278da46af31f54f8b7671e891073f8b10f8fa2cb28e7cf92bfeddd543638"",""torch"":""2.14.0+cu130"",""warp"":""1.17.0""}","{""gpu_uuid"":""c0995d85-1dea-1b19-7e58-9baa33a5f384"",""host"":""a1u1g-mil-0576""}","{""JAX_DISABLE_JIT"":""<unset>"",""JAX_DISABLE_JIT_ACTUAL"":""<not-imported>"",""JAX_ENABLE_X64"":""1"",""JAX_ENABLE_X64_ACTUAL"":""<not-imported>"",""JAX_PLATFORMS"":""<unset>"",""TF_GPU_ALLOCATOR"":""<unset>"",""XLA_FLAGS"":""<unset>"",""XLA_PYTHON_CLIENT_ALLOCATOR"":""<unset>"",""XLA_PYTHON_CLIENT_MEM_FRACTION"":""0.95"",""XLA_PYTHON_CLIENT_PREALLOCATE"":""<unset>""}","{""artifacts"":{""nh3_pdb_1024"":{""bytes"":83199,""sha256"":""cb99e65c2024c8b1a80a7ea1f4ff5b23ef76a5d153a2caeb4a0e3077b5239135"",""state"":""file""},""nh3_pdb_128"":{""bytes"":10623,""sha256"":""4b48182856ba92449fa52b61bf2f95c6ce28937a3cb3da6aec4f131a1216c760"",""state"":""file""},""nh3_pdb_131072"":{""bytes"":10617087,""sha256"":""d454eb5e6e9fe717e1c12c22e3fc749189deae022de05b0f6f83f9f4501bbb52"",""state"":""file""},""nh3_pdb_16384"":{""bytes"":1327359,""sha256"":""07f5683974f6bdad6798104cf7de5ddb670704f71b7e28715d957805124196b8"",""state"":""file""},""nh3_pdb_2048"":{""bytes"":166143,""sha256"":""7171f9c4d6bf3c819f96ddd11877441961f43096057863d0607070d97c5e5a16"",""state"":""file""},""nh3_pdb_256"":{""bytes"":20991,""sha256"":""870d35ef9d654b395f8eefcd897e002ff41b1327475879ff5b955080ecb91ee0"",""state"":""file""},""nh3_pdb_32768"":{""bytes"":2654463,""sha256"":""a193ff7fc7793ae1c9121af48f694b9cff6974a63e67029053ab9312f86cb9cc"",""state"":""file""},""nh3_pdb_4096"":{""bytes"":332031,""sha256"":""e6d9ba2e0f95a04ebbeb61682dcf615982860aaa336140fee7ba55698f68175c"",""state"":""file""},""nh3_pdb_512"":{""bytes"":41727,""sha256"":""76e8d0d71fd3d49a1d14bb1fcd0689b08241620df41c90a904be29c85a67934e"",""state"":""file""},""nh3_pdb_65536"":{""bytes"":5308671,""sha256"":""a80e717b9abb39221c121bf3137135662e1b3c727e705e8f01e651720acd6dcc"",""state"":""file""},""nh3_pdb_8192"":{""bytes"":663807,""sha256"":""b0664469d3a8e84f71fbd848f1f0ffaca2cee3f4fd2100ed10f398e7c19a27e6"",""state"":""file""}},""metadata"":{""benchmark"":""el""}}",ec9f9176-c20b-4c6b-a2d3-efae9282f598,,,1152,576,576,191766528,5,0f5a938038876b8d809e865c1f81609e9e9ee59ca883b4742b610db3f19de7e6,"{""batch_idx"":""int32"",""cell"":""float64"",""charges"":""float64"",""pbc"":""bool"",""positions"":""float64""}",capped_upstream_estimate,bounded_power_two_then_four_fft_snap,0.25,9.0,single_case,4e58a2e9fa72736adb36ec90791c46b626d69fb0e9c5ddf901d8cb4127b113f1,7.036969603999751,,
cscl,constant_workload,ewald,jax,131072,1,131072,nan,nan,nan,nan,10,3,jax_wall_block_until_ready,warmup_excluded,False,Out of memory during benchmark execution; see run logs for backend details.,OutOfMemoryError,1e-06,5,arithmetic_mean,,,,,,,,,,,,,energy_autograd,energy_forces_charge_gradients,True,True,False,131072,0,0.0,explicit,0.028619011864066124,131.80799865722656,0.0,64,32,32,orthorhombic,0.07606907927187684,48.86245797146128,0.5654856972620327,27984,2.0,,,2,"{""compute_capability"":""9.0"",""driver"":""unavailable"",""memory_bytes"":99996401664,""name"":""NVIDIA H100 NVL""}","{""cuda"":""13.0"",""git_head"":""unavailable"",""jax"":""0.10.1"",""jaxlib"":""0.10.1"",""nvalchemi_toolkit_ops"":""0.5.0"",""python"":""3.12.3"",""source_sha256"":""4dfd278da46af31f54f8b7671e891073f8b10f8fa2cb28e7cf92bfeddd543638"",""torch"":""2.14.0+cu130"",""warp"":""1.17.0""}","{""gpu_uuid"":""b86b304e-698a-30bd-d46b-23da3dc3658e"",""host"":""ipp2-1738""}","{""JAX_DISABLE_JIT"":""<unset>"",""JAX_DISABLE_JIT_ACTUAL"":""False"",""JAX_ENABLE_X64"":""1"",""JAX_ENABLE_X64_ACTUAL"":""True"",""JAX_PLATFORMS"":""<unset>"",""TF_GPU_ALLOCATOR"":""<unset>"",""XLA_FLAGS"":""<unset>"",""XLA_PYTHON_CLIENT_ALLOCATOR"":""<unset>"",""XLA_PYTHON_CLIENT_MEM_FRACTION"":""0.95"",""XLA_PYTHON_CLIENT_PREALLOCATE"":""<unset>""}","{""artifacts"":{""nh3_pdb_1024"":{""bytes"":83199,""sha256"":""cb99e65c2024c8b1a80a7ea1f4ff5b23ef76a5d153a2caeb4a0e3077b5239135"",""state"":""file""},""nh3_pdb_128"":{""bytes"":10623,""sha256"":""4b48182856ba92449fa52b61bf2f95c6ce28937a3cb3da6aec4f131a1216c760"",""state"":""file""},""nh3_pdb_131072"":{""bytes"":10617087,""sha256"":""d454eb5e6e9fe717e1c12c22e3fc749189deae022de05b0f6f83f9f4501bbb52"",""state"":""file""},""nh3_pdb_16384"":{""bytes"":1327359,""sha256"":""07f5683974f6bdad6798104cf7de5ddb670704f71b7e28715d957805124196b8"",""state"":""file""},""nh3_pdb_2048"":{""bytes"":166143,""sha256"":""7171f9c4d6bf3c819f96ddd11877441961f43096057863d0607070d97c5e5a16"",""state"":""file""},""nh3_pdb_256"":{""bytes"":20991,""sha256"":""870d35ef9d654b395f8eefcd897e002ff41b1327475879ff5b955080ecb91ee0"",""state"":""file""},""nh3_pdb_32768"":{""bytes"":2654463,""sha256"":""a193ff7fc7793ae1c9121af48f694b9cff6974a63e67029053ab9312f86cb9cc"",""state"":""file""},""nh3_pdb_4096"":{""bytes"":332031,""sha256"":""e6d9ba2e0f95a04ebbeb61682dcf615982860aaa336140fee7ba55698f68175c"",""state"":""file""},""nh3_pdb_512"":{""bytes"":41727,""sha256"":""76e8d0d71fd3d49a1d14bb1fcd0689b08241620df41c90a904be29c85a67934e"",""state"":""file""},""nh3_pdb_65536"":{""bytes"":5308671,""sha256"":""a80e717b9abb39221c121bf3137135662e1b3c727e705e8f01e651720acd6dcc"",""state"":""file""},""nh3_pdb_8192"":{""bytes"":663807,""sha256"":""b0664469d3a8e84f71fbd848f1f0ffaca2cee3f4fd2100ed10f398e7c19a27e6"",""state"":""file""}},""metadata"":{""benchmark"":""el""}}",28ea42c8-c3b9-4a9c-96dc-b96a346325d0,,neighbor_list_setup,,,,,,,,,,,,single_case,5779517f771cd31c95dc30de603249f8f59a1f8d3680da722ea0763b4d76684d,167.07006922800065,191,supported_jax_separate_collection
cscl,constant_workload,pme,jax,256,512,131072,0.09530895477311008,10492193.544463612,nan,nan,10,3,jax_wall_block_until_ready,warmup_excluded,True,,,0.0001,5,arithmetic_mean,1.0044629741944415,"[0.012459001000024728,0.012488059099996462,0.01249710120009695,0.012502910100010922,0.012514605199976358]",,,,,not_measured,not_measured,shared_cell_k_squared,nan,nan,,energy_autograd,energy_forces_charge_gradients,True,True,False,131072,0,0.0,explicit,0.028619011864066124,16.47599983215332,0.0,8,4,4,orthorhombic,0.3372060287522548,9.0,,176,2.0,88,11534336,2,"{""compute_capability"":""9.0"",""driver"":""unavailable"",""memory_bytes"":99996401664,""name"":""NVIDIA H100 NVL""}","{""cuda"":""13.0"",""git_head"":""unavailable"",""jax"":""0.10.1"",""jaxlib"":""0.10.1"",""nvalchemi_toolkit_ops"":""0.5.0"",""python"":""3.12.3"",""source_sha256"":""4dfd278da46af31f54f8b7671e891073f8b10f8fa2cb28e7cf92bfeddd543638"",""torch"":""2.14.0+cu130"",""warp"":""1.17.0""}","{""gpu_uuid"":""b86b304e-698a-30bd-d46b-23da3dc3658e"",""host"":""ipp2-1738""}","{""JAX_DISABLE_JIT"":""<unset>"",""JAX_DISABLE_JIT_ACTUAL"":""False"",""JAX_ENABLE_X64"":""1"",""JAX_ENABLE_X64_ACTUAL"":""True"",""JAX_PLATFORMS"":""<unset>"",""TF_GPU_ALLOCATOR"":""<unset>"",""XLA_FLAGS"":""<unset>"",""XLA_PYTHON_CLIENT_ALLOCATOR"":""<unset>"",""XLA_PYTHON_CLIENT_MEM_FRACTION"":""0.95"",""XLA_PYTHON_CLIENT_PREALLOCATE"":""<unset>""}","{""artifacts"":{""nh3_pdb_1024"":{""bytes"":83199,""sha256"":""cb99e65c2024c8b1a80a7ea1f4ff5b23ef76a5d153a2caeb4a0e3077b5239135"",""state"":""file""},""nh3_pdb_128"":{""bytes"":10623,""sha256"":""4b48182856ba92449fa52b61bf2f95c6ce28937a3cb3da6aec4f131a1216c760"",""state"":""file""},""nh3_pdb_131072"":{""bytes"":10617087,""sha256"":""d454eb5e6e9fe717e1c12c22e3fc749189deae022de05b0f6f83f9f4501bbb52"",""state"":""file""},""nh3_pdb_16384"":{""bytes"":1327359,""sha256"":""07f5683974f6bdad6798104cf7de5ddb670704f71b7e28715d957805124196b8"",""state"":""file""},""nh3_pdb_2048"":{""bytes"":166143,""sha256"":""7171f9c4d6bf3c819f96ddd11877441961f43096057863d0607070d97c5e5a16"",""state"":""file""},""nh3_pdb_256"":{""bytes"":20991,""sha256"":""870d35ef9d654b395f8eefcd897e002ff41b1327475879ff5b955080ecb91ee0"",""state"":""file""},""nh3_pdb_32768"":{""bytes"":2654463,""sha256"":""a193ff7fc7793ae1c9121af48f694b9cff6974a63e67029053ab9312f86cb9cc"",""state"":""file""},""nh3_pdb_4096"":{""bytes"":332031,""sha256"":""e6d9ba2e0f95a04ebbeb61682dcf615982860aaa336140fee7ba55698f68175c"",""state"":""file""},""nh3_pdb_512"":{""bytes"":41727,""sha256"":""76e8d0d71fd3d49a1d14bb1fcd0689b08241620df41c90a904be29c85a67934e"",""state"":""file""},""nh3_pdb_65536"":{""bytes"":5308671,""sha256"":""a80e717b9abb39221c121bf3137135662e1b3c727e705e8f01e651720acd6dcc"",""state"":""file""},""nh3_pdb_8192"":{""bytes"":663807,""sha256"":""b0664469d3a8e84f71fbd848f1f0ffaca2cee3f4fd2100ed10f398e7c19a27e6"",""state"":""file""}},""metadata"":{""benchmark"":""el""}}",28ea42c8-c3b9-4a9c-96dc-b96a346325d0,,,48,24,24,14976,5,ddbd9f69d3a26d96bbb8bbcda3a34bff52030623d9176e9cc0980332a0061bfd,"{""batch_idx"":""int32"",""cell"":""float64"",""charges"":""float64"",""pbc"":""bool"",""positions"":""float64""}",capped_upstream_estimate,bounded_power_two_then_four_fft_snap,0.25,9.0,single_case,5779517f771cd31c95dc30de603249f8f59a1f8d3680da722ea0763b4d76684d,41.15300570499858,24,supported_jax_separate_collection
cscl,constant_workload,pme,jax,16384,8,131072,1.1140141456600363,897654.6697326858,nan,nan,10,3,jax_wall_block_until_ready,warmup_excluded,True,,,1e-06,5,arithmetic_mean,1.0333193610008513,"[0.14342867799987288,0.14511759340002756,0.14579986889984867,0.14752654029998666,0.1482076299000255]",,,,,not_measured,not_measured,shared_cell_k_squared,nan,nan,,energy_autograd,energy_forces_charge_gradients,True,True,False,131072,0,0.0,explicit,0.028619011864066124,65.90399932861328,0.0,32,16,16,orthorhombic,0.4129913543166487,9.0,,176,2.0,88,11534336,2,"{""compute_capability"":""9.0"",""driver"":""unavailable"",""memory_bytes"":99996401664,""name"":""NVIDIA H100 NVL""}","{""cuda"":""13.0"",""git_head"":""unavailable"",""jax"":""0.10.1"",""jaxlib"":""0.10.1"",""nvalchemi_toolkit_ops"":""0.5.0"",""python"":""3.12.3"",""source_sha256"":""4dfd278da46af31f54f8b7671e891073f8b10f8fa2cb28e7cf92bfeddd543638"",""torch"":""2.14.0+cu130"",""warp"":""1.17.0""}","{""gpu_uuid"":""b86b304e-698a-30bd-d46b-23da3dc3658e"",""host"":""ipp2-1738""}","{""JAX_DISABLE_JIT"":""<unset>"",""JAX_DISABLE_JIT_ACTUAL"":""False"",""JAX_ENABLE_X64"":""1"",""JAX_ENABLE_X64_ACTUAL"":""True"",""JAX_PLATFORMS"":""<unset>"",""TF_GPU_ALLOCATOR"":""<unset>"",""XLA_FLAGS"":""<unset>"",""XLA_PYTHON_CLIENT_ALLOCATOR"":""<unset>"",""XLA_PYTHON_CLIENT_MEM_FRACTION"":""0.95"",""XLA_PYTHON_CLIENT_PREALLOCATE"":""<unset>""}","{""artifacts"":{""nh3_pdb_1024"":{""bytes"":83199,""sha256"":""cb99e65c2024c8b1a80a7ea1f4ff5b23ef76a5d153a2caeb4a0e3077b5239135"",""state"":""file""},""nh3_pdb_128"":{""bytes"":10623,""sha256"":""4b48182856ba92449fa52b61bf2f95c6ce28937a3cb3da6aec4f131a1216c760"",""state"":""file""},""nh3_pdb_131072"":{""bytes"":10617087,""sha256"":""d454eb5e6e9fe717e1c12c22e3fc749189deae022de05b0f6f83f9f4501bbb52"",""state"":""file""},""nh3_pdb_16384"":{""bytes"":1327359,""sha256"":""07f5683974f6bdad6798104cf7de5ddb670704f71b7e28715d957805124196b8"",""state"":""file""},""nh3_pdb_2048"":{""bytes"":166143,""sha256"":""7171f9c4d6bf3c819f96ddd11877441961f43096057863d0607070d97c5e5a16"",""state"":""file""},""nh3_pdb_256"":{""bytes"":20991,""sha256"":""870d35ef9d654b395f8eefcd897e002ff41b1327475879ff5b955080ecb91ee0"",""state"":""file""},""nh3_pdb_32768"":{""bytes"":2654463,""sha256"":""a193ff7fc7793ae1c9121af48f694b9cff6974a63e67029053ab9312f86cb9cc"",""state"":""file""},""nh3_pdb_4096"":{""bytes"":332031,""sha256"":""e6d9ba2e0f95a04ebbeb61682dcf615982860aaa336140fee7ba55698f68175c"",""state"":""file""},""nh3_pdb_512"":{""bytes"":41727,""sha256"":""76e8d0d71fd3d49a1d14bb1fcd0689b08241620df41c90a904be29c85a67934e"",""state"":""file""},""nh3_pdb_65536"":{""bytes"":5308671,""sha256"":""a80e717b9abb39221c121bf3137135662e1b3c727e705e8f01e651720acd6dcc"",""state"":""file""},""nh3_pdb_8192"":{""bytes"":663807,""sha256"":""b0664469d3a8e84f71fbd848f1f0ffaca2cee3f4fd2100ed10f398e7c19a27e6"",""state"":""file""}},""metadata"":{""benchmark"":""el""}}",28ea42c8-c3b9-4a9c-96dc-b96a346325d0,,,576,288,288,24053760,5,f379dbbcc0e0a8a535097fed965c117c675fd5018f859fdffc827d5e491479a7,"{""batch_idx"":""int32"",""cell"":""float64"",""charges"":""float64"",""pbc"":""bool"",""positions"":""float64""}",capped_upstream_estimate,bounded_power_two_then_four_fft_snap,0.25,9.0,single_case,5779517f771cd31c95dc30de603249f8f59a1f8d3680da722ea0763b4d76684d,47.55013485000018,37,supported_jax_separate_collection
cscl,constant_workload,pme,jax,8192,16,131072,0.09701286467933558,10307911.258010784,nan,nan,10,3,jax_wall_block_until_ready,warmup_excluded,True,,,0.0001,5,arithmetic_mean,1.0063280384105537,"[0.012673911798628978,0.012700030801352114,0.012728824798250571,0.012754112799302674,0.012721470798715018]",,,,,not_measured,not_measured,shared_cell_k_squared,nan,nan,,energy_autograd,energy_forces_charge_gradients,True,True,False,131072,0,0.0,explicit,0.028619011864066124,65.90399932861328,0.0,16,16,16,cubic,0.3372060287522547,9.0,,176,2.0,88,11534336,2,"{""compute_capability"":""9.0"",""driver"":""unavailable"",""memory_bytes"":99996401664,""name"":""NVIDIA H100 NVL""}","{""cuda"":""13.0"",""git_head"":""unavailable"",""jax"":""0.10.1"",""jaxlib"":""0.10.1"",""nvalchemi_toolkit_ops"":""0.5.0"",""python"":""3.12.3"",""source_sha256"":""4dfd278da46af31f54f8b7671e891073f8b10f8fa2cb28e7cf92bfeddd543638"",""torch"":""2.14.0+cu130"",""warp"":""1.17.0""}","{""gpu_uuid"":""557cda80-d2b2-7630-d3a3-99bf87d35067"",""host"":""ipp2-1716""}","{""JAX_DISABLE_JIT"":""<unset>"",""JAX_DISABLE_JIT_ACTUAL"":""False"",""JAX_ENABLE_X64"":""1"",""JAX_ENABLE_X64_ACTUAL"":""True"",""JAX_PLATFORMS"":""<unset>"",""TF_GPU_ALLOCATOR"":""<unset>"",""XLA_FLAGS"":""<unset>"",""XLA_PYTHON_CLIENT_ALLOCATOR"":""<unset>"",""XLA_PYTHON_CLIENT_MEM_FRACTION"":""0.95"",""XLA_PYTHON_CLIENT_PREALLOCATE"":""<unset>""}","{""artifacts"":{""nh3_pdb_1024"":{""bytes"":83199,""sha256"":""cb99e65c2024c8b1a80a7ea1f4ff5b23ef76a5d153a2caeb4a0e3077b5239135"",""state"":""file""},""nh3_pdb_128"":{""bytes"":10623,""sha256"":""4b48182856ba92449fa52b61bf2f95c6ce28937a3cb3da6aec4f131a1216c760"",""state"":""file""},""nh3_pdb_131072"":{""bytes"":10617087,""sha256"":""d454eb5e6e9fe717e1c12c22e3fc749189deae022de05b0f6f83f9f4501bbb52"",""state"":""file""},""nh3_pdb_16384"":{""bytes"":1327359,""sha256"":""07f5683974f6bdad6798104cf7de5ddb670704f71b7e28715d957805124196b8"",""state"":""file""},""nh3_pdb_2048"":{""bytes"":166143,""sha256"":""7171f9c4d6bf3c819f96ddd11877441961f43096057863d0607070d97c5e5a16"",""state"":""file""},""nh3_pdb_256"":{""bytes"":20991,""sha256"":""870d35ef9d654b395f8eefcd897e002ff41b1327475879ff5b955080ecb91ee0"",""state"":""file""},""nh3_pdb_32768"":{""bytes"":2654463,""sha256"":""a193ff7fc7793ae1c9121af48f694b9cff6974a63e67029053ab9312f86cb9cc"",""state"":""file""},""nh3_pdb_4096"":{""bytes"":332031,""sha256"":""e6d9ba2e0f95a04ebbeb61682dcf615982860aaa336140fee7ba55698f68175c"",""state"":""file""},""nh3_pdb_512"":{""bytes"":41727,""sha256"":""76e8d0d71fd3d49a1d14bb1fcd0689b08241620df41c90a904be29c85a67934e"",""state"":""file""},""nh3_pdb_65536"":{""bytes"":5308671,""sha256"":""a80e717b9abb39221c121bf3137135662e1b3c727e705e8f01e651720acd6dcc"",""state"":""file""},""nh3_pdb_8192"":{""bytes"":663807,""sha256"":""b0664469d3a8e84f71fbd848f1f0ffaca2cee3f4fd2100ed10f398e7c19a27e6"",""state"":""file""}},""metadata"":{""benchmark"":""el""}}",28ea42c8-c3b9-4a9c-96dc-b96a346325d0,,,96,96,96,451584,5,6611d29fdfeaaf130054c9f92b62da8cdf117e9f3cd93fa31b3e09a70b31799d,"{""batch_idx"":""int32"",""cell"":""float64"",""charges"":""float64"",""pbc"":""bool"",""positions"":""float64""}",capped_upstream_estimate,bounded_power_two_then_four_fft_snap,0.25,9.0,single_case,5779517f771cd31c95dc30de603249f8f59a1f8d3680da722ea0763b4d76684d,39.87980367598357,34,supported_jax_separate_collection
cscl,constant_workload,pme,jax,512,256,131072,0.9961309291117717,1003884.0987415964,nan,nan,10,3,jax_wall_block_until_ready,warmup_excluded,True,,,1e-06,5,arithmetic_mean,1.008794606029107,"[0.1297723509007483,0.1305474413005868,0.13091364760039143,0.13071034210006474,0.13088058380089934]",,,,,not_measured,not_measured,shared_cell_k_squared,nan,nan,,energy_autograd,energy_forces_charge_gradients,True,True,False,131072,0,0.0,explicit,0.028619011864066124,16.47599983215332,0.0,8,8,4,orthorhombic,0.41299135431664874,9.0,,176,2.0,88,11534336,2,"{""compute_capability"":""9.0"",""driver"":""unavailable"",""memory_bytes"":99996401664,""name"":""NVIDIA H100 NVL""}","{""cuda"":""13.0"",""git_head"":""unavailable"",""jax"":""0.10.1"",""jaxlib"":""0.10.1"",""nvalchemi_toolkit_ops"":""0.5.0"",""python"":""3.12.3"",""source_sha256"":""4dfd278da46af31f54f8b7671e891073f8b10f8fa2cb28e7cf92bfeddd543638"",""torch"":""2.14.0+cu130"",""warp"":""1.17.0""}","{""gpu_uuid"":""23074f79-c31a-f283-5a26-fe763902683e"",""host"":""a1u1g-mil-0678""}","{""JAX_DISABLE_JIT"":""<unset>"",""JAX_DISABLE_JIT_ACTUAL"":""False"",""JAX_ENABLE_X64"":""1"",""JAX_ENABLE_X64_ACTUAL"":""True"",""JAX_PLATFORMS"":""<unset>"",""TF_GPU_ALLOCATOR"":""<unset>"",""XLA_FLAGS"":""<unset>"",""XLA_PYTHON_CLIENT_ALLOCATOR"":""<unset>"",""XLA_PYTHON_CLIENT_MEM_FRACTION"":""0.95"",""XLA_PYTHON_CLIENT_PREALLOCATE"":""<unset>""}","{""artifacts"":{""nh3_pdb_1024"":{""bytes"":83199,""sha256"":""cb99e65c2024c8b1a80a7ea1f4ff5b23ef76a5d153a2caeb4a0e3077b5239135"",""state"":""file""},""nh3_pdb_128"":{""bytes"":10623,""sha256"":""4b48182856ba92449fa52b61bf2f95c6ce28937a3cb3da6aec4f131a1216c760"",""state"":""file""},""nh3_pdb_131072"":{""bytes"":10617087,""sha256"":""d454eb5e6e9fe717e1c12c22e3fc749189deae022de05b0f6f83f9f4501bbb52"",""state"":""file""},""nh3_pdb_16384"":{""bytes"":1327359,""sha256"":""07f5683974f6bdad6798104cf7de5ddb670704f71b7e28715d957805124196b8"",""state"":""file""},""nh3_pdb_2048"":{""bytes"":166143,""sha256"":""7171f9c4d6bf3c819f96ddd11877441961f43096057863d0607070d97c5e5a16"",""state"":""file""},""nh3_pdb_256"":{""bytes"":20991,""sha256"":""870d35ef9d654b395f8eefcd897e002ff41b1327475879ff5b955080ecb91ee0"",""state"":""file""},""nh3_pdb_32768"":{""bytes"":2654463,""sha256"":""a193ff7fc7793ae1c9121af48f694b9cff6974a63e67029053ab9312f86cb9cc"",""state"":""file""},""nh3_pdb_4096"":{""bytes"":332031,""sha256"":""e6d9ba2e0f95a04ebbeb61682dcf615982860aaa336140fee7ba55698f68175c"",""state"":""file""},""nh3_pdb_512"":{""bytes"":41727,""sha256"":""76e8d0d71fd3d49a1d14bb1fcd0689b08241620df41c90a904be29c85a67934e"",""state"":""file""},""nh3_pdb_65536"":{""bytes"":5308671,""sha256"":""a80e717b9abb39221c121bf3137135662e1b3c727e705e8f01e651720acd6dcc"",""state"":""file""},""nh3_pdb_8192"":{""bytes"":663807,""sha256"":""b0664469d3a8e84f71fbd848f1f0ffaca2cee3f4fd2100ed10f398e7c19a27e6"",""state"":""file""}},""metadata"":{""benchmark"":""el""}}",28ea42c8-c3b9-4a9c-96dc-b96a346325d0,,,144,144,72,767232,5,0a3b43de226788a78e380afaeef45d4adf85b69d0c1ee74d263b89da7e4e1de8,"{""batch_idx"":""int32"",""cell"":""float64"",""charges"":""float64"",""pbc"":""bool"",""positions"":""float64""}",capped_upstream_estimate,bounded_power_two_then_four_fft_snap,0.25,9.0,single_case,5779517f771cd31c95dc30de603249f8f59a1f8d3680da722ea0763b4d76684d,46.78514415399695,27,supported_jax_separate_collection
cscl,constant_workload,pme,jax,65536,2,131072,0.09456605758684233,10574618.69002708,nan,nan,10,3,jax_wall_block_until_ready,warmup_excluded,True,,,0.0001,5,arithmetic_mean,1.0036197372401836,"[0.012373549900075886,0.012381010899844114,0.01241833889944246,0.012393563899968285,0.012408347900782246]",,,,,not_measured,not_measured,shared_cell_k_squared,nan,nan,,energy_autograd,energy_forces_charge_gradients,True,True,False,131072,0,0.0,explicit,0.028619011864066124,131.80799865722656,0.0,32,32,32,cubic,0.3372060287522547,9.0,,176,2.0,88,11534336,2,"{""compute_capability"":""9.0"",""driver"":""unavailable"",""memory_bytes"":99996401664,""name"":""NVIDIA H100 NVL""}","{""cuda"":""13.0"",""git_head"":""unavailable"",""jax"":""0.10.1"",""jaxlib"":""0.10.1"",""nvalchemi_toolkit_ops"":""0.5.0"",""python"":""3.12.3"",""source_sha256"":""4dfd278da46af31f54f8b7671e891073f8b10f8fa2cb28e7cf92bfeddd543638"",""torch"":""2.14.0+cu130"",""warp"":""1.17.0""}","{""gpu_uuid"":""23074f79-c31a-f283-5a26-fe763902683e"",""host"":""a1u1g-mil-0678""}","{""JAX_DISABLE_JIT"":""<unset>"",""JAX_DISABLE_JIT_ACTUAL"":""False"",""JAX_ENABLE_X64"":""1"",""JAX_ENABLE_X64_ACTUAL"":""True"",""JAX_PLATFORMS"":""<unset>"",""TF_GPU_ALLOCATOR"":""<unset>"",""XLA_FLAGS"":""<unset>"",""XLA_PYTHON_CLIENT_ALLOCATOR"":""<unset>"",""XLA_PYTHON_CLIENT_MEM_FRACTION"":""0.95"",""XLA_PYTHON_CLIENT_PREALLOCATE"":""<unset>""}","{""artifacts"":{""nh3_pdb_1024"":{""bytes"":83199,""sha256"":""cb99e65c2024c8b1a80a7ea1f4ff5b23ef76a5d153a2caeb4a0e3077b5239135"",""state"":""file""},""nh3_pdb_128"":{""bytes"":10623,""sha256"":""4b48182856ba92449fa52b61bf2f95c6ce28937a3cb3da6aec4f131a1216c760"",""state"":""file""},""nh3_pdb_131072"":{""bytes"":10617087,""sha256"":""d454eb5e6e9fe717e1c12c22e3fc749189deae022de05b0f6f83f9f4501bbb52"",""state"":""file""},""nh3_pdb_16384"":{""bytes"":1327359,""sha256"":""07f5683974f6bdad6798104cf7de5ddb670704f71b7e28715d957805124196b8"",""state"":""file""},""nh3_pdb_2048"":{""bytes"":166143,""sha256"":""7171f9c4d6bf3c819f96ddd11877441961f43096057863d0607070d97c5e5a16"",""state"":""file""},""nh3_pdb_256"":{""bytes"":20991,""sha256"":""870d35ef9d654b395f8eefcd897e002ff41b1327475879ff5b955080ecb91ee0"",""state"":""file""},""nh3_pdb_32768"":{""bytes"":2654463,""sha256"":""a193ff7fc7793ae1c9121af48f694b9cff6974a63e67029053ab9312f86cb9cc"",""state"":""file""},""nh3_pdb_4096"":{""bytes"":332031,""sha256"":""e6d9ba2e0f95a04ebbeb61682dcf615982860aaa336140fee7ba55698f68175c"",""state"":""file""},""nh3_pdb_512"":{""bytes"":41727,""sha256"":""76e8d0d71fd3d49a1d14bb1fcd0689b08241620df41c90a904be29c85a67934e"",""state"":""file""},""nh3_pdb_65536"":{""bytes"":5308671,""sha256"":""a80e717b9abb39221c121bf3137135662e1b3c727e705e8f01e651720acd6dcc"",""state"":""file""},""nh3_pdb_8192"":{""bytes"":663807,""sha256"":""b0664469d3a8e84f71fbd848f1f0ffaca2cee3f4fd2100ed10f398e7c19a27e6"",""state"":""file""}},""metadata"":{""benchmark"":""el""}}",28ea42c8-c3b9-4a9c-96dc-b96a346325d0,,,192,192,192,3575808,5,174ffa70b004051b1576cfc8d5d771541bbe4dd1ba2e599f3bc58db2436bb481,"{""batch_idx"":""int32"",""cell"":""float64"",""charges"":""float64"",""pbc"":""bool"",""positions"":""float64""}",capped_upstream_estimate,bounded_power_two_then_four_fft_snap,0.25,9.0,single_case,5779517f771cd31c95dc30de603249f8f59a1f8d3680da722ea0763b4d76684d,40.01406911900267,40,supported_jax_separate_collection
cscl,constant_workload,ewald,jax,128,1024,131072,0.21226781967698116,4711029.686561775,nan,nan,10,3,jax_wall_block_until_ready,warmup_excluded,True,,,1e-06,5,arithmetic_mean,1.001087284878753,"[0.027841625601286068,0.027811386701068842,0.027818812400801106,0.027828514299471863,0.027811499300878496]",,,,,not_measured,not_measured,,nan,nan,665,energy_autograd,energy_forces_charge_gradients,True,True,False,131072,0,0.0,explicit,0.028619011864066124,16.47599983215332,0.0,4,4,4,cubic,0.24150427291685927,15.390709836961905,1.7953051814134426,880,2.0,410,53739520,2,"{""compute_capability"":""9.0"",""driver"":""unavailable"",""memory_bytes"":99996401664,""name"":""NVIDIA H100 NVL""}","{""cuda"":""13.0"",""git_head"":""unavailable"",""jax"":""0.10.1"",""jaxlib"":""0.10.1"",""nvalchemi_toolkit_ops"":""0.5.0"",""python"":""3.12.3"",""source_sha256"":""4dfd278da46af31f54f8b7671e891073f8b10f8fa2cb28e7cf92bfeddd543638"",""torch"":""2.14.0+cu130"",""warp"":""1.17.0""}","{""gpu_uuid"":""c0995d85-1dea-1b19-7e58-9baa33a5f384"",""host"":""a1u1g-mil-0576""}","{""JAX_DISABLE_JIT"":""<unset>"",""JAX_DISABLE_JIT_ACTUAL"":""False"",""JAX_ENABLE_X64"":""1"",""JAX_ENABLE_X64_ACTUAL"":""True"",""JAX_PLATFORMS"":""<unset>"",""TF_GPU_ALLOCATOR"":""<unset>"",""XLA_FLAGS"":""<unset>"",""XLA_PYTHON_CLIENT_ALLOCATOR"":""<unset>"",""XLA_PYTHON_CLIENT_MEM_FRACTION"":""0.95"",""XLA_PYTHON_CLIENT_PREALLOCATE"":""<unset>""}","{""artifacts"":{""nh3_pdb_1024"":{""bytes"":83199,""sha256"":""cb99e65c2024c8b1a80a7ea1f4ff5b23ef76a5d153a2caeb4a0e3077b5239135"",""state"":""file""},""nh3_pdb_128"":{""bytes"":10623,""sha256"":""4b48182856ba92449fa52b61bf2f95c6ce28937a3cb3da6aec4f131a1216c760"",""state"":""file""},""nh3_pdb_131072"":{""bytes"":10617087,""sha256"":""d454eb5e6e9fe717e1c12c22e3fc749189deae022de05b0f6f83f9f4501bbb52"",""state"":""file""},""nh3_pdb_16384"":{""bytes"":1327359,""sha256"":""07f5683974f6bdad6798104cf7de5ddb670704f71b7e28715d957805124196b8"",""state"":""file""},""nh3_pdb_2048"":{""bytes"":166143,""sha256"":""7171f9c4d6bf3c819f96ddd11877441961f43096057863d0607070d97c5e5a16"",""state"":""file""},""nh3_pdb_256"":{""bytes"":20991,""sha256"":""870d35ef9d654b395f8eefcd897e002ff41b1327475879ff5b955080ecb91ee0"",""state"":""file""},""nh3_pdb_32768"":{""bytes"":2654463,""sha256"":""a193ff7fc7793ae1c9121af48f694b9cff6974a63e67029053ab9312f86cb9cc"",""state"":""file""},""nh3_pdb_4096"":{""bytes"":332031,""sha256"":""e6d9ba2e0f95a04ebbeb61682dcf615982860aaa336140fee7ba55698f68175c"",""state"":""file""},""nh3_pdb_512"":{""bytes"":41727,""sha256"":""76e8d0d71fd3d49a1d14bb1fcd0689b08241620df41c90a904be29c85a67934e"",""state"":""file""},""nh3_pdb_65536"":{""bytes"":5308671,""sha256"":""a80e717b9abb39221c121bf3137135662e1b3c727e705e8f01e651720acd6dcc"",""state"":""file""},""nh3_pdb_8192"":{""bytes"":663807,""sha256"":""b0664469d3a8e84f71fbd848f1f0ffaca2cee3f4fd2100ed10f398e7c19a27e6"",""state"":""file""}},""metadata"":{""benchmark"":""el""}}",28ea42c8-c3b9-4a9c-96dc-b96a346325d0,,,,,,,,,,,,,,single_case,5779517f771cd31c95dc30de603249f8f59a1f8d3680da722ea0763b4d76684d,18.586323474999517,171,supported_jax_separate_collection
cscl,constant_workload,pme,jax,8192,16,131072,1.063667130116741,940143.7458072494,nan,nan,10,3,jax_wall_block_until_ready,warmup_excluded,True,,,1e-06,5,arithmetic_mean,1.0096552649718593,"[0.1388991301995702,0.13874792709830217,0.139419450899004,0.13993080709769856,0.1400875750987325]",,,,,not_measured,not_measured,shared_cell_k_squared,nan,nan,,energy_autograd,energy_forces_charge_gradients,True,True,False,131072,0,0.0,explicit,0.028619011864066124,65.90399932861328,0.0,16,16,16,cubic,0.4129913543166487,9.0,,176,2.0,88,11534336,2,"{""compute_capability"":""9.0"",""driver"":""unavailable"",""memory_bytes"":99996401664,""name"":""NVIDIA H100 NVL""}","{""cuda"":""13.0"",""git_head"":""unavailable"",""jax"":""0.10.1"",""jaxlib"":""0.10.1"",""nvalchemi_toolkit_ops"":""0.5.0"",""python"":""3.12.3"",""source_sha256"":""4dfd278da46af31f54f8b7671e891073f8b10f8fa2cb28e7cf92bfeddd543638"",""torch"":""2.14.0+cu130"",""warp"":""1.17.0""}","{""gpu_uuid"":""c0995d85-1dea-1b19-7e58-9baa33a5f384"",""host"":""a1u1g-mil-0576""}","{""JAX_DISABLE_JIT"":""<unset>"",""JAX_DISABLE_JIT_ACTUAL"":""False"",""JAX_ENABLE_X64"":""1"",""JAX_ENABLE_X64_ACTUAL"":""True"",""JAX_PLATFORMS"":""<unset>"",""TF_GPU_ALLOCATOR"":""<unset>"",""XLA_FLAGS"":""<unset>"",""XLA_PYTHON_CLIENT_ALLOCATOR"":""<unset>"",""XLA_PYTHON_CLIENT_MEM_FRACTION"":""0.95"",""XLA_PYTHON_CLIENT_PREALLOCATE"":""<unset>""}","{""artifacts"":{""nh3_pdb_1024"":{""bytes"":83199,""sha256"":""cb99e65c2024c8b1a80a7ea1f4ff5b23ef76a5d153a2caeb4a0e3077b5239135"",""state"":""file""},""nh3_pdb_128"":{""bytes"":10623,""sha256"":""4b48182856ba92449fa52b61bf2f95c6ce28937a3cb3da6aec4f131a1216c760"",""state"":""file""},""nh3_pdb_131072"":{""bytes"":10617087,""sha256"":""d454eb5e6e9fe717e1c12c22e3fc749189deae022de05b0f6f83f9f4501bbb52"",""state"":""file""},""nh3_pdb_16384"":{""bytes"":1327359,""sha256"":""07f5683974f6bdad6798104cf7de5ddb670704f71b7e28715d957805124196b8"",""state"":""file""},""nh3_pdb_2048"":{""bytes"":166143,""sha256"":""7171f9c4d6bf3c819f96ddd11877441961f43096057863d0607070d97c5e5a16"",""state"":""file""},""nh3_pdb_256"":{""bytes"":20991,""sha256"":""870d35ef9d654b395f8eefcd897e002ff41b1327475879ff5b955080ecb91ee0"",""state"":""file""},""nh3_pdb_32768"":{""bytes"":2654463,""sha256"":""a193ff7fc7793ae1c9121af48f694b9cff6974a63e67029053ab9312f86cb9cc"",""state"":""file""},""nh3_pdb_4096"":{""bytes"":332031,""sha256"":""e6d9ba2e0f95a04ebbeb61682dcf615982860aaa336140fee7ba55698f68175c"",""state"":""file""},""nh3_pdb_512"":{""bytes"":41727,""sha256"":""76e8d0d71fd3d49a1d14bb1fcd0689b08241620df41c90a904be29c85a67934e"",""state"":""file""},""nh3_pdb_65536"":{""bytes"":5308671,""sha256"":""a80e717b9abb39221c121bf3137135662e1b3c727e705e8f01e651720acd6dcc"",""state"":""file""},""nh3_pdb_8192"":{""bytes"":663807,""sha256"":""b0664469d3a8e84f71fbd848f1f0ffaca2cee3f4fd2100ed10f398e7c19a27e6"",""state"":""file""}},""metadata"":{""benchmark"":""el""}}",28ea42c8-c3b9-4a9c-96dc-b96a346325d0,,,288,288,288,12026880,5,6611d29fdfeaaf130054c9f92b62da8cdf117e9f3cd93fa31b3e09a70b31799d,"{""batch_idx"":""int32"",""cell"":""float64"",""charges"":""float64"",""pbc"":""bool"",""positions"":""float64""}",capped_upstream_estimate,bounded_power_two_then_four_fft_snap,0.25,9.0,single_case,5779517f771cd31c95dc30de603249f8f59a1f8d3680da722ea0763b4d76684d,47.60048029301106,35,supported_jax_separate_collection
cscl,constant_workload,pme,jax,16384,8,131072,0.09987560378732496,10012455.114958797,nan,nan,10,3,jax_wall_block_until_ready,warmup_excluded,True,,,0.0001,5,arithmetic_mean,1.001592292721512,"[0.013077306599006988,0.013096805498935282,0.013098129499121569,0.013084695598809048,0.013097538502188399]",,,,,not_measured,not_measured,shared_cell_k_squared,nan,nan,,energy_autograd,energy_forces_charge_gradients,True,True,False,131072,0,0.0,explicit,0.028619011864066124,65.90399932861328,0.0,32,16,16,orthorhombic,0.3372060287522547,9.0,,176,2.0,88,11534336,2,"{""compute_capability"":""9.0"",""driver"":""unavailable"",""memory_bytes"":99996401664,""name"":""NVIDIA H100 NVL""}","{""cuda"":""13.0"",""git_head"":""unavailable"",""jax"":""0.10.1"",""jaxlib"":""0.10.1"",""nvalchemi_toolkit_ops"":""0.5.0"",""python"":""3.12.3"",""source_sha256"":""4dfd278da46af31f54f8b7671e891073f8b10f8fa2cb28e7cf92bfeddd543638"",""torch"":""2.14.0+cu130"",""warp"":""1.17.0""}","{""gpu_uuid"":""c0995d85-1dea-1b19-7e58-9baa33a5f384"",""host"":""a1u1g-mil-0576""}","{""JAX_DISABLE_JIT"":""<unset>"",""JAX_DISABLE_JIT_ACTUAL"":""False"",""JAX_ENABLE_X64"":""1"",""JAX_ENABLE_X64_ACTUAL"":""True"",""JAX_PLATFORMS"":""<unset>"",""TF_GPU_ALLOCATOR"":""<unset>"",""XLA_FLAGS"":""<unset>"",""XLA_PYTHON_CLIENT_ALLOCATOR"":""<unset>"",""XLA_PYTHON_CLIENT_MEM_FRACTION"":""0.95"",""XLA_PYTHON_CLIENT_PREALLOCATE"":""<unset>""}","{""artifacts"":{""nh3_pdb_1024"":{""bytes"":83199,""sha256"":""cb99e65c2024c8b1a80a7ea1f4ff5b23ef76a5d153a2caeb4a0e3077b5239135"",""state"":""file""},""nh3_pdb_128"":{""bytes"":10623,""sha256"":""4b48182856ba92449fa52b61bf2f95c6ce28937a3cb3da6aec4f131a1216c760"",""state"":""file""},""nh3_pdb_131072"":{""bytes"":10617087,""sha256"":""d454eb5e6e9fe717e1c12c22e3fc749189deae022de05b0f6f83f9f4501bbb52"",""state"":""file""},""nh3_pdb_16384"":{""bytes"":1327359,""sha256"":""07f5683974f6bdad6798104cf7de5ddb670704f71b7e28715d957805124196b8"",""state"":""file""},""nh3_pdb_2048"":{""bytes"":166143,""sha256"":""7171f9c4d6bf3c819f96ddd11877441961f43096057863d0607070d97c5e5a16"",""state"":""file""},""nh3_pdb_256"":{""bytes"":20991,""sha256"":""870d35ef9d654b395f8eefcd897e002ff41b1327475879ff5b955080ecb91ee0"",""state"":""file""},""nh3_pdb_32768"":{""bytes"":2654463,""sha256"":""a193ff7fc7793ae1c9121af48f694b9cff6974a63e67029053ab9312f86cb9cc"",""state"":""file""},""nh3_pdb_4096"":{""bytes"":332031,""sha256"":""e6d9ba2e0f95a04ebbeb61682dcf615982860aaa336140fee7ba55698f68175c"",""state"":""file""},""nh3_pdb_512"":{""bytes"":41727,""sha256"":""76e8d0d71fd3d49a1d14bb1fcd0689b08241620df41c90a904be29c85a67934e"",""state"":""file""},""nh3_pdb_65536"":{""bytes"":5308671,""sha256"":""a80e717b9abb39221c121bf3137135662e1b3c727e705e8f01e651720acd6dcc"",""state"":""file""},""nh3_pdb_8192"":{""bytes"":663807,""sha256"":""b0664469d3a8e84f71fbd848f1f0ffaca2cee3f4fd2100ed10f398e7c19a27e6"",""state"":""file""}},""metadata"":{""benchmark"":""el""}}",28ea42c8-c3b9-4a9c-96dc-b96a346325d0,,,192,96,96,903168,5,f379dbbcc0e0a8a535097fed965c117c675fd5018f859fdffc827d5e491479a7,"{""batch_idx"":""int32"",""cell"":""float64"",""charges"":""float64"",""pbc"":""bool"",""positions"":""float64""}",capped_upstream_estimate,bounded_power_two_then_four_fft_snap,0.25,9.0,single_case,5779517f771cd31c95dc30de603249f8f59a1f8d3680da722ea0763b4d76684d,41.47281415198813,36,supported_jax_separate_collection
cscl,constant_workload,pme,jax,4096,32,131072,1.0108212730408628,989294.5733044291,nan,nan,10,3,jax_wall_block_until_ready,warmup_excluded,True,,,1e-06,5,arithmetic_mean,1.0259160144978967,"[0.13082395830006135,0.13155447769986495,0.13246961040003952,0.13338938920005602,0.13421439390003798]",,,,,not_measured,not_measured,shared_cell_k_squared,nan,nan,,energy_autograd,energy_forces_charge_gradients,True,True,False,131072,0,0.0,explicit,0.028619011864066124,32.95199966430664,0.0,16,16,8,orthorhombic,0.4129913543166487,9.0,,176,2.0,88,11534336,2,"{""compute_capability"":""9.0"",""driver"":""unavailable"",""memory_bytes"":99996401664,""name"":""NVIDIA H100 NVL""}","{""cuda"":""13.0"",""git_head"":""unavailable"",""jax"":""0.10.1"",""jaxlib"":""0.10.1"",""nvalchemi_toolkit_ops"":""0.5.0"",""python"":""3.12.3"",""source_sha256"":""4dfd278da46af31f54f8b7671e891073f8b10f8fa2cb28e7cf92bfeddd543638"",""torch"":""2.14.0+cu130"",""warp"":""1.17.0""}","{""gpu_uuid"":""b86b304e-698a-30bd-d46b-23da3dc3658e"",""host"":""ipp2-1738""}","{""JAX_DISABLE_JIT"":""<unset>"",""JAX_DISABLE_JIT_ACTUAL"":""False"",""JAX_ENABLE_X64"":""1"",""JAX_ENABLE_X64_ACTUAL"":""True"",""JAX_PLATFORMS"":""<unset>"",""TF_GPU_ALLOCATOR"":""<unset>"",""XLA_FLAGS"":""<unset>"",""XLA_PYTHON_CLIENT_ALLOCATOR"":""<unset>"",""XLA_PYTHON_CLIENT_MEM_FRACTION"":""0.95"",""XLA_PYTHON_CLIENT_PREALLOCATE"":""<unset>""}","{""artifacts"":{""nh3_pdb_1024"":{""bytes"":83199,""sha256"":""cb99e65c2024c8b1a80a7ea1f4ff5b23ef76a5d153a2caeb4a0e3077b5239135"",""state"":""file""},""nh3_pdb_128"":{""bytes"":10623,""sha256"":""4b48182856ba92449fa52b61bf2f95c6ce28937a3cb3da6aec4f131a1216c760"",""state"":""file""},""nh3_pdb_131072"":{""bytes"":10617087,""sha256"":""d454eb5e6e9fe717e1c12c22e3fc749189deae022de05b0f6f83f9f4501bbb52"",""state"":""file""},""nh3_pdb_16384"":{""bytes"":1327359,""sha256"":""07f5683974f6bdad6798104cf7de5ddb670704f71b7e28715d957805124196b8"",""state"":""file""},""nh3_pdb_2048"":{""bytes"":166143,""sha256"":""7171f9c4d6bf3c819f96ddd11877441961f43096057863d0607070d97c5e5a16"",""state"":""file""},""nh3_pdb_256"":{""bytes"":20991,""sha256"":""870d35ef9d654b395f8eefcd897e002ff41b1327475879ff5b955080ecb91ee0"",""state"":""file""},""nh3_pdb_32768"":{""bytes"":2654463,""sha256"":""a193ff7fc7793ae1c9121af48f694b9cff6974a63e67029053ab9312f86cb9cc"",""state"":""file""},""nh3_pdb_4096"":{""bytes"":332031,""sha256"":""e6d9ba2e0f95a04ebbeb61682dcf615982860aaa336140fee7ba55698f68175c"",""state"":""file""},""nh3_pdb_512"":{""bytes"":41727,""sha256"":""76e8d0d71fd3d49a1d14bb1fcd0689b08241620df41c90a904be29c85a67934e"",""state"":""file""},""nh3_pdb_65536"":{""bytes"":5308671,""sha256"":""a80e717b9abb39221c121bf3137135662e1b3c727e705e8f01e651720acd6dcc"",""state"":""file""},""nh3_pdb_8192"":{""bytes"":663807,""sha256"":""b0664469d3a8e84f71fbd848f1f0ffaca2cee3f4fd2100ed10f398e7c19a27e6"",""state"":""file""}},""metadata"":{""benchmark"":""el""}}",28ea42c8-c3b9-4a9c-96dc-b96a346325d0,,,288,288,144,6054912,5,a06910c269f2134700a74660c61b4aaa3e61d4ef31d2a8bd085e6285e3c8d66a,"{""batch_idx"":""int32"",""cell"":""float64"",""charges"":""float64"",""pbc"":""bool"",""positions"":""float64""}",capped_upstream_estimate,bounded_power_two_then_four_fft_snap,0.25,9.0,single_case,5779517f771cd31c95dc30de603249f8f59a1f8d3680da722ea0763b4d76684d,46.779217076998975,33,supported_jax_separate_collection
cscl,constant_workload,ewald,jax,256,512,131072,0.1782907017489066,5608817.454812293,nan,nan,10,3,jax_wall_block_until_ready,warmup_excluded,True,,,0.0001,5,arithmetic_mean,1.0013418402122327,"[0.023393220599973574,0.023363651699037292,0.023361872699751984,0.023363633699773345,0.023362215599627235]",,,,,not_measured,not_measured,,nan,nan,607,energy_autograd,energy_forces_charge_gradients,True,True,False,131072,0,0.0,explicit,0.028619011864066124,16.47599983215332,0.0,8,4,4,orthorhombic,0.21515584716704458,14.105376631544972,1.305933278148471,688,2.0,330,43253760,2,"{""compute_capability"":""9.0"",""driver"":""unavailable"",""memory_bytes"":99996401664,""name"":""NVIDIA H100 NVL""}","{""cuda"":""13.0"",""git_head"":""unavailable"",""jax"":""0.10.1"",""jaxlib"":""0.10.1"",""nvalchemi_toolkit_ops"":""0.5.0"",""python"":""3.12.3"",""source_sha256"":""4dfd278da46af31f54f8b7671e891073f8b10f8fa2cb28e7cf92bfeddd543638"",""torch"":""2.14.0+cu130"",""warp"":""1.17.0""}","{""gpu_uuid"":""23074f79-c31a-f283-5a26-fe763902683e"",""host"":""a1u1g-mil-0678""}","{""JAX_DISABLE_JIT"":""<unset>"",""JAX_DISABLE_JIT_ACTUAL"":""False"",""JAX_ENABLE_X64"":""1"",""JAX_ENABLE_X64_ACTUAL"":""True"",""JAX_PLATFORMS"":""<unset>"",""TF_GPU_ALLOCATOR"":""<unset>"",""XLA_FLAGS"":""<unset>"",""XLA_PYTHON_CLIENT_ALLOCATOR"":""<unset>"",""XLA_PYTHON_CLIENT_MEM_FRACTION"":""0.95"",""XLA_PYTHON_CLIENT_PREALLOCATE"":""<unset>""}","{""artifacts"":{""nh3_pdb_1024"":{""bytes"":83199,""sha256"":""cb99e65c2024c8b1a80a7ea1f4ff5b23ef76a5d153a2caeb4a0e3077b5239135"",""state"":""file""},""nh3_pdb_128"":{""bytes"":10623,""sha256"":""4b48182856ba92449fa52b61bf2f95c6ce28937a3cb3da6aec4f131a1216c760"",""state"":""file""},""nh3_pdb_131072"":{""bytes"":10617087,""sha256"":""d454eb5e6e9fe717e1c12c22e3fc749189deae022de05b0f6f83f9f4501bbb52"",""state"":""file""},""nh3_pdb_16384"":{""bytes"":1327359,""sha256"":""07f5683974f6bdad6798104cf7de5ddb670704f71b7e28715d957805124196b8"",""state"":""file""},""nh3_pdb_2048"":{""bytes"":166143,""sha256"":""7171f9c4d6bf3c819f96ddd11877441961f43096057863d0607070d97c5e5a16"",""state"":""file""},""nh3_pdb_256"":{""bytes"":20991,""sha256"":""870d35ef9d654b395f8eefcd897e002ff41b1327475879ff5b955080ecb91ee0"",""state"":""file""},""nh3_pdb_32768"":{""bytes"":2654463,""sha256"":""a193ff7fc7793ae1c9121af48f694b9cff6974a63e67029053ab9312f86cb9cc"",""state"":""file""},""nh3_pdb_4096"":{""bytes"":332031,""sha256"":""e6d9ba2e0f95a04ebbeb61682dcf615982860aaa336140fee7ba55698f68175c"",""state"":""file""},""nh3_pdb_512"":{""bytes"":41727,""sha256"":""76e8d0d71fd3d49a1d14bb1fcd0689b08241620df41c90a904be29c85a67934e"",""state"":""file""},""nh3_pdb_65536"":{""bytes"":5308671,""sha256"":""a80e717b9abb39221c121bf3137135662e1b3c727e705e8f01e651720acd6dcc"",""state"":""file""},""nh3_pdb_8192"":{""bytes"":663807,""sha256"":""b0664469d3a8e84f71fbd848f1f0ffaca2cee3f4fd2100ed10f398e7c19a27e6"",""state"":""file""}},""metadata"":{""benchmark"":""el""}}",28ea42c8-c3b9-4a9c-96dc-b96a346325d0,,,,,,,,,,,,,,single_case,5779517f771cd31c95dc30de603249f8f59a1f8d3680da722ea0763b4d76684d,16.919891236990225,172,supported_jax_separate_collection
cscl,constant_workload,pme,jax,1024,128,131072,0.09281496155200132,10774125.025518987,nan,nan,10,3,jax_wall_block_until_ready,warmup_excluded,True,,,0.0001,5,arithmetic_mean,1.0033673063086714,"[0.01215000860102009,0.012146414601011202,0.01215752040152438,0.01218595429963898,0.012187315299524926]",,,,,not_measured,not_measured,shared_cell_k_squared,nan,nan,,energy_autograd,energy_forces_charge_gradients,True,True,False,131072,0,0.0,explicit,0.028619011864066124,32.95199966430664,0.0,8,8,8,cubic,0.3372060287522547,9.0,,176,2.0,88,11534336,2,"{""compute_capability"":""9.0"",""driver"":""unavailable"",""memory_bytes"":99996401664,""name"":""NVIDIA H100 NVL""}","{""cuda"":""13.0"",""git_head"":""unavailable"",""jax"":""0.10.1"",""jaxlib"":""0.10.1"",""nvalchemi_toolkit_ops"":""0.5.0"",""python"":""3.12.3"",""source_sha256"":""4dfd278da46af31f54f8b7671e891073f8b10f8fa2cb28e7cf92bfeddd543638"",""torch"":""2.14.0+cu130"",""warp"":""1.17.0""}","{""gpu_uuid"":""c0995d85-1dea-1b19-7e58-9baa33a5f384"",""host"":""a1u1g-mil-0576""}","{""JAX_DISABLE_JIT"":""<unset>"",""JAX_DISABLE_JIT_ACTUAL"":""False"",""JAX_ENABLE_X64"":""1"",""JAX_ENABLE_X64_ACTUAL"":""True"",""JAX_PLATFORMS"":""<unset>"",""TF_GPU_ALLOCATOR"":""<unset>"",""XLA_FLAGS"":""<unset>"",""XLA_PYTHON_CLIENT_ALLOCATOR"":""<unset>"",""XLA_PYTHON_CLIENT_MEM_FRACTION"":""0.95"",""XLA_PYTHON_CLIENT_PREALLOCATE"":""<unset>""}","{""artifacts"":{""nh3_pdb_1024"":{""bytes"":83199,""sha256"":""cb99e65c2024c8b1a80a7ea1f4ff5b23ef76a5d153a2caeb4a0e3077b5239135"",""state"":""file""},""nh3_pdb_128"":{""bytes"":10623,""sha256"":""4b48182856ba92449fa52b61bf2f95c6ce28937a3cb3da6aec4f131a1216c760"",""state"":""file""},""nh3_pdb_131072"":{""bytes"":10617087,""sha256"":""d454eb5e6e9fe717e1c12c22e3fc749189deae022de05b0f6f83f9f4501bbb52"",""state"":""file""},""nh3_pdb_16384"":{""bytes"":1327359,""sha256"":""07f5683974f6bdad6798104cf7de5ddb670704f71b7e28715d957805124196b8"",""state"":""file""},""nh3_pdb_2048"":{""bytes"":166143,""sha256"":""7171f9c4d6bf3c819f96ddd11877441961f43096057863d0607070d97c5e5a16"",""state"":""file""},""nh3_pdb_256"":{""bytes"":20991,""sha256"":""870d35ef9d654b395f8eefcd897e002ff41b1327475879ff5b955080ecb91ee0"",""state"":""file""},""nh3_pdb_32768"":{""bytes"":2654463,""sha256"":""a193ff7fc7793ae1c9121af48f694b9cff6974a63e67029053ab9312f86cb9cc"",""state"":""file""},""nh3_pdb_4096"":{""bytes"":332031,""sha256"":""e6d9ba2e0f95a04ebbeb61682dcf615982860aaa336140fee7ba55698f68175c"",""state"":""file""},""nh3_pdb_512"":{""bytes"":41727,""sha256"":""76e8d0d71fd3d49a1d14bb1fcd0689b08241620df41c90a904be29c85a67934e"",""state"":""file""},""nh3_pdb_65536"":{""bytes"":5308671,""sha256"":""a80e717b9abb39221c121bf3137135662e1b3c727e705e8f01e651720acd6dcc"",""state"":""file""},""nh3_pdb_8192"":{""bytes"":663807,""sha256"":""b0664469d3a8e84f71fbd848f1f0ffaca2cee3f4fd2100ed10f398e7c19a27e6"",""state"":""file""}},""metadata"":{""benchmark"":""el""}}",28ea42c8-c3b9-4a9c-96dc-b96a346325d0,,,48,48,48,57600,5,d29ce85f7d6e6c8a252105793151034f0047d40b8e7d7df44e4b2fc295547133,"{""batch_idx"":""int32"",""cell"":""float64"",""charges"":""float64"",""pbc"":""bool"",""positions"":""float64""}",capped_upstream_estimate,bounded_power_two_then_four_fft_snap,0.25,9.0,single_case,5779517f771cd31c95dc30de603249f8f59a1f8d3680da722ea0763b4d76684d,41.483945227984805,28,supported_jax_separate_collection
cscl,constant_workload,ewald,jax,4096,32,131072,0.9893711854536135,1010742.9998999955,nan,nan,10,3,jax_wall_block_until_ready,warmup_excluded,True,,,0.0001,5,arithmetic_mean,1.000448803274918,"[0.12966795199899933,0.12966771649953443,0.12972369700146374,0.12966550269920846,0.12966943189967423]",,,,,not_measured,not_measured,,nan,nan,1985,energy_autograd,energy_forces_charge_gradients,True,True,False,131072,0,0.0,explicit,0.028619011864066124,32.95199966430664,0.0,16,16,8,orthorhombic,0.13553969042686184,22.39088970332215,0.8226864134487375,2704,2.0,1362,178520064,2,"{""compute_capability"":""9.0"",""driver"":""unavailable"",""memory_bytes"":99996401664,""name"":""NVIDIA H100 NVL""}","{""cuda"":""13.0"",""git_head"":""unavailable"",""jax"":""0.10.1"",""jaxlib"":""0.10.1"",""nvalchemi_toolkit_ops"":""0.5.0"",""python"":""3.12.3"",""source_sha256"":""4dfd278da46af31f54f8b7671e891073f8b10f8fa2cb28e7cf92bfeddd543638"",""torch"":""2.14.0+cu130"",""warp"":""1.17.0""}","{""gpu_uuid"":""c0995d85-1dea-1b19-7e58-9baa33a5f384"",""host"":""a1u1g-mil-0576""}","{""JAX_DISABLE_JIT"":""<unset>"",""JAX_DISABLE_JIT_ACTUAL"":""False"",""JAX_ENABLE_X64"":""1"",""JAX_ENABLE_X64_ACTUAL"":""True"",""JAX_PLATFORMS"":""<unset>"",""TF_GPU_ALLOCATOR"":""<unset>"",""XLA_FLAGS"":""<unset>"",""XLA_PYTHON_CLIENT_ALLOCATOR"":""<unset>"",""XLA_PYTHON_CLIENT_MEM_FRACTION"":""0.95"",""XLA_PYTHON_CLIENT_PREALLOCATE"":""<unset>""}","{""artifacts"":{""nh3_pdb_1024"":{""bytes"":83199,""sha256"":""cb99e65c2024c8b1a80a7ea1f4ff5b23ef76a5d153a2caeb4a0e3077b5239135"",""state"":""file""},""nh3_pdb_128"":{""bytes"":10623,""sha256"":""4b48182856ba92449fa52b61bf2f95c6ce28937a3cb3da6aec4f131a1216c760"",""state"":""file""},""nh3_pdb_131072"":{""bytes"":10617087,""sha256"":""d454eb5e6e9fe717e1c12c22e3fc749189deae022de05b0f6f83f9f4501bbb52"",""state"":""file""},""nh3_pdb_16384"":{""bytes"":1327359,""sha256"":""07f5683974f6bdad6798104cf7de5ddb670704f71b7e28715d957805124196b8"",""state"":""file""},""nh3_pdb_2048"":{""bytes"":166143,""sha256"":""7171f9c4d6bf3c819f96ddd11877441961f43096057863d0607070d97c5e5a16"",""state"":""file""},""nh3_pdb_256"":{""bytes"":20991,""sha256"":""870d35ef9d654b395f8eefcd897e002ff41b1327475879ff5b955080ecb91ee0"",""state"":""file""},""nh3_pdb_32768"":{""bytes"":2654463,""sha256"":""a193ff7fc7793ae1c9121af48f694b9cff6974a63e67029053ab9312f86cb9cc"",""state"":""file""},""nh3_pdb_4096"":{""bytes"":332031,""sha256"":""e6d9ba2e0f95a04ebbeb61682dcf615982860aaa336140fee7ba55698f68175c"",""state"":""file""},""nh3_pdb_512"":{""bytes"":41727,""sha256"":""76e8d0d71fd3d49a1d14bb1fcd0689b08241620df41c90a904be29c85a67934e"",""state"":""file""},""nh3_pdb_65536"":{""bytes"":5308671,""sha256"":""a80e717b9abb39221c121bf3137135662e1b3c727e705e8f01e651720acd6dcc"",""state"":""file""},""nh3_pdb_8192"":{""bytes"":663807,""sha256"":""b0664469d3a8e84f71fbd848f1f0ffaca2cee3f4fd2100ed10f398e7c19a27e6"",""state"":""file""}},""metadata"":{""benchmark"":""el""}}",28ea42c8-c3b9-4a9c-96dc-b96a346325d0,,,,,,,,,,,,,,single_case,5779517f771cd31c95dc30de603249f8f59a1f8d3680da722ea0763b4d76684d,29.028681051015155,180,supported_jax_separate_collection
cscl,constant_workload,ewald,jax,32768,4,131072,nan,nan,nan,nan,10,3,jax_wall_block_until_ready,warmup_excluded,False,Out of memory during benchmark execution; see run logs for backend details.,OutOfMemoryError,1e-06,5,arithmetic_mean,,,,,,,,,,,,,energy_autograd,energy_forces_charge_gradients,True,True,False,131072,0,0.0,explicit,0.028619011864066124,65.90399932861328,0.0,32,32,16,orthorhombic,0.09584103422075939,38.78215859282479,0.7124673333949145,14000,2.0,,,2,"{""compute_capability"":""9.0"",""driver"":""unavailable"",""memory_bytes"":99996401664,""name"":""NVIDIA H100 NVL""}","{""cuda"":""13.0"",""git_head"":""unavailable"",""jax"":""0.10.1"",""jaxlib"":""0.10.1"",""nvalchemi_toolkit_ops"":""0.5.0"",""python"":""3.12.3"",""source_sha256"":""4dfd278da46af31f54f8b7671e891073f8b10f8fa2cb28e7cf92bfeddd543638"",""torch"":""2.14.0+cu130"",""warp"":""1.17.0""}","{""gpu_uuid"":""c0995d85-1dea-1b19-7e58-9baa33a5f384"",""host"":""a1u1g-mil-0576""}","{""JAX_DISABLE_JIT"":""<unset>"",""JAX_DISABLE_JIT_ACTUAL"":""False"",""JAX_ENABLE_X64"":""1"",""JAX_ENABLE_X64_ACTUAL"":""True"",""JAX_PLATFORMS"":""<unset>"",""TF_GPU_ALLOCATOR"":""<unset>"",""XLA_FLAGS"":""<unset>"",""XLA_PYTHON_CLIENT_ALLOCATOR"":""<unset>"",""XLA_PYTHON_CLIENT_MEM_FRACTION"":""0.95"",""XLA_PYTHON_CLIENT_PREALLOCATE"":""<unset>""}","{""artifacts"":{""nh3_pdb_1024"":{""bytes"":83199,""sha256"":""cb99e65c2024c8b1a80a7ea1f4ff5b23ef76a5d153a2caeb4a0e3077b5239135"",""state"":""file""},""nh3_pdb_128"":{""bytes"":10623,""sha256"":""4b48182856ba92449fa52b61bf2f95c6ce28937a3cb3da6aec4f131a1216c760"",""state"":""file""},""nh3_pdb_131072"":{""bytes"":10617087,""sha256"":""d454eb5e6e9fe717e1c12c22e3fc749189deae022de05b0f6f83f9f4501bbb52"",""state"":""file""},""nh3_pdb_16384"":{""bytes"":1327359,""sha256"":""07f5683974f6bdad6798104cf7de5ddb670704f71b7e28715d957805124196b8"",""state"":""file""},""nh3_pdb_2048"":{""bytes"":166143,""sha256"":""7171f9c4d6bf3c819f96ddd11877441961f43096057863d0607070d97c5e5a16"",""state"":""file""},""nh3_pdb_256"":{""bytes"":20991,""sha256"":""870d35ef9d654b395f8eefcd897e002ff41b1327475879ff5b955080ecb91ee0"",""state"":""file""},""nh3_pdb_32768"":{""bytes"":2654463,""sha256"":""a193ff7fc7793ae1c9121af48f694b9cff6974a63e67029053ab9312f86cb9cc"",""state"":""file""},""nh3_pdb_4096"":{""bytes"":332031,""sha256"":""e6d9ba2e0f95a04ebbeb61682dcf615982860aaa336140fee7ba55698f68175c"",""state"":""file""},""nh3_pdb_512"":{""bytes"":41727,""sha256"":""76e8d0d71fd3d49a1d14bb1fcd0689b08241620df41c90a904be29c85a67934e"",""state"":""file""},""nh3_pdb_65536"":{""bytes"":5308671,""sha256"":""a80e717b9abb39221c121bf3137135662e1b3c727e705e8f01e651720acd6dcc"",""state"":""file""},""nh3_pdb_8192"":{""bytes"":663807,""sha256"":""b0664469d3a8e84f71fbd848f1f0ffaca2cee3f4fd2100ed10f398e7c19a27e6"",""state"":""file""}},""metadata"":{""benchmark"":""el""}}",28ea42c8-c3b9-4a9c-96dc-b96a346325d0,,neighbor_list_setup,,,,,,,,,,,,single_case,5779517f771cd31c95dc30de603249f8f59a1f8d3680da722ea0763b4d76684d,79.20577876799507,187,supported_jax_separate_collection
cscl,constant_workload,pme,jax,4096,32,131072,0.09672598983101464,10338482.984222258,nan,nan,10,3,jax_wall_block_until_ready,warmup_excluded,True,,,0.0001,5,arithmetic_mean,1.0035042532756322,"[0.012647430298966356,0.012678632198367268,0.012691750098019839,0.012681787100154907,0.012690745000145397]",,,,,not_measured,not_measured,shared_cell_k_squared,nan,nan,,energy_autograd,energy_forces_charge_gradients,True,True,False,131072,0,0.0,explicit,0.028619011864066124,32.95199966430664,0.0,16,16,8,orthorhombic,0.3372060287522547,9.0,,176,2.0,88,11534336,2,"{""compute_capability"":""9.0"",""driver"":""unavailable"",""memory_bytes"":99996401664,""name"":""NVIDIA H100 NVL""}","{""cuda"":""13.0"",""git_head"":""unavailable"",""jax"":""0.10.1"",""jaxlib"":""0.10.1"",""nvalchemi_toolkit_ops"":""0.5.0"",""python"":""3.12.3"",""source_sha256"":""4dfd278da46af31f54f8b7671e891073f8b10f8fa2cb28e7cf92bfeddd543638"",""torch"":""2.14.0+cu130"",""warp"":""1.17.0""}","{""gpu_uuid"":""c0995d85-1dea-1b19-7e58-9baa33a5f384"",""host"":""a1u1g-mil-0576""}","{""JAX_DISABLE_JIT"":""<unset>"",""JAX_DISABLE_JIT_ACTUAL"":""False"",""JAX_ENABLE_X64"":""1"",""JAX_ENABLE_X64_ACTUAL"":""True"",""JAX_PLATFORMS"":""<unset>"",""TF_GPU_ALLOCATOR"":""<unset>"",""XLA_FLAGS"":""<unset>"",""XLA_PYTHON_CLIENT_ALLOCATOR"":""<unset>"",""XLA_PYTHON_CLIENT_MEM_FRACTION"":""0.95"",""XLA_PYTHON_CLIENT_PREALLOCATE"":""<unset>""}","{""artifacts"":{""nh3_pdb_1024"":{""bytes"":83199,""sha256"":""cb99e65c2024c8b1a80a7ea1f4ff5b23ef76a5d153a2caeb4a0e3077b5239135"",""state"":""file""},""nh3_pdb_128"":{""bytes"":10623,""sha256"":""4b48182856ba92449fa52b61bf2f95c6ce28937a3cb3da6aec4f131a1216c760"",""state"":""file""},""nh3_pdb_131072"":{""bytes"":10617087,""sha256"":""d454eb5e6e9fe717e1c12c22e3fc749189deae022de05b0f6f83f9f4501bbb52"",""state"":""file""},""nh3_pdb_16384"":{""bytes"":1327359,""sha256"":""07f5683974f6bdad6798104cf7de5ddb670704f71b7e28715d957805124196b8"",""state"":""file""},""nh3_pdb_2048"":{""bytes"":166143,""sha256"":""7171f9c4d6bf3c819f96ddd11877441961f43096057863d0607070d97c5e5a16"",""state"":""file""},""nh3_pdb_256"":{""bytes"":20991,""sha256"":""870d35ef9d654b395f8eefcd897e002ff41b1327475879ff5b955080ecb91ee0"",""state"":""file""},""nh3_pdb_32768"":{""bytes"":2654463,""sha256"":""a193ff7fc7793ae1c9121af48f694b9cff6974a63e67029053ab9312f86cb9cc"",""state"":""file""},""nh3_pdb_4096"":{""bytes"":332031,""sha256"":""e6d9ba2e0f95a04ebbeb61682dcf615982860aaa336140fee7ba55698f68175c"",""state"":""file""},""nh3_pdb_512"":{""bytes"":41727,""sha256"":""76e8d0d71fd3d49a1d14bb1fcd0689b08241620df41c90a904be29c85a67934e"",""state"":""file""},""nh3_pdb_65536"":{""bytes"":5308671,""sha256"":""a80e717b9abb39221c121bf3137135662e1b3c727e705e8f01e651720acd6dcc"",""state"":""file""},""nh3_pdb_8192"":{""bytes"":663807,""sha256"":""b0664469d3a8e84f71fbd848f1f0ffaca2cee3f4fd2100ed10f398e7c19a27e6"",""state"":""file""}},""metadata"":{""benchmark"":""el""}}",28ea42c8-c3b9-4a9c-96dc-b96a346325d0,,,96,96,48,230400,5,a06910c269f2134700a74660c61b4aaa3e61d4ef31d2a8bd085e6285e3c8d66a,"{""batch_idx"":""int32"",""cell"":""float64"",""charges"":""float64"",""pbc"":""bool"",""positions"":""float64""}",capped_upstream_estimate,bounded_power_two_then_four_fft_snap,0.25,9.0,single_case,5779517f771cd31c95dc30de603249f8f59a1f8d3680da722ea0763b4d76684d,41.34111955499975,32,supported_jax_separate_collection
cscl,constant_workload,pme,jax,32768,4,131072,0.1005310827695283,9947172.281955242,nan,nan,10,3,jax_wall_block_until_ready,warmup_excluded,True,,,0.0001,5,arithmetic_mean,1.002188055108259,"[0.013173171802191064,0.013172097702044994,0.013177364697912707,0.01316630380169954,0.01319511239998974]",,,,,not_measured,not_measured,shared_cell_k_squared,nan,nan,,energy_autograd,energy_forces_charge_gradients,True,True,False,131072,0,0.0,explicit,0.028619011864066124,65.90399932861328,0.0,32,32,16,orthorhombic,0.3372060287522547,9.0,,176,2.0,88,11534336,2,"{""compute_capability"":""9.0"",""driver"":""unavailable"",""memory_bytes"":99996401664,""name"":""NVIDIA H100 NVL""}","{""cuda"":""13.0"",""git_head"":""unavailable"",""jax"":""0.10.1"",""jaxlib"":""0.10.1"",""nvalchemi_toolkit_ops"":""0.5.0"",""python"":""3.12.3"",""source_sha256"":""4dfd278da46af31f54f8b7671e891073f8b10f8fa2cb28e7cf92bfeddd543638"",""torch"":""2.14.0+cu130"",""warp"":""1.17.0""}","{""gpu_uuid"":""c0995d85-1dea-1b19-7e58-9baa33a5f384"",""host"":""a1u1g-mil-0576""}","{""JAX_DISABLE_JIT"":""<unset>"",""JAX_DISABLE_JIT_ACTUAL"":""False"",""JAX_ENABLE_X64"":""1"",""JAX_ENABLE_X64_ACTUAL"":""True"",""JAX_PLATFORMS"":""<unset>"",""TF_GPU_ALLOCATOR"":""<unset>"",""XLA_FLAGS"":""<unset>"",""XLA_PYTHON_CLIENT_ALLOCATOR"":""<unset>"",""XLA_PYTHON_CLIENT_MEM_FRACTION"":""0.95"",""XLA_PYTHON_CLIENT_PREALLOCATE"":""<unset>""}","{""artifacts"":{""nh3_pdb_1024"":{""bytes"":83199,""sha256"":""cb99e65c2024c8b1a80a7ea1f4ff5b23ef76a5d153a2caeb4a0e3077b5239135"",""state"":""file""},""nh3_pdb_128"":{""bytes"":10623,""sha256"":""4b48182856ba92449fa52b61bf2f95c6ce28937a3cb3da6aec4f131a1216c760"",""state"":""file""},""nh3_pdb_131072"":{""bytes"":10617087,""sha256"":""d454eb5e6e9fe717e1c12c22e3fc749189deae022de05b0f6f83f9f4501bbb52"",""state"":""file""},""nh3_pdb_16384"":{""bytes"":1327359,""sha256"":""07f5683974f6bdad6798104cf7de5ddb670704f71b7e28715d957805124196b8"",""state"":""file""},""nh3_pdb_2048"":{""bytes"":166143,""sha256"":""7171f9c4d6bf3c819f96ddd11877441961f43096057863d0607070d97c5e5a16"",""state"":""file""},""nh3_pdb_256"":{""bytes"":20991,""sha256"":""870d35ef9d654b395f8eefcd897e002ff41b1327475879ff5b955080ecb91ee0"",""state"":""file""},""nh3_pdb_32768"":{""bytes"":2654463,""sha256"":""a193ff7fc7793ae1c9121af48f694b9cff6974a63e67029053ab9312f86cb9cc"",""state"":""file""},""nh3_pdb_4096"":{""bytes"":332031,""sha256"":""e6d9ba2e0f95a04ebbeb61682dcf615982860aaa336140fee7ba55698f68175c"",""state"":""file""},""nh3_pdb_512"":{""bytes"":41727,""sha256"":""76e8d0d71fd3d49a1d14bb1fcd0689b08241620df41c90a904be29c85a67934e"",""state"":""file""},""nh3_pdb_65536"":{""bytes"":5308671,""sha256"":""a80e717b9abb39221c121bf3137135662e1b3c727e705e8f01e651720acd6dcc"",""state"":""file""},""nh3_pdb_8192"":{""bytes"":663807,""sha256"":""b0664469d3a8e84f71fbd848f1f0ffaca2cee3f4fd2100ed10f398e7c19a27e6"",""state"":""file""}},""metadata"":{""benchmark"":""el""}}",28ea42c8-c3b9-4a9c-96dc-b96a346325d0,,,192,192,96,1806336,5,20bc975ef081a09d59303478d897d7a35a08a4e68964082a1d599bfee403d381,"{""batch_idx"":""int32"",""cell"":""float64"",""charges"":""float64"",""pbc"":""bool"",""positions"":""float64""}",capped_upstream_estimate,bounded_power_two_then_four_fft_snap,0.25,9.0,single_case,5779517f771cd31c95dc30de603249f8f59a1f8d3680da722ea0763b4d76684d,41.27625017199898,38,supported_jax_separate_collection
cscl,constant_workload,ewald,jax,128,1024,131072,0.1259941053755043,7936879.245419203,nan,nan,10,3,jax_wall_block_until_ready,warmup_excluded,True,,,0.0001,5,arithmetic_mean,1.0012326485959697,"[0.016520187899004668,0.016505109998979604,0.016511305002495646,0.01650943899876438,0.016525454999646173]",,,,,not_measured,not_measured,,nan,nan,364,energy_autograd,energy_forces_charge_gradients,True,True,False,131072,0,0.0,explicit,0.028619011864066124,16.47599983215332,0.0,4,4,4,cubic,0.24150427291685927,12.566461959930114,1.4658605423459068,480,2.0,258,33816576,2,"{""compute_capability"":""9.0"",""driver"":""unavailable"",""memory_bytes"":99996401664,""name"":""NVIDIA H100 NVL""}","{""cuda"":""13.0"",""git_head"":""unavailable"",""jax"":""0.10.1"",""jaxlib"":""0.10.1"",""nvalchemi_toolkit_ops"":""0.5.0"",""python"":""3.12.3"",""source_sha256"":""4dfd278da46af31f54f8b7671e891073f8b10f8fa2cb28e7cf92bfeddd543638"",""torch"":""2.14.0+cu130"",""warp"":""1.17.0""}","{""gpu_uuid"":""557cda80-d2b2-7630-d3a3-99bf87d35067"",""host"":""ipp2-1716""}","{""JAX_DISABLE_JIT"":""<unset>"",""JAX_DISABLE_JIT_ACTUAL"":""False"",""JAX_ENABLE_X64"":""1"",""JAX_ENABLE_X64_ACTUAL"":""True"",""JAX_PLATFORMS"":""<unset>"",""TF_GPU_ALLOCATOR"":""<unset>"",""XLA_FLAGS"":""<unset>"",""XLA_PYTHON_CLIENT_ALLOCATOR"":""<unset>"",""XLA_PYTHON_CLIENT_MEM_FRACTION"":""0.95"",""XLA_PYTHON_CLIENT_PREALLOCATE"":""<unset>""}","{""artifacts"":{""nh3_pdb_1024"":{""bytes"":83199,""sha256"":""cb99e65c2024c8b1a80a7ea1f4ff5b23ef76a5d153a2caeb4a0e3077b5239135"",""state"":""file""},""nh3_pdb_128"":{""bytes"":10623,""sha256"":""4b48182856ba92449fa52b61bf2f95c6ce28937a3cb3da6aec4f131a1216c760"",""state"":""file""},""nh3_pdb_131072"":{""bytes"":10617087,""sha256"":""d454eb5e6e9fe717e1c12c22e3fc749189deae022de05b0f6f83f9f4501bbb52"",""state"":""file""},""nh3_pdb_16384"":{""bytes"":1327359,""sha256"":""07f5683974f6bdad6798104cf7de5ddb670704f71b7e28715d957805124196b8"",""state"":""file""},""nh3_pdb_2048"":{""bytes"":166143,""sha256"":""7171f9c4d6bf3c819f96ddd11877441961f43096057863d0607070d97c5e5a16"",""state"":""file""},""nh3_pdb_256"":{""bytes"":20991,""sha256"":""870d35ef9d654b395f8eefcd897e002ff41b1327475879ff5b955080ecb91ee0"",""state"":""file""},""nh3_pdb_32768"":{""bytes"":2654463,""sha256"":""a193ff7fc7793ae1c9121af48f694b9cff6974a63e67029053ab9312f86cb9cc"",""state"":""file""},""nh3_pdb_4096"":{""bytes"":332031,""sha256"":""e6d9ba2e0f95a04ebbeb61682dcf615982860aaa336140fee7ba55698f68175c"",""state"":""file""},""nh3_pdb_512"":{""bytes"":41727,""sha256"":""76e8d0d71fd3d49a1d14bb1fcd0689b08241620df41c90a904be29c85a67934e"",""state"":""file""},""nh3_pdb_65536"":{""bytes"":5308671,""sha256"":""a80e717b9abb39221c121bf3137135662e1b3c727e705e8f01e651720acd6dcc"",""state"":""file""},""nh3_pdb_8192"":{""bytes"":663807,""sha256"":""b0664469d3a8e84f71fbd848f1f0ffaca2cee3f4fd2100ed10f398e7c19a27e6"",""state"":""file""}},""metadata"":{""benchmark"":""el""}}",28ea42c8-c3b9-4a9c-96dc-b96a346325d0,,,,,,,,,,,,,,single_case,5779517f771cd31c95dc30de603249f8f59a1f8d3680da722ea0763b4d76684d,16.54587555100443,170,supported_jax_separate_collection
cscl,constant_workload,ewald,jax,512,256,131072,0.6685717172194572,1495725.8499640543,nan,nan,10,3,jax_wall_block_until_ready,warmup_excluded,True,,,1e-06,5,arithmetic_mean,1.0010064477546552,"[0.08757612979970872,0.08763409579987638,0.08765191269922071,0.08766427059890702,0.08762875169923064]",,,,,not_measured,not_measured,,nan,nan,1300,energy_autograd,energy_forces_charge_gradients,True,True,False,131072,0,0.0,explicit,0.028619011864066124,16.47599983215332,0.0,8,8,4,orthorhombic,0.19168206844151878,19.391079296412396,1.424934666789829,1760,2.0,892,116916224,2,"{""compute_capability"":""9.0"",""driver"":""unavailable"",""memory_bytes"":99996401664,""name"":""NVIDIA H100 NVL""}","{""cuda"":""13.0"",""git_head"":""unavailable"",""jax"":""0.10.1"",""jaxlib"":""0.10.1"",""nvalchemi_toolkit_ops"":""0.5.0"",""python"":""3.12.3"",""source_sha256"":""4dfd278da46af31f54f8b7671e891073f8b10f8fa2cb28e7cf92bfeddd543638"",""torch"":""2.14.0+cu130"",""warp"":""1.17.0""}","{""gpu_uuid"":""557cda80-d2b2-7630-d3a3-99bf87d35067"",""host"":""ipp2-1716""}","{""JAX_DISABLE_JIT"":""<unset>"",""JAX_DISABLE_JIT_ACTUAL"":""False"",""JAX_ENABLE_X64"":""1"",""JAX_ENABLE_X64_ACTUAL"":""True"",""JAX_PLATFORMS"":""<unset>"",""TF_GPU_ALLOCATOR"":""<unset>"",""XLA_FLAGS"":""<unset>"",""XLA_PYTHON_CLIENT_ALLOCATOR"":""<unset>"",""XLA_PYTHON_CLIENT_MEM_FRACTION"":""0.95"",""XLA_PYTHON_CLIENT_PREALLOCATE"":""<unset>""}","{""artifacts"":{""nh3_pdb_1024"":{""bytes"":83199,""sha256"":""cb99e65c2024c8b1a80a7ea1f4ff5b23ef76a5d153a2caeb4a0e3077b5239135"",""state"":""file""},""nh3_pdb_128"":{""bytes"":10623,""sha256"":""4b48182856ba92449fa52b61bf2f95c6ce28937a3cb3da6aec4f131a1216c760"",""state"":""file""},""nh3_pdb_131072"":{""bytes"":10617087,""sha256"":""d454eb5e6e9fe717e1c12c22e3fc749189deae022de05b0f6f83f9f4501bbb52"",""state"":""file""},""nh3_pdb_16384"":{""bytes"":1327359,""sha256"":""07f5683974f6bdad6798104cf7de5ddb670704f71b7e28715d957805124196b8"",""state"":""file""},""nh3_pdb_2048"":{""bytes"":166143,""sha256"":""7171f9c4d6bf3c819f96ddd11877441961f43096057863d0607070d97c5e5a16"",""state"":""file""},""nh3_pdb_256"":{""bytes"":20991,""sha256"":""870d35ef9d654b395f8eefcd897e002ff41b1327475879ff5b955080ecb91ee0"",""state"":""file""},""nh3_pdb_32768"":{""bytes"":2654463,""sha256"":""a193ff7fc7793ae1c9121af48f694b9cff6974a63e67029053ab9312f86cb9cc"",""state"":""file""},""nh3_pdb_4096"":{""bytes"":332031,""sha256"":""e6d9ba2e0f95a04ebbeb61682dcf615982860aaa336140fee7ba55698f68175c"",""state"":""file""},""nh3_pdb_512"":{""bytes"":41727,""sha256"":""76e8d0d71fd3d49a1d14bb1fcd0689b08241620df41c90a904be29c85a67934e"",""state"":""file""},""nh3_pdb_65536"":{""bytes"":5308671,""sha256"":""a80e717b9abb39221c121bf3137135662e1b3c727e705e8f01e651720acd6dcc"",""state"":""file""},""nh3_pdb_8192"":{""bytes"":663807,""sha256"":""b0664469d3a8e84f71fbd848f1f0ffaca2cee3f4fd2100ed10f398e7c19a27e6"",""state"":""file""}},""metadata"":{""benchmark"":""el""}}",28ea42c8-c3b9-4a9c-96dc-b96a346325d0,,,,,,,,,,,,,,single_case,5779517f771cd31c95dc30de603249f8f59a1f8d3680da722ea0763b4d76684d,23.47134802598157,175,supported_jax_separate_collection
cscl,constant_workload,ewald,jax,8192,16,131072,1.7359554556239942,576051.6473854723,nan,nan,10,3,jax_wall_block_until_ready,warmup_excluded,True,,,0.0001,5,arithmetic_mean,1.0029922751725473,"[0.22727042049809826,0.22714826030132826,0.22761377719871234,0.22782795040111523,0.22781535899848676]",,,,,not_measured,not_measured,,nan,nan,2456,energy_autograd,energy_forces_charge_gradients,True,True,False,131072,0,0.0,explicit,0.028619011864066124,65.90399932861328,0.0,16,16,16,cubic,0.12075213645842964,25.13292391986023,0.7329302711729534,3808,2.0,1916,251133952,2,"{""compute_capability"":""9.0"",""driver"":""unavailable"",""memory_bytes"":99996401664,""name"":""NVIDIA H100 NVL""}","{""cuda"":""13.0"",""git_head"":""unavailable"",""jax"":""0.10.1"",""jaxlib"":""0.10.1"",""nvalchemi_toolkit_ops"":""0.5.0"",""python"":""3.12.3"",""source_sha256"":""4dfd278da46af31f54f8b7671e891073f8b10f8fa2cb28e7cf92bfeddd543638"",""torch"":""2.14.0+cu130"",""warp"":""1.17.0""}","{""gpu_uuid"":""557cda80-d2b2-7630-d3a3-99bf87d35067"",""host"":""ipp2-1716""}","{""JAX_DISABLE_JIT"":""<unset>"",""JAX_DISABLE_JIT_ACTUAL"":""False"",""JAX_ENABLE_X64"":""1"",""JAX_ENABLE_X64_ACTUAL"":""True"",""JAX_PLATFORMS"":""<unset>"",""TF_GPU_ALLOCATOR"":""<unset>"",""XLA_FLAGS"":""<unset>"",""XLA_PYTHON_CLIENT_ALLOCATOR"":""<unset>"",""XLA_PYTHON_CLIENT_MEM_FRACTION"":""0.95"",""XLA_PYTHON_CLIENT_PREALLOCATE"":""<unset>""}","{""artifacts"":{""nh3_pdb_1024"":{""bytes"":83199,""sha256"":""cb99e65c2024c8b1a80a7ea1f4ff5b23ef76a5d153a2caeb4a0e3077b5239135"",""state"":""file""},""nh3_pdb_128"":{""bytes"":10623,""sha256"":""4b48182856ba92449fa52b61bf2f95c6ce28937a3cb3da6aec4f131a1216c760"",""state"":""file""},""nh3_pdb_131072"":{""bytes"":10617087,""sha256"":""d454eb5e6e9fe717e1c12c22e3fc749189deae022de05b0f6f83f9f4501bbb52"",""state"":""file""},""nh3_pdb_16384"":{""bytes"":1327359,""sha256"":""07f5683974f6bdad6798104cf7de5ddb670704f71b7e28715d957805124196b8"",""state"":""file""},""nh3_pdb_2048"":{""bytes"":166143,""sha256"":""7171f9c4d6bf3c819f96ddd11877441961f43096057863d0607070d97c5e5a16"",""state"":""file""},""nh3_pdb_256"":{""bytes"":20991,""sha256"":""870d35ef9d654b395f8eefcd897e002ff41b1327475879ff5b955080ecb91ee0"",""state"":""file""},""nh3_pdb_32768"":{""bytes"":2654463,""sha256"":""a193ff7fc7793ae1c9121af48f694b9cff6974a63e67029053ab9312f86cb9cc"",""state"":""file""},""nh3_pdb_4096"":{""bytes"":332031,""sha256"":""e6d9ba2e0f95a04ebbeb61682dcf615982860aaa336140fee7ba55698f68175c"",""state"":""file""},""nh3_pdb_512"":{""bytes"":41727,""sha256"":""76e8d0d71fd3d49a1d14bb1fcd0689b08241620df41c90a904be29c85a67934e"",""state"":""file""},""nh3_pdb_65536"":{""bytes"":5308671,""sha256"":""a80e717b9abb39221c121bf3137135662e1b3c727e705e8f01e651720acd6dcc"",""state"":""file""},""nh3_pdb_8192"":{""bytes"":663807,""sha256"":""b0664469d3a8e84f71fbd848f1f0ffaca2cee3f4fd2100ed10f398e7c19a27e6"",""state"":""file""}},""metadata"":{""benchmark"":""el""}}",28ea42c8-c3b9-4a9c-96dc-b96a346325d0,,,,,,,,,,,,,,single_case,5779517f771cd31c95dc30de603249f8f59a1f8d3680da722ea0763b4d76684d,39.41746207000688,182,supported_jax_separate_collection
cscl,constant_workload,ewald,jax,8192,16,131072,3.806157108607877,262732.1919367,nan,nan,10,3,jax_wall_block_until_ready,warmup_excluded,True,,,1e-06,5,arithmetic_mean,1.0009146183514608,"[0.49882507929869463,0.49860873589932453,0.49906477259937676,0.4989011911995476,0.49900334370031485]",,,,,not_measured,not_measured,,nan,nan,4630,energy_autograd,energy_forces_charge_gradients,True,True,False,131072,0,0.0,explicit,0.028619011864066124,65.90399932861328,0.0,16,16,16,cubic,0.12075213645842964,30.78141967392381,0.8976525907067213,7008,2.0,3478,455868416,2,"{""compute_capability"":""9.0"",""driver"":""unavailable"",""memory_bytes"":99996401664,""name"":""NVIDIA H100 NVL""}","{""cuda"":""13.0"",""git_head"":""unavailable"",""jax"":""0.10.1"",""jaxlib"":""0.10.1"",""nvalchemi_toolkit_ops"":""0.5.0"",""python"":""3.12.3"",""source_sha256"":""4dfd278da46af31f54f8b7671e891073f8b10f8fa2cb28e7cf92bfeddd543638"",""torch"":""2.14.0+cu130"",""warp"":""1.17.0""}","{""gpu_uuid"":""557cda80-d2b2-7630-d3a3-99bf87d35067"",""host"":""ipp2-1716""}","{""JAX_DISABLE_JIT"":""<unset>"",""JAX_DISABLE_JIT_ACTUAL"":""False"",""JAX_ENABLE_X64"":""1"",""JAX_ENABLE_X64_ACTUAL"":""True"",""JAX_PLATFORMS"":""<unset>"",""TF_GPU_ALLOCATOR"":""<unset>"",""XLA_FLAGS"":""<unset>"",""XLA_PYTHON_CLIENT_ALLOCATOR"":""<unset>"",""XLA_PYTHON_CLIENT_MEM_FRACTION"":""0.95"",""XLA_PYTHON_CLIENT_PREALLOCATE"":""<unset>""}","{""artifacts"":{""nh3_pdb_1024"":{""bytes"":83199,""sha256"":""cb99e65c2024c8b1a80a7ea1f4ff5b23ef76a5d153a2caeb4a0e3077b5239135"",""state"":""file""},""nh3_pdb_128"":{""bytes"":10623,""sha256"":""4b48182856ba92449fa52b61bf2f95c6ce28937a3cb3da6aec4f131a1216c760"",""state"":""file""},""nh3_pdb_131072"":{""bytes"":10617087,""sha256"":""d454eb5e6e9fe717e1c12c22e3fc749189deae022de05b0f6f83f9f4501bbb52"",""state"":""file""},""nh3_pdb_16384"":{""bytes"":1327359,""sha256"":""07f5683974f6bdad6798104cf7de5ddb670704f71b7e28715d957805124196b8"",""state"":""file""},""nh3_pdb_2048"":{""bytes"":166143,""sha256"":""7171f9c4d6bf3c819f96ddd11877441961f43096057863d0607070d97c5e5a16"",""state"":""file""},""nh3_pdb_256"":{""bytes"":20991,""sha256"":""870d35ef9d654b395f8eefcd897e002ff41b1327475879ff5b955080ecb91ee0"",""state"":""file""},""nh3_pdb_32768"":{""bytes"":2654463,""sha256"":""a193ff7fc7793ae1c9121af48f694b9cff6974a63e67029053ab9312f86cb9cc"",""state"":""file""},""nh3_pdb_4096"":{""bytes"":332031,""sha256"":""e6d9ba2e0f95a04ebbeb61682dcf615982860aaa336140fee7ba55698f68175c"",""state"":""file""},""nh3_pdb_512"":{""bytes"":41727,""sha256"":""76e8d0d71fd3d49a1d14bb1fcd0689b08241620df41c90a904be29c85a67934e"",""state"":""file""},""nh3_pdb_65536"":{""bytes"":5308671,""sha256"":""a80e717b9abb39221c121bf3137135662e1b3c727e705e8f01e651720acd6dcc"",""state"":""file""},""nh3_pdb_8192"":{""bytes"":663807,""sha256"":""b0664469d3a8e84f71fbd848f1f0ffaca2cee3f4fd2100ed10f398e7c19a27e6"",""state"":""file""}},""metadata"":{""benchmark"":""el""}}",28ea42c8-c3b9-4a9c-96dc-b96a346325d0,,,,,,,,,,,,,,single_case,5779517f771cd31c95dc30de603249f8f59a1f8d3680da722ea0763b4d76684d,61.96555323401117,183,supported_jax_separate_collection
cscl,constant_workload,ewald,jax,2048,64,131072,0.6997854733281627,1429009.3723209547,nan,nan,10,3,jax_wall_block_until_ready,warmup_excluded,True,,,0.0001,5,arithmetic_mean,1.0003557043143478,"[0.09174194170045666,0.09171610699995654,0.0917093202995602,0.09171201980061597,0.09173201899975539]",,,,,not_measured,not_measured,,nan,nan,1270,energy_autograd,energy_forces_charge_gradients,True,True,False,131072,0,0.0,explicit,0.028619011864066124,32.95199966430664,0.0,16,8,8,orthorhombic,0.15213815854375362,19.948014934711427,0.9234342767559615,1904,2.0,940,123207680,2,"{""compute_capability"":""9.0"",""driver"":""unavailable"",""memory_bytes"":99996401664,""name"":""NVIDIA H100 NVL""}","{""cuda"":""13.0"",""git_head"":""unavailable"",""jax"":""0.10.1"",""jaxlib"":""0.10.1"",""nvalchemi_toolkit_ops"":""0.5.0"",""python"":""3.12.3"",""source_sha256"":""4dfd278da46af31f54f8b7671e891073f8b10f8fa2cb28e7cf92bfeddd543638"",""torch"":""2.14.0+cu130"",""warp"":""1.17.0""}","{""gpu_uuid"":""23074f79-c31a-f283-5a26-fe763902683e"",""host"":""a1u1g-mil-0678""}","{""JAX_DISABLE_JIT"":""<unset>"",""JAX_DISABLE_JIT_ACTUAL"":""False"",""JAX_ENABLE_X64"":""1"",""JAX_ENABLE_X64_ACTUAL"":""True"",""JAX_PLATFORMS"":""<unset>"",""TF_GPU_ALLOCATOR"":""<unset>"",""XLA_FLAGS"":""<unset>"",""XLA_PYTHON_CLIENT_ALLOCATOR"":""<unset>"",""XLA_PYTHON_CLIENT_MEM_FRACTION"":""0.95"",""XLA_PYTHON_CLIENT_PREALLOCATE"":""<unset>""}","{""artifacts"":{""nh3_pdb_1024"":{""bytes"":83199,""sha256"":""cb99e65c2024c8b1a80a7ea1f4ff5b23ef76a5d153a2caeb4a0e3077b5239135"",""state"":""file""},""nh3_pdb_128"":{""bytes"":10623,""sha256"":""4b48182856ba92449fa52b61bf2f95c6ce28937a3cb3da6aec4f131a1216c760"",""state"":""file""},""nh3_pdb_131072"":{""bytes"":10617087,""sha256"":""d454eb5e6e9fe717e1c12c22e3fc749189deae022de05b0f6f83f9f4501bbb52"",""state"":""file""},""nh3_pdb_16384"":{""bytes"":1327359,""sha256"":""07f5683974f6bdad6798104cf7de5ddb670704f71b7e28715d957805124196b8"",""state"":""file""},""nh3_pdb_2048"":{""bytes"":166143,""sha256"":""7171f9c4d6bf3c819f96ddd11877441961f43096057863d0607070d97c5e5a16"",""state"":""file""},""nh3_pdb_256"":{""bytes"":20991,""sha256"":""870d35ef9d654b395f8eefcd897e002ff41b1327475879ff5b955080ecb91ee0"",""state"":""file""},""nh3_pdb_32768"":{""bytes"":2654463,""sha256"":""a193ff7fc7793ae1c9121af48f694b9cff6974a63e67029053ab9312f86cb9cc"",""state"":""file""},""nh3_pdb_4096"":{""bytes"":332031,""sha256"":""e6d9ba2e0f95a04ebbeb61682dcf615982860aaa336140fee7ba55698f68175c"",""state"":""file""},""nh3_pdb_512"":{""bytes"":41727,""sha256"":""76e8d0d71fd3d49a1d14bb1fcd0689b08241620df41c90a904be29c85a67934e"",""state"":""file""},""nh3_pdb_65536"":{""bytes"":5308671,""sha256"":""a80e717b9abb39221c121bf3137135662e1b3c727e705e8f01e651720acd6dcc"",""state"":""file""},""nh3_pdb_8192"":{""bytes"":663807,""sha256"":""b0664469d3a8e84f71fbd848f1f0ffaca2cee3f4fd2100ed10f398e7c19a27e6"",""state"":""file""}},""metadata"":{""benchmark"":""el""}}",28ea42c8-c3b9-4a9c-96dc-b96a346325d0,,,,,,,,,,,,,,single_case,5779517f771cd31c95dc30de603249f8f59a1f8d3680da722ea0763b4d76684d,24.941426923993276,178,supported_jax_separate_collection
cscl,constant_workload,pme,jax,128,1024,131072,0.09705852295205375,10303062.2101471,nan,nan,10,3,jax_wall_block_until_ready,warmup_excluded,True,,,0.0001,5,arithmetic_mean,1.0016155138501999,"[0.012707288200908806,0.012724688199523371,0.012721420099842362,0.012727817000995855,0.01272706010058755]",,,,,not_measured,not_measured,shared_cell_k_squared,nan,nan,,energy_autograd,energy_forces_charge_gradients,True,True,False,131072,0,0.0,explicit,0.028619011864066124,16.47599983215332,0.0,4,4,4,cubic,0.3372060287522548,9.0,,176,2.0,88,11534336,2,"{""compute_capability"":""9.0"",""driver"":""unavailable"",""memory_bytes"":99996401664,""name"":""NVIDIA H100 NVL""}","{""cuda"":""13.0"",""git_head"":""unavailable"",""jax"":""0.10.1"",""jaxlib"":""0.10.1"",""nvalchemi_toolkit_ops"":""0.5.0"",""python"":""3.12.3"",""source_sha256"":""4dfd278da46af31f54f8b7671e891073f8b10f8fa2cb28e7cf92bfeddd543638"",""torch"":""2.14.0+cu130"",""warp"":""1.17.0""}","{""gpu_uuid"":""23074f79-c31a-f283-5a26-fe763902683e"",""host"":""a1u1g-mil-0678""}","{""JAX_DISABLE_JIT"":""<unset>"",""JAX_DISABLE_JIT_ACTUAL"":""False"",""JAX_ENABLE_X64"":""1"",""JAX_ENABLE_X64_ACTUAL"":""True"",""JAX_PLATFORMS"":""<unset>"",""TF_GPU_ALLOCATOR"":""<unset>"",""XLA_FLAGS"":""<unset>"",""XLA_PYTHON_CLIENT_ALLOCATOR"":""<unset>"",""XLA_PYTHON_CLIENT_MEM_FRACTION"":""0.95"",""XLA_PYTHON_CLIENT_PREALLOCATE"":""<unset>""}","{""artifacts"":{""nh3_pdb_1024"":{""bytes"":83199,""sha256"":""cb99e65c2024c8b1a80a7ea1f4ff5b23ef76a5d153a2caeb4a0e3077b5239135"",""state"":""file""},""nh3_pdb_128"":{""bytes"":10623,""sha256"":""4b48182856ba92449fa52b61bf2f95c6ce28937a3cb3da6aec4f131a1216c760"",""state"":""file""},""nh3_pdb_131072"":{""bytes"":10617087,""sha256"":""d454eb5e6e9fe717e1c12c22e3fc749189deae022de05b0f6f83f9f4501bbb52"",""state"":""file""},""nh3_pdb_16384"":{""bytes"":1327359,""sha256"":""07f5683974f6bdad6798104cf7de5ddb670704f71b7e28715d957805124196b8"",""state"":""file""},""nh3_pdb_2048"":{""bytes"":166143,""sha256"":""7171f9c4d6bf3c819f96ddd11877441961f43096057863d0607070d97c5e5a16"",""state"":""file""},""nh3_pdb_256"":{""bytes"":20991,""sha256"":""870d35ef9d654b395f8eefcd897e002ff41b1327475879ff5b955080ecb91ee0"",""state"":""file""},""nh3_pdb_32768"":{""bytes"":2654463,""sha256"":""a193ff7fc7793ae1c9121af48f694b9cff6974a63e67029053ab9312f86cb9cc"",""state"":""file""},""nh3_pdb_4096"":{""bytes"":332031,""sha256"":""e6d9ba2e0f95a04ebbeb61682dcf615982860aaa336140fee7ba55698f68175c"",""state"":""file""},""nh3_pdb_512"":{""bytes"":41727,""sha256"":""76e8d0d71fd3d49a1d14bb1fcd0689b08241620df41c90a904be29c85a67934e"",""state"":""file""},""nh3_pdb_65536"":{""bytes"":5308671,""sha256"":""a80e717b9abb39221c121bf3137135662e1b3c727e705e8f01e651720acd6dcc"",""state"":""file""},""nh3_pdb_8192"":{""bytes"":663807,""sha256"":""b0664469d3a8e84f71fbd848f1f0ffaca2cee3f4fd2100ed10f398e7c19a27e6"",""state"":""file""}},""metadata"":{""benchmark"":""el""}}",28ea42c8-c3b9-4a9c-96dc-b96a346325d0,,,24,24,24,7488,5,7230aa3d9e48631ce068c97e592e4d05caa38848563e67e18a710cb5e16142f6,"{""batch_idx"":""int32"",""cell"":""float64"",""charges"":""float64"",""pbc"":""bool"",""positions"":""float64""}",capped_upstream_estimate,bounded_power_two_then_four_fft_snap,0.25,9.0,single_case,5779517f771cd31c95dc30de603249f8f59a1f8d3680da722ea0763b4d76684d,42.18314485200972,22,supported_jax_separate_collection
cscl,constant_workload,ewald,jax,256,512,131072,0.3902151081858208,2562689.0887161633,nan,nan,10,3,jax_wall_block_until_ready,warmup_excluded,True,,,1e-06,5,arithmetic_mean,1.000902349338701,"[0.051133550598751756,0.0511450946010882,0.05112643179891165,0.05115373060107231,0.051172565700835546]",,,,,not_measured,not_measured,,nan,nan,1149,energy_autograd,energy_forces_charge_gradients,True,True,False,131072,0,0.0,explicit,0.028619011864066124,16.47599983215332,0.0,8,4,4,orthorhombic,0.21515584716704458,17.275487688531474,1.5994350847919456,1248,2.0,608,79691776,2,"{""compute_capability"":""9.0"",""driver"":""unavailable"",""memory_bytes"":99996401664,""name"":""NVIDIA H100 NVL""}","{""cuda"":""13.0"",""git_head"":""unavailable"",""jax"":""0.10.1"",""jaxlib"":""0.10.1"",""nvalchemi_toolkit_ops"":""0.5.0"",""python"":""3.12.3"",""source_sha256"":""4dfd278da46af31f54f8b7671e891073f8b10f8fa2cb28e7cf92bfeddd543638"",""torch"":""2.14.0+cu130"",""warp"":""1.17.0""}","{""gpu_uuid"":""557cda80-d2b2-7630-d3a3-99bf87d35067"",""host"":""ipp2-1716""}","{""JAX_DISABLE_JIT"":""<unset>"",""JAX_DISABLE_JIT_ACTUAL"":""False"",""JAX_ENABLE_X64"":""1"",""JAX_ENABLE_X64_ACTUAL"":""True"",""JAX_PLATFORMS"":""<unset>"",""TF_GPU_ALLOCATOR"":""<unset>"",""XLA_FLAGS"":""<unset>"",""XLA_PYTHON_CLIENT_ALLOCATOR"":""<unset>"",""XLA_PYTHON_CLIENT_MEM_FRACTION"":""0.95"",""XLA_PYTHON_CLIENT_PREALLOCATE"":""<unset>""}","{""artifacts"":{""nh3_pdb_1024"":{""bytes"":83199,""sha256"":""cb99e65c2024c8b1a80a7ea1f4ff5b23ef76a5d153a2caeb4a0e3077b5239135"",""state"":""file""},""nh3_pdb_128"":{""bytes"":10623,""sha256"":""4b48182856ba92449fa52b61bf2f95c6ce28937a3cb3da6aec4f131a1216c760"",""state"":""file""},""nh3_pdb_131072"":{""bytes"":10617087,""sha256"":""d454eb5e6e9fe717e1c12c22e3fc749189deae022de05b0f6f83f9f4501bbb52"",""state"":""file""},""nh3_pdb_16384"":{""bytes"":1327359,""sha256"":""07f5683974f6bdad6798104cf7de5ddb670704f71b7e28715d957805124196b8"",""state"":""file""},""nh3_pdb_2048"":{""bytes"":166143,""sha256"":""7171f9c4d6bf3c819f96ddd11877441961f43096057863d0607070d97c5e5a16"",""state"":""file""},""nh3_pdb_256"":{""bytes"":20991,""sha256"":""870d35ef9d654b395f8eefcd897e002ff41b1327475879ff5b955080ecb91ee0"",""state"":""file""},""nh3_pdb_32768"":{""bytes"":2654463,""sha256"":""a193ff7fc7793ae1c9121af48f694b9cff6974a63e67029053ab9312f86cb9cc"",""state"":""file""},""nh3_pdb_4096"":{""bytes"":332031,""sha256"":""e6d9ba2e0f95a04ebbeb61682dcf615982860aaa336140fee7ba55698f68175c"",""state"":""file""},""nh3_pdb_512"":{""bytes"":41727,""sha256"":""76e8d0d71fd3d49a1d14bb1fcd0689b08241620df41c90a904be29c85a67934e"",""state"":""file""},""nh3_pdb_65536"":{""bytes"":5308671,""sha256"":""a80e717b9abb39221c121bf3137135662e1b3c727e705e8f01e651720acd6dcc"",""state"":""file""},""nh3_pdb_8192"":{""bytes"":663807,""sha256"":""b0664469d3a8e84f71fbd848f1f0ffaca2cee3f4fd2100ed10f398e7c19a27e6"",""state"":""file""}},""metadata"":{""benchmark"":""el""}}",28ea42c8-c3b9-4a9c-96dc-b96a346325d0,,,,,,,,,,,,,,single_case,5779517f771cd31c95dc30de603249f8f59a1f8d3680da722ea0763b4d76684d,20.159415114001604,173,supported_jax_separate_collection
cscl,constant_workload,ewald,jax,1024,128,131072,0.4847621650760914,2062867.2616045305,nan,nan,10,3,jax_wall_block_until_ready,warmup_excluded,True,,,0.0001,5,arithmetic_mean,1.001125921757464,"[0.06354704230034258,0.06355246430030093,0.06357760220125783,0.06350609930232168,0.06351052440004423]",,,,,not_measured,not_measured,,nan,nan,1098,energy_autograd,energy_forces_charge_gradients,True,True,False,131072,0,0.0,explicit,0.028619011864066124,32.95199966430664,0.0,8,8,8,cubic,0.17076930906503784,17.771660934778755,1.036519929766581,1360,2.0,644,84410368,2,"{""compute_capability"":""9.0"",""driver"":""unavailable"",""memory_bytes"":99996401664,""name"":""NVIDIA H100 NVL""}","{""cuda"":""13.0"",""git_head"":""unavailable"",""jax"":""0.10.1"",""jaxlib"":""0.10.1"",""nvalchemi_toolkit_ops"":""0.5.0"",""python"":""3.12.3"",""source_sha256"":""4dfd278da46af31f54f8b7671e891073f8b10f8fa2cb28e7cf92bfeddd543638"",""torch"":""2.14.0+cu130"",""warp"":""1.17.0""}","{""gpu_uuid"":""557cda80-d2b2-7630-d3a3-99bf87d35067"",""host"":""ipp2-1716""}","{""JAX_DISABLE_JIT"":""<unset>"",""JAX_DISABLE_JIT_ACTUAL"":""False"",""JAX_ENABLE_X64"":""1"",""JAX_ENABLE_X64_ACTUAL"":""True"",""JAX_PLATFORMS"":""<unset>"",""TF_GPU_ALLOCATOR"":""<unset>"",""XLA_FLAGS"":""<unset>"",""XLA_PYTHON_CLIENT_ALLOCATOR"":""<unset>"",""XLA_PYTHON_CLIENT_MEM_FRACTION"":""0.95"",""XLA_PYTHON_CLIENT_PREALLOCATE"":""<unset>""}","{""artifacts"":{""nh3_pdb_1024"":{""bytes"":83199,""sha256"":""cb99e65c2024c8b1a80a7ea1f4ff5b23ef76a5d153a2caeb4a0e3077b5239135"",""state"":""file""},""nh3_pdb_128"":{""bytes"":10623,""sha256"":""4b48182856ba92449fa52b61bf2f95c6ce28937a3cb3da6aec4f131a1216c760"",""state"":""file""},""nh3_pdb_131072"":{""bytes"":10617087,""sha256"":""d454eb5e6e9fe717e1c12c22e3fc749189deae022de05b0f6f83f9f4501bbb52"",""state"":""file""},""nh3_pdb_16384"":{""bytes"":1327359,""sha256"":""07f5683974f6bdad6798104cf7de5ddb670704f71b7e28715d957805124196b8"",""state"":""file""},""nh3_pdb_2048"":{""bytes"":166143,""sha256"":""7171f9c4d6bf3c819f96ddd11877441961f43096057863d0607070d97c5e5a16"",""state"":""file""},""nh3_pdb_256"":{""bytes"":20991,""sha256"":""870d35ef9d654b395f8eefcd897e002ff41b1327475879ff5b955080ecb91ee0"",""state"":""file""},""nh3_pdb_32768"":{""bytes"":2654463,""sha256"":""a193ff7fc7793ae1c9121af48f694b9cff6974a63e67029053ab9312f86cb9cc"",""state"":""file""},""nh3_pdb_4096"":{""bytes"":332031,""sha256"":""e6d9ba2e0f95a04ebbeb61682dcf615982860aaa336140fee7ba55698f68175c"",""state"":""file""},""nh3_pdb_512"":{""bytes"":41727,""sha256"":""76e8d0d71fd3d49a1d14bb1fcd0689b08241620df41c90a904be29c85a67934e"",""state"":""file""},""nh3_pdb_65536"":{""bytes"":5308671,""sha256"":""a80e717b9abb39221c121bf3137135662e1b3c727e705e8f01e651720acd6dcc"",""state"":""file""},""nh3_pdb_8192"":{""bytes"":663807,""sha256"":""b0664469d3a8e84f71fbd848f1f0ffaca2cee3f4fd2100ed10f398e7c19a27e6"",""state"":""file""}},""metadata"":{""benchmark"":""el""}}",28ea42c8-c3b9-4a9c-96dc-b96a346325d0,,,,,,,,,,,,,,single_case,5779517f771cd31c95dc30de603249f8f59a1f8d3680da722ea0763b4d76684d,20.47177185199689,176,supported_jax_separate_collection
cscl,constant_workload,pme,jax,128,1024,131072,1.0096972936946003,990395.840659217,nan,nan,10,3,jax_wall_block_until_ready,warmup_excluded,True,,,1e-06,5,arithmetic_mean,1.0209568314118644,"[0.13078396469936707,0.13178377219883258,0.13251221109821926,0.1331104882003274,0.13352478219894692]",,,,,not_measured,not_measured,shared_cell_k_squared,nan,nan,,energy_autograd,energy_forces_charge_gradients,True,True,False,131072,0,0.0,explicit,0.028619011864066124,16.47599983215332,0.0,4,4,4,cubic,0.41299135431664874,9.0,,176,2.0,88,11534336,2,"{""compute_capability"":""9.0"",""driver"":""unavailable"",""memory_bytes"":99996401664,""name"":""NVIDIA H100 NVL""}","{""cuda"":""13.0"",""git_head"":""unavailable"",""jax"":""0.10.1"",""jaxlib"":""0.10.1"",""nvalchemi_toolkit_ops"":""0.5.0"",""python"":""3.12.3"",""source_sha256"":""4dfd278da46af31f54f8b7671e891073f8b10f8fa2cb28e7cf92bfeddd543638"",""torch"":""2.14.0+cu130"",""warp"":""1.17.0""}","{""gpu_uuid"":""557cda80-d2b2-7630-d3a3-99bf87d35067"",""host"":""ipp2-1716""}","{""JAX_DISABLE_JIT"":""<unset>"",""JAX_DISABLE_JIT_ACTUAL"":""False"",""JAX_ENABLE_X64"":""1"",""JAX_ENABLE_X64_ACTUAL"":""True"",""JAX_PLATFORMS"":""<unset>"",""TF_GPU_ALLOCATOR"":""<unset>"",""XLA_FLAGS"":""<unset>"",""XLA_PYTHON_CLIENT_ALLOCATOR"":""<unset>"",""XLA_PYTHON_CLIENT_MEM_FRACTION"":""0.95"",""XLA_PYTHON_CLIENT_PREALLOCATE"":""<unset>""}","{""artifacts"":{""nh3_pdb_1024"":{""bytes"":83199,""sha256"":""cb99e65c2024c8b1a80a7ea1f4ff5b23ef76a5d153a2caeb4a0e3077b5239135"",""state"":""file""},""nh3_pdb_128"":{""bytes"":10623,""sha256"":""4b48182856ba92449fa52b61bf2f95c6ce28937a3cb3da6aec4f131a1216c760"",""state"":""file""},""nh3_pdb_131072"":{""bytes"":10617087,""sha256"":""d454eb5e6e9fe717e1c12c22e3fc749189deae022de05b0f6f83f9f4501bbb52"",""state"":""file""},""nh3_pdb_16384"":{""bytes"":1327359,""sha256"":""07f5683974f6bdad6798104cf7de5ddb670704f71b7e28715d957805124196b8"",""state"":""file""},""nh3_pdb_2048"":{""bytes"":166143,""sha256"":""7171f9c4d6bf3c819f96ddd11877441961f43096057863d0607070d97c5e5a16"",""state"":""file""},""nh3_pdb_256"":{""bytes"":20991,""sha256"":""870d35ef9d654b395f8eefcd897e002ff41b1327475879ff5b955080ecb91ee0"",""state"":""file""},""nh3_pdb_32768"":{""bytes"":2654463,""sha256"":""a193ff7fc7793ae1c9121af48f694b9cff6974a63e67029053ab9312f86cb9cc"",""state"":""file""},""nh3_pdb_4096"":{""bytes"":332031,""sha256"":""e6d9ba2e0f95a04ebbeb61682dcf615982860aaa336140fee7ba55698f68175c"",""state"":""file""},""nh3_pdb_512"":{""bytes"":41727,""sha256"":""76e8d0d71fd3d49a1d14bb1fcd0689b08241620df41c90a904be29c85a67934e"",""state"":""file""},""nh3_pdb_65536"":{""bytes"":5308671,""sha256"":""a80e717b9abb39221c121bf3137135662e1b3c727e705e8f01e651720acd6dcc"",""state"":""file""},""nh3_pdb_8192"":{""bytes"":663807,""sha256"":""b0664469d3a8e84f71fbd848f1f0ffaca2cee3f4fd2100ed10f398e7c19a27e6"",""state"":""file""}},""metadata"":{""benchmark"":""el""}}",28ea42c8-c3b9-4a9c-96dc-b96a346325d0,,,72,72,72,191808,5,7230aa3d9e48631ce068c97e592e4d05caa38848563e67e18a710cb5e16142f6,"{""batch_idx"":""int32"",""cell"":""float64"",""charges"":""float64"",""pbc"":""bool"",""positions"":""float64""}",capped_upstream_estimate,bounded_power_two_then_four_fft_snap,0.25,9.0,single_case,5779517f771cd31c95dc30de603249f8f59a1f8d3680da722ea0763b4d76684d,48.92591508998885,23,supported_jax_separate_collection
cscl,constant_workload,pme,jax,512,256,131072,0.09541547637770263,10480480.085237902,nan,nan,10,3,jax_wall_block_until_ready,warmup_excluded,True,,,0.0001,5,arithmetic_mean,1.0102272983988,"[0.012446102101239375,0.012485808099154384,0.012500587198883296,0.012573392101330683,0.01252559709828347]",,,,,not_measured,not_measured,shared_cell_k_squared,nan,nan,,energy_autograd,energy_forces_charge_gradients,True,True,False,131072,0,0.0,explicit,0.028619011864066124,16.47599983215332,0.0,8,8,4,orthorhombic,0.3372060287522547,9.0,,176,2.0,88,11534336,2,"{""compute_capability"":""9.0"",""driver"":""unavailable"",""memory_bytes"":99996401664,""name"":""NVIDIA H100 NVL""}","{""cuda"":""13.0"",""git_head"":""unavailable"",""jax"":""0.10.1"",""jaxlib"":""0.10.1"",""nvalchemi_toolkit_ops"":""0.5.0"",""python"":""3.12.3"",""source_sha256"":""4dfd278da46af31f54f8b7671e891073f8b10f8fa2cb28e7cf92bfeddd543638"",""torch"":""2.14.0+cu130"",""warp"":""1.17.0""}","{""gpu_uuid"":""557cda80-d2b2-7630-d3a3-99bf87d35067"",""host"":""ipp2-1716""}","{""JAX_DISABLE_JIT"":""<unset>"",""JAX_DISABLE_JIT_ACTUAL"":""False"",""JAX_ENABLE_X64"":""1"",""JAX_ENABLE_X64_ACTUAL"":""True"",""JAX_PLATFORMS"":""<unset>"",""TF_GPU_ALLOCATOR"":""<unset>"",""XLA_FLAGS"":""<unset>"",""XLA_PYTHON_CLIENT_ALLOCATOR"":""<unset>"",""XLA_PYTHON_CLIENT_MEM_FRACTION"":""0.95"",""XLA_PYTHON_CLIENT_PREALLOCATE"":""<unset>""}","{""artifacts"":{""nh3_pdb_1024"":{""bytes"":83199,""sha256"":""cb99e65c2024c8b1a80a7ea1f4ff5b23ef76a5d153a2caeb4a0e3077b5239135"",""state"":""file""},""nh3_pdb_128"":{""bytes"":10623,""sha256"":""4b48182856ba92449fa52b61bf2f95c6ce28937a3cb3da6aec4f131a1216c760"",""state"":""file""},""nh3_pdb_131072"":{""bytes"":10617087,""sha256"":""d454eb5e6e9fe717e1c12c22e3fc749189deae022de05b0f6f83f9f4501bbb52"",""state"":""file""},""nh3_pdb_16384"":{""bytes"":1327359,""sha256"":""07f5683974f6bdad6798104cf7de5ddb670704f71b7e28715d957805124196b8"",""state"":""file""},""nh3_pdb_2048"":{""bytes"":166143,""sha256"":""7171f9c4d6bf3c819f96ddd11877441961f43096057863d0607070d97c5e5a16"",""state"":""file""},""nh3_pdb_256"":{""bytes"":20991,""sha256"":""870d35ef9d654b395f8eefcd897e002ff41b1327475879ff5b955080ecb91ee0"",""state"":""file""},""nh3_pdb_32768"":{""bytes"":2654463,""sha256"":""a193ff7fc7793ae1c9121af48f694b9cff6974a63e67029053ab9312f86cb9cc"",""state"":""file""},""nh3_pdb_4096"":{""bytes"":332031,""sha256"":""e6d9ba2e0f95a04ebbeb61682dcf615982860aaa336140fee7ba55698f68175c"",""state"":""file""},""nh3_pdb_512"":{""bytes"":41727,""sha256"":""76e8d0d71fd3d49a1d14bb1fcd0689b08241620df41c90a904be29c85a67934e"",""state"":""file""},""nh3_pdb_65536"":{""bytes"":5308671,""sha256"":""a80e717b9abb39221c121bf3137135662e1b3c727e705e8f01e651720acd6dcc"",""state"":""file""},""nh3_pdb_8192"":{""bytes"":663807,""sha256"":""b0664469d3a8e84f71fbd848f1f0ffaca2cee3f4fd2100ed10f398e7c19a27e6"",""state"":""file""}},""metadata"":{""benchmark"":""el""}}",28ea42c8-c3b9-4a9c-96dc-b96a346325d0,,,48,48,24,29952,5,0a3b43de226788a78e380afaeef45d4adf85b69d0c1ee74d263b89da7e4e1de8,"{""batch_idx"":""int32"",""cell"":""float64"",""charges"":""float64"",""pbc"":""bool"",""positions"":""float64""}",capped_upstream_estimate,bounded_power_two_then_four_fft_snap,0.25,9.0,single_case,5779517f771cd31c95dc30de603249f8f59a1f8d3680da722ea0763b4d76684d,40.396815128973685,26,supported_jax_separate_collection
cscl,constant_workload,pme,jax,131072,1,131072,1.2098629318257894,826539.9110053832,nan,nan,10,3,jax_wall_block_until_ready,warmup_excluded,True,,,1e-06,5,arithmetic_mean,1.0251044321638343,"[0.15672522580134682,0.15757275389914865,0.15837442899937743,0.15956363870063797,0.16065972360083833]",,,,,not_measured,not_measured,k_squared_only,nan,nan,,energy_autograd,energy_forces_charge_gradients,True,True,False,131072,0,0.0,explicit,0.028619011864066124,131.80799865722656,0.0,64,32,32,orthorhombic,0.4129913543166487,9.0,,176,2.0,88,11534336,2,"{""compute_capability"":""9.0"",""driver"":""unavailable"",""memory_bytes"":99996401664,""name"":""NVIDIA H100 NVL""}","{""cuda"":""13.0"",""git_head"":""unavailable"",""jax"":""0.10.1"",""jaxlib"":""0.10.1"",""nvalchemi_toolkit_ops"":""0.5.0"",""python"":""3.12.3"",""source_sha256"":""4dfd278da46af31f54f8b7671e891073f8b10f8fa2cb28e7cf92bfeddd543638"",""torch"":""2.14.0+cu130"",""warp"":""1.17.0""}","{""gpu_uuid"":""557cda80-d2b2-7630-d3a3-99bf87d35067"",""host"":""ipp2-1716""}","{""JAX_DISABLE_JIT"":""<unset>"",""JAX_DISABLE_JIT_ACTUAL"":""False"",""JAX_ENABLE_X64"":""1"",""JAX_ENABLE_X64_ACTUAL"":""True"",""JAX_PLATFORMS"":""<unset>"",""TF_GPU_ALLOCATOR"":""<unset>"",""XLA_FLAGS"":""<unset>"",""XLA_PYTHON_CLIENT_ALLOCATOR"":""<unset>"",""XLA_PYTHON_CLIENT_MEM_FRACTION"":""0.95"",""XLA_PYTHON_CLIENT_PREALLOCATE"":""<unset>""}","{""artifacts"":{""nh3_pdb_1024"":{""bytes"":83199,""sha256"":""cb99e65c2024c8b1a80a7ea1f4ff5b23ef76a5d153a2caeb4a0e3077b5239135"",""state"":""file""},""nh3_pdb_128"":{""bytes"":10623,""sha256"":""4b48182856ba92449fa52b61bf2f95c6ce28937a3cb3da6aec4f131a1216c760"",""state"":""file""},""nh3_pdb_131072"":{""bytes"":10617087,""sha256"":""d454eb5e6e9fe717e1c12c22e3fc749189deae022de05b0f6f83f9f4501bbb52"",""state"":""file""},""nh3_pdb_16384"":{""bytes"":1327359,""sha256"":""07f5683974f6bdad6798104cf7de5ddb670704f71b7e28715d957805124196b8"",""state"":""file""},""nh3_pdb_2048"":{""bytes"":166143,""sha256"":""7171f9c4d6bf3c819f96ddd11877441961f43096057863d0607070d97c5e5a16"",""state"":""file""},""nh3_pdb_256"":{""bytes"":20991,""sha256"":""870d35ef9d654b395f8eefcd897e002ff41b1327475879ff5b955080ecb91ee0"",""state"":""file""},""nh3_pdb_32768"":{""bytes"":2654463,""sha256"":""a193ff7fc7793ae1c9121af48f694b9cff6974a63e67029053ab9312f86cb9cc"",""state"":""file""},""nh3_pdb_4096"":{""bytes"":332031,""sha256"":""e6d9ba2e0f95a04ebbeb61682dcf615982860aaa336140fee7ba55698f68175c"",""state"":""file""},""nh3_pdb_512"":{""bytes"":41727,""sha256"":""76e8d0d71fd3d49a1d14bb1fcd0689b08241620df41c90a904be29c85a67934e"",""state"":""file""},""nh3_pdb_65536"":{""bytes"":5308671,""sha256"":""a80e717b9abb39221c121bf3137135662e1b3c727e705e8f01e651720acd6dcc"",""state"":""file""},""nh3_pdb_8192"":{""bytes"":663807,""sha256"":""b0664469d3a8e84f71fbd848f1f0ffaca2cee3f4fd2100ed10f398e7c19a27e6"",""state"":""file""}},""metadata"":{""benchmark"":""el""}}",28ea42c8-c3b9-4a9c-96dc-b96a346325d0,,,1152,576,576,191766528,5,0f5a938038876b8d809e865c1f81609e9e9ee59ca883b4742b610db3f19de7e6,"{""batch_idx"":""int32"",""cell"":""float64"",""charges"":""float64"",""pbc"":""bool"",""positions"":""float64""}",capped_upstream_estimate,bounded_power_two_then_four_fft_snap,0.25,9.0,single_case,5779517f771cd31c95dc30de603249f8f59a1f8d3680da722ea0763b4d76684d,48.28728660600609,43,supported_jax_separate_collection
cscl,constant_workload,ewald,jax,1024,128,131072,0.859651403961048,1163262.2193045488,nan,nan,10,3,jax_wall_block_until_ready,warmup_excluded,True,,,1e-06,5,arithmetic_mean,1.0012668180105866,"[0.11260125669996342,0.11264698689992655,0.1127439019999656,0.11271915470006207,0.11266984379999485]",,,,,not_measured,not_measured,,nan,nan,1687,energy_autograd,energy_forces_charge_gradients,True,True,False,131072,0,0.0,explicit,0.028619011864066124,32.95199966430664,0.0,8,8,8,cubic,0.17076930906503784,21.765750585980534,1.2694724680767902,2480,2.0,1242,162791424,2,"{""compute_capability"":""9.0"",""driver"":""unavailable"",""memory_bytes"":99996401664,""name"":""NVIDIA H100 NVL""}","{""cuda"":""13.0"",""git_head"":""unavailable"",""jax"":""0.10.1"",""jaxlib"":""0.10.1"",""nvalchemi_toolkit_ops"":""0.5.0"",""python"":""3.12.3"",""source_sha256"":""4dfd278da46af31f54f8b7671e891073f8b10f8fa2cb28e7cf92bfeddd543638"",""torch"":""2.14.0+cu130"",""warp"":""1.17.0""}","{""gpu_uuid"":""b86b304e-698a-30bd-d46b-23da3dc3658e"",""host"":""ipp2-1738""}","{""JAX_DISABLE_JIT"":""<unset>"",""JAX_DISABLE_JIT_ACTUAL"":""False"",""JAX_ENABLE_X64"":""1"",""JAX_ENABLE_X64_ACTUAL"":""True"",""JAX_PLATFORMS"":""<unset>"",""TF_GPU_ALLOCATOR"":""<unset>"",""XLA_FLAGS"":""<unset>"",""XLA_PYTHON_CLIENT_ALLOCATOR"":""<unset>"",""XLA_PYTHON_CLIENT_MEM_FRACTION"":""0.95"",""XLA_PYTHON_CLIENT_PREALLOCATE"":""<unset>""}","{""artifacts"":{""nh3_pdb_1024"":{""bytes"":83199,""sha256"":""cb99e65c2024c8b1a80a7ea1f4ff5b23ef76a5d153a2caeb4a0e3077b5239135"",""state"":""file""},""nh3_pdb_128"":{""bytes"":10623,""sha256"":""4b48182856ba92449fa52b61bf2f95c6ce28937a3cb3da6aec4f131a1216c760"",""state"":""file""},""nh3_pdb_131072"":{""bytes"":10617087,""sha256"":""d454eb5e6e9fe717e1c12c22e3fc749189deae022de05b0f6f83f9f4501bbb52"",""state"":""file""},""nh3_pdb_16384"":{""bytes"":1327359,""sha256"":""07f5683974f6bdad6798104cf7de5ddb670704f71b7e28715d957805124196b8"",""state"":""file""},""nh3_pdb_2048"":{""bytes"":166143,""sha256"":""7171f9c4d6bf3c819f96ddd11877441961f43096057863d0607070d97c5e5a16"",""state"":""file""},""nh3_pdb_256"":{""bytes"":20991,""sha256"":""870d35ef9d654b395f8eefcd897e002ff41b1327475879ff5b955080ecb91ee0"",""state"":""file""},""nh3_pdb_32768"":{""bytes"":2654463,""sha256"":""a193ff7fc7793ae1c9121af48f694b9cff6974a63e67029053ab9312f86cb9cc"",""state"":""file""},""nh3_pdb_4096"":{""bytes"":332031,""sha256"":""e6d9ba2e0f95a04ebbeb61682dcf615982860aaa336140fee7ba55698f68175c"",""state"":""file""},""nh3_pdb_512"":{""bytes"":41727,""sha256"":""76e8d0d71fd3d49a1d14bb1fcd0689b08241620df41c90a904be29c85a67934e"",""state"":""file""},""nh3_pdb_65536"":{""bytes"":5308671,""sha256"":""a80e717b9abb39221c121bf3137135662e1b3c727e705e8f01e651720acd6dcc"",""state"":""file""},""nh3_pdb_8192"":{""bytes"":663807,""sha256"":""b0664469d3a8e84f71fbd848f1f0ffaca2cee3f4fd2100ed10f398e7c19a27e6"",""state"":""file""}},""metadata"":{""benchmark"":""el""}}",28ea42c8-c3b9-4a9c-96dc-b96a346325d0,,,,,,,,,,,,,,single_case,5779517f771cd31c95dc30de603249f8f59a1f8d3680da722ea0763b4d76684d,28.352617978000126,177,supported_jax_separate_collection
cscl,constant_workload,ewald,jax,65536,2,131072,nan,nan,nan,nan,10,3,jax_wall_block_until_ready,warmup_excluded,False,Out of memory during benchmark execution; see run logs for backend details.,OutOfMemoryError,1e-06,5,arithmetic_mean,,,,,,,,,,,,,energy_autograd,energy_forces_charge_gradients,True,True,False,131072,0,0.0,explicit,0.028619011864066124,131.80799865722656,0.0,32,32,32,cubic,0.08538465453251894,43.531501171961054,0.6347362340383953,19792,2.0,,,2,"{""compute_capability"":""9.0"",""driver"":""unavailable"",""memory_bytes"":99996401664,""name"":""NVIDIA H100 NVL""}","{""cuda"":""13.0"",""git_head"":""unavailable"",""jax"":""0.10.1"",""jaxlib"":""0.10.1"",""nvalchemi_toolkit_ops"":""0.5.0"",""python"":""3.12.3"",""source_sha256"":""4dfd278da46af31f54f8b7671e891073f8b10f8fa2cb28e7cf92bfeddd543638"",""torch"":""2.14.0+cu130"",""warp"":""1.17.0""}","{""gpu_uuid"":""b86b304e-698a-30bd-d46b-23da3dc3658e"",""host"":""ipp2-1738""}","{""JAX_DISABLE_JIT"":""<unset>"",""JAX_DISABLE_JIT_ACTUAL"":""False"",""JAX_ENABLE_X64"":""1"",""JAX_ENABLE_X64_ACTUAL"":""True"",""JAX_PLATFORMS"":""<unset>"",""TF_GPU_ALLOCATOR"":""<unset>"",""XLA_FLAGS"":""<unset>"",""XLA_PYTHON_CLIENT_ALLOCATOR"":""<unset>"",""XLA_PYTHON_CLIENT_MEM_FRACTION"":""0.95"",""XLA_PYTHON_CLIENT_PREALLOCATE"":""<unset>""}","{""artifacts"":{""nh3_pdb_1024"":{""bytes"":83199,""sha256"":""cb99e65c2024c8b1a80a7ea1f4ff5b23ef76a5d153a2caeb4a0e3077b5239135"",""state"":""file""},""nh3_pdb_128"":{""bytes"":10623,""sha256"":""4b48182856ba92449fa52b61bf2f95c6ce28937a3cb3da6aec4f131a1216c760"",""state"":""file""},""nh3_pdb_131072"":{""bytes"":10617087,""sha256"":""d454eb5e6e9fe717e1c12c22e3fc749189deae022de05b0f6f83f9f4501bbb52"",""state"":""file""},""nh3_pdb_16384"":{""bytes"":1327359,""sha256"":""07f5683974f6bdad6798104cf7de5ddb670704f71b7e28715d957805124196b8"",""state"":""file""},""nh3_pdb_2048"":{""bytes"":166143,""sha256"":""7171f9c4d6bf3c819f96ddd11877441961f43096057863d0607070d97c5e5a16"",""state"":""file""},""nh3_pdb_256"":{""bytes"":20991,""sha256"":""870d35ef9d654b395f8eefcd897e002ff41b1327475879ff5b955080ecb91ee0"",""state"":""file""},""nh3_pdb_32768"":{""bytes"":2654463,""sha256"":""a193ff7fc7793ae1c9121af48f694b9cff6974a63e67029053ab9312f86cb9cc"",""state"":""file""},""nh3_pdb_4096"":{""bytes"":332031,""sha256"":""e6d9ba2e0f95a04ebbeb61682dcf615982860aaa336140fee7ba55698f68175c"",""state"":""file""},""nh3_pdb_512"":{""bytes"":41727,""sha256"":""76e8d0d71fd3d49a1d14bb1fcd0689b08241620df41c90a904be29c85a67934e"",""state"":""file""},""nh3_pdb_65536"":{""bytes"":5308671,""sha256"":""a80e717b9abb39221c121bf3137135662e1b3c727e705e8f01e651720acd6dcc"",""state"":""file""},""nh3_pdb_8192"":{""bytes"":663807,""sha256"":""b0664469d3a8e84f71fbd848f1f0ffaca2cee3f4fd2100ed10f398e7c19a27e6"",""state"":""file""}},""metadata"":{""benchmark"":""el""}}",28ea42c8-c3b9-4a9c-96dc-b96a346325d0,,neighbor_list_setup,,,,,,,,,,,,single_case,5779517f771cd31c95dc30de603249f8f59a1f8d3680da722ea0763b4d76684d,145.61369293399912,189,supported_jax_separate_collection
cscl,constant_workload,pme,jax,65536,2,131072,1.1681198396304437,856076.5480332638,nan,nan,10,3,jax_wall_block_until_ready,warmup_excluded,True,,,1e-06,5,arithmetic_mean,1.0390641488967571,"[0.14993131209994318,0.15158256130016526,0.15301493009992556,0.15522196340007213,0.1557882512001015]",,,,,not_measured,not_measured,shared_cell_k_squared,nan,nan,,energy_autograd,energy_forces_charge_gradients,True,True,False,131072,0,0.0,explicit,0.028619011864066124,131.80799865722656,0.0,32,32,32,cubic,0.4129913543166487,9.0,,176,2.0,88,11534336,2,"{""compute_capability"":""9.0"",""driver"":""unavailable"",""memory_bytes"":99996401664,""name"":""NVIDIA H100 NVL""}","{""cuda"":""13.0"",""git_head"":""unavailable"",""jax"":""0.10.1"",""jaxlib"":""0.10.1"",""nvalchemi_toolkit_ops"":""0.5.0"",""python"":""3.12.3"",""source_sha256"":""4dfd278da46af31f54f8b7671e891073f8b10f8fa2cb28e7cf92bfeddd543638"",""torch"":""2.14.0+cu130"",""warp"":""1.17.0""}","{""gpu_uuid"":""b86b304e-698a-30bd-d46b-23da3dc3658e"",""host"":""ipp2-1738""}","{""JAX_DISABLE_JIT"":""<unset>"",""JAX_DISABLE_JIT_ACTUAL"":""False"",""JAX_ENABLE_X64"":""1"",""JAX_ENABLE_X64_ACTUAL"":""True"",""JAX_PLATFORMS"":""<unset>"",""TF_GPU_ALLOCATOR"":""<unset>"",""XLA_FLAGS"":""<unset>"",""XLA_PYTHON_CLIENT_ALLOCATOR"":""<unset>"",""XLA_PYTHON_CLIENT_MEM_FRACTION"":""0.95"",""XLA_PYTHON_CLIENT_PREALLOCATE"":""<unset>""}","{""artifacts"":{""nh3_pdb_1024"":{""bytes"":83199,""sha256"":""cb99e65c2024c8b1a80a7ea1f4ff5b23ef76a5d153a2caeb4a0e3077b5239135"",""state"":""file""},""nh3_pdb_128"":{""bytes"":10623,""sha256"":""4b48182856ba92449fa52b61bf2f95c6ce28937a3cb3da6aec4f131a1216c760"",""state"":""file""},""nh3_pdb_131072"":{""bytes"":10617087,""sha256"":""d454eb5e6e9fe717e1c12c22e3fc749189deae022de05b0f6f83f9f4501bbb52"",""state"":""file""},""nh3_pdb_16384"":{""bytes"":1327359,""sha256"":""07f5683974f6bdad6798104cf7de5ddb670704f71b7e28715d957805124196b8"",""state"":""file""},""nh3_pdb_2048"":{""bytes"":166143,""sha256"":""7171f9c4d6bf3c819f96ddd11877441961f43096057863d0607070d97c5e5a16"",""state"":""file""},""nh3_pdb_256"":{""bytes"":20991,""sha256"":""870d35ef9d654b395f8eefcd897e002ff41b1327475879ff5b955080ecb91ee0"",""state"":""file""},""nh3_pdb_32768"":{""bytes"":2654463,""sha256"":""a193ff7fc7793ae1c9121af48f694b9cff6974a63e67029053ab9312f86cb9cc"",""state"":""file""},""nh3_pdb_4096"":{""bytes"":332031,""sha256"":""e6d9ba2e0f95a04ebbeb61682dcf615982860aaa336140fee7ba55698f68175c"",""state"":""file""},""nh3_pdb_512"":{""bytes"":41727,""sha256"":""76e8d0d71fd3d49a1d14bb1fcd0689b08241620df41c90a904be29c85a67934e"",""state"":""file""},""nh3_pdb_65536"":{""bytes"":5308671,""sha256"":""a80e717b9abb39221c121bf3137135662e1b3c727e705e8f01e651720acd6dcc"",""state"":""file""},""nh3_pdb_8192"":{""bytes"":663807,""sha256"":""b0664469d3a8e84f71fbd848f1f0ffaca2cee3f4fd2100ed10f398e7c19a27e6"",""state"":""file""}},""metadata"":{""benchmark"":""el""}}",28ea42c8-c3b9-4a9c-96dc-b96a346325d0,,,576,576,576,95883264,5,174ffa70b004051b1576cfc8d5d771541bbe4dd1ba2e599f3bc58db2436bb481,"{""batch_idx"":""int32"",""cell"":""float64"",""charges"":""float64"",""pbc"":""bool"",""positions"":""float64""}",capped_upstream_estimate,bounded_power_two_then_four_fft_snap,0.25,9.0,single_case,5779517f771cd31c95dc30de603249f8f59a1f8d3680da722ea0763b4d76684d,50.21057733199996,41,supported_jax_separate_collection
cscl,constant_workload,pme,jax,256,512,131072,0.9955113642856617,1004508.8744090423,nan,nan,10,3,jax_wall_block_until_ready,warmup_excluded,True,,,1e-06,5,arithmetic_mean,1.0176945673363702,"[0.12916975909902248,0.1301237158011645,0.13054396689985878,0.13112552379898262,0.13145536209922284]",,,,,not_measured,not_measured,shared_cell_k_squared,nan,nan,,energy_autograd,energy_forces_charge_gradients,True,True,False,131072,0,0.0,explicit,0.028619011864066124,16.47599983215332,0.0,8,4,4,orthorhombic,0.41299135431664874,9.0,,176,2.0,88,11534336,2,"{""compute_capability"":""9.0"",""driver"":""unavailable"",""memory_bytes"":99996401664,""name"":""NVIDIA H100 NVL""}","{""cuda"":""13.0"",""git_head"":""unavailable"",""jax"":""0.10.1"",""jaxlib"":""0.10.1"",""nvalchemi_toolkit_ops"":""0.5.0"",""python"":""3.12.3"",""source_sha256"":""4dfd278da46af31f54f8b7671e891073f8b10f8fa2cb28e7cf92bfeddd543638"",""torch"":""2.14.0+cu130"",""warp"":""1.17.0""}","{""gpu_uuid"":""557cda80-d2b2-7630-d3a3-99bf87d35067"",""host"":""ipp2-1716""}","{""JAX_DISABLE_JIT"":""<unset>"",""JAX_DISABLE_JIT_ACTUAL"":""False"",""JAX_ENABLE_X64"":""1"",""JAX_ENABLE_X64_ACTUAL"":""True"",""JAX_PLATFORMS"":""<unset>"",""TF_GPU_ALLOCATOR"":""<unset>"",""XLA_FLAGS"":""<unset>"",""XLA_PYTHON_CLIENT_ALLOCATOR"":""<unset>"",""XLA_PYTHON_CLIENT_MEM_FRACTION"":""0.95"",""XLA_PYTHON_CLIENT_PREALLOCATE"":""<unset>""}","{""artifacts"":{""nh3_pdb_1024"":{""bytes"":83199,""sha256"":""cb99e65c2024c8b1a80a7ea1f4ff5b23ef76a5d153a2caeb4a0e3077b5239135"",""state"":""file""},""nh3_pdb_128"":{""bytes"":10623,""sha256"":""4b48182856ba92449fa52b61bf2f95c6ce28937a3cb3da6aec4f131a1216c760"",""state"":""file""},""nh3_pdb_131072"":{""bytes"":10617087,""sha256"":""d454eb5e6e9fe717e1c12c22e3fc749189deae022de05b0f6f83f9f4501bbb52"",""state"":""file""},""nh3_pdb_16384"":{""bytes"":1327359,""sha256"":""07f5683974f6bdad6798104cf7de5ddb670704f71b7e28715d957805124196b8"",""state"":""file""},""nh3_pdb_2048"":{""bytes"":166143,""sha256"":""7171f9c4d6bf3c819f96ddd11877441961f43096057863d0607070d97c5e5a16"",""state"":""file""},""nh3_pdb_256"":{""bytes"":20991,""sha256"":""870d35ef9d654b395f8eefcd897e002ff41b1327475879ff5b955080ecb91ee0"",""state"":""file""},""nh3_pdb_32768"":{""bytes"":2654463,""sha256"":""a193ff7fc7793ae1c9121af48f694b9cff6974a63e67029053ab9312f86cb9cc"",""state"":""file""},""nh3_pdb_4096"":{""bytes"":332031,""sha256"":""e6d9ba2e0f95a04ebbeb61682dcf615982860aaa336140fee7ba55698f68175c"",""state"":""file""},""nh3_pdb_512"":{""bytes"":41727,""sha256"":""76e8d0d71fd3d49a1d14bb1fcd0689b08241620df41c90a904be29c85a67934e"",""state"":""file""},""nh3_pdb_65536"":{""bytes"":5308671,""sha256"":""a80e717b9abb39221c121bf3137135662e1b3c727e705e8f01e651720acd6dcc"",""state"":""file""},""nh3_pdb_8192"":{""bytes"":663807,""sha256"":""b0664469d3a8e84f71fbd848f1f0ffaca2cee3f4fd2100ed10f398e7c19a27e6"",""state"":""file""}},""metadata"":{""benchmark"":""el""}}",28ea42c8-c3b9-4a9c-96dc-b96a346325d0,,,144,72,72,383616,5,ddbd9f69d3a26d96bbb8bbcda3a34bff52030623d9176e9cc0980332a0061bfd,"{""batch_idx"":""int32"",""cell"":""float64"",""charges"":""float64"",""pbc"":""bool"",""positions"":""float64""}",capped_upstream_estimate,bounded_power_two_then_four_fft_snap,0.25,9.0,single_case,5779517f771cd31c95dc30de603249f8f59a1f8d3680da722ea0763b4d76684d,50.2698872309993,25,supported_jax_separate_collection
cscl,constant_workload,ewald,jax,131072,1,131072,nan,nan,nan,nan,10,3,jax_wall_block_until_ready,warmup_excluded,False,Out of memory during benchmark execution; see run logs for backend details.,OutOfMemoryError,0.0001,5,arithmetic_mean,,,,,,,,,,,,,energy_autograd,energy_forces_charge_gradients,True,True,False,131072,0,0.0,explicit,0.028619011864066124,131.80799865722656,0.0,64,32,32,orthorhombic,0.07606907927187684,39.89602986942285,0.46171713837798084,15232,2.0,,,2,"{""compute_capability"":""9.0"",""driver"":""unavailable"",""memory_bytes"":99996401664,""name"":""NVIDIA H100 NVL""}","{""cuda"":""13.0"",""git_head"":""unavailable"",""jax"":""0.10.1"",""jaxlib"":""0.10.1"",""nvalchemi_toolkit_ops"":""0.5.0"",""python"":""3.12.3"",""source_sha256"":""4dfd278da46af31f54f8b7671e891073f8b10f8fa2cb28e7cf92bfeddd543638"",""torch"":""2.14.0+cu130"",""warp"":""1.17.0""}","{""gpu_uuid"":""23074f79-c31a-f283-5a26-fe763902683e"",""host"":""a1u1g-mil-0678""}","{""JAX_DISABLE_JIT"":""<unset>"",""JAX_DISABLE_JIT_ACTUAL"":""False"",""JAX_ENABLE_X64"":""1"",""JAX_ENABLE_X64_ACTUAL"":""True"",""JAX_PLATFORMS"":""<unset>"",""TF_GPU_ALLOCATOR"":""<unset>"",""XLA_FLAGS"":""<unset>"",""XLA_PYTHON_CLIENT_ALLOCATOR"":""<unset>"",""XLA_PYTHON_CLIENT_MEM_FRACTION"":""0.95"",""XLA_PYTHON_CLIENT_PREALLOCATE"":""<unset>""}","{""artifacts"":{""nh3_pdb_1024"":{""bytes"":83199,""sha256"":""cb99e65c2024c8b1a80a7ea1f4ff5b23ef76a5d153a2caeb4a0e3077b5239135"",""state"":""file""},""nh3_pdb_128"":{""bytes"":10623,""sha256"":""4b48182856ba92449fa52b61bf2f95c6ce28937a3cb3da6aec4f131a1216c760"",""state"":""file""},""nh3_pdb_131072"":{""bytes"":10617087,""sha256"":""d454eb5e6e9fe717e1c12c22e3fc749189deae022de05b0f6f83f9f4501bbb52"",""state"":""file""},""nh3_pdb_16384"":{""bytes"":1327359,""sha256"":""07f5683974f6bdad6798104cf7de5ddb670704f71b7e28715d957805124196b8"",""state"":""file""},""nh3_pdb_2048"":{""bytes"":166143,""sha256"":""7171f9c4d6bf3c819f96ddd11877441961f43096057863d0607070d97c5e5a16"",""state"":""file""},""nh3_pdb_256"":{""bytes"":20991,""sha256"":""870d35ef9d654b395f8eefcd897e002ff41b1327475879ff5b955080ecb91ee0"",""state"":""file""},""nh3_pdb_32768"":{""bytes"":2654463,""sha256"":""a193ff7fc7793ae1c9121af48f694b9cff6974a63e67029053ab9312f86cb9cc"",""state"":""file""},""nh3_pdb_4096"":{""bytes"":332031,""sha256"":""e6d9ba2e0f95a04ebbeb61682dcf615982860aaa336140fee7ba55698f68175c"",""state"":""file""},""nh3_pdb_512"":{""bytes"":41727,""sha256"":""76e8d0d71fd3d49a1d14bb1fcd0689b08241620df41c90a904be29c85a67934e"",""state"":""file""},""nh3_pdb_65536"":{""bytes"":5308671,""sha256"":""a80e717b9abb39221c121bf3137135662e1b3c727e705e8f01e651720acd6dcc"",""state"":""file""},""nh3_pdb_8192"":{""bytes"":663807,""sha256"":""b0664469d3a8e84f71fbd848f1f0ffaca2cee3f4fd2100ed10f398e7c19a27e6"",""state"":""file""}},""metadata"":{""benchmark"":""el""}}",28ea42c8-c3b9-4a9c-96dc-b96a346325d0,,neighbor_list_setup,,,,,,,,,,,,single_case,5779517f771cd31c95dc30de603249f8f59a1f8d3680da722ea0763b4d76684d,92.74473878600111,190,supported_jax_separate_collection
cscl,constant_workload,pme,jax,32768,4,131072,1.1253048895265572,888648.0537916477,nan,nan,10,3,jax_wall_block_until_ready,warmup_excluded,True,,,1e-06,5,arithmetic_mean,1.0072003428707799,"[0.14681731409946225,0.14786677680094726,0.14710040229983862,0.14787444910034536,0.14782087009953102]",,,,,not_measured,not_measured,shared_cell_k_squared,nan,nan,,energy_autograd,energy_forces_charge_gradients,True,True,False,131072,0,0.0,explicit,0.028619011864066124,65.90399932861328,0.0,32,32,16,orthorhombic,0.4129913543166487,9.0,,176,2.0,88,11534336,2,"{""compute_capability"":""9.0"",""driver"":""unavailable"",""memory_bytes"":99996401664,""name"":""NVIDIA H100 NVL""}","{""cuda"":""13.0"",""git_head"":""unavailable"",""jax"":""0.10.1"",""jaxlib"":""0.10.1"",""nvalchemi_toolkit_ops"":""0.5.0"",""python"":""3.12.3"",""source_sha256"":""4dfd278da46af31f54f8b7671e891073f8b10f8fa2cb28e7cf92bfeddd543638"",""torch"":""2.14.0+cu130"",""warp"":""1.17.0""}","{""gpu_uuid"":""23074f79-c31a-f283-5a26-fe763902683e"",""host"":""a1u1g-mil-0678""}","{""JAX_DISABLE_JIT"":""<unset>"",""JAX_DISABLE_JIT_ACTUAL"":""False"",""JAX_ENABLE_X64"":""1"",""JAX_ENABLE_X64_ACTUAL"":""True"",""JAX_PLATFORMS"":""<unset>"",""TF_GPU_ALLOCATOR"":""<unset>"",""XLA_FLAGS"":""<unset>"",""XLA_PYTHON_CLIENT_ALLOCATOR"":""<unset>"",""XLA_PYTHON_CLIENT_MEM_FRACTION"":""0.95"",""XLA_PYTHON_CLIENT_PREALLOCATE"":""<unset>""}","{""artifacts"":{""nh3_pdb_1024"":{""bytes"":83199,""sha256"":""cb99e65c2024c8b1a80a7ea1f4ff5b23ef76a5d153a2caeb4a0e3077b5239135"",""state"":""file""},""nh3_pdb_128"":{""bytes"":10623,""sha256"":""4b48182856ba92449fa52b61bf2f95c6ce28937a3cb3da6aec4f131a1216c760"",""state"":""file""},""nh3_pdb_131072"":{""bytes"":10617087,""sha256"":""d454eb5e6e9fe717e1c12c22e3fc749189deae022de05b0f6f83f9f4501bbb52"",""state"":""file""},""nh3_pdb_16384"":{""bytes"":1327359,""sha256"":""07f5683974f6bdad6798104cf7de5ddb670704f71b7e28715d957805124196b8"",""state"":""file""},""nh3_pdb_2048"":{""bytes"":166143,""sha256"":""7171f9c4d6bf3c819f96ddd11877441961f43096057863d0607070d97c5e5a16"",""state"":""file""},""nh3_pdb_256"":{""bytes"":20991,""sha256"":""870d35ef9d654b395f8eefcd897e002ff41b1327475879ff5b955080ecb91ee0"",""state"":""file""},""nh3_pdb_32768"":{""bytes"":2654463,""sha256"":""a193ff7fc7793ae1c9121af48f694b9cff6974a63e67029053ab9312f86cb9cc"",""state"":""file""},""nh3_pdb_4096"":{""bytes"":332031,""sha256"":""e6d9ba2e0f95a04ebbeb61682dcf615982860aaa336140fee7ba55698f68175c"",""state"":""file""},""nh3_pdb_512"":{""bytes"":41727,""sha256"":""76e8d0d71fd3d49a1d14bb1fcd0689b08241620df41c90a904be29c85a67934e"",""state"":""file""},""nh3_pdb_65536"":{""bytes"":5308671,""sha256"":""a80e717b9abb39221c121bf3137135662e1b3c727e705e8f01e651720acd6dcc"",""state"":""file""},""nh3_pdb_8192"":{""bytes"":663807,""sha256"":""b0664469d3a8e84f71fbd848f1f0ffaca2cee3f4fd2100ed10f398e7c19a27e6"",""state"":""file""}},""metadata"":{""benchmark"":""el""}}",28ea42c8-c3b9-4a9c-96dc-b96a346325d0,,,576,576,288,48107520,5,20bc975ef081a09d59303478d897d7a35a08a4e68964082a1d599bfee403d381,"{""batch_idx"":""int32"",""cell"":""float64"",""charges"":""float64"",""pbc"":""bool"",""positions"":""float64""}",capped_upstream_estimate,bounded_power_two_then_four_fft_snap,0.25,9.0,single_case,5779517f771cd31c95dc30de603249f8f59a1f8d3680da722ea0763b4d76684d,47.16600029899564,39,supported_jax_separate_collection
cscl,constant_workload,ewald,jax,512,256,131072,0.408007526555565,2450935.17867694,nan,nan,10,3,jax_wall_block_until_ready,warmup_excluded,True,,,0.0001,5,arithmetic_mean,1.000779826533258,"[0.0535019128001295,0.05346022309968248,0.05346633400185965,0.05348347590188496,0.05347986679989845]",,,,,not_measured,not_measured,,nan,nan,1012,energy_autograd,energy_forces_charge_gradients,True,True,False,131072,0,0.0,explicit,0.028619011864066124,16.47599983215332,0.0,8,8,4,orthorhombic,0.19168206844151878,15.832749946019135,1.163454283479284,960,2.0,530,69468160,2,"{""compute_capability"":""9.0"",""driver"":""unavailable"",""memory_bytes"":99996401664,""name"":""NVIDIA H100 NVL""}","{""cuda"":""13.0"",""git_head"":""unavailable"",""jax"":""0.10.1"",""jaxlib"":""0.10.1"",""nvalchemi_toolkit_ops"":""0.5.0"",""python"":""3.12.3"",""source_sha256"":""4dfd278da46af31f54f8b7671e891073f8b10f8fa2cb28e7cf92bfeddd543638"",""torch"":""2.14.0+cu130"",""warp"":""1.17.0""}","{""gpu_uuid"":""c0995d85-1dea-1b19-7e58-9baa33a5f384"",""host"":""a1u1g-mil-0576""}","{""JAX_DISABLE_JIT"":""<unset>"",""JAX_DISABLE_JIT_ACTUAL"":""False"",""JAX_ENABLE_X64"":""1"",""JAX_ENABLE_X64_ACTUAL"":""True"",""JAX_PLATFORMS"":""<unset>"",""TF_GPU_ALLOCATOR"":""<unset>"",""XLA_FLAGS"":""<unset>"",""XLA_PYTHON_CLIENT_ALLOCATOR"":""<unset>"",""XLA_PYTHON_CLIENT_MEM_FRACTION"":""0.95"",""XLA_PYTHON_CLIENT_PREALLOCATE"":""<unset>""}","{""artifacts"":{""nh3_pdb_1024"":{""bytes"":83199,""sha256"":""cb99e65c2024c8b1a80a7ea1f4ff5b23ef76a5d153a2caeb4a0e3077b5239135"",""state"":""file""},""nh3_pdb_128"":{""bytes"":10623,""sha256"":""4b48182856ba92449fa52b61bf2f95c6ce28937a3cb3da6aec4f131a1216c760"",""state"":""file""},""nh3_pdb_131072"":{""bytes"":10617087,""sha256"":""d454eb5e6e9fe717e1c12c22e3fc749189deae022de05b0f6f83f9f4501bbb52"",""state"":""file""},""nh3_pdb_16384"":{""bytes"":1327359,""sha256"":""07f5683974f6bdad6798104cf7de5ddb670704f71b7e28715d957805124196b8"",""state"":""file""},""nh3_pdb_2048"":{""bytes"":166143,""sha256"":""7171f9c4d6bf3c819f96ddd11877441961f43096057863d0607070d97c5e5a16"",""state"":""file""},""nh3_pdb_256"":{""bytes"":20991,""sha256"":""870d35ef9d654b395f8eefcd897e002ff41b1327475879ff5b955080ecb91ee0"",""state"":""file""},""nh3_pdb_32768"":{""bytes"":2654463,""sha256"":""a193ff7fc7793ae1c9121af48f694b9cff6974a63e67029053ab9312f86cb9cc"",""state"":""file""},""nh3_pdb_4096"":{""bytes"":332031,""sha256"":""e6d9ba2e0f95a04ebbeb61682dcf615982860aaa336140fee7ba55698f68175c"",""state"":""file""},""nh3_pdb_512"":{""bytes"":41727,""sha256"":""76e8d0d71fd3d49a1d14bb1fcd0689b08241620df41c90a904be29c85a67934e"",""state"":""file""},""nh3_pdb_65536"":{""bytes"":5308671,""sha256"":""a80e717b9abb39221c121bf3137135662e1b3c727e705e8f01e651720acd6dcc"",""state"":""file""},""nh3_pdb_8192"":{""bytes"":663807,""sha256"":""b0664469d3a8e84f71fbd848f1f0ffaca2cee3f4fd2100ed10f398e7c19a27e6"",""state"":""file""}},""metadata"":{""benchmark"":""el""}}",28ea42c8-c3b9-4a9c-96dc-b96a346325d0,,,,,,,,,,,,,,single_case,5779517f771cd31c95dc30de603249f8f59a1f8d3680da722ea0763b4d76684d,19.732522442995105,174,supported_jax_separate_collection
cscl,constant_workload,ewald,jax,16384,8,131072,2.7488154336546837,363793.0680090992,nan,nan,10,3,jax_wall_block_until_ready,warmup_excluded,True,,,0.0001,5,arithmetic_mean,1.002611504745042,"[0.3597973167001328,0.36021279449996657,0.3601261996998801,0.36059044260000517,0.3607369290999486]",,,,,not_measured,not_measured,,nan,nan,3262,energy_autograd,energy_forces_charge_gradients,True,True,False,131072,0,0.0,explicit,0.028619011864066124,65.90399932861328,0.0,32,16,16,orthorhombic,0.10757792358352229,28.210753263089945,0.6529666390742355,5392,2.0,2732,358088704,2,"{""compute_capability"":""9.0"",""driver"":""unavailable"",""memory_bytes"":99996401664,""name"":""NVIDIA H100 NVL""}","{""cuda"":""13.0"",""git_head"":""unavailable"",""jax"":""0.10.1"",""jaxlib"":""0.10.1"",""nvalchemi_toolkit_ops"":""0.5.0"",""python"":""3.12.3"",""source_sha256"":""4dfd278da46af31f54f8b7671e891073f8b10f8fa2cb28e7cf92bfeddd543638"",""torch"":""2.14.0+cu130"",""warp"":""1.17.0""}","{""gpu_uuid"":""b86b304e-698a-30bd-d46b-23da3dc3658e"",""host"":""ipp2-1738""}","{""JAX_DISABLE_JIT"":""<unset>"",""JAX_DISABLE_JIT_ACTUAL"":""False"",""JAX_ENABLE_X64"":""1"",""JAX_ENABLE_X64_ACTUAL"":""True"",""JAX_PLATFORMS"":""<unset>"",""TF_GPU_ALLOCATOR"":""<unset>"",""XLA_FLAGS"":""<unset>"",""XLA_PYTHON_CLIENT_ALLOCATOR"":""<unset>"",""XLA_PYTHON_CLIENT_MEM_FRACTION"":""0.95"",""XLA_PYTHON_CLIENT_PREALLOCATE"":""<unset>""}","{""artifacts"":{""nh3_pdb_1024"":{""bytes"":83199,""sha256"":""cb99e65c2024c8b1a80a7ea1f4ff5b23ef76a5d153a2caeb4a0e3077b5239135"",""state"":""file""},""nh3_pdb_128"":{""bytes"":10623,""sha256"":""4b48182856ba92449fa52b61bf2f95c6ce28937a3cb3da6aec4f131a1216c760"",""state"":""file""},""nh3_pdb_131072"":{""bytes"":10617087,""sha256"":""d454eb5e6e9fe717e1c12c22e3fc749189deae022de05b0f6f83f9f4501bbb52"",""state"":""file""},""nh3_pdb_16384"":{""bytes"":1327359,""sha256"":""07f5683974f6bdad6798104cf7de5ddb670704f71b7e28715d957805124196b8"",""state"":""file""},""nh3_pdb_2048"":{""bytes"":166143,""sha256"":""7171f9c4d6bf3c819f96ddd11877441961f43096057863d0607070d97c5e5a16"",""state"":""file""},""nh3_pdb_256"":{""bytes"":20991,""sha256"":""870d35ef9d654b395f8eefcd897e002ff41b1327475879ff5b955080ecb91ee0"",""state"":""file""},""nh3_pdb_32768"":{""bytes"":2654463,""sha256"":""a193ff7fc7793ae1c9121af48f694b9cff6974a63e67029053ab9312f86cb9cc"",""state"":""file""},""nh3_pdb_4096"":{""bytes"":332031,""sha256"":""e6d9ba2e0f95a04ebbeb61682dcf615982860aaa336140fee7ba55698f68175c"",""state"":""file""},""nh3_pdb_512"":{""bytes"":41727,""sha256"":""76e8d0d71fd3d49a1d14bb1fcd0689b08241620df41c90a904be29c85a67934e"",""state"":""file""},""nh3_pdb_65536"":{""bytes"":5308671,""sha256"":""a80e717b9abb39221c121bf3137135662e1b3c727e705e8f01e651720acd6dcc"",""state"":""file""},""nh3_pdb_8192"":{""bytes"":663807,""sha256"":""b0664469d3a8e84f71fbd848f1f0ffaca2cee3f4fd2100ed10f398e7c19a27e6"",""state"":""file""}},""metadata"":{""benchmark"":""el""}}",28ea42c8-c3b9-4a9c-96dc-b96a346325d0,,,,,,,,,,,,,,single_case,5779517f771cd31c95dc30de603249f8f59a1f8d3680da722ea0763b4d76684d,50.89182711199828,184,supported_jax_separate_collection
cscl,constant_workload,pme,jax,2048,64,131072,0.9796858303823263,1020735.3918855252,nan,nan,10,3,jax_wall_block_until_ready,warmup_excluded,True,,,1e-06,5,arithmetic_mean,1.0268258103604035,"[0.12678011789976154,0.12718122769983892,0.12871294849974219,0.1291915144000086,0.13018109730001015]",,,,,not_measured,not_measured,shared_cell_k_squared,nan,nan,,energy_autograd,energy_forces_charge_gradients,True,True,False,131072,0,0.0,explicit,0.028619011864066124,32.95199966430664,0.0,16,8,8,orthorhombic,0.4129913543166487,9.0,,176,2.0,88,11534336,2,"{""compute_capability"":""9.0"",""driver"":""unavailable"",""memory_bytes"":99996401664,""name"":""NVIDIA H100 NVL""}","{""cuda"":""13.0"",""git_head"":""unavailable"",""jax"":""0.10.1"",""jaxlib"":""0.10.1"",""nvalchemi_toolkit_ops"":""0.5.0"",""python"":""3.12.3"",""source_sha256"":""4dfd278da46af31f54f8b7671e891073f8b10f8fa2cb28e7cf92bfeddd543638"",""torch"":""2.14.0+cu130"",""warp"":""1.17.0""}","{""gpu_uuid"":""b86b304e-698a-30bd-d46b-23da3dc3658e"",""host"":""ipp2-1738""}","{""JAX_DISABLE_JIT"":""<unset>"",""JAX_DISABLE_JIT_ACTUAL"":""False"",""JAX_ENABLE_X64"":""1"",""JAX_ENABLE_X64_ACTUAL"":""True"",""JAX_PLATFORMS"":""<unset>"",""TF_GPU_ALLOCATOR"":""<unset>"",""XLA_FLAGS"":""<unset>"",""XLA_PYTHON_CLIENT_ALLOCATOR"":""<unset>"",""XLA_PYTHON_CLIENT_MEM_FRACTION"":""0.95"",""XLA_PYTHON_CLIENT_PREALLOCATE"":""<unset>""}","{""artifacts"":{""nh3_pdb_1024"":{""bytes"":83199,""sha256"":""cb99e65c2024c8b1a80a7ea1f4ff5b23ef76a5d153a2caeb4a0e3077b5239135"",""state"":""file""},""nh3_pdb_128"":{""bytes"":10623,""sha256"":""4b48182856ba92449fa52b61bf2f95c6ce28937a3cb3da6aec4f131a1216c760"",""state"":""file""},""nh3_pdb_131072"":{""bytes"":10617087,""sha256"":""d454eb5e6e9fe717e1c12c22e3fc749189deae022de05b0f6f83f9f4501bbb52"",""state"":""file""},""nh3_pdb_16384"":{""bytes"":1327359,""sha256"":""07f5683974f6bdad6798104cf7de5ddb670704f71b7e28715d957805124196b8"",""state"":""file""},""nh3_pdb_2048"":{""bytes"":166143,""sha256"":""7171f9c4d6bf3c819f96ddd11877441961f43096057863d0607070d97c5e5a16"",""state"":""file""},""nh3_pdb_256"":{""bytes"":20991,""sha256"":""870d35ef9d654b395f8eefcd897e002ff41b1327475879ff5b955080ecb91ee0"",""state"":""file""},""nh3_pdb_32768"":{""bytes"":2654463,""sha256"":""a193ff7fc7793ae1c9121af48f694b9cff6974a63e67029053ab9312f86cb9cc"",""state"":""file""},""nh3_pdb_4096"":{""bytes"":332031,""sha256"":""e6d9ba2e0f95a04ebbeb61682dcf615982860aaa336140fee7ba55698f68175c"",""state"":""file""},""nh3_pdb_512"":{""bytes"":41727,""sha256"":""76e8d0d71fd3d49a1d14bb1fcd0689b08241620df41c90a904be29c85a67934e"",""state"":""file""},""nh3_pdb_65536"":{""bytes"":5308671,""sha256"":""a80e717b9abb39221c121bf3137135662e1b3c727e705e8f01e651720acd6dcc"",""state"":""file""},""nh3_pdb_8192"":{""bytes"":663807,""sha256"":""b0664469d3a8e84f71fbd848f1f0ffaca2cee3f4fd2100ed10f398e7c19a27e6"",""state"":""file""}},""metadata"":{""benchmark"":""el""}}",28ea42c8-c3b9-4a9c-96dc-b96a346325d0,,,288,144,144,3027456,5,d447113bbe0ac52669ae0bada2b199789997ad5ce2d00cdbdd20c6ab6dc3b8c3,"{""batch_idx"":""int32"",""cell"":""float64"",""charges"":""float64"",""pbc"":""bool"",""positions"":""float64""}",capped_upstream_estimate,bounded_power_two_then_four_fft_snap,0.25,9.0,single_case,5779517f771cd31c95dc30de603249f8f59a1f8d3680da722ea0763b4d76684d,47.08551724499921,31,supported_jax_separate_collection
cscl,constant_workload,pme,jax,1024,128,131072,0.9387119555670509,1065289.510876557,nan,nan,10,3,jax_wall_block_until_ready,warmup_excluded,True,,,1e-06,5,arithmetic_mean,1.0022329788316198,"[0.1229710753003019,0.12291406250005821,0.12318019899976207,0.12294040340057108,0.12318852699972922]",,,,,not_measured,not_measured,shared_cell_k_squared,nan,nan,,energy_autograd,energy_forces_charge_gradients,True,True,False,131072,0,0.0,explicit,0.028619011864066124,32.95199966430664,0.0,8,8,8,cubic,0.4129913543166487,9.0,,176,2.0,88,11534336,2,"{""compute_capability"":""9.0"",""driver"":""unavailable"",""memory_bytes"":99996401664,""name"":""NVIDIA H100 NVL""}","{""cuda"":""13.0"",""git_head"":""unavailable"",""jax"":""0.10.1"",""jaxlib"":""0.10.1"",""nvalchemi_toolkit_ops"":""0.5.0"",""python"":""3.12.3"",""source_sha256"":""4dfd278da46af31f54f8b7671e891073f8b10f8fa2cb28e7cf92bfeddd543638"",""torch"":""2.14.0+cu130"",""warp"":""1.17.0""}","{""gpu_uuid"":""23074f79-c31a-f283-5a26-fe763902683e"",""host"":""a1u1g-mil-0678""}","{""JAX_DISABLE_JIT"":""<unset>"",""JAX_DISABLE_JIT_ACTUAL"":""False"",""JAX_ENABLE_X64"":""1"",""JAX_ENABLE_X64_ACTUAL"":""True"",""JAX_PLATFORMS"":""<unset>"",""TF_GPU_ALLOCATOR"":""<unset>"",""XLA_FLAGS"":""<unset>"",""XLA_PYTHON_CLIENT_ALLOCATOR"":""<unset>"",""XLA_PYTHON_CLIENT_MEM_FRACTION"":""0.95"",""XLA_PYTHON_CLIENT_PREALLOCATE"":""<unset>""}","{""artifacts"":{""nh3_pdb_1024"":{""bytes"":83199,""sha256"":""cb99e65c2024c8b1a80a7ea1f4ff5b23ef76a5d153a2caeb4a0e3077b5239135"",""state"":""file""},""nh3_pdb_128"":{""bytes"":10623,""sha256"":""4b48182856ba92449fa52b61bf2f95c6ce28937a3cb3da6aec4f131a1216c760"",""state"":""file""},""nh3_pdb_131072"":{""bytes"":10617087,""sha256"":""d454eb5e6e9fe717e1c12c22e3fc749189deae022de05b0f6f83f9f4501bbb52"",""state"":""file""},""nh3_pdb_16384"":{""bytes"":1327359,""sha256"":""07f5683974f6bdad6798104cf7de5ddb670704f71b7e28715d957805124196b8"",""state"":""file""},""nh3_pdb_2048"":{""bytes"":166143,""sha256"":""7171f9c4d6bf3c819f96ddd11877441961f43096057863d0607070d97c5e5a16"",""state"":""file""},""nh3_pdb_256"":{""bytes"":20991,""sha256"":""870d35ef9d654b395f8eefcd897e002ff41b1327475879ff5b955080ecb91ee0"",""state"":""file""},""nh3_pdb_32768"":{""bytes"":2654463,""sha256"":""a193ff7fc7793ae1c9121af48f694b9cff6974a63e67029053ab9312f86cb9cc"",""state"":""file""},""nh3_pdb_4096"":{""bytes"":332031,""sha256"":""e6d9ba2e0f95a04ebbeb61682dcf615982860aaa336140fee7ba55698f68175c"",""state"":""file""},""nh3_pdb_512"":{""bytes"":41727,""sha256"":""76e8d0d71fd3d49a1d14bb1fcd0689b08241620df41c90a904be29c85a67934e"",""state"":""file""},""nh3_pdb_65536"":{""bytes"":5308671,""sha256"":""a80e717b9abb39221c121bf3137135662e1b3c727e705e8f01e651720acd6dcc"",""state"":""file""},""nh3_pdb_8192"":{""bytes"":663807,""sha256"":""b0664469d3a8e84f71fbd848f1f0ffaca2cee3f4fd2100ed10f398e7c19a27e6"",""state"":""file""}},""metadata"":{""benchmark"":""el""}}",28ea42c8-c3b9-4a9c-96dc-b96a346325d0,,,144,144,144,1513728,5,d29ce85f7d6e6c8a252105793151034f0047d40b8e7d7df44e4b2fc295547133,"{""batch_idx"":""int32"",""cell"":""float64"",""charges"":""float64"",""pbc"":""bool"",""positions"":""float64""}",capped_upstream_estimate,bounded_power_two_then_four_fft_snap,0.25,9.0,single_case,5779517f771cd31c95dc30de603249f8f59a1f8d3680da722ea0763b4d76684d,46.21710286800226,29,supported_jax_separate_collection
cscl,constant_workload,pme,jax,131072,1,131072,0.09728680694376379,10278886.021801965,nan,nan,10,3,jax_wall_block_until_ready,warmup_excluded,True,,,0.0001,5,arithmetic_mean,1.0017144907467788,"[0.012748064099287148,0.012767268899187912,0.01275029190001078,0.012745416999678127,0.012746839900501072]",,,,,not_measured,not_measured,k_squared_only,nan,nan,,energy_autograd,energy_forces_charge_gradients,True,True,False,131072,0,0.0,explicit,0.028619011864066124,131.80799865722656,0.0,64,32,32,orthorhombic,0.3372060287522547,9.0,,176,2.0,88,11534336,2,"{""compute_capability"":""9.0"",""driver"":""unavailable"",""memory_bytes"":99996401664,""name"":""NVIDIA H100 NVL""}","{""cuda"":""13.0"",""git_head"":""unavailable"",""jax"":""0.10.1"",""jaxlib"":""0.10.1"",""nvalchemi_toolkit_ops"":""0.5.0"",""python"":""3.12.3"",""source_sha256"":""4dfd278da46af31f54f8b7671e891073f8b10f8fa2cb28e7cf92bfeddd543638"",""torch"":""2.14.0+cu130"",""warp"":""1.17.0""}","{""gpu_uuid"":""23074f79-c31a-f283-5a26-fe763902683e"",""host"":""a1u1g-mil-0678""}","{""JAX_DISABLE_JIT"":""<unset>"",""JAX_DISABLE_JIT_ACTUAL"":""False"",""JAX_ENABLE_X64"":""1"",""JAX_ENABLE_X64_ACTUAL"":""True"",""JAX_PLATFORMS"":""<unset>"",""TF_GPU_ALLOCATOR"":""<unset>"",""XLA_FLAGS"":""<unset>"",""XLA_PYTHON_CLIENT_ALLOCATOR"":""<unset>"",""XLA_PYTHON_CLIENT_MEM_FRACTION"":""0.95"",""XLA_PYTHON_CLIENT_PREALLOCATE"":""<unset>""}","{""artifacts"":{""nh3_pdb_1024"":{""bytes"":83199,""sha256"":""cb99e65c2024c8b1a80a7ea1f4ff5b23ef76a5d153a2caeb4a0e3077b5239135"",""state"":""file""},""nh3_pdb_128"":{""bytes"":10623,""sha256"":""4b48182856ba92449fa52b61bf2f95c6ce28937a3cb3da6aec4f131a1216c760"",""state"":""file""},""nh3_pdb_131072"":{""bytes"":10617087,""sha256"":""d454eb5e6e9fe717e1c12c22e3fc749189deae022de05b0f6f83f9f4501bbb52"",""state"":""file""},""nh3_pdb_16384"":{""bytes"":1327359,""sha256"":""07f5683974f6bdad6798104cf7de5ddb670704f71b7e28715d957805124196b8"",""state"":""file""},""nh3_pdb_2048"":{""bytes"":166143,""sha256"":""7171f9c4d6bf3c819f96ddd11877441961f43096057863d0607070d97c5e5a16"",""state"":""file""},""nh3_pdb_256"":{""bytes"":20991,""sha256"":""870d35ef9d654b395f8eefcd897e002ff41b1327475879ff5b955080ecb91ee0"",""state"":""file""},""nh3_pdb_32768"":{""bytes"":2654463,""sha256"":""a193ff7fc7793ae1c9121af48f694b9cff6974a63e67029053ab9312f86cb9cc"",""state"":""file""},""nh3_pdb_4096"":{""bytes"":332031,""sha256"":""e6d9ba2e0f95a04ebbeb61682dcf615982860aaa336140fee7ba55698f68175c"",""state"":""file""},""nh3_pdb_512"":{""bytes"":41727,""sha256"":""76e8d0d71fd3d49a1d14bb1fcd0689b08241620df41c90a904be29c85a67934e"",""state"":""file""},""nh3_pdb_65536"":{""bytes"":5308671,""sha256"":""a80e717b9abb39221c121bf3137135662e1b3c727e705e8f01e651720acd6dcc"",""state"":""file""},""nh3_pdb_8192"":{""bytes"":663807,""sha256"":""b0664469d3a8e84f71fbd848f1f0ffaca2cee3f4fd2100ed10f398e7c19a27e6"",""state"":""file""}},""metadata"":{""benchmark"":""el""}}",28ea42c8-c3b9-4a9c-96dc-b96a346325d0,,,384,192,192,7151616,5,0f5a938038876b8d809e865c1f81609e9e9ee59ca883b4742b610db3f19de7e6,"{""batch_idx"":""int32"",""cell"":""float64"",""charges"":""float64"",""pbc"":""bool"",""positions"":""float64""}",capped_upstream_estimate,bounded_power_two_then_four_fft_snap,0.25,9.0,single_case,5779517f771cd31c95dc30de603249f8f59a1f8d3680da722ea0763b4d76684d,40.899424078001175,42,supported_jax_separate_collection
cscl,constant_workload,ewald,jax,32768,4,131072,4.302834565431124,232404.93790627635,nan,nan,10,3,jax_wall_block_until_ready,warmup_excluded,True,,,0.0001,5,arithmetic_mean,1.0014859153717208,"[0.5635832404001121,0.5637368851002975,0.564209521900193,0.5639553360000719,0.5644206774002669]",,,,,not_measured,not_measured,,nan,nan,5467,energy_autograd,energy_forces_charge_gradients,True,True,False,131072,0,0.0,explicit,0.028619011864066124,65.90399932861328,0.0,32,32,16,orthorhombic,0.09584103422075939,31.66549989203827,0.581727141739642,7616,2.0,3838,503054336,2,"{""compute_capability"":""9.0"",""driver"":""unavailable"",""memory_bytes"":99996401664,""name"":""NVIDIA H100 NVL""}","{""cuda"":""13.0"",""git_head"":""unavailable"",""jax"":""0.10.1"",""jaxlib"":""0.10.1"",""nvalchemi_toolkit_ops"":""0.5.0"",""python"":""3.12.3"",""source_sha256"":""4dfd278da46af31f54f8b7671e891073f8b10f8fa2cb28e7cf92bfeddd543638"",""torch"":""2.14.0+cu130"",""warp"":""1.17.0""}","{""gpu_uuid"":""b86b304e-698a-30bd-d46b-23da3dc3658e"",""host"":""ipp2-1738""}","{""JAX_DISABLE_JIT"":""<unset>"",""JAX_DISABLE_JIT_ACTUAL"":""False"",""JAX_ENABLE_X64"":""1"",""JAX_ENABLE_X64_ACTUAL"":""True"",""JAX_PLATFORMS"":""<unset>"",""TF_GPU_ALLOCATOR"":""<unset>"",""XLA_FLAGS"":""<unset>"",""XLA_PYTHON_CLIENT_ALLOCATOR"":""<unset>"",""XLA_PYTHON_CLIENT_MEM_FRACTION"":""0.95"",""XLA_PYTHON_CLIENT_PREALLOCATE"":""<unset>""}","{""artifacts"":{""nh3_pdb_1024"":{""bytes"":83199,""sha256"":""cb99e65c2024c8b1a80a7ea1f4ff5b23ef76a5d153a2caeb4a0e3077b5239135"",""state"":""file""},""nh3_pdb_128"":{""bytes"":10623,""sha256"":""4b48182856ba92449fa52b61bf2f95c6ce28937a3cb3da6aec4f131a1216c760"",""state"":""file""},""nh3_pdb_131072"":{""bytes"":10617087,""sha256"":""d454eb5e6e9fe717e1c12c22e3fc749189deae022de05b0f6f83f9f4501bbb52"",""state"":""file""},""nh3_pdb_16384"":{""bytes"":1327359,""sha256"":""07f5683974f6bdad6798104cf7de5ddb670704f71b7e28715d957805124196b8"",""state"":""file""},""nh3_pdb_2048"":{""bytes"":166143,""sha256"":""7171f9c4d6bf3c819f96ddd11877441961f43096057863d0607070d97c5e5a16"",""state"":""file""},""nh3_pdb_256"":{""bytes"":20991,""sha256"":""870d35ef9d654b395f8eefcd897e002ff41b1327475879ff5b955080ecb91ee0"",""state"":""file""},""nh3_pdb_32768"":{""bytes"":2654463,""sha256"":""a193ff7fc7793ae1c9121af48f694b9cff6974a63e67029053ab9312f86cb9cc"",""state"":""file""},""nh3_pdb_4096"":{""bytes"":332031,""sha256"":""e6d9ba2e0f95a04ebbeb61682dcf615982860aaa336140fee7ba55698f68175c"",""state"":""file""},""nh3_pdb_512"":{""bytes"":41727,""sha256"":""76e8d0d71fd3d49a1d14bb1fcd0689b08241620df41c90a904be29c85a67934e"",""state"":""file""},""nh3_pdb_65536"":{""bytes"":5308671,""sha256"":""a80e717b9abb39221c121bf3137135662e1b3c727e705e8f01e651720acd6dcc"",""state"":""file""},""nh3_pdb_8192"":{""bytes"":663807,""sha256"":""b0664469d3a8e84f71fbd848f1f0ffaca2cee3f4fd2100ed10f398e7c19a27e6"",""state"":""file""}},""metadata"":{""benchmark"":""el""}}",28ea42c8-c3b9-4a9c-96dc-b96a346325d0,,,,,,,,,,,,,,single_case,5779517f771cd31c95dc30de603249f8f59a1f8d3680da722ea0763b4d76684d,77.50863444599963,186,supported_jax_separate_collection
cscl,constant_workload,ewald,jax,65536,2,131072,6.626013869781566,150920.29984431138,nan,nan,10,3,jax_wall_block_until_ready,warmup_excluded,True,,,0.0001,5,arithmetic_mean,1.0016567815510216,"[0.8681305040998268,0.8681973502003529,0.8680799826997827,0.868498411100154,0.8695182015999308]",,,,,not_measured,not_measured,,nan,nan,6083,energy_autograd,energy_forces_charge_gradients,True,True,False,131072,0,0.0,explicit,0.028619011864066124,131.80799865722656,0.0,32,32,32,cubic,0.08538465453251894,35.5433218695575,0.5182599648832906,10768,2.0,5328,698351616,2,"{""compute_capability"":""9.0"",""driver"":""unavailable"",""memory_bytes"":99996401664,""name"":""NVIDIA H100 NVL""}","{""cuda"":""13.0"",""git_head"":""unavailable"",""jax"":""0.10.1"",""jaxlib"":""0.10.1"",""nvalchemi_toolkit_ops"":""0.5.0"",""python"":""3.12.3"",""source_sha256"":""4dfd278da46af31f54f8b7671e891073f8b10f8fa2cb28e7cf92bfeddd543638"",""torch"":""2.14.0+cu130"",""warp"":""1.17.0""}","{""gpu_uuid"":""b86b304e-698a-30bd-d46b-23da3dc3658e"",""host"":""ipp2-1738""}","{""JAX_DISABLE_JIT"":""<unset>"",""JAX_DISABLE_JIT_ACTUAL"":""False"",""JAX_ENABLE_X64"":""1"",""JAX_ENABLE_X64_ACTUAL"":""True"",""JAX_PLATFORMS"":""<unset>"",""TF_GPU_ALLOCATOR"":""<unset>"",""XLA_FLAGS"":""<unset>"",""XLA_PYTHON_CLIENT_ALLOCATOR"":""<unset>"",""XLA_PYTHON_CLIENT_MEM_FRACTION"":""0.95"",""XLA_PYTHON_CLIENT_PREALLOCATE"":""<unset>""}","{""artifacts"":{""nh3_pdb_1024"":{""bytes"":83199,""sha256"":""cb99e65c2024c8b1a80a7ea1f4ff5b23ef76a5d153a2caeb4a0e3077b5239135"",""state"":""file""},""nh3_pdb_128"":{""bytes"":10623,""sha256"":""4b48182856ba92449fa52b61bf2f95c6ce28937a3cb3da6aec4f131a1216c760"",""state"":""file""},""nh3_pdb_131072"":{""bytes"":10617087,""sha256"":""d454eb5e6e9fe717e1c12c22e3fc749189deae022de05b0f6f83f9f4501bbb52"",""state"":""file""},""nh3_pdb_16384"":{""bytes"":1327359,""sha256"":""07f5683974f6bdad6798104cf7de5ddb670704f71b7e28715d957805124196b8"",""state"":""file""},""nh3_pdb_2048"":{""bytes"":166143,""sha256"":""7171f9c4d6bf3c819f96ddd11877441961f43096057863d0607070d97c5e5a16"",""state"":""file""},""nh3_pdb_256"":{""bytes"":20991,""sha256"":""870d35ef9d654b395f8eefcd897e002ff41b1327475879ff5b955080ecb91ee0"",""state"":""file""},""nh3_pdb_32768"":{""bytes"":2654463,""sha256"":""a193ff7fc7793ae1c9121af48f694b9cff6974a63e67029053ab9312f86cb9cc"",""state"":""file""},""nh3_pdb_4096"":{""bytes"":332031,""sha256"":""e6d9ba2e0f95a04ebbeb61682dcf615982860aaa336140fee7ba55698f68175c"",""state"":""file""},""nh3_pdb_512"":{""bytes"":41727,""sha256"":""76e8d0d71fd3d49a1d14bb1fcd0689b08241620df41c90a904be29c85a67934e"",""state"":""file""},""nh3_pdb_65536"":{""bytes"":5308671,""sha256"":""a80e717b9abb39221c121bf3137135662e1b3c727e705e8f01e651720acd6dcc"",""state"":""file""},""nh3_pdb_8192"":{""bytes"":663807,""sha256"":""b0664469d3a8e84f71fbd848f1f0ffaca2cee3f4fd2100ed10f398e7c19a27e6"",""state"":""file""}},""metadata"":{""benchmark"":""el""}}",28ea42c8-c3b9-4a9c-96dc-b96a346325d0,,,,,,,,,,,,,,single_case,5779517f771cd31c95dc30de603249f8f59a1f8d3680da722ea0763b4d76684d,96.82457906800119,188,supported_jax_separate_collection
cscl,constant_workload,ewald,jax,4096,32,131072,2.415104004060975,414060.8430603855,nan,nan,10,3,jax_wall_block_until_ready,warmup_excluded,True,,,1e-06,5,arithmetic_mean,1.0006453154287442,"[0.3166651138002635,0.3165316202008398,0.31656389819981995,0.3164608967010281,0.3165410311994492]",,,,,not_measured,not_measured,,nan,nan,3438,energy_autograd,energy_forces_charge_gradients,True,True,False,131072,0,0.0,explicit,0.028619011864066124,32.95199966430664,0.0,16,16,8,orthorhombic,0.13553969042686184,27.42312733003854,1.0075809656348818,4960,2.0,2444,320339968,2,"{""compute_capability"":""9.0"",""driver"":""unavailable"",""memory_bytes"":99996401664,""name"":""NVIDIA H100 NVL""}","{""cuda"":""13.0"",""git_head"":""unavailable"",""jax"":""0.10.1"",""jaxlib"":""0.10.1"",""nvalchemi_toolkit_ops"":""0.5.0"",""python"":""3.12.3"",""source_sha256"":""4dfd278da46af31f54f8b7671e891073f8b10f8fa2cb28e7cf92bfeddd543638"",""torch"":""2.14.0+cu130"",""warp"":""1.17.0""}","{""gpu_uuid"":""23074f79-c31a-f283-5a26-fe763902683e"",""host"":""a1u1g-mil-0678""}","{""JAX_DISABLE_JIT"":""<unset>"",""JAX_DISABLE_JIT_ACTUAL"":""False"",""JAX_ENABLE_X64"":""1"",""JAX_ENABLE_X64_ACTUAL"":""True"",""JAX_PLATFORMS"":""<unset>"",""TF_GPU_ALLOCATOR"":""<unset>"",""XLA_FLAGS"":""<unset>"",""XLA_PYTHON_CLIENT_ALLOCATOR"":""<unset>"",""XLA_PYTHON_CLIENT_MEM_FRACTION"":""0.95"",""XLA_PYTHON_CLIENT_PREALLOCATE"":""<unset>""}","{""artifacts"":{""nh3_pdb_1024"":{""bytes"":83199,""sha256"":""cb99e65c2024c8b1a80a7ea1f4ff5b23ef76a5d153a2caeb4a0e3077b5239135"",""state"":""file""},""nh3_pdb_128"":{""bytes"":10623,""sha256"":""4b48182856ba92449fa52b61bf2f95c6ce28937a3cb3da6aec4f131a1216c760"",""state"":""file""},""nh3_pdb_131072"":{""bytes"":10617087,""sha256"":""d454eb5e6e9fe717e1c12c22e3fc749189deae022de05b0f6f83f9f4501bbb52"",""state"":""file""},""nh3_pdb_16384"":{""bytes"":1327359,""sha256"":""07f5683974f6bdad6798104cf7de5ddb670704f71b7e28715d957805124196b8"",""state"":""file""},""nh3_pdb_2048"":{""bytes"":166143,""sha256"":""7171f9c4d6bf3c819f96ddd11877441961f43096057863d0607070d97c5e5a16"",""state"":""file""},""nh3_pdb_256"":{""bytes"":20991,""sha256"":""870d35ef9d654b395f8eefcd897e002ff41b1327475879ff5b955080ecb91ee0"",""state"":""file""},""nh3_pdb_32768"":{""bytes"":2654463,""sha256"":""a193ff7fc7793ae1c9121af48f694b9cff6974a63e67029053ab9312f86cb9cc"",""state"":""file""},""nh3_pdb_4096"":{""bytes"":332031,""sha256"":""e6d9ba2e0f95a04ebbeb61682dcf615982860aaa336140fee7ba55698f68175c"",""state"":""file""},""nh3_pdb_512"":{""bytes"":41727,""sha256"":""76e8d0d71fd3d49a1d14bb1fcd0689b08241620df41c90a904be29c85a67934e"",""state"":""file""},""nh3_pdb_65536"":{""bytes"":5308671,""sha256"":""a80e717b9abb39221c121bf3137135662e1b3c727e705e8f01e651720acd6dcc"",""state"":""file""},""nh3_pdb_8192"":{""bytes"":663807,""sha256"":""b0664469d3a8e84f71fbd848f1f0ffaca2cee3f4fd2100ed10f398e7c19a27e6"",""state"":""file""}},""metadata"":{""benchmark"":""el""}}",28ea42c8-c3b9-4a9c-96dc-b96a346325d0,,,,,,,,,,,,,,single_case,5779517f771cd31c95dc30de603249f8f59a1f8d3680da722ea0763b4d76684d,48.86332295999455,181,supported_jax_separate_collection
cscl,constant_workload,ewald,jax,16384,8,131072,5.999967775263126,166667.56180305406,nan,nan,10,3,jax_wall_block_until_ready,warmup_excluded,True,,,1e-06,5,arithmetic_mean,1.0023188478557405,"[0.7864584401992033,0.7864458376003313,0.7870891254991875,0.7852682079988881,0.7868772698988323]",,,,,not_measured,not_measured,,nan,nan,6317,energy_autograd,energy_forces_charge_gradients,True,True,False,131072,0,0.0,explicit,0.028619011864066124,65.90399932861328,0.0,32,16,16,orthorhombic,0.10757792358352229,34.55097537706295,0.7997175423959728,9904,2.0,4956,649592832,2,"{""compute_capability"":""9.0"",""driver"":""unavailable"",""memory_bytes"":99996401664,""name"":""NVIDIA H100 NVL""}","{""cuda"":""13.0"",""git_head"":""unavailable"",""jax"":""0.10.1"",""jaxlib"":""0.10.1"",""nvalchemi_toolkit_ops"":""0.5.0"",""python"":""3.12.3"",""source_sha256"":""4dfd278da46af31f54f8b7671e891073f8b10f8fa2cb28e7cf92bfeddd543638"",""torch"":""2.14.0+cu130"",""warp"":""1.17.0""}","{""gpu_uuid"":""23074f79-c31a-f283-5a26-fe763902683e"",""host"":""a1u1g-mil-0678""}","{""JAX_DISABLE_JIT"":""<unset>"",""JAX_DISABLE_JIT_ACTUAL"":""False"",""JAX_ENABLE_X64"":""1"",""JAX_ENABLE_X64_ACTUAL"":""True"",""JAX_PLATFORMS"":""<unset>"",""TF_GPU_ALLOCATOR"":""<unset>"",""XLA_FLAGS"":""<unset>"",""XLA_PYTHON_CLIENT_ALLOCATOR"":""<unset>"",""XLA_PYTHON_CLIENT_MEM_FRACTION"":""0.95"",""XLA_PYTHON_CLIENT_PREALLOCATE"":""<unset>""}","{""artifacts"":{""nh3_pdb_1024"":{""bytes"":83199,""sha256"":""cb99e65c2024c8b1a80a7ea1f4ff5b23ef76a5d153a2caeb4a0e3077b5239135"",""state"":""file""},""nh3_pdb_128"":{""bytes"":10623,""sha256"":""4b48182856ba92449fa52b61bf2f95c6ce28937a3cb3da6aec4f131a1216c760"",""state"":""file""},""nh3_pdb_131072"":{""bytes"":10617087,""sha256"":""d454eb5e6e9fe717e1c12c22e3fc749189deae022de05b0f6f83f9f4501bbb52"",""state"":""file""},""nh3_pdb_16384"":{""bytes"":1327359,""sha256"":""07f5683974f6bdad6798104cf7de5ddb670704f71b7e28715d957805124196b8"",""state"":""file""},""nh3_pdb_2048"":{""bytes"":166143,""sha256"":""7171f9c4d6bf3c819f96ddd11877441961f43096057863d0607070d97c5e5a16"",""state"":""file""},""nh3_pdb_256"":{""bytes"":20991,""sha256"":""870d35ef9d654b395f8eefcd897e002ff41b1327475879ff5b955080ecb91ee0"",""state"":""file""},""nh3_pdb_32768"":{""bytes"":2654463,""sha256"":""a193ff7fc7793ae1c9121af48f694b9cff6974a63e67029053ab9312f86cb9cc"",""state"":""file""},""nh3_pdb_4096"":{""bytes"":332031,""sha256"":""e6d9ba2e0f95a04ebbeb61682dcf615982860aaa336140fee7ba55698f68175c"",""state"":""file""},""nh3_pdb_512"":{""bytes"":41727,""sha256"":""76e8d0d71fd3d49a1d14bb1fcd0689b08241620df41c90a904be29c85a67934e"",""state"":""file""},""nh3_pdb_65536"":{""bytes"":5308671,""sha256"":""a80e717b9abb39221c121bf3137135662e1b3c727e705e8f01e651720acd6dcc"",""state"":""file""},""nh3_pdb_8192"":{""bytes"":663807,""sha256"":""b0664469d3a8e84f71fbd848f1f0ffaca2cee3f4fd2100ed10f398e7c19a27e6"",""state"":""file""}},""metadata"":{""benchmark"":""el""}}",28ea42c8-c3b9-4a9c-96dc-b96a346325d0,,,,,,,,,,,,,,single_case,5779517f771cd31c95dc30de603249f8f59a1f8d3680da722ea0763b4d76684d,90.41145201399922,185,supported_jax_separate_collection
cscl,constant_workload,ewald,jax,2048,64,131072,1.5665384649610203,638350.1090890114,nan,nan,10,3,jax_wall_block_until_ready,warmup_excluded,True,,,1e-06,5,arithmetic_mean,1.000611895102826,"[0.20535971979843454,0.20526264019717927,0.20536013229866512,0.20538823940150905,0.20527591670106632]",,,,,not_measured,not_measured,,nan,nan,2112,energy_autograd,energy_forces_charge_gradients,True,True,False,131072,0,0.0,explicit,0.028619011864066124,32.95199966430664,0.0,16,8,8,orthorhombic,0.15213815854375362,24.431228985730645,1.1309713945240651,3504,2.0,1806,236716032,2,"{""compute_capability"":""9.0"",""driver"":""unavailable"",""memory_bytes"":99996401664,""name"":""NVIDIA H100 NVL""}","{""cuda"":""13.0"",""git_head"":""unavailable"",""jax"":""0.10.1"",""jaxlib"":""0.10.1"",""nvalchemi_toolkit_ops"":""0.5.0"",""python"":""3.12.3"",""source_sha256"":""4dfd278da46af31f54f8b7671e891073f8b10f8fa2cb28e7cf92bfeddd543638"",""torch"":""2.14.0+cu130"",""warp"":""1.17.0""}","{""gpu_uuid"":""c0995d85-1dea-1b19-7e58-9baa33a5f384"",""host"":""a1u1g-mil-0576""}","{""JAX_DISABLE_JIT"":""<unset>"",""JAX_DISABLE_JIT_ACTUAL"":""False"",""JAX_ENABLE_X64"":""1"",""JAX_ENABLE_X64_ACTUAL"":""True"",""JAX_PLATFORMS"":""<unset>"",""TF_GPU_ALLOCATOR"":""<unset>"",""XLA_FLAGS"":""<unset>"",""XLA_PYTHON_CLIENT_ALLOCATOR"":""<unset>"",""XLA_PYTHON_CLIENT_MEM_FRACTION"":""0.95"",""XLA_PYTHON_CLIENT_PREALLOCATE"":""<unset>""}","{""artifacts"":{""nh3_pdb_1024"":{""bytes"":83199,""sha256"":""cb99e65c2024c8b1a80a7ea1f4ff5b23ef76a5d153a2caeb4a0e3077b5239135"",""state"":""file""},""nh3_pdb_128"":{""bytes"":10623,""sha256"":""4b48182856ba92449fa52b61bf2f95c6ce28937a3cb3da6aec4f131a1216c760"",""state"":""file""},""nh3_pdb_131072"":{""bytes"":10617087,""sha256"":""d454eb5e6e9fe717e1c12c22e3fc749189deae022de05b0f6f83f9f4501bbb52"",""state"":""file""},""nh3_pdb_16384"":{""bytes"":1327359,""sha256"":""07f5683974f6bdad6798104cf7de5ddb670704f71b7e28715d957805124196b8"",""state"":""file""},""nh3_pdb_2048"":{""bytes"":166143,""sha256"":""7171f9c4d6bf3c819f96ddd11877441961f43096057863d0607070d97c5e5a16"",""state"":""file""},""nh3_pdb_256"":{""bytes"":20991,""sha256"":""870d35ef9d654b395f8eefcd897e002ff41b1327475879ff5b955080ecb91ee0"",""state"":""file""},""nh3_pdb_32768"":{""bytes"":2654463,""sha256"":""a193ff7fc7793ae1c9121af48f694b9cff6974a63e67029053ab9312f86cb9cc"",""state"":""file""},""nh3_pdb_4096"":{""bytes"":332031,""sha256"":""e6d9ba2e0f95a04ebbeb61682dcf615982860aaa336140fee7ba55698f68175c"",""state"":""file""},""nh3_pdb_512"":{""bytes"":41727,""sha256"":""76e8d0d71fd3d49a1d14bb1fcd0689b08241620df41c90a904be29c85a67934e"",""state"":""file""},""nh3_pdb_65536"":{""bytes"":5308671,""sha256"":""a80e717b9abb39221c121bf3137135662e1b3c727e705e8f01e651720acd6dcc"",""state"":""file""},""nh3_pdb_8192"":{""bytes"":663807,""sha256"":""b0664469d3a8e84f71fbd848f1f0ffaca2cee3f4fd2100ed10f398e7c19a27e6"",""state"":""file""}},""metadata"":{""benchmark"":""el""}}",28ea42c8-c3b9-4a9c-96dc-b96a346325d0,,,,,,,,,,,,,,single_case,5779517f771cd31c95dc30de603249f8f59a1f8d3680da722ea0763b4d76684d,35.63017982500605,179,supported_jax_separate_collection
cscl,constant_workload,pme,jax,2048,64,131072,0.0950478634642593,10521015.029191356,nan,nan,10,3,jax_wall_block_until_ready,warmup_excluded,True,,,0.0001,5,arithmetic_mean,1.0079997693293523,"[0.012409120798110962,0.012460746301803738,0.012462991298525595,0.01244931849942077,0.012508390902075917]",,,,,not_measured,not_measured,shared_cell_k_squared,nan,nan,,energy_autograd,energy_forces_charge_gradients,True,True,False,131072,0,0.0,explicit,0.028619011864066124,32.95199966430664,0.0,16,8,8,orthorhombic,0.3372060287522547,9.0,,176,2.0,88,11534336,2,"{""compute_capability"":""9.0"",""driver"":""unavailable"",""memory_bytes"":99996401664,""name"":""NVIDIA H100 NVL""}","{""cuda"":""13.0"",""git_head"":""unavailable"",""jax"":""0.10.1"",""jaxlib"":""0.10.1"",""nvalchemi_toolkit_ops"":""0.5.0"",""python"":""3.12.3"",""source_sha256"":""4dfd278da46af31f54f8b7671e891073f8b10f8fa2cb28e7cf92bfeddd543638"",""torch"":""2.14.0+cu130"",""warp"":""1.17.0""}","{""gpu_uuid"":""c0995d85-1dea-1b19-7e58-9baa33a5f384"",""host"":""a1u1g-mil-0576""}","{""JAX_DISABLE_JIT"":""<unset>"",""JAX_DISABLE_JIT_ACTUAL"":""False"",""JAX_ENABLE_X64"":""1"",""JAX_ENABLE_X64_ACTUAL"":""True"",""JAX_PLATFORMS"":""<unset>"",""TF_GPU_ALLOCATOR"":""<unset>"",""XLA_FLAGS"":""<unset>"",""XLA_PYTHON_CLIENT_ALLOCATOR"":""<unset>"",""XLA_PYTHON_CLIENT_MEM_FRACTION"":""0.95"",""XLA_PYTHON_CLIENT_PREALLOCATE"":""<unset>""}","{""artifacts"":{""nh3_pdb_1024"":{""bytes"":83199,""sha256"":""cb99e65c2024c8b1a80a7ea1f4ff5b23ef76a5d153a2caeb4a0e3077b5239135"",""state"":""file""},""nh3_pdb_128"":{""bytes"":10623,""sha256"":""4b48182856ba92449fa52b61bf2f95c6ce28937a3cb3da6aec4f131a1216c760"",""state"":""file""},""nh3_pdb_131072"":{""bytes"":10617087,""sha256"":""d454eb5e6e9fe717e1c12c22e3fc749189deae022de05b0f6f83f9f4501bbb52"",""state"":""file""},""nh3_pdb_16384"":{""bytes"":1327359,""sha256"":""07f5683974f6bdad6798104cf7de5ddb670704f71b7e28715d957805124196b8"",""state"":""file""},""nh3_pdb_2048"":{""bytes"":166143,""sha256"":""7171f9c4d6bf3c819f96ddd11877441961f43096057863d0607070d97c5e5a16"",""state"":""file""},""nh3_pdb_256"":{""bytes"":20991,""sha256"":""870d35ef9d654b395f8eefcd897e002ff41b1327475879ff5b955080ecb91ee0"",""state"":""file""},""nh3_pdb_32768"":{""bytes"":2654463,""sha256"":""a193ff7fc7793ae1c9121af48f694b9cff6974a63e67029053ab9312f86cb9cc"",""state"":""file""},""nh3_pdb_4096"":{""bytes"":332031,""sha256"":""e6d9ba2e0f95a04ebbeb61682dcf615982860aaa336140fee7ba55698f68175c"",""state"":""file""},""nh3_pdb_512"":{""bytes"":41727,""sha256"":""76e8d0d71fd3d49a1d14bb1fcd0689b08241620df41c90a904be29c85a67934e"",""state"":""file""},""nh3_pdb_65536"":{""bytes"":5308671,""sha256"":""a80e717b9abb39221c121bf3137135662e1b3c727e705e8f01e651720acd6dcc"",""state"":""file""},""nh3_pdb_8192"":{""bytes"":663807,""sha256"":""b0664469d3a8e84f71fbd848f1f0ffaca2cee3f4fd2100ed10f398e7c19a27e6"",""state"":""file""}},""metadata"":{""benchmark"":""el""}}",28ea42c8-c3b9-4a9c-96dc-b96a346325d0,,,96,48,48,115200,5,d447113bbe0ac52669ae0bada2b199789997ad5ce2d00cdbdd20c6ab6dc3b8c3,"{""batch_idx"":""int32"",""cell"":""float64"",""charges"":""float64"",""pbc"":""bool"",""positions"":""float64""}",capped_upstream_estimate,bounded_power_two_then_four_fft_snap,0.25,9.0,single_case,5779517f771cd31c95dc30de603249f8f59a1f8d3680da722ea0763b4d76684d,41.77421423900523,30,supported_jax_separate_collection
