system,scaling_mode,method,backend,atoms_per_system,batch_size,total_atoms,time_us_per_atom,throughput_atoms_per_sec,mem_delta_mb,mem_peak_gb,timing_runs,warmup_runs,timing_method,compile_policy,success,error,error_type,accuracy,timing_batches,timing_batch_aggregation,timing_batch_max_min_ratio,timing_batch_seconds_json,timing_batch_real_max_min_ratio,timing_batch_real_seconds_json,timing_batch_reciprocal_max_min_ratio,timing_batch_reciprocal_seconds_json,timing_method_real,timing_method_reciprocal,pme_cache_mode,time_real_us_per_atom,time_reciprocal_us_per_atom,num_k_vectors_per_system,derivative_contract,workload,compute_forces,compute_charge_gradients,component_profiled,target_total_atoms,target_delta_atoms,target_delta_fraction,batch_selection,atomic_density_atoms_per_angstrom3,minimum_cell_face_distance_angstrom,max_abs_net_charge_per_system,alpha,real_space_cutoff,reciprocal_space_cutoff,configured_max_neighbors,neighbor_capacity_safety_factor,observed_max_neighbors,observed_directed_neighbor_pairs,provenance_version,gpu_context,software_context,execution_context,runtime_context,input_context,run_id,cutoff,failure_stage,mesh_nx,mesh_ny,mesh_nz,reciprocal_grid_points,spline_order,pme_runtime_input_sha256,pme_runtime_dtype_signature,pme_cutoff_policy,pme_mesh_policy,pme_fft_padding_fraction,pme_max_real_space_cutoff,collection_process_scope,collection_script_sha256,collection_wall_seconds,collection_plan_index,collection_runtime_scope
nh3,constant_workload,ewald,torch,128,1024,131072,0.04026855516713113,24833272.409441736,750.6796875,1.3551363945007324,10,3,torch_cuda_events,warmup_excluded,True,,,0.0001,5,arithmetic_mean,1.1072071863503339,"[0.0056373535156250005,0.005426396942138672,0.005121926498413086,0.0051132160186767575,0.005091507339477539]",,,,,not_measured,not_measured,,nan,nan,364,energy_autograd,energy_forces_charge_gradients,True,True,False,131072,0,0.0,explicit,0.09645736962556839,10.98900032043457,1.4210854715202004e-14,0.36209156829700856,8.381455202185013,2.1977902762219816,480,2.0,258,31004672,2,"{""compute_capability"":""9.0"",""driver"":""unavailable"",""memory_bytes"":102132088832,""name"":""NVIDIA H100""}","{""cuda"":""13.0"",""git_head"":""7db753be5b014476cd3ab0207173a55d6730fb14"",""jax"":""0.11.2"",""jaxlib"":""0.11.2"",""nvalchemi_toolkit_ops"":""0.5.0"",""python"":""3.12.3"",""source_sha256"":""0796a4ffc622cdc7ab846f2e8cf88b0b52fccae4dcfe32a3140b3bb9818aab8e"",""torch"":""2.14.0+cu130"",""warp"":""1.17.0""}","{""gpu_uuid"":""e8b1f776-3e7d-8391-c1b5-79a044e95420"",""host"":""s4124-0117""}","{""JAX_DISABLE_JIT"":""<unset>"",""JAX_DISABLE_JIT_ACTUAL"":""<not-imported>"",""JAX_ENABLE_X64"":""1"",""JAX_ENABLE_X64_ACTUAL"":""<not-imported>"",""JAX_PLATFORMS"":""<unset>"",""TF_GPU_ALLOCATOR"":""<unset>"",""XLA_FLAGS"":""<unset>"",""XLA_PYTHON_CLIENT_ALLOCATOR"":""<unset>"",""XLA_PYTHON_CLIENT_MEM_FRACTION"":""0.95"",""XLA_PYTHON_CLIENT_PREALLOCATE"":""<unset>""}","{""artifacts"":{""nh3_pdb_1024"":{""bytes"":83199,""sha256"":""cb99e65c2024c8b1a80a7ea1f4ff5b23ef76a5d153a2caeb4a0e3077b5239135"",""state"":""file""},""nh3_pdb_128"":{""bytes"":10623,""sha256"":""4b48182856ba92449fa52b61bf2f95c6ce28937a3cb3da6aec4f131a1216c760"",""state"":""file""},""nh3_pdb_131072"":{""bytes"":10617087,""sha256"":""d454eb5e6e9fe717e1c12c22e3fc749189deae022de05b0f6f83f9f4501bbb52"",""state"":""file""},""nh3_pdb_16384"":{""bytes"":1327359,""sha256"":""07f5683974f6bdad6798104cf7de5ddb670704f71b7e28715d957805124196b8"",""state"":""file""},""nh3_pdb_2048"":{""bytes"":166143,""sha256"":""7171f9c4d6bf3c819f96ddd11877441961f43096057863d0607070d97c5e5a16"",""state"":""file""},""nh3_pdb_256"":{""bytes"":20991,""sha256"":""870d35ef9d654b395f8eefcd897e002ff41b1327475879ff5b955080ecb91ee0"",""state"":""file""},""nh3_pdb_32768"":{""bytes"":2654463,""sha256"":""a193ff7fc7793ae1c9121af48f694b9cff6974a63e67029053ab9312f86cb9cc"",""state"":""file""},""nh3_pdb_4096"":{""bytes"":332031,""sha256"":""e6d9ba2e0f95a04ebbeb61682dcf615982860aaa336140fee7ba55698f68175c"",""state"":""file""},""nh3_pdb_512"":{""bytes"":41727,""sha256"":""76e8d0d71fd3d49a1d14bb1fcd0689b08241620df41c90a904be29c85a67934e"",""state"":""file""},""nh3_pdb_65536"":{""bytes"":5308671,""sha256"":""a80e717b9abb39221c121bf3137135662e1b3c727e705e8f01e651720acd6dcc"",""state"":""file""},""nh3_pdb_8192"":{""bytes"":663807,""sha256"":""b0664469d3a8e84f71fbd848f1f0ffaca2cee3f4fd2100ed10f398e7c19a27e6"",""state"":""file""}},""metadata"":{""benchmark"":""el""}}",da2e3992-31bf-4906-ae02-d3747f02a55a,,,,,,,,,,,,,,,,,,
nh3,constant_workload,ewald,torch,256,512,131072,0.06403960403986275,15615337.02453141,1352.01171875,2.1856212615966797,10,3,torch_cuda_events,warmup_excluded,True,,,0.0001,5,arithmetic_mean,1.0057503842658944,"[0.008394265747070312,0.008370146942138671,0.008376175689697266,0.008418278503417968,0.008410128021240235]",,,,,not_measured,not_measured,,nan,nan,665,energy_autograd,energy_forces_charge_gradients,True,True,False,131072,0,0.0,explicit,0.09646306931972504,13.84500026702881,2.842170943040401e-14,0.32259326452181164,9.40768017357379,1.9580470853692633,688,2.0,362,44104704,2,"{""compute_capability"":""9.0"",""driver"":""unavailable"",""memory_bytes"":102132088832,""name"":""NVIDIA H100""}","{""cuda"":""13.0"",""git_head"":""7db753be5b014476cd3ab0207173a55d6730fb14"",""jax"":""0.11.2"",""jaxlib"":""0.11.2"",""nvalchemi_toolkit_ops"":""0.5.0"",""python"":""3.12.3"",""source_sha256"":""0796a4ffc622cdc7ab846f2e8cf88b0b52fccae4dcfe32a3140b3bb9818aab8e"",""torch"":""2.14.0+cu130"",""warp"":""1.17.0""}","{""gpu_uuid"":""e8b1f776-3e7d-8391-c1b5-79a044e95420"",""host"":""s4124-0117""}","{""JAX_DISABLE_JIT"":""<unset>"",""JAX_DISABLE_JIT_ACTUAL"":""<not-imported>"",""JAX_ENABLE_X64"":""1"",""JAX_ENABLE_X64_ACTUAL"":""<not-imported>"",""JAX_PLATFORMS"":""<unset>"",""TF_GPU_ALLOCATOR"":""<unset>"",""XLA_FLAGS"":""<unset>"",""XLA_PYTHON_CLIENT_ALLOCATOR"":""<unset>"",""XLA_PYTHON_CLIENT_MEM_FRACTION"":""0.95"",""XLA_PYTHON_CLIENT_PREALLOCATE"":""<unset>""}","{""artifacts"":{""nh3_pdb_1024"":{""bytes"":83199,""sha256"":""cb99e65c2024c8b1a80a7ea1f4ff5b23ef76a5d153a2caeb4a0e3077b5239135"",""state"":""file""},""nh3_pdb_128"":{""bytes"":10623,""sha256"":""4b48182856ba92449fa52b61bf2f95c6ce28937a3cb3da6aec4f131a1216c760"",""state"":""file""},""nh3_pdb_131072"":{""bytes"":10617087,""sha256"":""d454eb5e6e9fe717e1c12c22e3fc749189deae022de05b0f6f83f9f4501bbb52"",""state"":""file""},""nh3_pdb_16384"":{""bytes"":1327359,""sha256"":""07f5683974f6bdad6798104cf7de5ddb670704f71b7e28715d957805124196b8"",""state"":""file""},""nh3_pdb_2048"":{""bytes"":166143,""sha256"":""7171f9c4d6bf3c819f96ddd11877441961f43096057863d0607070d97c5e5a16"",""state"":""file""},""nh3_pdb_256"":{""bytes"":20991,""sha256"":""870d35ef9d654b395f8eefcd897e002ff41b1327475879ff5b955080ecb91ee0"",""state"":""file""},""nh3_pdb_32768"":{""bytes"":2654463,""sha256"":""a193ff7fc7793ae1c9121af48f694b9cff6974a63e67029053ab9312f86cb9cc"",""state"":""file""},""nh3_pdb_4096"":{""bytes"":332031,""sha256"":""e6d9ba2e0f95a04ebbeb61682dcf615982860aaa336140fee7ba55698f68175c"",""state"":""file""},""nh3_pdb_512"":{""bytes"":41727,""sha256"":""76e8d0d71fd3d49a1d14bb1fcd0689b08241620df41c90a904be29c85a67934e"",""state"":""file""},""nh3_pdb_65536"":{""bytes"":5308671,""sha256"":""a80e717b9abb39221c121bf3137135662e1b3c727e705e8f01e651720acd6dcc"",""state"":""file""},""nh3_pdb_8192"":{""bytes"":663807,""sha256"":""b0664469d3a8e84f71fbd848f1f0ffaca2cee3f4fd2100ed10f398e7c19a27e6"",""state"":""file""}},""metadata"":{""benchmark"":""el""}}",da2e3992-31bf-4906-ae02-d3747f02a55a,,,,,,,,,,,,,,,,,,
nh3,constant_workload,ewald,torch,512,256,131072,0.0729773100465536,13702889.286575254,1349.212890625,2.520373821258545,10,3,torch_cuda_events,warmup_excluded,True,,,0.0001,5,arithmetic_mean,1.0106999006583919,"[0.009556246185302734,0.00951009292602539,0.009611849975585937,0.009599094390869142,0.009549126434326172]",,,,,not_measured,not_measured,,nan,nan,665,energy_autograd,energy_forces_charge_gradients,True,True,False,131072,0,0.0,explicit,0.09645654261112213,17.444000244140625,5.684341886080802e-14,0.287391451450245,10.560001849239784,1.7443823407359036,960,2.0,511,62428672,2,"{""compute_capability"":""9.0"",""driver"":""unavailable"",""memory_bytes"":102132088832,""name"":""NVIDIA H100""}","{""cuda"":""13.0"",""git_head"":""7db753be5b014476cd3ab0207173a55d6730fb14"",""jax"":""0.11.2"",""jaxlib"":""0.11.2"",""nvalchemi_toolkit_ops"":""0.5.0"",""python"":""3.12.3"",""source_sha256"":""0796a4ffc622cdc7ab846f2e8cf88b0b52fccae4dcfe32a3140b3bb9818aab8e"",""torch"":""2.14.0+cu130"",""warp"":""1.17.0""}","{""gpu_uuid"":""e8b1f776-3e7d-8391-c1b5-79a044e95420"",""host"":""s4124-0117""}","{""JAX_DISABLE_JIT"":""<unset>"",""JAX_DISABLE_JIT_ACTUAL"":""<not-imported>"",""JAX_ENABLE_X64"":""1"",""JAX_ENABLE_X64_ACTUAL"":""<not-imported>"",""JAX_PLATFORMS"":""<unset>"",""TF_GPU_ALLOCATOR"":""<unset>"",""XLA_FLAGS"":""<unset>"",""XLA_PYTHON_CLIENT_ALLOCATOR"":""<unset>"",""XLA_PYTHON_CLIENT_MEM_FRACTION"":""0.95"",""XLA_PYTHON_CLIENT_PREALLOCATE"":""<unset>""}","{""artifacts"":{""nh3_pdb_1024"":{""bytes"":83199,""sha256"":""cb99e65c2024c8b1a80a7ea1f4ff5b23ef76a5d153a2caeb4a0e3077b5239135"",""state"":""file""},""nh3_pdb_128"":{""bytes"":10623,""sha256"":""4b48182856ba92449fa52b61bf2f95c6ce28937a3cb3da6aec4f131a1216c760"",""state"":""file""},""nh3_pdb_131072"":{""bytes"":10617087,""sha256"":""d454eb5e6e9fe717e1c12c22e3fc749189deae022de05b0f6f83f9f4501bbb52"",""state"":""file""},""nh3_pdb_16384"":{""bytes"":1327359,""sha256"":""07f5683974f6bdad6798104cf7de5ddb670704f71b7e28715d957805124196b8"",""state"":""file""},""nh3_pdb_2048"":{""bytes"":166143,""sha256"":""7171f9c4d6bf3c819f96ddd11877441961f43096057863d0607070d97c5e5a16"",""state"":""file""},""nh3_pdb_256"":{""bytes"":20991,""sha256"":""870d35ef9d654b395f8eefcd897e002ff41b1327475879ff5b955080ecb91ee0"",""state"":""file""},""nh3_pdb_32768"":{""bytes"":2654463,""sha256"":""a193ff7fc7793ae1c9121af48f694b9cff6974a63e67029053ab9312f86cb9cc"",""state"":""file""},""nh3_pdb_4096"":{""bytes"":332031,""sha256"":""e6d9ba2e0f95a04ebbeb61682dcf615982860aaa336140fee7ba55698f68175c"",""state"":""file""},""nh3_pdb_512"":{""bytes"":41727,""sha256"":""76e8d0d71fd3d49a1d14bb1fcd0689b08241620df41c90a904be29c85a67934e"",""state"":""file""},""nh3_pdb_65536"":{""bytes"":5308671,""sha256"":""a80e717b9abb39221c121bf3137135662e1b3c727e705e8f01e651720acd6dcc"",""state"":""file""},""nh3_pdb_8192"":{""bytes"":663807,""sha256"":""b0664469d3a8e84f71fbd848f1f0ffaca2cee3f4fd2100ed10f398e7c19a27e6"",""state"":""file""}},""metadata"":{""benchmark"":""el""}}",da2e3992-31bf-4906-ae02-d3747f02a55a,,,,,,,,,,,,,,,,,,
nh3,constant_workload,ewald,torch,1024,128,131072,0.06405390100553632,15611851.648404174,2215.5009765625,3.8441810607910156,10,3,torch_cuda_events,warmup_excluded,True,,,0.0001,5,arithmetic_mean,1.0195965898657515,"[0.008392182159423828,0.008408441925048828,0.00838724136352539,0.008476710510253905,0.00831378860473633]",,,,,not_measured,not_measured,,nan,nan,1098,energy_autograd,energy_forces_charge_gradients,True,True,False,131072,0,0.0,explicit,0.09645736962556839,21.97800064086914,1.1368683772161603e-13,0.2560374033532867,11.853167619352577,1.5540724079424184,1360,2.0,723,88117760,2,"{""compute_capability"":""9.0"",""driver"":""unavailable"",""memory_bytes"":102132088832,""name"":""NVIDIA H100""}","{""cuda"":""13.0"",""git_head"":""7db753be5b014476cd3ab0207173a55d6730fb14"",""jax"":""0.11.2"",""jaxlib"":""0.11.2"",""nvalchemi_toolkit_ops"":""0.5.0"",""python"":""3.12.3"",""source_sha256"":""0796a4ffc622cdc7ab846f2e8cf88b0b52fccae4dcfe32a3140b3bb9818aab8e"",""torch"":""2.14.0+cu130"",""warp"":""1.17.0""}","{""gpu_uuid"":""e8b1f776-3e7d-8391-c1b5-79a044e95420"",""host"":""s4124-0117""}","{""JAX_DISABLE_JIT"":""<unset>"",""JAX_DISABLE_JIT_ACTUAL"":""<not-imported>"",""JAX_ENABLE_X64"":""1"",""JAX_ENABLE_X64_ACTUAL"":""<not-imported>"",""JAX_PLATFORMS"":""<unset>"",""TF_GPU_ALLOCATOR"":""<unset>"",""XLA_FLAGS"":""<unset>"",""XLA_PYTHON_CLIENT_ALLOCATOR"":""<unset>"",""XLA_PYTHON_CLIENT_MEM_FRACTION"":""0.95"",""XLA_PYTHON_CLIENT_PREALLOCATE"":""<unset>""}","{""artifacts"":{""nh3_pdb_1024"":{""bytes"":83199,""sha256"":""cb99e65c2024c8b1a80a7ea1f4ff5b23ef76a5d153a2caeb4a0e3077b5239135"",""state"":""file""},""nh3_pdb_128"":{""bytes"":10623,""sha256"":""4b48182856ba92449fa52b61bf2f95c6ce28937a3cb3da6aec4f131a1216c760"",""state"":""file""},""nh3_pdb_131072"":{""bytes"":10617087,""sha256"":""d454eb5e6e9fe717e1c12c22e3fc749189deae022de05b0f6f83f9f4501bbb52"",""state"":""file""},""nh3_pdb_16384"":{""bytes"":1327359,""sha256"":""07f5683974f6bdad6798104cf7de5ddb670704f71b7e28715d957805124196b8"",""state"":""file""},""nh3_pdb_2048"":{""bytes"":166143,""sha256"":""7171f9c4d6bf3c819f96ddd11877441961f43096057863d0607070d97c5e5a16"",""state"":""file""},""nh3_pdb_256"":{""bytes"":20991,""sha256"":""870d35ef9d654b395f8eefcd897e002ff41b1327475879ff5b955080ecb91ee0"",""state"":""file""},""nh3_pdb_32768"":{""bytes"":2654463,""sha256"":""a193ff7fc7793ae1c9121af48f694b9cff6974a63e67029053ab9312f86cb9cc"",""state"":""file""},""nh3_pdb_4096"":{""bytes"":332031,""sha256"":""e6d9ba2e0f95a04ebbeb61682dcf615982860aaa336140fee7ba55698f68175c"",""state"":""file""},""nh3_pdb_512"":{""bytes"":41727,""sha256"":""76e8d0d71fd3d49a1d14bb1fcd0689b08241620df41c90a904be29c85a67934e"",""state"":""file""},""nh3_pdb_65536"":{""bytes"":5308671,""sha256"":""a80e717b9abb39221c121bf3137135662e1b3c727e705e8f01e651720acd6dcc"",""state"":""file""},""nh3_pdb_8192"":{""bytes"":663807,""sha256"":""b0664469d3a8e84f71fbd848f1f0ffaca2cee3f4fd2100ed10f398e7c19a27e6"",""state"":""file""}},""metadata"":{""benchmark"":""el""}}",da2e3992-31bf-4906-ae02-d3747f02a55a,,,,,,,,,,,,,,,,,,
nh3,constant_workload,ewald,torch,2048,64,131072,0.0881231774110347,11347752.42313018,3391.64990234375,5.676902770996094,10,3,torch_cuda_events,warmup_excluded,True,,,0.0001,5,arithmetic_mean,1.0044334116464582,"[0.01155123519897461,0.011537586975097656,0.011561222076416015,0.011576729583740234,0.011525631713867187]",,,,,not_measured,not_measured,,nan,nan,1687,energy_autograd,energy_forces_charge_gradients,True,True,False,131072,0,0.0,explicit,0.09645262360572815,27.69099998474121,2.2737367544323206e-13,0.22809965181535707,13.304949107186523,1.384498399471715,1904,2.0,1047,124886528,2,"{""compute_capability"":""9.0"",""driver"":""unavailable"",""memory_bytes"":102132088832,""name"":""NVIDIA H100""}","{""cuda"":""13.0"",""git_head"":""7db753be5b014476cd3ab0207173a55d6730fb14"",""jax"":""0.11.2"",""jaxlib"":""0.11.2"",""nvalchemi_toolkit_ops"":""0.5.0"",""python"":""3.12.3"",""source_sha256"":""0796a4ffc622cdc7ab846f2e8cf88b0b52fccae4dcfe32a3140b3bb9818aab8e"",""torch"":""2.14.0+cu130"",""warp"":""1.17.0""}","{""gpu_uuid"":""e8b1f776-3e7d-8391-c1b5-79a044e95420"",""host"":""s4124-0117""}","{""JAX_DISABLE_JIT"":""<unset>"",""JAX_DISABLE_JIT_ACTUAL"":""<not-imported>"",""JAX_ENABLE_X64"":""1"",""JAX_ENABLE_X64_ACTUAL"":""<not-imported>"",""JAX_PLATFORMS"":""<unset>"",""TF_GPU_ALLOCATOR"":""<unset>"",""XLA_FLAGS"":""<unset>"",""XLA_PYTHON_CLIENT_ALLOCATOR"":""<unset>"",""XLA_PYTHON_CLIENT_MEM_FRACTION"":""0.95"",""XLA_PYTHON_CLIENT_PREALLOCATE"":""<unset>""}","{""artifacts"":{""nh3_pdb_1024"":{""bytes"":83199,""sha256"":""cb99e65c2024c8b1a80a7ea1f4ff5b23ef76a5d153a2caeb4a0e3077b5239135"",""state"":""file""},""nh3_pdb_128"":{""bytes"":10623,""sha256"":""4b48182856ba92449fa52b61bf2f95c6ce28937a3cb3da6aec4f131a1216c760"",""state"":""file""},""nh3_pdb_131072"":{""bytes"":10617087,""sha256"":""d454eb5e6e9fe717e1c12c22e3fc749189deae022de05b0f6f83f9f4501bbb52"",""state"":""file""},""nh3_pdb_16384"":{""bytes"":1327359,""sha256"":""07f5683974f6bdad6798104cf7de5ddb670704f71b7e28715d957805124196b8"",""state"":""file""},""nh3_pdb_2048"":{""bytes"":166143,""sha256"":""7171f9c4d6bf3c819f96ddd11877441961f43096057863d0607070d97c5e5a16"",""state"":""file""},""nh3_pdb_256"":{""bytes"":20991,""sha256"":""870d35ef9d654b395f8eefcd897e002ff41b1327475879ff5b955080ecb91ee0"",""state"":""file""},""nh3_pdb_32768"":{""bytes"":2654463,""sha256"":""a193ff7fc7793ae1c9121af48f694b9cff6974a63e67029053ab9312f86cb9cc"",""state"":""file""},""nh3_pdb_4096"":{""bytes"":332031,""sha256"":""e6d9ba2e0f95a04ebbeb61682dcf615982860aaa336140fee7ba55698f68175c"",""state"":""file""},""nh3_pdb_512"":{""bytes"":41727,""sha256"":""76e8d0d71fd3d49a1d14bb1fcd0689b08241620df41c90a904be29c85a67934e"",""state"":""file""},""nh3_pdb_65536"":{""bytes"":5308671,""sha256"":""a80e717b9abb39221c121bf3137135662e1b3c727e705e8f01e651720acd6dcc"",""state"":""file""},""nh3_pdb_8192"":{""bytes"":663807,""sha256"":""b0664469d3a8e84f71fbd848f1f0ffaca2cee3f4fd2100ed10f398e7c19a27e6"",""state"":""file""}},""metadata"":{""benchmark"":""el""}}",da2e3992-31bf-4906-ae02-d3747f02a55a,,,,,,,,,,,,,,,,,,
nh3,constant_workload,ewald,torch,4096,32,131072,0.1224559871479869,8166199.328347331,3390.82666015625,6.638538837432861,10,3,torch_cuda_events,warmup_excluded,True,,,0.0001,5,arithmetic_mean,1.0078995031632294,"[0.016085098266601563,0.015979081726074217,0.016049356079101563,0.016105308532714843,0.016033911132812502]",,,,,not_measured,not_measured,,nan,nan,1687,energy_autograd,energy_forces_charge_gradients,True,True,False,131072,0,0.0,explicit,0.09645654261112213,34.88800048828125,4.547473508864641e-13,0.20321644417551266,14.934097833879868,1.23346458211642,2704,2.0,1474,176556864,2,"{""compute_capability"":""9.0"",""driver"":""unavailable"",""memory_bytes"":102132088832,""name"":""NVIDIA H100""}","{""cuda"":""13.0"",""git_head"":""7db753be5b014476cd3ab0207173a55d6730fb14"",""jax"":""0.11.2"",""jaxlib"":""0.11.2"",""nvalchemi_toolkit_ops"":""0.5.0"",""python"":""3.12.3"",""source_sha256"":""0796a4ffc622cdc7ab846f2e8cf88b0b52fccae4dcfe32a3140b3bb9818aab8e"",""torch"":""2.14.0+cu130"",""warp"":""1.17.0""}","{""gpu_uuid"":""e8b1f776-3e7d-8391-c1b5-79a044e95420"",""host"":""s4124-0117""}","{""JAX_DISABLE_JIT"":""<unset>"",""JAX_DISABLE_JIT_ACTUAL"":""<not-imported>"",""JAX_ENABLE_X64"":""1"",""JAX_ENABLE_X64_ACTUAL"":""<not-imported>"",""JAX_PLATFORMS"":""<unset>"",""TF_GPU_ALLOCATOR"":""<unset>"",""XLA_FLAGS"":""<unset>"",""XLA_PYTHON_CLIENT_ALLOCATOR"":""<unset>"",""XLA_PYTHON_CLIENT_MEM_FRACTION"":""0.95"",""XLA_PYTHON_CLIENT_PREALLOCATE"":""<unset>""}","{""artifacts"":{""nh3_pdb_1024"":{""bytes"":83199,""sha256"":""cb99e65c2024c8b1a80a7ea1f4ff5b23ef76a5d153a2caeb4a0e3077b5239135"",""state"":""file""},""nh3_pdb_128"":{""bytes"":10623,""sha256"":""4b48182856ba92449fa52b61bf2f95c6ce28937a3cb3da6aec4f131a1216c760"",""state"":""file""},""nh3_pdb_131072"":{""bytes"":10617087,""sha256"":""d454eb5e6e9fe717e1c12c22e3fc749189deae022de05b0f6f83f9f4501bbb52"",""state"":""file""},""nh3_pdb_16384"":{""bytes"":1327359,""sha256"":""07f5683974f6bdad6798104cf7de5ddb670704f71b7e28715d957805124196b8"",""state"":""file""},""nh3_pdb_2048"":{""bytes"":166143,""sha256"":""7171f9c4d6bf3c819f96ddd11877441961f43096057863d0607070d97c5e5a16"",""state"":""file""},""nh3_pdb_256"":{""bytes"":20991,""sha256"":""870d35ef9d654b395f8eefcd897e002ff41b1327475879ff5b955080ecb91ee0"",""state"":""file""},""nh3_pdb_32768"":{""bytes"":2654463,""sha256"":""a193ff7fc7793ae1c9121af48f694b9cff6974a63e67029053ab9312f86cb9cc"",""state"":""file""},""nh3_pdb_4096"":{""bytes"":332031,""sha256"":""e6d9ba2e0f95a04ebbeb61682dcf615982860aaa336140fee7ba55698f68175c"",""state"":""file""},""nh3_pdb_512"":{""bytes"":41727,""sha256"":""76e8d0d71fd3d49a1d14bb1fcd0689b08241620df41c90a904be29c85a67934e"",""state"":""file""},""nh3_pdb_65536"":{""bytes"":5308671,""sha256"":""a80e717b9abb39221c121bf3137135662e1b3c727e705e8f01e651720acd6dcc"",""state"":""file""},""nh3_pdb_8192"":{""bytes"":663807,""sha256"":""b0664469d3a8e84f71fbd848f1f0ffaca2cee3f4fd2100ed10f398e7c19a27e6"",""state"":""file""}},""metadata"":{""benchmark"":""el""}}",da2e3992-31bf-4906-ae02-d3747f02a55a,,,,,,,,,,,,,,,,,,
nh3,constant_workload,ewald,torch,8192,16,131072,0.17483780160546303,5719586.9017879125,4928.60205078125,9.508305072784424,10,3,torch_cuda_events,warmup_excluded,True,,,0.0001,5,arithmetic_mean,1.0039944784545278,"[0.022865196228027344,0.02295653076171875,0.02289623107910156,0.022910771179199218,0.022952972412109373]",,,,,not_measured,not_measured,,nan,nan,2456,energy_autograd,energy_forces_charge_gradients,True,True,False,131072,0,0.0,explicit,0.09645736962556839,43.95600128173828,9.094947017729282e-13,0.18104578414850428,16.762910404370025,1.0988951381109908,3808,2.0,2132,250028576,2,"{""compute_capability"":""9.0"",""driver"":""unavailable"",""memory_bytes"":102132088832,""name"":""NVIDIA H100""}","{""cuda"":""13.0"",""git_head"":""7db753be5b014476cd3ab0207173a55d6730fb14"",""jax"":""0.11.2"",""jaxlib"":""0.11.2"",""nvalchemi_toolkit_ops"":""0.5.0"",""python"":""3.12.3"",""source_sha256"":""0796a4ffc622cdc7ab846f2e8cf88b0b52fccae4dcfe32a3140b3bb9818aab8e"",""torch"":""2.14.0+cu130"",""warp"":""1.17.0""}","{""gpu_uuid"":""e8b1f776-3e7d-8391-c1b5-79a044e95420"",""host"":""s4124-0117""}","{""JAX_DISABLE_JIT"":""<unset>"",""JAX_DISABLE_JIT_ACTUAL"":""<not-imported>"",""JAX_ENABLE_X64"":""1"",""JAX_ENABLE_X64_ACTUAL"":""<not-imported>"",""JAX_PLATFORMS"":""<unset>"",""TF_GPU_ALLOCATOR"":""<unset>"",""XLA_FLAGS"":""<unset>"",""XLA_PYTHON_CLIENT_ALLOCATOR"":""<unset>"",""XLA_PYTHON_CLIENT_MEM_FRACTION"":""0.95"",""XLA_PYTHON_CLIENT_PREALLOCATE"":""<unset>""}","{""artifacts"":{""nh3_pdb_1024"":{""bytes"":83199,""sha256"":""cb99e65c2024c8b1a80a7ea1f4ff5b23ef76a5d153a2caeb4a0e3077b5239135"",""state"":""file""},""nh3_pdb_128"":{""bytes"":10623,""sha256"":""4b48182856ba92449fa52b61bf2f95c6ce28937a3cb3da6aec4f131a1216c760"",""state"":""file""},""nh3_pdb_131072"":{""bytes"":10617087,""sha256"":""d454eb5e6e9fe717e1c12c22e3fc749189deae022de05b0f6f83f9f4501bbb52"",""state"":""file""},""nh3_pdb_16384"":{""bytes"":1327359,""sha256"":""07f5683974f6bdad6798104cf7de5ddb670704f71b7e28715d957805124196b8"",""state"":""file""},""nh3_pdb_2048"":{""bytes"":166143,""sha256"":""7171f9c4d6bf3c819f96ddd11877441961f43096057863d0607070d97c5e5a16"",""state"":""file""},""nh3_pdb_256"":{""bytes"":20991,""sha256"":""870d35ef9d654b395f8eefcd897e002ff41b1327475879ff5b955080ecb91ee0"",""state"":""file""},""nh3_pdb_32768"":{""bytes"":2654463,""sha256"":""a193ff7fc7793ae1c9121af48f694b9cff6974a63e67029053ab9312f86cb9cc"",""state"":""file""},""nh3_pdb_4096"":{""bytes"":332031,""sha256"":""e6d9ba2e0f95a04ebbeb61682dcf615982860aaa336140fee7ba55698f68175c"",""state"":""file""},""nh3_pdb_512"":{""bytes"":41727,""sha256"":""76e8d0d71fd3d49a1d14bb1fcd0689b08241620df41c90a904be29c85a67934e"",""state"":""file""},""nh3_pdb_65536"":{""bytes"":5308671,""sha256"":""a80e717b9abb39221c121bf3137135662e1b3c727e705e8f01e651720acd6dcc"",""state"":""file""},""nh3_pdb_8192"":{""bytes"":663807,""sha256"":""b0664469d3a8e84f71fbd848f1f0ffaca2cee3f4fd2100ed10f398e7c19a27e6"",""state"":""file""}},""metadata"":{""benchmark"":""el""}}",da2e3992-31bf-4906-ae02-d3747f02a55a,,,,,,,,,,,,,,,,,,
nh3,constant_workload,ewald,torch,16384,8,131072,0.24859861936420205,4022548.4862205917,6874.42138671875,13.33366584777832,10,3,torch_cuda_events,warmup_excluded,True,,,0.0001,5,arithmetic_mean,1.0028050877750976,"[0.03252713012695312,0.03258238220214844,0.03261837158203125,0.032607843017578124,0.0325858642578125]",,,,,not_measured,not_measured,,nan,nan,3429,energy_autograd,energy_forces_charge_gradients,True,True,False,131072,0,0.0,explicit,0.096457839012146,55.38100051879883,1.8189894035458565e-12,0.16129372137038628,18.81569991060728,0.9790058744276514,5392,2.0,3025,353455136,2,"{""compute_capability"":""9.0"",""driver"":""unavailable"",""memory_bytes"":102132088832,""name"":""NVIDIA H100""}","{""cuda"":""13.0"",""git_head"":""7db753be5b014476cd3ab0207173a55d6730fb14"",""jax"":""0.11.2"",""jaxlib"":""0.11.2"",""nvalchemi_toolkit_ops"":""0.5.0"",""python"":""3.12.3"",""source_sha256"":""0796a4ffc622cdc7ab846f2e8cf88b0b52fccae4dcfe32a3140b3bb9818aab8e"",""torch"":""2.14.0+cu130"",""warp"":""1.17.0""}","{""gpu_uuid"":""e8b1f776-3e7d-8391-c1b5-79a044e95420"",""host"":""s4124-0117""}","{""JAX_DISABLE_JIT"":""<unset>"",""JAX_DISABLE_JIT_ACTUAL"":""<not-imported>"",""JAX_ENABLE_X64"":""1"",""JAX_ENABLE_X64_ACTUAL"":""<not-imported>"",""JAX_PLATFORMS"":""<unset>"",""TF_GPU_ALLOCATOR"":""<unset>"",""XLA_FLAGS"":""<unset>"",""XLA_PYTHON_CLIENT_ALLOCATOR"":""<unset>"",""XLA_PYTHON_CLIENT_MEM_FRACTION"":""0.95"",""XLA_PYTHON_CLIENT_PREALLOCATE"":""<unset>""}","{""artifacts"":{""nh3_pdb_1024"":{""bytes"":83199,""sha256"":""cb99e65c2024c8b1a80a7ea1f4ff5b23ef76a5d153a2caeb4a0e3077b5239135"",""state"":""file""},""nh3_pdb_128"":{""bytes"":10623,""sha256"":""4b48182856ba92449fa52b61bf2f95c6ce28937a3cb3da6aec4f131a1216c760"",""state"":""file""},""nh3_pdb_131072"":{""bytes"":10617087,""sha256"":""d454eb5e6e9fe717e1c12c22e3fc749189deae022de05b0f6f83f9f4501bbb52"",""state"":""file""},""nh3_pdb_16384"":{""bytes"":1327359,""sha256"":""07f5683974f6bdad6798104cf7de5ddb670704f71b7e28715d957805124196b8"",""state"":""file""},""nh3_pdb_2048"":{""bytes"":166143,""sha256"":""7171f9c4d6bf3c819f96ddd11877441961f43096057863d0607070d97c5e5a16"",""state"":""file""},""nh3_pdb_256"":{""bytes"":20991,""sha256"":""870d35ef9d654b395f8eefcd897e002ff41b1327475879ff5b955080ecb91ee0"",""state"":""file""},""nh3_pdb_32768"":{""bytes"":2654463,""sha256"":""a193ff7fc7793ae1c9121af48f694b9cff6974a63e67029053ab9312f86cb9cc"",""state"":""file""},""nh3_pdb_4096"":{""bytes"":332031,""sha256"":""e6d9ba2e0f95a04ebbeb61682dcf615982860aaa336140fee7ba55698f68175c"",""state"":""file""},""nh3_pdb_512"":{""bytes"":41727,""sha256"":""76e8d0d71fd3d49a1d14bb1fcd0689b08241620df41c90a904be29c85a67934e"",""state"":""file""},""nh3_pdb_65536"":{""bytes"":5308671,""sha256"":""a80e717b9abb39221c121bf3137135662e1b3c727e705e8f01e651720acd6dcc"",""state"":""file""},""nh3_pdb_8192"":{""bytes"":663807,""sha256"":""b0664469d3a8e84f71fbd848f1f0ffaca2cee3f4fd2100ed10f398e7c19a27e6"",""state"":""file""}},""metadata"":{""benchmark"":""el""}}",da2e3992-31bf-4906-ae02-d3747f02a55a,,,,,,,,,,,,,,,,,,
nh3,constant_workload,ewald,torch,32768,4,131072,0.34287461545318365,2916518.0358373327,9276.28564453125,18.41055965423584,10,3,torch_cuda_events,warmup_excluded,True,,,0.0001,5,arithmetic_mean,1.0021774983451515,"[0.04497927551269531,0.04494181213378906,0.04496341247558594,0.04488154602050781,0.04494026184082031]",,,,,not_measured,not_measured,,nan,nan,4630,energy_autograd,energy_forces_charge_gradients,True,True,False,131072,0,0.0,explicit,0.09645654261112213,69.7760009765625,3.637978807091713e-12,0.1436957257251225,21.120003698479568,0.8721911703679518,7616,2.0,4216,500057256,2,"{""compute_capability"":""9.0"",""driver"":""unavailable"",""memory_bytes"":102132088832,""name"":""NVIDIA H100""}","{""cuda"":""13.0"",""git_head"":""7db753be5b014476cd3ab0207173a55d6730fb14"",""jax"":""0.11.2"",""jaxlib"":""0.11.2"",""nvalchemi_toolkit_ops"":""0.5.0"",""python"":""3.12.3"",""source_sha256"":""0796a4ffc622cdc7ab846f2e8cf88b0b52fccae4dcfe32a3140b3bb9818aab8e"",""torch"":""2.14.0+cu130"",""warp"":""1.17.0""}","{""gpu_uuid"":""e8b1f776-3e7d-8391-c1b5-79a044e95420"",""host"":""s4124-0117""}","{""JAX_DISABLE_JIT"":""<unset>"",""JAX_DISABLE_JIT_ACTUAL"":""<not-imported>"",""JAX_ENABLE_X64"":""1"",""JAX_ENABLE_X64_ACTUAL"":""<not-imported>"",""JAX_PLATFORMS"":""<unset>"",""TF_GPU_ALLOCATOR"":""<unset>"",""XLA_FLAGS"":""<unset>"",""XLA_PYTHON_CLIENT_ALLOCATOR"":""<unset>"",""XLA_PYTHON_CLIENT_MEM_FRACTION"":""0.95"",""XLA_PYTHON_CLIENT_PREALLOCATE"":""<unset>""}","{""artifacts"":{""nh3_pdb_1024"":{""bytes"":83199,""sha256"":""cb99e65c2024c8b1a80a7ea1f4ff5b23ef76a5d153a2caeb4a0e3077b5239135"",""state"":""file""},""nh3_pdb_128"":{""bytes"":10623,""sha256"":""4b48182856ba92449fa52b61bf2f95c6ce28937a3cb3da6aec4f131a1216c760"",""state"":""file""},""nh3_pdb_131072"":{""bytes"":10617087,""sha256"":""d454eb5e6e9fe717e1c12c22e3fc749189deae022de05b0f6f83f9f4501bbb52"",""state"":""file""},""nh3_pdb_16384"":{""bytes"":1327359,""sha256"":""07f5683974f6bdad6798104cf7de5ddb670704f71b7e28715d957805124196b8"",""state"":""file""},""nh3_pdb_2048"":{""bytes"":166143,""sha256"":""7171f9c4d6bf3c819f96ddd11877441961f43096057863d0607070d97c5e5a16"",""state"":""file""},""nh3_pdb_256"":{""bytes"":20991,""sha256"":""870d35ef9d654b395f8eefcd897e002ff41b1327475879ff5b955080ecb91ee0"",""state"":""file""},""nh3_pdb_32768"":{""bytes"":2654463,""sha256"":""a193ff7fc7793ae1c9121af48f694b9cff6974a63e67029053ab9312f86cb9cc"",""state"":""file""},""nh3_pdb_4096"":{""bytes"":332031,""sha256"":""e6d9ba2e0f95a04ebbeb61682dcf615982860aaa336140fee7ba55698f68175c"",""state"":""file""},""nh3_pdb_512"":{""bytes"":41727,""sha256"":""76e8d0d71fd3d49a1d14bb1fcd0689b08241620df41c90a904be29c85a67934e"",""state"":""file""},""nh3_pdb_65536"":{""bytes"":5308671,""sha256"":""a80e717b9abb39221c121bf3137135662e1b3c727e705e8f01e651720acd6dcc"",""state"":""file""},""nh3_pdb_8192"":{""bytes"":663807,""sha256"":""b0664469d3a8e84f71fbd848f1f0ffaca2cee3f4fd2100ed10f398e7c19a27e6"",""state"":""file""}},""metadata"":{""benchmark"":""el""}}",da2e3992-31bf-4906-ae02-d3747f02a55a,,,,,,,,,,,,,,,,,,
nh3,constant_workload,ewald,torch,65536,2,131072,0.47691589221358305,2096805.7813266534,12182.18896484375,25.09713840484619,10,3,torch_cuda_events,warmup_excluded,True,,,0.0001,5,arithmetic_mean,1.0025030103111896,"[0.06256885986328124,0.06241264038085938,0.06254996337890625,0.06248032836914062,0.06253980712890625]",,,,,not_measured,not_measured,,nan,nan,6083,energy_autograd,energy_forces_charge_gradients,True,True,False,131072,0,0.0,explicit,0.09645407646894455,87.91300201416016,7.275957614183426e-12,0.12801724627896638,23.706604750401727,0.7770273701315331,10768,2.0,5796,706658056,2,"{""compute_capability"":""9.0"",""driver"":""unavailable"",""memory_bytes"":102132088832,""name"":""NVIDIA H100""}","{""cuda"":""13.0"",""git_head"":""7db753be5b014476cd3ab0207173a55d6730fb14"",""jax"":""0.11.2"",""jaxlib"":""0.11.2"",""nvalchemi_toolkit_ops"":""0.5.0"",""python"":""3.12.3"",""source_sha256"":""0796a4ffc622cdc7ab846f2e8cf88b0b52fccae4dcfe32a3140b3bb9818aab8e"",""torch"":""2.14.0+cu130"",""warp"":""1.17.0""}","{""gpu_uuid"":""e8b1f776-3e7d-8391-c1b5-79a044e95420"",""host"":""s4124-0117""}","{""JAX_DISABLE_JIT"":""<unset>"",""JAX_DISABLE_JIT_ACTUAL"":""<not-imported>"",""JAX_ENABLE_X64"":""1"",""JAX_ENABLE_X64_ACTUAL"":""<not-imported>"",""JAX_PLATFORMS"":""<unset>"",""TF_GPU_ALLOCATOR"":""<unset>"",""XLA_FLAGS"":""<unset>"",""XLA_PYTHON_CLIENT_ALLOCATOR"":""<unset>"",""XLA_PYTHON_CLIENT_MEM_FRACTION"":""0.95"",""XLA_PYTHON_CLIENT_PREALLOCATE"":""<unset>""}","{""artifacts"":{""nh3_pdb_1024"":{""bytes"":83199,""sha256"":""cb99e65c2024c8b1a80a7ea1f4ff5b23ef76a5d153a2caeb4a0e3077b5239135"",""state"":""file""},""nh3_pdb_128"":{""bytes"":10623,""sha256"":""4b48182856ba92449fa52b61bf2f95c6ce28937a3cb3da6aec4f131a1216c760"",""state"":""file""},""nh3_pdb_131072"":{""bytes"":10617087,""sha256"":""d454eb5e6e9fe717e1c12c22e3fc749189deae022de05b0f6f83f9f4501bbb52"",""state"":""file""},""nh3_pdb_16384"":{""bytes"":1327359,""sha256"":""07f5683974f6bdad6798104cf7de5ddb670704f71b7e28715d957805124196b8"",""state"":""file""},""nh3_pdb_2048"":{""bytes"":166143,""sha256"":""7171f9c4d6bf3c819f96ddd11877441961f43096057863d0607070d97c5e5a16"",""state"":""file""},""nh3_pdb_256"":{""bytes"":20991,""sha256"":""870d35ef9d654b395f8eefcd897e002ff41b1327475879ff5b955080ecb91ee0"",""state"":""file""},""nh3_pdb_32768"":{""bytes"":2654463,""sha256"":""a193ff7fc7793ae1c9121af48f694b9cff6974a63e67029053ab9312f86cb9cc"",""state"":""file""},""nh3_pdb_4096"":{""bytes"":332031,""sha256"":""e6d9ba2e0f95a04ebbeb61682dcf615982860aaa336140fee7ba55698f68175c"",""state"":""file""},""nh3_pdb_512"":{""bytes"":41727,""sha256"":""76e8d0d71fd3d49a1d14bb1fcd0689b08241620df41c90a904be29c85a67934e"",""state"":""file""},""nh3_pdb_65536"":{""bytes"":5308671,""sha256"":""a80e717b9abb39221c121bf3137135662e1b3c727e705e8f01e651720acd6dcc"",""state"":""file""},""nh3_pdb_8192"":{""bytes"":663807,""sha256"":""b0664469d3a8e84f71fbd848f1f0ffaca2cee3f4fd2100ed10f398e7c19a27e6"",""state"":""file""}},""metadata"":{""benchmark"":""el""}}",da2e3992-31bf-4906-ae02-d3747f02a55a,,,,,,,,,,,,,,,,,,
nh3,constant_workload,ewald,torch,131072,1,131072,0.6748275831341743,1481859.9965276944,19698.15283203125,37.87525939941406,10,3,torch_cuda_events,warmup_excluded,True,,,0.0001,5,arithmetic_mean,1.0010800337385386,"[0.08848630371093749,0.08846726684570314,0.08843369140625,0.088476904296875,0.08839083862304688]",,,,,not_measured,not_measured,,nan,nan,9841,energy_autograd,energy_forces_charge_gradients,True,True,False,131072,0,0.0,explicit,0.09645523130893707,110.76300048828125,1.4551915228366852e-11,0.11405085501646005,26.609658106748046,0.692255446126194,15232,2.0,8247,998671212,2,"{""compute_capability"":""9.0"",""driver"":""unavailable"",""memory_bytes"":102132088832,""name"":""NVIDIA H100""}","{""cuda"":""13.0"",""git_head"":""7db753be5b014476cd3ab0207173a55d6730fb14"",""jax"":""0.11.2"",""jaxlib"":""0.11.2"",""nvalchemi_toolkit_ops"":""0.5.0"",""python"":""3.12.3"",""source_sha256"":""0796a4ffc622cdc7ab846f2e8cf88b0b52fccae4dcfe32a3140b3bb9818aab8e"",""torch"":""2.14.0+cu130"",""warp"":""1.17.0""}","{""gpu_uuid"":""e8b1f776-3e7d-8391-c1b5-79a044e95420"",""host"":""s4124-0117""}","{""JAX_DISABLE_JIT"":""<unset>"",""JAX_DISABLE_JIT_ACTUAL"":""<not-imported>"",""JAX_ENABLE_X64"":""1"",""JAX_ENABLE_X64_ACTUAL"":""<not-imported>"",""JAX_PLATFORMS"":""<unset>"",""TF_GPU_ALLOCATOR"":""<unset>"",""XLA_FLAGS"":""<unset>"",""XLA_PYTHON_CLIENT_ALLOCATOR"":""<unset>"",""XLA_PYTHON_CLIENT_MEM_FRACTION"":""0.95"",""XLA_PYTHON_CLIENT_PREALLOCATE"":""<unset>""}","{""artifacts"":{""nh3_pdb_1024"":{""bytes"":83199,""sha256"":""cb99e65c2024c8b1a80a7ea1f4ff5b23ef76a5d153a2caeb4a0e3077b5239135"",""state"":""file""},""nh3_pdb_128"":{""bytes"":10623,""sha256"":""4b48182856ba92449fa52b61bf2f95c6ce28937a3cb3da6aec4f131a1216c760"",""state"":""file""},""nh3_pdb_131072"":{""bytes"":10617087,""sha256"":""d454eb5e6e9fe717e1c12c22e3fc749189deae022de05b0f6f83f9f4501bbb52"",""state"":""file""},""nh3_pdb_16384"":{""bytes"":1327359,""sha256"":""07f5683974f6bdad6798104cf7de5ddb670704f71b7e28715d957805124196b8"",""state"":""file""},""nh3_pdb_2048"":{""bytes"":166143,""sha256"":""7171f9c4d6bf3c819f96ddd11877441961f43096057863d0607070d97c5e5a16"",""state"":""file""},""nh3_pdb_256"":{""bytes"":20991,""sha256"":""870d35ef9d654b395f8eefcd897e002ff41b1327475879ff5b955080ecb91ee0"",""state"":""file""},""nh3_pdb_32768"":{""bytes"":2654463,""sha256"":""a193ff7fc7793ae1c9121af48f694b9cff6974a63e67029053ab9312f86cb9cc"",""state"":""file""},""nh3_pdb_4096"":{""bytes"":332031,""sha256"":""e6d9ba2e0f95a04ebbeb61682dcf615982860aaa336140fee7ba55698f68175c"",""state"":""file""},""nh3_pdb_512"":{""bytes"":41727,""sha256"":""76e8d0d71fd3d49a1d14bb1fcd0689b08241620df41c90a904be29c85a67934e"",""state"":""file""},""nh3_pdb_65536"":{""bytes"":5308671,""sha256"":""a80e717b9abb39221c121bf3137135662e1b3c727e705e8f01e651720acd6dcc"",""state"":""file""},""nh3_pdb_8192"":{""bytes"":663807,""sha256"":""b0664469d3a8e84f71fbd848f1f0ffaca2cee3f4fd2100ed10f398e7c19a27e6"",""state"":""file""}},""metadata"":{""benchmark"":""el""}}",da2e3992-31bf-4906-ae02-d3747f02a55a,,,,,,,,,,,,,,,,,,
nh3,constant_workload,ewald,torch,128,1024,131072,0.06861506728455424,14574058.433155647,1356.4140625,2.428035259246826,10,3,torch_cuda_events,warmup_excluded,True,,,1e-06,5,arithmetic_mean,1.0050997413783356,"[0.008973670196533202,0.008987436676025392,0.008996294403076172,0.008990735626220703,0.009019433593749999]",,,,,not_measured,not_measured,,nan,nan,665,energy_autograd,energy_forces_charge_gradients,True,True,False,131072,0,0.0,explicit,0.09645736962556839,10.98900032043457,1.4210854715202004e-14,0.36209156829700856,10.26514427367445,2.691732369197176,880,2.0,457,56477696,2,"{""compute_capability"":""9.0"",""driver"":""unavailable"",""memory_bytes"":102132088832,""name"":""NVIDIA H100""}","{""cuda"":""13.0"",""git_head"":""7db753be5b014476cd3ab0207173a55d6730fb14"",""jax"":""0.11.2"",""jaxlib"":""0.11.2"",""nvalchemi_toolkit_ops"":""0.5.0"",""python"":""3.12.3"",""source_sha256"":""0796a4ffc622cdc7ab846f2e8cf88b0b52fccae4dcfe32a3140b3bb9818aab8e"",""torch"":""2.14.0+cu130"",""warp"":""1.17.0""}","{""gpu_uuid"":""e8b1f776-3e7d-8391-c1b5-79a044e95420"",""host"":""s4124-0117""}","{""JAX_DISABLE_JIT"":""<unset>"",""JAX_DISABLE_JIT_ACTUAL"":""<not-imported>"",""JAX_ENABLE_X64"":""1"",""JAX_ENABLE_X64_ACTUAL"":""<not-imported>"",""JAX_PLATFORMS"":""<unset>"",""TF_GPU_ALLOCATOR"":""<unset>"",""XLA_FLAGS"":""<unset>"",""XLA_PYTHON_CLIENT_ALLOCATOR"":""<unset>"",""XLA_PYTHON_CLIENT_MEM_FRACTION"":""0.95"",""XLA_PYTHON_CLIENT_PREALLOCATE"":""<unset>""}","{""artifacts"":{""nh3_pdb_1024"":{""bytes"":83199,""sha256"":""cb99e65c2024c8b1a80a7ea1f4ff5b23ef76a5d153a2caeb4a0e3077b5239135"",""state"":""file""},""nh3_pdb_128"":{""bytes"":10623,""sha256"":""4b48182856ba92449fa52b61bf2f95c6ce28937a3cb3da6aec4f131a1216c760"",""state"":""file""},""nh3_pdb_131072"":{""bytes"":10617087,""sha256"":""d454eb5e6e9fe717e1c12c22e3fc749189deae022de05b0f6f83f9f4501bbb52"",""state"":""file""},""nh3_pdb_16384"":{""bytes"":1327359,""sha256"":""07f5683974f6bdad6798104cf7de5ddb670704f71b7e28715d957805124196b8"",""state"":""file""},""nh3_pdb_2048"":{""bytes"":166143,""sha256"":""7171f9c4d6bf3c819f96ddd11877441961f43096057863d0607070d97c5e5a16"",""state"":""file""},""nh3_pdb_256"":{""bytes"":20991,""sha256"":""870d35ef9d654b395f8eefcd897e002ff41b1327475879ff5b955080ecb91ee0"",""state"":""file""},""nh3_pdb_32768"":{""bytes"":2654463,""sha256"":""a193ff7fc7793ae1c9121af48f694b9cff6974a63e67029053ab9312f86cb9cc"",""state"":""file""},""nh3_pdb_4096"":{""bytes"":332031,""sha256"":""e6d9ba2e0f95a04ebbeb61682dcf615982860aaa336140fee7ba55698f68175c"",""state"":""file""},""nh3_pdb_512"":{""bytes"":41727,""sha256"":""76e8d0d71fd3d49a1d14bb1fcd0689b08241620df41c90a904be29c85a67934e"",""state"":""file""},""nh3_pdb_65536"":{""bytes"":5308671,""sha256"":""a80e717b9abb39221c121bf3137135662e1b3c727e705e8f01e651720acd6dcc"",""state"":""file""},""nh3_pdb_8192"":{""bytes"":663807,""sha256"":""b0664469d3a8e84f71fbd848f1f0ffaca2cee3f4fd2100ed10f398e7c19a27e6"",""state"":""file""}},""metadata"":{""benchmark"":""el""}}",da2e3992-31bf-4906-ae02-d3747f02a55a,,,,,,,,,,,,,,,,,,
nh3,constant_workload,ewald,torch,256,512,131072,0.10677552083507179,9365442.492616128,2220.58984375,3.717012405395508,10,3,torch_cuda_events,warmup_excluded,True,,,1e-06,5,arithmetic_mean,1.0065202340967032,"[0.013994998168945314,0.014042428588867187,0.01398140411376953,0.013951461791992187,0.014006112670898439]",,,,,not_measured,not_measured,,nan,nan,1098,energy_autograd,energy_forces_charge_gradients,True,True,False,131072,0,0.0,explicit,0.09646306931972504,13.84500026702881,2.842170943040401e-14,0.32259326452181164,11.522008044276834,2.3981081257492542,1248,2.0,647,80516096,2,"{""compute_capability"":""9.0"",""driver"":""unavailable"",""memory_bytes"":102132088832,""name"":""NVIDIA H100""}","{""cuda"":""13.0"",""git_head"":""7db753be5b014476cd3ab0207173a55d6730fb14"",""jax"":""0.11.2"",""jaxlib"":""0.11.2"",""nvalchemi_toolkit_ops"":""0.5.0"",""python"":""3.12.3"",""source_sha256"":""0796a4ffc622cdc7ab846f2e8cf88b0b52fccae4dcfe32a3140b3bb9818aab8e"",""torch"":""2.14.0+cu130"",""warp"":""1.17.0""}","{""gpu_uuid"":""e8b1f776-3e7d-8391-c1b5-79a044e95420"",""host"":""s4124-0117""}","{""JAX_DISABLE_JIT"":""<unset>"",""JAX_DISABLE_JIT_ACTUAL"":""<not-imported>"",""JAX_ENABLE_X64"":""1"",""JAX_ENABLE_X64_ACTUAL"":""<not-imported>"",""JAX_PLATFORMS"":""<unset>"",""TF_GPU_ALLOCATOR"":""<unset>"",""XLA_FLAGS"":""<unset>"",""XLA_PYTHON_CLIENT_ALLOCATOR"":""<unset>"",""XLA_PYTHON_CLIENT_MEM_FRACTION"":""0.95"",""XLA_PYTHON_CLIENT_PREALLOCATE"":""<unset>""}","{""artifacts"":{""nh3_pdb_1024"":{""bytes"":83199,""sha256"":""cb99e65c2024c8b1a80a7ea1f4ff5b23ef76a5d153a2caeb4a0e3077b5239135"",""state"":""file""},""nh3_pdb_128"":{""bytes"":10623,""sha256"":""4b48182856ba92449fa52b61bf2f95c6ce28937a3cb3da6aec4f131a1216c760"",""state"":""file""},""nh3_pdb_131072"":{""bytes"":10617087,""sha256"":""d454eb5e6e9fe717e1c12c22e3fc749189deae022de05b0f6f83f9f4501bbb52"",""state"":""file""},""nh3_pdb_16384"":{""bytes"":1327359,""sha256"":""07f5683974f6bdad6798104cf7de5ddb670704f71b7e28715d957805124196b8"",""state"":""file""},""nh3_pdb_2048"":{""bytes"":166143,""sha256"":""7171f9c4d6bf3c819f96ddd11877441961f43096057863d0607070d97c5e5a16"",""state"":""file""},""nh3_pdb_256"":{""bytes"":20991,""sha256"":""870d35ef9d654b395f8eefcd897e002ff41b1327475879ff5b955080ecb91ee0"",""state"":""file""},""nh3_pdb_32768"":{""bytes"":2654463,""sha256"":""a193ff7fc7793ae1c9121af48f694b9cff6974a63e67029053ab9312f86cb9cc"",""state"":""file""},""nh3_pdb_4096"":{""bytes"":332031,""sha256"":""e6d9ba2e0f95a04ebbeb61682dcf615982860aaa336140fee7ba55698f68175c"",""state"":""file""},""nh3_pdb_512"":{""bytes"":41727,""sha256"":""76e8d0d71fd3d49a1d14bb1fcd0689b08241620df41c90a904be29c85a67934e"",""state"":""file""},""nh3_pdb_65536"":{""bytes"":5308671,""sha256"":""a80e717b9abb39221c121bf3137135662e1b3c727e705e8f01e651720acd6dcc"",""state"":""file""},""nh3_pdb_8192"":{""bytes"":663807,""sha256"":""b0664469d3a8e84f71fbd848f1f0ffaca2cee3f4fd2100ed10f398e7c19a27e6"",""state"":""file""}},""metadata"":{""benchmark"":""el""}}",da2e3992-31bf-4906-ae02-d3747f02a55a,,,,,,,,,,,,,,,,,,
nh3,constant_workload,ewald,torch,512,256,131072,0.12347105424851178,8099064.238872433,2217.216796875,4.338176250457764,10,3,torch_cuda_events,warmup_excluded,True,,,1e-06,5,arithmetic_mean,1.0054034020712934,"[0.016222230529785157,0.01618725128173828,0.016178982543945314,0.016135046386718747,0.016194479370117188]",,,,,not_measured,not_measured,,nan,nan,1098,energy_autograd,energy_forces_charge_gradients,True,True,False,131072,0,0.0,explicit,0.09645654261112213,17.444000244140625,5.684341886080802e-14,0.287391451450245,12.933308106742123,2.1364233255623537,1760,2.0,912,114379776,2,"{""compute_capability"":""9.0"",""driver"":""unavailable"",""memory_bytes"":102132088832,""name"":""NVIDIA H100""}","{""cuda"":""13.0"",""git_head"":""7db753be5b014476cd3ab0207173a55d6730fb14"",""jax"":""0.11.2"",""jaxlib"":""0.11.2"",""nvalchemi_toolkit_ops"":""0.5.0"",""python"":""3.12.3"",""source_sha256"":""0796a4ffc622cdc7ab846f2e8cf88b0b52fccae4dcfe32a3140b3bb9818aab8e"",""torch"":""2.14.0+cu130"",""warp"":""1.17.0""}","{""gpu_uuid"":""e8b1f776-3e7d-8391-c1b5-79a044e95420"",""host"":""s4124-0117""}","{""JAX_DISABLE_JIT"":""<unset>"",""JAX_DISABLE_JIT_ACTUAL"":""<not-imported>"",""JAX_ENABLE_X64"":""1"",""JAX_ENABLE_X64_ACTUAL"":""<not-imported>"",""JAX_PLATFORMS"":""<unset>"",""TF_GPU_ALLOCATOR"":""<unset>"",""XLA_FLAGS"":""<unset>"",""XLA_PYTHON_CLIENT_ALLOCATOR"":""<unset>"",""XLA_PYTHON_CLIENT_MEM_FRACTION"":""0.95"",""XLA_PYTHON_CLIENT_PREALLOCATE"":""<unset>""}","{""artifacts"":{""nh3_pdb_1024"":{""bytes"":83199,""sha256"":""cb99e65c2024c8b1a80a7ea1f4ff5b23ef76a5d153a2caeb4a0e3077b5239135"",""state"":""file""},""nh3_pdb_128"":{""bytes"":10623,""sha256"":""4b48182856ba92449fa52b61bf2f95c6ce28937a3cb3da6aec4f131a1216c760"",""state"":""file""},""nh3_pdb_131072"":{""bytes"":10617087,""sha256"":""d454eb5e6e9fe717e1c12c22e3fc749189deae022de05b0f6f83f9f4501bbb52"",""state"":""file""},""nh3_pdb_16384"":{""bytes"":1327359,""sha256"":""07f5683974f6bdad6798104cf7de5ddb670704f71b7e28715d957805124196b8"",""state"":""file""},""nh3_pdb_2048"":{""bytes"":166143,""sha256"":""7171f9c4d6bf3c819f96ddd11877441961f43096057863d0607070d97c5e5a16"",""state"":""file""},""nh3_pdb_256"":{""bytes"":20991,""sha256"":""870d35ef9d654b395f8eefcd897e002ff41b1327475879ff5b955080ecb91ee0"",""state"":""file""},""nh3_pdb_32768"":{""bytes"":2654463,""sha256"":""a193ff7fc7793ae1c9121af48f694b9cff6974a63e67029053ab9312f86cb9cc"",""state"":""file""},""nh3_pdb_4096"":{""bytes"":332031,""sha256"":""e6d9ba2e0f95a04ebbeb61682dcf615982860aaa336140fee7ba55698f68175c"",""state"":""file""},""nh3_pdb_512"":{""bytes"":41727,""sha256"":""76e8d0d71fd3d49a1d14bb1fcd0689b08241620df41c90a904be29c85a67934e"",""state"":""file""},""nh3_pdb_65536"":{""bytes"":5308671,""sha256"":""a80e717b9abb39221c121bf3137135662e1b3c727e705e8f01e651720acd6dcc"",""state"":""file""},""nh3_pdb_8192"":{""bytes"":663807,""sha256"":""b0664469d3a8e84f71fbd848f1f0ffaca2cee3f4fd2100ed10f398e7c19a27e6"",""state"":""file""}},""metadata"":{""benchmark"":""el""}}",da2e3992-31bf-4906-ae02-d3747f02a55a,,,,,,,,,,,,,,,,,,
nh3,constant_workload,ewald,torch,1024,128,131072,0.10933396872133018,9146288.309983464,3393.533203125,6.367948532104492,10,3,torch_cuda_events,warmup_excluded,True,,,1e-06,5,arithmetic_mean,1.0110591640431956,"[0.014278143310546876,0.014248867797851564,0.014395301818847656,0.014406448364257812,0.014324348449707031]",,,,,not_measured,not_measured,,nan,nan,1687,energy_autograd,energy_forces_charge_gradients,True,True,False,131072,0,0.0,explicit,0.09645736962556839,21.97800064086914,1.1368683772161603e-13,0.2560374033532867,14.51710625154692,1.9033422113986544,2480,2.0,1325,161758208,2,"{""compute_capability"":""9.0"",""driver"":""unavailable"",""memory_bytes"":102132088832,""name"":""NVIDIA H100""}","{""cuda"":""13.0"",""git_head"":""7db753be5b014476cd3ab0207173a55d6730fb14"",""jax"":""0.11.2"",""jaxlib"":""0.11.2"",""nvalchemi_toolkit_ops"":""0.5.0"",""python"":""3.12.3"",""source_sha256"":""0796a4ffc622cdc7ab846f2e8cf88b0b52fccae4dcfe32a3140b3bb9818aab8e"",""torch"":""2.14.0+cu130"",""warp"":""1.17.0""}","{""gpu_uuid"":""e8b1f776-3e7d-8391-c1b5-79a044e95420"",""host"":""s4124-0117""}","{""JAX_DISABLE_JIT"":""<unset>"",""JAX_DISABLE_JIT_ACTUAL"":""<not-imported>"",""JAX_ENABLE_X64"":""1"",""JAX_ENABLE_X64_ACTUAL"":""<not-imported>"",""JAX_PLATFORMS"":""<unset>"",""TF_GPU_ALLOCATOR"":""<unset>"",""XLA_FLAGS"":""<unset>"",""XLA_PYTHON_CLIENT_ALLOCATOR"":""<unset>"",""XLA_PYTHON_CLIENT_MEM_FRACTION"":""0.95"",""XLA_PYTHON_CLIENT_PREALLOCATE"":""<unset>""}","{""artifacts"":{""nh3_pdb_1024"":{""bytes"":83199,""sha256"":""cb99e65c2024c8b1a80a7ea1f4ff5b23ef76a5d153a2caeb4a0e3077b5239135"",""state"":""file""},""nh3_pdb_128"":{""bytes"":10623,""sha256"":""4b48182856ba92449fa52b61bf2f95c6ce28937a3cb3da6aec4f131a1216c760"",""state"":""file""},""nh3_pdb_131072"":{""bytes"":10617087,""sha256"":""d454eb5e6e9fe717e1c12c22e3fc749189deae022de05b0f6f83f9f4501bbb52"",""state"":""file""},""nh3_pdb_16384"":{""bytes"":1327359,""sha256"":""07f5683974f6bdad6798104cf7de5ddb670704f71b7e28715d957805124196b8"",""state"":""file""},""nh3_pdb_2048"":{""bytes"":166143,""sha256"":""7171f9c4d6bf3c819f96ddd11877441961f43096057863d0607070d97c5e5a16"",""state"":""file""},""nh3_pdb_256"":{""bytes"":20991,""sha256"":""870d35ef9d654b395f8eefcd897e002ff41b1327475879ff5b955080ecb91ee0"",""state"":""file""},""nh3_pdb_32768"":{""bytes"":2654463,""sha256"":""a193ff7fc7793ae1c9121af48f694b9cff6974a63e67029053ab9312f86cb9cc"",""state"":""file""},""nh3_pdb_4096"":{""bytes"":332031,""sha256"":""e6d9ba2e0f95a04ebbeb61682dcf615982860aaa336140fee7ba55698f68175c"",""state"":""file""},""nh3_pdb_512"":{""bytes"":41727,""sha256"":""76e8d0d71fd3d49a1d14bb1fcd0689b08241620df41c90a904be29c85a67934e"",""state"":""file""},""nh3_pdb_65536"":{""bytes"":5308671,""sha256"":""a80e717b9abb39221c121bf3137135662e1b3c727e705e8f01e651720acd6dcc"",""state"":""file""},""nh3_pdb_8192"":{""bytes"":663807,""sha256"":""b0664469d3a8e84f71fbd848f1f0ffaca2cee3f4fd2100ed10f398e7c19a27e6"",""state"":""file""}},""metadata"":{""benchmark"":""el""}}",da2e3992-31bf-4906-ae02-d3747f02a55a,,,,,,,,,,,,,,,,,,
nh3,constant_workload,ewald,torch,2048,64,131072,0.14865521807223558,6726975.433274552,4930.70166015625,9.125231266021729,10,3,torch_cuda_events,warmup_excluded,True,,,1e-06,5,arithmetic_mean,1.0086257273454582,"[0.01946374969482422,0.019452458190917968,0.019442568969726563,0.019453631591796874,0.01961027526855469]",,,,,not_measured,not_measured,,nan,nan,2456,energy_autograd,energy_forces_charge_gradients,True,True,False,131072,0,0.0,explicit,0.09645262360572815,27.69099998474121,2.2737367544323206e-13,0.22809965181535707,16.295168183152796,1.6956573142028466,3504,2.0,1873,229235968,2,"{""compute_capability"":""9.0"",""driver"":""unavailable"",""memory_bytes"":102132088832,""name"":""NVIDIA H100""}","{""cuda"":""13.0"",""git_head"":""7db753be5b014476cd3ab0207173a55d6730fb14"",""jax"":""0.11.2"",""jaxlib"":""0.11.2"",""nvalchemi_toolkit_ops"":""0.5.0"",""python"":""3.12.3"",""source_sha256"":""0796a4ffc622cdc7ab846f2e8cf88b0b52fccae4dcfe32a3140b3bb9818aab8e"",""torch"":""2.14.0+cu130"",""warp"":""1.17.0""}","{""gpu_uuid"":""e8b1f776-3e7d-8391-c1b5-79a044e95420"",""host"":""s4124-0117""}","{""JAX_DISABLE_JIT"":""<unset>"",""JAX_DISABLE_JIT_ACTUAL"":""<not-imported>"",""JAX_ENABLE_X64"":""1"",""JAX_ENABLE_X64_ACTUAL"":""<not-imported>"",""JAX_PLATFORMS"":""<unset>"",""TF_GPU_ALLOCATOR"":""<unset>"",""XLA_FLAGS"":""<unset>"",""XLA_PYTHON_CLIENT_ALLOCATOR"":""<unset>"",""XLA_PYTHON_CLIENT_MEM_FRACTION"":""0.95"",""XLA_PYTHON_CLIENT_PREALLOCATE"":""<unset>""}","{""artifacts"":{""nh3_pdb_1024"":{""bytes"":83199,""sha256"":""cb99e65c2024c8b1a80a7ea1f4ff5b23ef76a5d153a2caeb4a0e3077b5239135"",""state"":""file""},""nh3_pdb_128"":{""bytes"":10623,""sha256"":""4b48182856ba92449fa52b61bf2f95c6ce28937a3cb3da6aec4f131a1216c760"",""state"":""file""},""nh3_pdb_131072"":{""bytes"":10617087,""sha256"":""d454eb5e6e9fe717e1c12c22e3fc749189deae022de05b0f6f83f9f4501bbb52"",""state"":""file""},""nh3_pdb_16384"":{""bytes"":1327359,""sha256"":""07f5683974f6bdad6798104cf7de5ddb670704f71b7e28715d957805124196b8"",""state"":""file""},""nh3_pdb_2048"":{""bytes"":166143,""sha256"":""7171f9c4d6bf3c819f96ddd11877441961f43096057863d0607070d97c5e5a16"",""state"":""file""},""nh3_pdb_256"":{""bytes"":20991,""sha256"":""870d35ef9d654b395f8eefcd897e002ff41b1327475879ff5b955080ecb91ee0"",""state"":""file""},""nh3_pdb_32768"":{""bytes"":2654463,""sha256"":""a193ff7fc7793ae1c9121af48f694b9cff6974a63e67029053ab9312f86cb9cc"",""state"":""file""},""nh3_pdb_4096"":{""bytes"":332031,""sha256"":""e6d9ba2e0f95a04ebbeb61682dcf615982860aaa336140fee7ba55698f68175c"",""state"":""file""},""nh3_pdb_512"":{""bytes"":41727,""sha256"":""76e8d0d71fd3d49a1d14bb1fcd0689b08241620df41c90a904be29c85a67934e"",""state"":""file""},""nh3_pdb_65536"":{""bytes"":5308671,""sha256"":""a80e717b9abb39221c121bf3137135662e1b3c727e705e8f01e651720acd6dcc"",""state"":""file""},""nh3_pdb_8192"":{""bytes"":663807,""sha256"":""b0664469d3a8e84f71fbd848f1f0ffaca2cee3f4fd2100ed10f398e7c19a27e6"",""state"":""file""}},""metadata"":{""benchmark"":""el""}}",da2e3992-31bf-4906-ae02-d3747f02a55a,,,,,,,,,,,,,,,,,,
nh3,constant_workload,ewald,torch,4096,32,131072,0.22336745169013741,4476928.00555039,6876.66552734375,12.790691375732422,10,3,torch_cuda_events,warmup_excluded,True,,,1e-06,5,arithmetic_mean,1.0036342745343803,"[0.029265057373046875,0.029255047607421876,0.02928528137207031,0.029343481445312503,0.029237225341796874]",,,,,not_measured,not_measured,,nan,nan,3429,energy_autograd,energy_forces_charge_gradients,True,True,False,131072,0,0.0,explicit,0.09645654261112213,34.88800048828125,4.547473508864641e-13,0.20321644417551266,18.290459730904608,1.5106794209902552,4960,2.0,2684,324087936,2,"{""compute_capability"":""9.0"",""driver"":""unavailable"",""memory_bytes"":102132088832,""name"":""NVIDIA H100""}","{""cuda"":""13.0"",""git_head"":""7db753be5b014476cd3ab0207173a55d6730fb14"",""jax"":""0.11.2"",""jaxlib"":""0.11.2"",""nvalchemi_toolkit_ops"":""0.5.0"",""python"":""3.12.3"",""source_sha256"":""0796a4ffc622cdc7ab846f2e8cf88b0b52fccae4dcfe32a3140b3bb9818aab8e"",""torch"":""2.14.0+cu130"",""warp"":""1.17.0""}","{""gpu_uuid"":""e8b1f776-3e7d-8391-c1b5-79a044e95420"",""host"":""s4124-0117""}","{""JAX_DISABLE_JIT"":""<unset>"",""JAX_DISABLE_JIT_ACTUAL"":""<not-imported>"",""JAX_ENABLE_X64"":""1"",""JAX_ENABLE_X64_ACTUAL"":""<not-imported>"",""JAX_PLATFORMS"":""<unset>"",""TF_GPU_ALLOCATOR"":""<unset>"",""XLA_FLAGS"":""<unset>"",""XLA_PYTHON_CLIENT_ALLOCATOR"":""<unset>"",""XLA_PYTHON_CLIENT_MEM_FRACTION"":""0.95"",""XLA_PYTHON_CLIENT_PREALLOCATE"":""<unset>""}","{""artifacts"":{""nh3_pdb_1024"":{""bytes"":83199,""sha256"":""cb99e65c2024c8b1a80a7ea1f4ff5b23ef76a5d153a2caeb4a0e3077b5239135"",""state"":""file""},""nh3_pdb_128"":{""bytes"":10623,""sha256"":""4b48182856ba92449fa52b61bf2f95c6ce28937a3cb3da6aec4f131a1216c760"",""state"":""file""},""nh3_pdb_131072"":{""bytes"":10617087,""sha256"":""d454eb5e6e9fe717e1c12c22e3fc749189deae022de05b0f6f83f9f4501bbb52"",""state"":""file""},""nh3_pdb_16384"":{""bytes"":1327359,""sha256"":""07f5683974f6bdad6798104cf7de5ddb670704f71b7e28715d957805124196b8"",""state"":""file""},""nh3_pdb_2048"":{""bytes"":166143,""sha256"":""7171f9c4d6bf3c819f96ddd11877441961f43096057863d0607070d97c5e5a16"",""state"":""file""},""nh3_pdb_256"":{""bytes"":20991,""sha256"":""870d35ef9d654b395f8eefcd897e002ff41b1327475879ff5b955080ecb91ee0"",""state"":""file""},""nh3_pdb_32768"":{""bytes"":2654463,""sha256"":""a193ff7fc7793ae1c9121af48f694b9cff6974a63e67029053ab9312f86cb9cc"",""state"":""file""},""nh3_pdb_4096"":{""bytes"":332031,""sha256"":""e6d9ba2e0f95a04ebbeb61682dcf615982860aaa336140fee7ba55698f68175c"",""state"":""file""},""nh3_pdb_512"":{""bytes"":41727,""sha256"":""76e8d0d71fd3d49a1d14bb1fcd0689b08241620df41c90a904be29c85a67934e"",""state"":""file""},""nh3_pdb_65536"":{""bytes"":5308671,""sha256"":""a80e717b9abb39221c121bf3137135662e1b3c727e705e8f01e651720acd6dcc"",""state"":""file""},""nh3_pdb_8192"":{""bytes"":663807,""sha256"":""b0664469d3a8e84f71fbd848f1f0ffaca2cee3f4fd2100ed10f398e7c19a27e6"",""state"":""file""}},""metadata"":{""benchmark"":""el""}}",da2e3992-31bf-4906-ae02-d3747f02a55a,,,,,,,,,,,,,,,,,,
nh3,constant_workload,ewald,torch,8192,16,131072,0.3116155322641134,3209082.656227926,9277.13330078125,17.64716100692749,10,3,torch_cuda_events,warmup_excluded,True,,,1e-06,5,arithmetic_mean,1.0026956060977334,"[0.04079945068359375,0.04090942993164062,0.040878897094726564,0.04081299438476563,0.04081958312988281]",,,,,not_measured,not_measured,,nan,nan,4630,energy_autograd,energy_forces_charge_gradients,True,True,False,131072,0,0.0,explicit,0.09645736962556839,43.95600128173828,9.094947017729282e-13,0.18104578414850428,20.5302885473489,1.345866184598588,7008,2.0,3752,459001984,2,"{""compute_capability"":""9.0"",""driver"":""unavailable"",""memory_bytes"":102132088832,""name"":""NVIDIA H100""}","{""cuda"":""13.0"",""git_head"":""7db753be5b014476cd3ab0207173a55d6730fb14"",""jax"":""0.11.2"",""jaxlib"":""0.11.2"",""nvalchemi_toolkit_ops"":""0.5.0"",""python"":""3.12.3"",""source_sha256"":""0796a4ffc622cdc7ab846f2e8cf88b0b52fccae4dcfe32a3140b3bb9818aab8e"",""torch"":""2.14.0+cu130"",""warp"":""1.17.0""}","{""gpu_uuid"":""e8b1f776-3e7d-8391-c1b5-79a044e95420"",""host"":""s4124-0117""}","{""JAX_DISABLE_JIT"":""<unset>"",""JAX_DISABLE_JIT_ACTUAL"":""<not-imported>"",""JAX_ENABLE_X64"":""1"",""JAX_ENABLE_X64_ACTUAL"":""<not-imported>"",""JAX_PLATFORMS"":""<unset>"",""TF_GPU_ALLOCATOR"":""<unset>"",""XLA_FLAGS"":""<unset>"",""XLA_PYTHON_CLIENT_ALLOCATOR"":""<unset>"",""XLA_PYTHON_CLIENT_MEM_FRACTION"":""0.95"",""XLA_PYTHON_CLIENT_PREALLOCATE"":""<unset>""}","{""artifacts"":{""nh3_pdb_1024"":{""bytes"":83199,""sha256"":""cb99e65c2024c8b1a80a7ea1f4ff5b23ef76a5d153a2caeb4a0e3077b5239135"",""state"":""file""},""nh3_pdb_128"":{""bytes"":10623,""sha256"":""4b48182856ba92449fa52b61bf2f95c6ce28937a3cb3da6aec4f131a1216c760"",""state"":""file""},""nh3_pdb_131072"":{""bytes"":10617087,""sha256"":""d454eb5e6e9fe717e1c12c22e3fc749189deae022de05b0f6f83f9f4501bbb52"",""state"":""file""},""nh3_pdb_16384"":{""bytes"":1327359,""sha256"":""07f5683974f6bdad6798104cf7de5ddb670704f71b7e28715d957805124196b8"",""state"":""file""},""nh3_pdb_2048"":{""bytes"":166143,""sha256"":""7171f9c4d6bf3c819f96ddd11877441961f43096057863d0607070d97c5e5a16"",""state"":""file""},""nh3_pdb_256"":{""bytes"":20991,""sha256"":""870d35ef9d654b395f8eefcd897e002ff41b1327475879ff5b955080ecb91ee0"",""state"":""file""},""nh3_pdb_32768"":{""bytes"":2654463,""sha256"":""a193ff7fc7793ae1c9121af48f694b9cff6974a63e67029053ab9312f86cb9cc"",""state"":""file""},""nh3_pdb_4096"":{""bytes"":332031,""sha256"":""e6d9ba2e0f95a04ebbeb61682dcf615982860aaa336140fee7ba55698f68175c"",""state"":""file""},""nh3_pdb_512"":{""bytes"":41727,""sha256"":""76e8d0d71fd3d49a1d14bb1fcd0689b08241620df41c90a904be29c85a67934e"",""state"":""file""},""nh3_pdb_65536"":{""bytes"":5308671,""sha256"":""a80e717b9abb39221c121bf3137135662e1b3c727e705e8f01e651720acd6dcc"",""state"":""file""},""nh3_pdb_8192"":{""bytes"":663807,""sha256"":""b0664469d3a8e84f71fbd848f1f0ffaca2cee3f4fd2100ed10f398e7c19a27e6"",""state"":""file""}},""metadata"":{""benchmark"":""el""}}",da2e3992-31bf-4906-ae02-d3747f02a55a,,,,,,,,,,,,,,,,,,
nh3,constant_workload,ewald,torch,16384,8,131072,0.4428093321621418,2258308.3222686774,12182.74560546875,24.018892765045166,10,3,torch_cuda_events,warmup_excluded,True,,,1e-06,5,arithmetic_mean,1.0043528330437281,"[0.05786573486328125,0.058115167236328126,0.058049072265625,0.05805193481445312,0.05811761474609375]",,,,,not_measured,not_measured,,nan,nan,6083,energy_autograd,energy_forces_charge_gradients,True,True,False,131072,0,0.0,explicit,0.096457839012146,55.38100051879883,1.8189894035458565e-12,0.16129372137038628,23.044431967159447,1.1990324237675043,9904,2.0,5344,648727584,2,"{""compute_capability"":""9.0"",""driver"":""unavailable"",""memory_bytes"":102132088832,""name"":""NVIDIA H100""}","{""cuda"":""13.0"",""git_head"":""7db753be5b014476cd3ab0207173a55d6730fb14"",""jax"":""0.11.2"",""jaxlib"":""0.11.2"",""nvalchemi_toolkit_ops"":""0.5.0"",""python"":""3.12.3"",""source_sha256"":""0796a4ffc622cdc7ab846f2e8cf88b0b52fccae4dcfe32a3140b3bb9818aab8e"",""torch"":""2.14.0+cu130"",""warp"":""1.17.0""}","{""gpu_uuid"":""e8b1f776-3e7d-8391-c1b5-79a044e95420"",""host"":""s4124-0117""}","{""JAX_DISABLE_JIT"":""<unset>"",""JAX_DISABLE_JIT_ACTUAL"":""<not-imported>"",""JAX_ENABLE_X64"":""1"",""JAX_ENABLE_X64_ACTUAL"":""<not-imported>"",""JAX_PLATFORMS"":""<unset>"",""TF_GPU_ALLOCATOR"":""<unset>"",""XLA_FLAGS"":""<unset>"",""XLA_PYTHON_CLIENT_ALLOCATOR"":""<unset>"",""XLA_PYTHON_CLIENT_MEM_FRACTION"":""0.95"",""XLA_PYTHON_CLIENT_PREALLOCATE"":""<unset>""}","{""artifacts"":{""nh3_pdb_1024"":{""bytes"":83199,""sha256"":""cb99e65c2024c8b1a80a7ea1f4ff5b23ef76a5d153a2caeb4a0e3077b5239135"",""state"":""file""},""nh3_pdb_128"":{""bytes"":10623,""sha256"":""4b48182856ba92449fa52b61bf2f95c6ce28937a3cb3da6aec4f131a1216c760"",""state"":""file""},""nh3_pdb_131072"":{""bytes"":10617087,""sha256"":""d454eb5e6e9fe717e1c12c22e3fc749189deae022de05b0f6f83f9f4501bbb52"",""state"":""file""},""nh3_pdb_16384"":{""bytes"":1327359,""sha256"":""07f5683974f6bdad6798104cf7de5ddb670704f71b7e28715d957805124196b8"",""state"":""file""},""nh3_pdb_2048"":{""bytes"":166143,""sha256"":""7171f9c4d6bf3c819f96ddd11877441961f43096057863d0607070d97c5e5a16"",""state"":""file""},""nh3_pdb_256"":{""bytes"":20991,""sha256"":""870d35ef9d654b395f8eefcd897e002ff41b1327475879ff5b955080ecb91ee0"",""state"":""file""},""nh3_pdb_32768"":{""bytes"":2654463,""sha256"":""a193ff7fc7793ae1c9121af48f694b9cff6974a63e67029053ab9312f86cb9cc"",""state"":""file""},""nh3_pdb_4096"":{""bytes"":332031,""sha256"":""e6d9ba2e0f95a04ebbeb61682dcf615982860aaa336140fee7ba55698f68175c"",""state"":""file""},""nh3_pdb_512"":{""bytes"":41727,""sha256"":""76e8d0d71fd3d49a1d14bb1fcd0689b08241620df41c90a904be29c85a67934e"",""state"":""file""},""nh3_pdb_65536"":{""bytes"":5308671,""sha256"":""a80e717b9abb39221c121bf3137135662e1b3c727e705e8f01e651720acd6dcc"",""state"":""file""},""nh3_pdb_8192"":{""bytes"":663807,""sha256"":""b0664469d3a8e84f71fbd848f1f0ffaca2cee3f4fd2100ed10f398e7c19a27e6"",""state"":""file""}},""metadata"":{""benchmark"":""el""}}",da2e3992-31bf-4906-ae02-d3747f02a55a,,,,,,,,,,,,,,,,,,
nh3,constant_workload,ewald,torch,32768,4,131072,0.6114162411540746,1635547.001683267,15640.47998046875,32.410348892211914,10,3,torch_cuda_events,warmup_excluded,True,,,1e-06,5,arithmetic_mean,1.0021515709463824,"[0.08019830322265625,0.08006504516601562,0.08023731079101562,0.08011658325195312,0.08008050537109375]",,,,,not_measured,not_measured,,nan,nan,7812,energy_autograd,energy_forces_charge_gradients,True,True,False,131072,0,0.0,explicit,0.09645654261112213,69.7760009765625,3.637978807091713e-12,0.1436957257251225,25.866616213484246,1.0682116627811769,14000,2.0,7508,917967944,2,"{""compute_capability"":""9.0"",""driver"":""unavailable"",""memory_bytes"":102132088832,""name"":""NVIDIA H100""}","{""cuda"":""13.0"",""git_head"":""7db753be5b014476cd3ab0207173a55d6730fb14"",""jax"":""0.11.2"",""jaxlib"":""0.11.2"",""nvalchemi_toolkit_ops"":""0.5.0"",""python"":""3.12.3"",""source_sha256"":""0796a4ffc622cdc7ab846f2e8cf88b0b52fccae4dcfe32a3140b3bb9818aab8e"",""torch"":""2.14.0+cu130"",""warp"":""1.17.0""}","{""gpu_uuid"":""e8b1f776-3e7d-8391-c1b5-79a044e95420"",""host"":""s4124-0117""}","{""JAX_DISABLE_JIT"":""<unset>"",""JAX_DISABLE_JIT_ACTUAL"":""<not-imported>"",""JAX_ENABLE_X64"":""1"",""JAX_ENABLE_X64_ACTUAL"":""<not-imported>"",""JAX_PLATFORMS"":""<unset>"",""TF_GPU_ALLOCATOR"":""<unset>"",""XLA_FLAGS"":""<unset>"",""XLA_PYTHON_CLIENT_ALLOCATOR"":""<unset>"",""XLA_PYTHON_CLIENT_MEM_FRACTION"":""0.95"",""XLA_PYTHON_CLIENT_PREALLOCATE"":""<unset>""}","{""artifacts"":{""nh3_pdb_1024"":{""bytes"":83199,""sha256"":""cb99e65c2024c8b1a80a7ea1f4ff5b23ef76a5d153a2caeb4a0e3077b5239135"",""state"":""file""},""nh3_pdb_128"":{""bytes"":10623,""sha256"":""4b48182856ba92449fa52b61bf2f95c6ce28937a3cb3da6aec4f131a1216c760"",""state"":""file""},""nh3_pdb_131072"":{""bytes"":10617087,""sha256"":""d454eb5e6e9fe717e1c12c22e3fc749189deae022de05b0f6f83f9f4501bbb52"",""state"":""file""},""nh3_pdb_16384"":{""bytes"":1327359,""sha256"":""07f5683974f6bdad6798104cf7de5ddb670704f71b7e28715d957805124196b8"",""state"":""file""},""nh3_pdb_2048"":{""bytes"":166143,""sha256"":""7171f9c4d6bf3c819f96ddd11877441961f43096057863d0607070d97c5e5a16"",""state"":""file""},""nh3_pdb_256"":{""bytes"":20991,""sha256"":""870d35ef9d654b395f8eefcd897e002ff41b1327475879ff5b955080ecb91ee0"",""state"":""file""},""nh3_pdb_32768"":{""bytes"":2654463,""sha256"":""a193ff7fc7793ae1c9121af48f694b9cff6974a63e67029053ab9312f86cb9cc"",""state"":""file""},""nh3_pdb_4096"":{""bytes"":332031,""sha256"":""e6d9ba2e0f95a04ebbeb61682dcf615982860aaa336140fee7ba55698f68175c"",""state"":""file""},""nh3_pdb_512"":{""bytes"":41727,""sha256"":""76e8d0d71fd3d49a1d14bb1fcd0689b08241620df41c90a904be29c85a67934e"",""state"":""file""},""nh3_pdb_65536"":{""bytes"":5308671,""sha256"":""a80e717b9abb39221c121bf3137135662e1b3c727e705e8f01e651720acd6dcc"",""state"":""file""},""nh3_pdb_8192"":{""bytes"":663807,""sha256"":""b0664469d3a8e84f71fbd848f1f0ffaca2cee3f4fd2100ed10f398e7c19a27e6"",""state"":""file""}},""metadata"":{""benchmark"":""el""}}",da2e3992-31bf-4906-ae02-d3747f02a55a,,,,,,,,,,,,,,,,,,
nh3,constant_workload,ewald,torch,65536,2,131072,0.8794992789626123,1137010.5967335424,24404.37548828125,48.03567123413086,10,3,torch_cuda_events,warmup_excluded,True,,,1e-06,5,arithmetic_mean,1.0048423926912025,"[0.11511125488281251,0.11555633544921876,0.11536761474609376,0.11535397949218751,0.11499946289062499]",,,,,not_measured,not_measured,,nan,nan,12194,energy_autograd,energy_forces_charge_gradients,True,True,False,131072,0,0.0,explicit,0.09645407646894455,87.91300201416016,7.275957614183426e-12,0.12801724627896638,29.034542586162,0.9516602864994892,19792,2.0,10532,1297428140,2,"{""compute_capability"":""9.0"",""driver"":""unavailable"",""memory_bytes"":102132088832,""name"":""NVIDIA H100""}","{""cuda"":""13.0"",""git_head"":""7db753be5b014476cd3ab0207173a55d6730fb14"",""jax"":""0.11.2"",""jaxlib"":""0.11.2"",""nvalchemi_toolkit_ops"":""0.5.0"",""python"":""3.12.3"",""source_sha256"":""0796a4ffc622cdc7ab846f2e8cf88b0b52fccae4dcfe32a3140b3bb9818aab8e"",""torch"":""2.14.0+cu130"",""warp"":""1.17.0""}","{""gpu_uuid"":""e8b1f776-3e7d-8391-c1b5-79a044e95420"",""host"":""s4124-0117""}","{""JAX_DISABLE_JIT"":""<unset>"",""JAX_DISABLE_JIT_ACTUAL"":""<not-imported>"",""JAX_ENABLE_X64"":""1"",""JAX_ENABLE_X64_ACTUAL"":""<not-imported>"",""JAX_PLATFORMS"":""<unset>"",""TF_GPU_ALLOCATOR"":""<unset>"",""XLA_FLAGS"":""<unset>"",""XLA_PYTHON_CLIENT_ALLOCATOR"":""<unset>"",""XLA_PYTHON_CLIENT_MEM_FRACTION"":""0.95"",""XLA_PYTHON_CLIENT_PREALLOCATE"":""<unset>""}","{""artifacts"":{""nh3_pdb_1024"":{""bytes"":83199,""sha256"":""cb99e65c2024c8b1a80a7ea1f4ff5b23ef76a5d153a2caeb4a0e3077b5239135"",""state"":""file""},""nh3_pdb_128"":{""bytes"":10623,""sha256"":""4b48182856ba92449fa52b61bf2f95c6ce28937a3cb3da6aec4f131a1216c760"",""state"":""file""},""nh3_pdb_131072"":{""bytes"":10617087,""sha256"":""d454eb5e6e9fe717e1c12c22e3fc749189deae022de05b0f6f83f9f4501bbb52"",""state"":""file""},""nh3_pdb_16384"":{""bytes"":1327359,""sha256"":""07f5683974f6bdad6798104cf7de5ddb670704f71b7e28715d957805124196b8"",""state"":""file""},""nh3_pdb_2048"":{""bytes"":166143,""sha256"":""7171f9c4d6bf3c819f96ddd11877441961f43096057863d0607070d97c5e5a16"",""state"":""file""},""nh3_pdb_256"":{""bytes"":20991,""sha256"":""870d35ef9d654b395f8eefcd897e002ff41b1327475879ff5b955080ecb91ee0"",""state"":""file""},""nh3_pdb_32768"":{""bytes"":2654463,""sha256"":""a193ff7fc7793ae1c9121af48f694b9cff6974a63e67029053ab9312f86cb9cc"",""state"":""file""},""nh3_pdb_4096"":{""bytes"":332031,""sha256"":""e6d9ba2e0f95a04ebbeb61682dcf615982860aaa336140fee7ba55698f68175c"",""state"":""file""},""nh3_pdb_512"":{""bytes"":41727,""sha256"":""76e8d0d71fd3d49a1d14bb1fcd0689b08241620df41c90a904be29c85a67934e"",""state"":""file""},""nh3_pdb_65536"":{""bytes"":5308671,""sha256"":""a80e717b9abb39221c121bf3137135662e1b3c727e705e8f01e651720acd6dcc"",""state"":""file""},""nh3_pdb_8192"":{""bytes"":663807,""sha256"":""b0664469d3a8e84f71fbd848f1f0ffaca2cee3f4fd2100ed10f398e7c19a27e6"",""state"":""file""}},""metadata"":{""benchmark"":""el""}}",da2e3992-31bf-4906-ae02-d3747f02a55a,,,,,,,,,,,,,,,,,,
nh3,constant_workload,ewald,torch,131072,1,131072,1.1937454901635647,837699.4998012364,29806.22998046875,63.30817699432373,10,3,torch_cuda_events,warmup_excluded,True,,,1e-06,5,arithmetic_mean,1.0013117595055532,"[0.15640260009765625,0.15644583740234375,0.15658055419921874,0.15652862548828125,0.15637542724609374]",,,,,not_measured,not_measured,,nan,nan,14895,energy_autograd,energy_forces_charge_gradients,True,True,False,131072,0,0.0,explicit,0.09645523130893707,110.76300048828125,1.4551915228366852e-11,0.11405085501646005,32.59004229572329,0.8478363073359527,27984,2.0,14763,1834130204,2,"{""compute_capability"":""9.0"",""driver"":""unavailable"",""memory_bytes"":102132088832,""name"":""NVIDIA H100""}","{""cuda"":""13.0"",""git_head"":""7db753be5b014476cd3ab0207173a55d6730fb14"",""jax"":""0.11.2"",""jaxlib"":""0.11.2"",""nvalchemi_toolkit_ops"":""0.5.0"",""python"":""3.12.3"",""source_sha256"":""0796a4ffc622cdc7ab846f2e8cf88b0b52fccae4dcfe32a3140b3bb9818aab8e"",""torch"":""2.14.0+cu130"",""warp"":""1.17.0""}","{""gpu_uuid"":""e8b1f776-3e7d-8391-c1b5-79a044e95420"",""host"":""s4124-0117""}","{""JAX_DISABLE_JIT"":""<unset>"",""JAX_DISABLE_JIT_ACTUAL"":""<not-imported>"",""JAX_ENABLE_X64"":""1"",""JAX_ENABLE_X64_ACTUAL"":""<not-imported>"",""JAX_PLATFORMS"":""<unset>"",""TF_GPU_ALLOCATOR"":""<unset>"",""XLA_FLAGS"":""<unset>"",""XLA_PYTHON_CLIENT_ALLOCATOR"":""<unset>"",""XLA_PYTHON_CLIENT_MEM_FRACTION"":""0.95"",""XLA_PYTHON_CLIENT_PREALLOCATE"":""<unset>""}","{""artifacts"":{""nh3_pdb_1024"":{""bytes"":83199,""sha256"":""cb99e65c2024c8b1a80a7ea1f4ff5b23ef76a5d153a2caeb4a0e3077b5239135"",""state"":""file""},""nh3_pdb_128"":{""bytes"":10623,""sha256"":""4b48182856ba92449fa52b61bf2f95c6ce28937a3cb3da6aec4f131a1216c760"",""state"":""file""},""nh3_pdb_131072"":{""bytes"":10617087,""sha256"":""d454eb5e6e9fe717e1c12c22e3fc749189deae022de05b0f6f83f9f4501bbb52"",""state"":""file""},""nh3_pdb_16384"":{""bytes"":1327359,""sha256"":""07f5683974f6bdad6798104cf7de5ddb670704f71b7e28715d957805124196b8"",""state"":""file""},""nh3_pdb_2048"":{""bytes"":166143,""sha256"":""7171f9c4d6bf3c819f96ddd11877441961f43096057863d0607070d97c5e5a16"",""state"":""file""},""nh3_pdb_256"":{""bytes"":20991,""sha256"":""870d35ef9d654b395f8eefcd897e002ff41b1327475879ff5b955080ecb91ee0"",""state"":""file""},""nh3_pdb_32768"":{""bytes"":2654463,""sha256"":""a193ff7fc7793ae1c9121af48f694b9cff6974a63e67029053ab9312f86cb9cc"",""state"":""file""},""nh3_pdb_4096"":{""bytes"":332031,""sha256"":""e6d9ba2e0f95a04ebbeb61682dcf615982860aaa336140fee7ba55698f68175c"",""state"":""file""},""nh3_pdb_512"":{""bytes"":41727,""sha256"":""76e8d0d71fd3d49a1d14bb1fcd0689b08241620df41c90a904be29c85a67934e"",""state"":""file""},""nh3_pdb_65536"":{""bytes"":5308671,""sha256"":""a80e717b9abb39221c121bf3137135662e1b3c727e705e8f01e651720acd6dcc"",""state"":""file""},""nh3_pdb_8192"":{""bytes"":663807,""sha256"":""b0664469d3a8e84f71fbd848f1f0ffaca2cee3f4fd2100ed10f398e7c19a27e6"",""state"":""file""}},""metadata"":{""benchmark"":""el""}}",da2e3992-31bf-4906-ae02-d3747f02a55a,,,,,,,,,,,,,,,,,,
nh3,constant_workload,pme,torch,512,256,131072,0.025305561721324917,39517004.64160427,130.75,0.8994379043579102,10,3,torch_cuda_events,warmup_excluded,True,,,0.0001,5,arithmetic_mean,1.01445521980037,"[0.003345011138916015,0.0032973472595214845,0.003302783966064453,0.0033132320404052735,0.0033258785247802735]",,,,,not_measured,not_measured,shared_cell_k_squared,nan,nan,,energy_autograd,energy_forces_charge_gradients,True,True,False,131072,0,0.0,explicit,0.09645654261112213,17.444000244140625,5.684341886080802e-14,0.3372060287522547,9.0,,592,2.0,341,38659072,2,"{""compute_capability"":""9.0"",""driver"":""unavailable"",""memory_bytes"":99996401664,""name"":""NVIDIA H100 NVL""}","{""cuda"":""13.0"",""git_head"":""unavailable"",""jax"":""0.11.2"",""jaxlib"":""0.11.2"",""nvalchemi_toolkit_ops"":""0.5.0"",""python"":""3.12.3"",""source_sha256"":""4dfd278da46af31f54f8b7671e891073f8b10f8fa2cb28e7cf92bfeddd543638"",""torch"":""2.14.0+cu130"",""warp"":""1.17.0""}","{""gpu_uuid"":""c0995d85-1dea-1b19-7e58-9baa33a5f384"",""host"":""a1u1g-mil-0576""}","{""JAX_DISABLE_JIT"":""<unset>"",""JAX_DISABLE_JIT_ACTUAL"":""<not-imported>"",""JAX_ENABLE_X64"":""1"",""JAX_ENABLE_X64_ACTUAL"":""<not-imported>"",""JAX_PLATFORMS"":""<unset>"",""TF_GPU_ALLOCATOR"":""<unset>"",""XLA_FLAGS"":""<unset>"",""XLA_PYTHON_CLIENT_ALLOCATOR"":""<unset>"",""XLA_PYTHON_CLIENT_MEM_FRACTION"":""0.95"",""XLA_PYTHON_CLIENT_PREALLOCATE"":""<unset>""}","{""artifacts"":{""nh3_pdb_1024"":{""bytes"":83199,""sha256"":""cb99e65c2024c8b1a80a7ea1f4ff5b23ef76a5d153a2caeb4a0e3077b5239135"",""state"":""file""},""nh3_pdb_128"":{""bytes"":10623,""sha256"":""4b48182856ba92449fa52b61bf2f95c6ce28937a3cb3da6aec4f131a1216c760"",""state"":""file""},""nh3_pdb_131072"":{""bytes"":10617087,""sha256"":""d454eb5e6e9fe717e1c12c22e3fc749189deae022de05b0f6f83f9f4501bbb52"",""state"":""file""},""nh3_pdb_16384"":{""bytes"":1327359,""sha256"":""07f5683974f6bdad6798104cf7de5ddb670704f71b7e28715d957805124196b8"",""state"":""file""},""nh3_pdb_2048"":{""bytes"":166143,""sha256"":""7171f9c4d6bf3c819f96ddd11877441961f43096057863d0607070d97c5e5a16"",""state"":""file""},""nh3_pdb_256"":{""bytes"":20991,""sha256"":""870d35ef9d654b395f8eefcd897e002ff41b1327475879ff5b955080ecb91ee0"",""state"":""file""},""nh3_pdb_32768"":{""bytes"":2654463,""sha256"":""a193ff7fc7793ae1c9121af48f694b9cff6974a63e67029053ab9312f86cb9cc"",""state"":""file""},""nh3_pdb_4096"":{""bytes"":332031,""sha256"":""e6d9ba2e0f95a04ebbeb61682dcf615982860aaa336140fee7ba55698f68175c"",""state"":""file""},""nh3_pdb_512"":{""bytes"":41727,""sha256"":""76e8d0d71fd3d49a1d14bb1fcd0689b08241620df41c90a904be29c85a67934e"",""state"":""file""},""nh3_pdb_65536"":{""bytes"":5308671,""sha256"":""a80e717b9abb39221c121bf3137135662e1b3c727e705e8f01e651720acd6dcc"",""state"":""file""},""nh3_pdb_8192"":{""bytes"":663807,""sha256"":""b0664469d3a8e84f71fbd848f1f0ffaca2cee3f4fd2100ed10f398e7c19a27e6"",""state"":""file""}},""metadata"":{""benchmark"":""el""}}",ec9f9176-c20b-4c6b-a2d3-efae9282f598,,,25,25,25,8125,5,c78fbf63f66c8e9feaef6dae985bb310cfdae837b4255963cf16f2cf5a6c61c2,"{""batch_idx"":""int32"",""cell"":""float64"",""charges"":""float64"",""pbc"":""bool"",""positions"":""float64""}",capped_upstream_estimate,bounded_power_two_then_four_fft_snap,0.25,9.0,single_case,4e58a2e9fa72736adb36ec90791c46b626d69fb0e9c5ddf901d8cb4127b113f1,5.635136131008039,,
nh3,constant_workload,pme,torch,512,256,131072,0.08512502536177635,11747426.749655096,4083.017578125,5.24406623840332,10,3,torch_cuda_events,warmup_excluded,True,,,1e-06,5,arithmetic_mean,1.0161576965836712,"[0.01102732162475586,0.011176841735839844,0.011187197113037109,0.011190678405761718,0.01120549774169922]",,,,,not_measured,not_measured,shared_cell_k_squared,nan,nan,,energy_autograd,energy_forces_charge_gradients,True,True,False,131072,0,0.0,explicit,0.09645654261112213,17.444000244140625,5.684341886080802e-14,0.4129913543166487,9.0,,592,2.0,341,38659072,2,"{""compute_capability"":""9.0"",""driver"":""unavailable"",""memory_bytes"":99996401664,""name"":""NVIDIA H100 NVL""}","{""cuda"":""13.0"",""git_head"":""unavailable"",""jax"":""0.11.2"",""jaxlib"":""0.11.2"",""nvalchemi_toolkit_ops"":""0.5.0"",""python"":""3.12.3"",""source_sha256"":""4dfd278da46af31f54f8b7671e891073f8b10f8fa2cb28e7cf92bfeddd543638"",""torch"":""2.14.0+cu130"",""warp"":""1.17.0""}","{""gpu_uuid"":""c0995d85-1dea-1b19-7e58-9baa33a5f384"",""host"":""a1u1g-mil-0576""}","{""JAX_DISABLE_JIT"":""<unset>"",""JAX_DISABLE_JIT_ACTUAL"":""<not-imported>"",""JAX_ENABLE_X64"":""1"",""JAX_ENABLE_X64_ACTUAL"":""<not-imported>"",""JAX_PLATFORMS"":""<unset>"",""TF_GPU_ALLOCATOR"":""<unset>"",""XLA_FLAGS"":""<unset>"",""XLA_PYTHON_CLIENT_ALLOCATOR"":""<unset>"",""XLA_PYTHON_CLIENT_MEM_FRACTION"":""0.95"",""XLA_PYTHON_CLIENT_PREALLOCATE"":""<unset>""}","{""artifacts"":{""nh3_pdb_1024"":{""bytes"":83199,""sha256"":""cb99e65c2024c8b1a80a7ea1f4ff5b23ef76a5d153a2caeb4a0e3077b5239135"",""state"":""file""},""nh3_pdb_128"":{""bytes"":10623,""sha256"":""4b48182856ba92449fa52b61bf2f95c6ce28937a3cb3da6aec4f131a1216c760"",""state"":""file""},""nh3_pdb_131072"":{""bytes"":10617087,""sha256"":""d454eb5e6e9fe717e1c12c22e3fc749189deae022de05b0f6f83f9f4501bbb52"",""state"":""file""},""nh3_pdb_16384"":{""bytes"":1327359,""sha256"":""07f5683974f6bdad6798104cf7de5ddb670704f71b7e28715d957805124196b8"",""state"":""file""},""nh3_pdb_2048"":{""bytes"":166143,""sha256"":""7171f9c4d6bf3c819f96ddd11877441961f43096057863d0607070d97c5e5a16"",""state"":""file""},""nh3_pdb_256"":{""bytes"":20991,""sha256"":""870d35ef9d654b395f8eefcd897e002ff41b1327475879ff5b955080ecb91ee0"",""state"":""file""},""nh3_pdb_32768"":{""bytes"":2654463,""sha256"":""a193ff7fc7793ae1c9121af48f694b9cff6974a63e67029053ab9312f86cb9cc"",""state"":""file""},""nh3_pdb_4096"":{""bytes"":332031,""sha256"":""e6d9ba2e0f95a04ebbeb61682dcf615982860aaa336140fee7ba55698f68175c"",""state"":""file""},""nh3_pdb_512"":{""bytes"":41727,""sha256"":""76e8d0d71fd3d49a1d14bb1fcd0689b08241620df41c90a904be29c85a67934e"",""state"":""file""},""nh3_pdb_65536"":{""bytes"":5308671,""sha256"":""a80e717b9abb39221c121bf3137135662e1b3c727e705e8f01e651720acd6dcc"",""state"":""file""},""nh3_pdb_8192"":{""bytes"":663807,""sha256"":""b0664469d3a8e84f71fbd848f1f0ffaca2cee3f4fd2100ed10f398e7c19a27e6"",""state"":""file""}},""metadata"":{""benchmark"":""el""}}",ec9f9176-c20b-4c6b-a2d3-efae9282f598,,,80,80,80,262400,5,c78fbf63f66c8e9feaef6dae985bb310cfdae837b4255963cf16f2cf5a6c61c2,"{""batch_idx"":""int32"",""cell"":""float64"",""charges"":""float64"",""pbc"":""bool"",""positions"":""float64""}",capped_upstream_estimate,bounded_power_two_then_four_fft_snap,0.25,9.0,single_case,4e58a2e9fa72736adb36ec90791c46b626d69fb0e9c5ddf901d8cb4127b113f1,5.407790212993859,,
nh3,constant_workload,pme,torch,1024,128,131072,0.02578337443992496,38784682.83234188,139.0087890625,0.9099869728088379,10,3,torch_cuda_events,warmup_excluded,True,,,0.0001,5,arithmetic_mean,1.01419852174101,"[0.003373756790161133,0.003400755310058594,0.0033993728637695315,0.003353145599365234,0.0033703617095947264]",,,,,not_measured,not_measured,shared_cell_k_squared,nan,nan,,energy_autograd,energy_forces_charge_gradients,True,True,False,131072,0,0.0,explicit,0.09645736962556839,21.97800064086914,1.1368683772161603e-13,0.3372060287522547,9.0,,592,2.0,340,38692096,2,"{""compute_capability"":""9.0"",""driver"":""unavailable"",""memory_bytes"":99996401664,""name"":""NVIDIA H100 NVL""}","{""cuda"":""13.0"",""git_head"":""unavailable"",""jax"":""0.11.2"",""jaxlib"":""0.11.2"",""nvalchemi_toolkit_ops"":""0.5.0"",""python"":""3.12.3"",""source_sha256"":""4dfd278da46af31f54f8b7671e891073f8b10f8fa2cb28e7cf92bfeddd543638"",""torch"":""2.14.0+cu130"",""warp"":""1.17.0""}","{""gpu_uuid"":""c0995d85-1dea-1b19-7e58-9baa33a5f384"",""host"":""a1u1g-mil-0576""}","{""JAX_DISABLE_JIT"":""<unset>"",""JAX_DISABLE_JIT_ACTUAL"":""<not-imported>"",""JAX_ENABLE_X64"":""1"",""JAX_ENABLE_X64_ACTUAL"":""<not-imported>"",""JAX_PLATFORMS"":""<unset>"",""TF_GPU_ALLOCATOR"":""<unset>"",""XLA_FLAGS"":""<unset>"",""XLA_PYTHON_CLIENT_ALLOCATOR"":""<unset>"",""XLA_PYTHON_CLIENT_MEM_FRACTION"":""0.95"",""XLA_PYTHON_CLIENT_PREALLOCATE"":""<unset>""}","{""artifacts"":{""nh3_pdb_1024"":{""bytes"":83199,""sha256"":""cb99e65c2024c8b1a80a7ea1f4ff5b23ef76a5d153a2caeb4a0e3077b5239135"",""state"":""file""},""nh3_pdb_128"":{""bytes"":10623,""sha256"":""4b48182856ba92449fa52b61bf2f95c6ce28937a3cb3da6aec4f131a1216c760"",""state"":""file""},""nh3_pdb_131072"":{""bytes"":10617087,""sha256"":""d454eb5e6e9fe717e1c12c22e3fc749189deae022de05b0f6f83f9f4501bbb52"",""state"":""file""},""nh3_pdb_16384"":{""bytes"":1327359,""sha256"":""07f5683974f6bdad6798104cf7de5ddb670704f71b7e28715d957805124196b8"",""state"":""file""},""nh3_pdb_2048"":{""bytes"":166143,""sha256"":""7171f9c4d6bf3c819f96ddd11877441961f43096057863d0607070d97c5e5a16"",""state"":""file""},""nh3_pdb_256"":{""bytes"":20991,""sha256"":""870d35ef9d654b395f8eefcd897e002ff41b1327475879ff5b955080ecb91ee0"",""state"":""file""},""nh3_pdb_32768"":{""bytes"":2654463,""sha256"":""a193ff7fc7793ae1c9121af48f694b9cff6974a63e67029053ab9312f86cb9cc"",""state"":""file""},""nh3_pdb_4096"":{""bytes"":332031,""sha256"":""e6d9ba2e0f95a04ebbeb61682dcf615982860aaa336140fee7ba55698f68175c"",""state"":""file""},""nh3_pdb_512"":{""bytes"":41727,""sha256"":""76e8d0d71fd3d49a1d14bb1fcd0689b08241620df41c90a904be29c85a67934e"",""state"":""file""},""nh3_pdb_65536"":{""bytes"":5308671,""sha256"":""a80e717b9abb39221c121bf3137135662e1b3c727e705e8f01e651720acd6dcc"",""state"":""file""},""nh3_pdb_8192"":{""bytes"":663807,""sha256"":""b0664469d3a8e84f71fbd848f1f0ffaca2cee3f4fd2100ed10f398e7c19a27e6"",""state"":""file""}},""metadata"":{""benchmark"":""el""}}",ec9f9176-c20b-4c6b-a2d3-efae9282f598,,,32,32,32,17408,5,5cf09625c3f95b4e48378ac897119aca785b76c5da736641d08fd53b7e88000e,"{""batch_idx"":""int32"",""cell"":""float64"",""charges"":""float64"",""pbc"":""bool"",""positions"":""float64""}",capped_upstream_estimate,bounded_power_two_then_four_fft_snap,0.25,9.0,single_case,4e58a2e9fa72736adb36ec90791c46b626d69fb0e9c5ddf901d8cb4127b113f1,5.057771772000706,,
nh3,constant_workload,pme,torch,1024,128,131072,0.08274890598841012,12084751.913699752,3515.0087890625,4.620925426483154,10,3,torch_cuda_events,warmup_excluded,True,,,1e-06,5,arithmetic_mean,1.0087075305252717,"[0.010801152038574218,0.010830572509765626,0.010834556579589844,0.010868838500976563,0.010895203399658203]",,,,,not_measured,not_measured,shared_cell_k_squared,nan,nan,,energy_autograd,energy_forces_charge_gradients,True,True,False,131072,0,0.0,explicit,0.09645736962556839,21.97800064086914,1.1368683772161603e-13,0.4129913543166487,9.0,,592,2.0,340,38692096,2,"{""compute_capability"":""9.0"",""driver"":""unavailable"",""memory_bytes"":99996401664,""name"":""NVIDIA H100 NVL""}","{""cuda"":""13.0"",""git_head"":""unavailable"",""jax"":""0.11.2"",""jaxlib"":""0.11.2"",""nvalchemi_toolkit_ops"":""0.5.0"",""python"":""3.12.3"",""source_sha256"":""4dfd278da46af31f54f8b7671e891073f8b10f8fa2cb28e7cf92bfeddd543638"",""torch"":""2.14.0+cu130"",""warp"":""1.17.0""}","{""gpu_uuid"":""c0995d85-1dea-1b19-7e58-9baa33a5f384"",""host"":""a1u1g-mil-0576""}","{""JAX_DISABLE_JIT"":""<unset>"",""JAX_DISABLE_JIT_ACTUAL"":""<not-imported>"",""JAX_ENABLE_X64"":""1"",""JAX_ENABLE_X64_ACTUAL"":""<not-imported>"",""JAX_PLATFORMS"":""<unset>"",""TF_GPU_ALLOCATOR"":""<unset>"",""XLA_FLAGS"":""<unset>"",""XLA_PYTHON_CLIENT_ALLOCATOR"":""<unset>"",""XLA_PYTHON_CLIENT_MEM_FRACTION"":""0.95"",""XLA_PYTHON_CLIENT_PREALLOCATE"":""<unset>""}","{""artifacts"":{""nh3_pdb_1024"":{""bytes"":83199,""sha256"":""cb99e65c2024c8b1a80a7ea1f4ff5b23ef76a5d153a2caeb4a0e3077b5239135"",""state"":""file""},""nh3_pdb_128"":{""bytes"":10623,""sha256"":""4b48182856ba92449fa52b61bf2f95c6ce28937a3cb3da6aec4f131a1216c760"",""state"":""file""},""nh3_pdb_131072"":{""bytes"":10617087,""sha256"":""d454eb5e6e9fe717e1c12c22e3fc749189deae022de05b0f6f83f9f4501bbb52"",""state"":""file""},""nh3_pdb_16384"":{""bytes"":1327359,""sha256"":""07f5683974f6bdad6798104cf7de5ddb670704f71b7e28715d957805124196b8"",""state"":""file""},""nh3_pdb_2048"":{""bytes"":166143,""sha256"":""7171f9c4d6bf3c819f96ddd11877441961f43096057863d0607070d97c5e5a16"",""state"":""file""},""nh3_pdb_256"":{""bytes"":20991,""sha256"":""870d35ef9d654b395f8eefcd897e002ff41b1327475879ff5b955080ecb91ee0"",""state"":""file""},""nh3_pdb_32768"":{""bytes"":2654463,""sha256"":""a193ff7fc7793ae1c9121af48f694b9cff6974a63e67029053ab9312f86cb9cc"",""state"":""file""},""nh3_pdb_4096"":{""bytes"":332031,""sha256"":""e6d9ba2e0f95a04ebbeb61682dcf615982860aaa336140fee7ba55698f68175c"",""state"":""file""},""nh3_pdb_512"":{""bytes"":41727,""sha256"":""76e8d0d71fd3d49a1d14bb1fcd0689b08241620df41c90a904be29c85a67934e"",""state"":""file""},""nh3_pdb_65536"":{""bytes"":5308671,""sha256"":""a80e717b9abb39221c121bf3137135662e1b3c727e705e8f01e651720acd6dcc"",""state"":""file""},""nh3_pdb_8192"":{""bytes"":663807,""sha256"":""b0664469d3a8e84f71fbd848f1f0ffaca2cee3f4fd2100ed10f398e7c19a27e6"",""state"":""file""}},""metadata"":{""benchmark"":""el""}}",ec9f9176-c20b-4c6b-a2d3-efae9282f598,,,96,96,96,451584,5,5cf09625c3f95b4e48378ac897119aca785b76c5da736641d08fd53b7e88000e,"{""batch_idx"":""int32"",""cell"":""float64"",""charges"":""float64"",""pbc"":""bool"",""positions"":""float64""}",capped_upstream_estimate,bounded_power_two_then_four_fft_snap,0.25,9.0,single_case,4e58a2e9fa72736adb36ec90791c46b626d69fb0e9c5ddf901d8cb4127b113f1,5.586088244992425,,
nh3,constant_workload,pme,torch,2048,64,131072,0.025897763553075492,38613372.84783592,134.69189453125,0.9084558486938477,10,3,torch_cuda_events,warmup_excluded,True,,,0.0001,5,arithmetic_mean,1.0124367425213279,"[0.0033886943817138674,0.0033874881744384764,0.003388111877441406,0.003382995223999023,0.003425068664550781]",,,,,not_measured,not_measured,shared_cell_k_squared,nan,nan,,energy_autograd,energy_forces_charge_gradients,True,True,False,131072,0,0.0,explicit,0.09645262360572815,27.69099998474121,2.2737367544323206e-13,0.3372060287522547,9.0,,592,2.0,353,38909952,2,"{""compute_capability"":""9.0"",""driver"":""unavailable"",""memory_bytes"":99996401664,""name"":""NVIDIA H100 NVL""}","{""cuda"":""13.0"",""git_head"":""unavailable"",""jax"":""0.11.2"",""jaxlib"":""0.11.2"",""nvalchemi_toolkit_ops"":""0.5.0"",""python"":""3.12.3"",""source_sha256"":""4dfd278da46af31f54f8b7671e891073f8b10f8fa2cb28e7cf92bfeddd543638"",""torch"":""2.14.0+cu130"",""warp"":""1.17.0""}","{""gpu_uuid"":""c0995d85-1dea-1b19-7e58-9baa33a5f384"",""host"":""a1u1g-mil-0576""}","{""JAX_DISABLE_JIT"":""<unset>"",""JAX_DISABLE_JIT_ACTUAL"":""<not-imported>"",""JAX_ENABLE_X64"":""1"",""JAX_ENABLE_X64_ACTUAL"":""<not-imported>"",""JAX_PLATFORMS"":""<unset>"",""TF_GPU_ALLOCATOR"":""<unset>"",""XLA_FLAGS"":""<unset>"",""XLA_PYTHON_CLIENT_ALLOCATOR"":""<unset>"",""XLA_PYTHON_CLIENT_MEM_FRACTION"":""0.95"",""XLA_PYTHON_CLIENT_PREALLOCATE"":""<unset>""}","{""artifacts"":{""nh3_pdb_1024"":{""bytes"":83199,""sha256"":""cb99e65c2024c8b1a80a7ea1f4ff5b23ef76a5d153a2caeb4a0e3077b5239135"",""state"":""file""},""nh3_pdb_128"":{""bytes"":10623,""sha256"":""4b48182856ba92449fa52b61bf2f95c6ce28937a3cb3da6aec4f131a1216c760"",""state"":""file""},""nh3_pdb_131072"":{""bytes"":10617087,""sha256"":""d454eb5e6e9fe717e1c12c22e3fc749189deae022de05b0f6f83f9f4501bbb52"",""state"":""file""},""nh3_pdb_16384"":{""bytes"":1327359,""sha256"":""07f5683974f6bdad6798104cf7de5ddb670704f71b7e28715d957805124196b8"",""state"":""file""},""nh3_pdb_2048"":{""bytes"":166143,""sha256"":""7171f9c4d6bf3c819f96ddd11877441961f43096057863d0607070d97c5e5a16"",""state"":""file""},""nh3_pdb_256"":{""bytes"":20991,""sha256"":""870d35ef9d654b395f8eefcd897e002ff41b1327475879ff5b955080ecb91ee0"",""state"":""file""},""nh3_pdb_32768"":{""bytes"":2654463,""sha256"":""a193ff7fc7793ae1c9121af48f694b9cff6974a63e67029053ab9312f86cb9cc"",""state"":""file""},""nh3_pdb_4096"":{""bytes"":332031,""sha256"":""e6d9ba2e0f95a04ebbeb61682dcf615982860aaa336140fee7ba55698f68175c"",""state"":""file""},""nh3_pdb_512"":{""bytes"":41727,""sha256"":""76e8d0d71fd3d49a1d14bb1fcd0689b08241620df41c90a904be29c85a67934e"",""state"":""file""},""nh3_pdb_65536"":{""bytes"":5308671,""sha256"":""a80e717b9abb39221c121bf3137135662e1b3c727e705e8f01e651720acd6dcc"",""state"":""file""},""nh3_pdb_8192"":{""bytes"":663807,""sha256"":""b0664469d3a8e84f71fbd848f1f0ffaca2cee3f4fd2100ed10f398e7c19a27e6"",""state"":""file""}},""metadata"":{""benchmark"":""el""}}",ec9f9176-c20b-4c6b-a2d3-efae9282f598,,,40,40,40,33600,5,a75bc1d1d1477b354254ecfe9f4a3c313acf2716a3afafc30a957a96e9b44cad,"{""batch_idx"":""int32"",""cell"":""float64"",""charges"":""float64"",""pbc"":""bool"",""positions"":""float64""}",capped_upstream_estimate,bounded_power_two_then_four_fft_snap,0.25,9.0,single_case,4e58a2e9fa72736adb36ec90791c46b626d69fb0e9c5ddf901d8cb4127b113f1,5.7445126219972735,,
nh3,constant_workload,pme,torch,2048,64,131072,0.08217777358368039,12168740.480437998,4149.00439453125,5.320475101470947,10,3,torch_cuda_events,warmup_excluded,True,,,1e-06,5,arithmetic_mean,1.0157811099296128,"[0.010651103973388672,0.010789933013916016,0.010819190216064454,0.010792131042480469,0.010803667449951173]",,,,,not_measured,not_measured,shared_cell_k_squared,nan,nan,,energy_autograd,energy_forces_charge_gradients,True,True,False,131072,0,0.0,explicit,0.09645262360572815,27.69099998474121,2.2737367544323206e-13,0.4129913543166487,9.0,,592,2.0,353,38909952,2,"{""compute_capability"":""9.0"",""driver"":""unavailable"",""memory_bytes"":99996401664,""name"":""NVIDIA H100 NVL""}","{""cuda"":""13.0"",""git_head"":""unavailable"",""jax"":""0.11.2"",""jaxlib"":""0.11.2"",""nvalchemi_toolkit_ops"":""0.5.0"",""python"":""3.12.3"",""source_sha256"":""4dfd278da46af31f54f8b7671e891073f8b10f8fa2cb28e7cf92bfeddd543638"",""torch"":""2.14.0+cu130"",""warp"":""1.17.0""}","{""gpu_uuid"":""c0995d85-1dea-1b19-7e58-9baa33a5f384"",""host"":""a1u1g-mil-0576""}","{""JAX_DISABLE_JIT"":""<unset>"",""JAX_DISABLE_JIT_ACTUAL"":""<not-imported>"",""JAX_ENABLE_X64"":""1"",""JAX_ENABLE_X64_ACTUAL"":""<not-imported>"",""JAX_PLATFORMS"":""<unset>"",""TF_GPU_ALLOCATOR"":""<unset>"",""XLA_FLAGS"":""<unset>"",""XLA_PYTHON_CLIENT_ALLOCATOR"":""<unset>"",""XLA_PYTHON_CLIENT_MEM_FRACTION"":""0.95"",""XLA_PYTHON_CLIENT_PREALLOCATE"":""<unset>""}","{""artifacts"":{""nh3_pdb_1024"":{""bytes"":83199,""sha256"":""cb99e65c2024c8b1a80a7ea1f4ff5b23ef76a5d153a2caeb4a0e3077b5239135"",""state"":""file""},""nh3_pdb_128"":{""bytes"":10623,""sha256"":""4b48182856ba92449fa52b61bf2f95c6ce28937a3cb3da6aec4f131a1216c760"",""state"":""file""},""nh3_pdb_131072"":{""bytes"":10617087,""sha256"":""d454eb5e6e9fe717e1c12c22e3fc749189deae022de05b0f6f83f9f4501bbb52"",""state"":""file""},""nh3_pdb_16384"":{""bytes"":1327359,""sha256"":""07f5683974f6bdad6798104cf7de5ddb670704f71b7e28715d957805124196b8"",""state"":""file""},""nh3_pdb_2048"":{""bytes"":166143,""sha256"":""7171f9c4d6bf3c819f96ddd11877441961f43096057863d0607070d97c5e5a16"",""state"":""file""},""nh3_pdb_256"":{""bytes"":20991,""sha256"":""870d35ef9d654b395f8eefcd897e002ff41b1327475879ff5b955080ecb91ee0"",""state"":""file""},""nh3_pdb_32768"":{""bytes"":2654463,""sha256"":""a193ff7fc7793ae1c9121af48f694b9cff6974a63e67029053ab9312f86cb9cc"",""state"":""file""},""nh3_pdb_4096"":{""bytes"":332031,""sha256"":""e6d9ba2e0f95a04ebbeb61682dcf615982860aaa336140fee7ba55698f68175c"",""state"":""file""},""nh3_pdb_512"":{""bytes"":41727,""sha256"":""76e8d0d71fd3d49a1d14bb1fcd0689b08241620df41c90a904be29c85a67934e"",""state"":""file""},""nh3_pdb_65536"":{""bytes"":5308671,""sha256"":""a80e717b9abb39221c121bf3137135662e1b3c727e705e8f01e651720acd6dcc"",""state"":""file""},""nh3_pdb_8192"":{""bytes"":663807,""sha256"":""b0664469d3a8e84f71fbd848f1f0ffaca2cee3f4fd2100ed10f398e7c19a27e6"",""state"":""file""}},""metadata"":{""benchmark"":""el""}}",ec9f9176-c20b-4c6b-a2d3-efae9282f598,,,128,128,128,1064960,5,a75bc1d1d1477b354254ecfe9f4a3c313acf2716a3afafc30a957a96e9b44cad,"{""batch_idx"":""int32"",""cell"":""float64"",""charges"":""float64"",""pbc"":""bool"",""positions"":""float64""}",capped_upstream_estimate,bounded_power_two_then_four_fft_snap,0.25,9.0,single_case,4e58a2e9fa72736adb36ec90791c46b626d69fb0e9c5ddf901d8cb4127b113f1,5.417067690999829,,
nh3,constant_workload,pme,torch,4096,32,131072,0.028126089018769562,35554178.87402204,130.73486328125,0.9070696830749512,10,3,torch_cuda_events,warmup_excluded,True,,,0.0001,5,arithmetic_mean,1.0078965166046154,"[0.0036950206756591795,0.0036854209899902348,0.0036702465057373047,0.003699228668212891,0.003682796859741211]",,,,,not_measured,not_measured,shared_cell_k_squared,nan,nan,,energy_autograd,energy_forces_charge_gradients,True,True,False,131072,0,0.0,explicit,0.09645654261112213,34.88800048828125,4.547473508864641e-13,0.3372060287522547,9.0,,592,2.0,383,39071360,2,"{""compute_capability"":""9.0"",""driver"":""unavailable"",""memory_bytes"":99996401664,""name"":""NVIDIA H100 NVL""}","{""cuda"":""13.0"",""git_head"":""unavailable"",""jax"":""0.11.2"",""jaxlib"":""0.11.2"",""nvalchemi_toolkit_ops"":""0.5.0"",""python"":""3.12.3"",""source_sha256"":""4dfd278da46af31f54f8b7671e891073f8b10f8fa2cb28e7cf92bfeddd543638"",""torch"":""2.14.0+cu130"",""warp"":""1.17.0""}","{""gpu_uuid"":""c0995d85-1dea-1b19-7e58-9baa33a5f384"",""host"":""a1u1g-mil-0576""}","{""JAX_DISABLE_JIT"":""<unset>"",""JAX_DISABLE_JIT_ACTUAL"":""<not-imported>"",""JAX_ENABLE_X64"":""1"",""JAX_ENABLE_X64_ACTUAL"":""<not-imported>"",""JAX_PLATFORMS"":""<unset>"",""TF_GPU_ALLOCATOR"":""<unset>"",""XLA_FLAGS"":""<unset>"",""XLA_PYTHON_CLIENT_ALLOCATOR"":""<unset>"",""XLA_PYTHON_CLIENT_MEM_FRACTION"":""0.95"",""XLA_PYTHON_CLIENT_PREALLOCATE"":""<unset>""}","{""artifacts"":{""nh3_pdb_1024"":{""bytes"":83199,""sha256"":""cb99e65c2024c8b1a80a7ea1f4ff5b23ef76a5d153a2caeb4a0e3077b5239135"",""state"":""file""},""nh3_pdb_128"":{""bytes"":10623,""sha256"":""4b48182856ba92449fa52b61bf2f95c6ce28937a3cb3da6aec4f131a1216c760"",""state"":""file""},""nh3_pdb_131072"":{""bytes"":10617087,""sha256"":""d454eb5e6e9fe717e1c12c22e3fc749189deae022de05b0f6f83f9f4501bbb52"",""state"":""file""},""nh3_pdb_16384"":{""bytes"":1327359,""sha256"":""07f5683974f6bdad6798104cf7de5ddb670704f71b7e28715d957805124196b8"",""state"":""file""},""nh3_pdb_2048"":{""bytes"":166143,""sha256"":""7171f9c4d6bf3c819f96ddd11877441961f43096057863d0607070d97c5e5a16"",""state"":""file""},""nh3_pdb_256"":{""bytes"":20991,""sha256"":""870d35ef9d654b395f8eefcd897e002ff41b1327475879ff5b955080ecb91ee0"",""state"":""file""},""nh3_pdb_32768"":{""bytes"":2654463,""sha256"":""a193ff7fc7793ae1c9121af48f694b9cff6974a63e67029053ab9312f86cb9cc"",""state"":""file""},""nh3_pdb_4096"":{""bytes"":332031,""sha256"":""e6d9ba2e0f95a04ebbeb61682dcf615982860aaa336140fee7ba55698f68175c"",""state"":""file""},""nh3_pdb_512"":{""bytes"":41727,""sha256"":""76e8d0d71fd3d49a1d14bb1fcd0689b08241620df41c90a904be29c85a67934e"",""state"":""file""},""nh3_pdb_65536"":{""bytes"":5308671,""sha256"":""a80e717b9abb39221c121bf3137135662e1b3c727e705e8f01e651720acd6dcc"",""state"":""file""},""nh3_pdb_8192"":{""bytes"":663807,""sha256"":""b0664469d3a8e84f71fbd848f1f0ffaca2cee3f4fd2100ed10f398e7c19a27e6"",""state"":""file""}},""metadata"":{""benchmark"":""el""}}",ec9f9176-c20b-4c6b-a2d3-efae9282f598,,,50,50,50,65000,5,3d164ab84c7c5b8574e9538a4dfbb7cc311748d4e8fc719ee1b3afa0051a9433,"{""batch_idx"":""int32"",""cell"":""float64"",""charges"":""float64"",""pbc"":""bool"",""positions"":""float64""}",capped_upstream_estimate,bounded_power_two_then_four_fft_snap,0.25,9.0,single_case,4e58a2e9fa72736adb36ec90791c46b626d69fb0e9c5ddf901d8cb4127b113f1,5.069624573996407,,
nh3,constant_workload,pme,torch,4096,32,131072,0.08291305741295217,12060826.499491574,4042.50244140625,5.206045150756836,10,3,torch_cuda_events,warmup_excluded,True,,,1e-06,5,arithmetic_mean,1.005770786182415,"[0.010826976013183593,0.010866864013671875,0.010889456176757812,0.010873747253417968,0.010880857849121094]",,,,,not_measured,not_measured,shared_cell_k_squared,nan,nan,,energy_autograd,energy_forces_charge_gradients,True,True,False,131072,0,0.0,explicit,0.09645654261112213,34.88800048828125,4.547473508864641e-13,0.4129913543166487,9.0,,592,2.0,383,39071360,2,"{""compute_capability"":""9.0"",""driver"":""unavailable"",""memory_bytes"":99996401664,""name"":""NVIDIA H100 NVL""}","{""cuda"":""13.0"",""git_head"":""unavailable"",""jax"":""0.11.2"",""jaxlib"":""0.11.2"",""nvalchemi_toolkit_ops"":""0.5.0"",""python"":""3.12.3"",""source_sha256"":""4dfd278da46af31f54f8b7671e891073f8b10f8fa2cb28e7cf92bfeddd543638"",""torch"":""2.14.0+cu130"",""warp"":""1.17.0""}","{""gpu_uuid"":""c0995d85-1dea-1b19-7e58-9baa33a5f384"",""host"":""a1u1g-mil-0576""}","{""JAX_DISABLE_JIT"":""<unset>"",""JAX_DISABLE_JIT_ACTUAL"":""<not-imported>"",""JAX_ENABLE_X64"":""1"",""JAX_ENABLE_X64_ACTUAL"":""<not-imported>"",""JAX_PLATFORMS"":""<unset>"",""TF_GPU_ALLOCATOR"":""<unset>"",""XLA_FLAGS"":""<unset>"",""XLA_PYTHON_CLIENT_ALLOCATOR"":""<unset>"",""XLA_PYTHON_CLIENT_MEM_FRACTION"":""0.95"",""XLA_PYTHON_CLIENT_PREALLOCATE"":""<unset>""}","{""artifacts"":{""nh3_pdb_1024"":{""bytes"":83199,""sha256"":""cb99e65c2024c8b1a80a7ea1f4ff5b23ef76a5d153a2caeb4a0e3077b5239135"",""state"":""file""},""nh3_pdb_128"":{""bytes"":10623,""sha256"":""4b48182856ba92449fa52b61bf2f95c6ce28937a3cb3da6aec4f131a1216c760"",""state"":""file""},""nh3_pdb_131072"":{""bytes"":10617087,""sha256"":""d454eb5e6e9fe717e1c12c22e3fc749189deae022de05b0f6f83f9f4501bbb52"",""state"":""file""},""nh3_pdb_16384"":{""bytes"":1327359,""sha256"":""07f5683974f6bdad6798104cf7de5ddb670704f71b7e28715d957805124196b8"",""state"":""file""},""nh3_pdb_2048"":{""bytes"":166143,""sha256"":""7171f9c4d6bf3c819f96ddd11877441961f43096057863d0607070d97c5e5a16"",""state"":""file""},""nh3_pdb_256"":{""bytes"":20991,""sha256"":""870d35ef9d654b395f8eefcd897e002ff41b1327475879ff5b955080ecb91ee0"",""state"":""file""},""nh3_pdb_32768"":{""bytes"":2654463,""sha256"":""a193ff7fc7793ae1c9121af48f694b9cff6974a63e67029053ab9312f86cb9cc"",""state"":""file""},""nh3_pdb_4096"":{""bytes"":332031,""sha256"":""e6d9ba2e0f95a04ebbeb61682dcf615982860aaa336140fee7ba55698f68175c"",""state"":""file""},""nh3_pdb_512"":{""bytes"":41727,""sha256"":""76e8d0d71fd3d49a1d14bb1fcd0689b08241620df41c90a904be29c85a67934e"",""state"":""file""},""nh3_pdb_65536"":{""bytes"":5308671,""sha256"":""a80e717b9abb39221c121bf3137135662e1b3c727e705e8f01e651720acd6dcc"",""state"":""file""},""nh3_pdb_8192"":{""bytes"":663807,""sha256"":""b0664469d3a8e84f71fbd848f1f0ffaca2cee3f4fd2100ed10f398e7c19a27e6"",""state"":""file""}},""metadata"":{""benchmark"":""el""}}",ec9f9176-c20b-4c6b-a2d3-efae9282f598,,,160,160,160,2073600,5,3d164ab84c7c5b8574e9538a4dfbb7cc311748d4e8fc719ee1b3afa0051a9433,"{""batch_idx"":""int32"",""cell"":""float64"",""charges"":""float64"",""pbc"":""bool"",""positions"":""float64""}",capped_upstream_estimate,bounded_power_two_then_four_fft_snap,0.25,9.0,single_case,4e58a2e9fa72736adb36ec90791c46b626d69fb0e9c5ddf901d8cb4127b113f1,5.486329399005626,,
nh3,constant_workload,pme,torch,8192,16,131072,0.028888457454741005,34615901.5782231,136.00146484375,0.9116349220275879,10,3,torch_cuda_events,warmup_excluded,True,,,0.0001,5,arithmetic_mean,1.002923438943822,"[0.003781894302368164,0.003792950439453125,0.003782489776611328,0.003788240051269531,0.003786764907836914]",,,,,not_measured,not_measured,shared_cell_k_squared,nan,nan,,energy_autograd,energy_forces_charge_gradients,True,True,False,131072,0,0.0,explicit,0.09645736962556839,43.95600128173828,9.094947017729282e-13,0.3372060287522547,9.0,,592,2.0,384,38972608,2,"{""compute_capability"":""9.0"",""driver"":""unavailable"",""memory_bytes"":99996401664,""name"":""NVIDIA H100 NVL""}","{""cuda"":""13.0"",""git_head"":""unavailable"",""jax"":""0.11.2"",""jaxlib"":""0.11.2"",""nvalchemi_toolkit_ops"":""0.5.0"",""python"":""3.12.3"",""source_sha256"":""4dfd278da46af31f54f8b7671e891073f8b10f8fa2cb28e7cf92bfeddd543638"",""torch"":""2.14.0+cu130"",""warp"":""1.17.0""}","{""gpu_uuid"":""c0995d85-1dea-1b19-7e58-9baa33a5f384"",""host"":""a1u1g-mil-0576""}","{""JAX_DISABLE_JIT"":""<unset>"",""JAX_DISABLE_JIT_ACTUAL"":""<not-imported>"",""JAX_ENABLE_X64"":""1"",""JAX_ENABLE_X64_ACTUAL"":""<not-imported>"",""JAX_PLATFORMS"":""<unset>"",""TF_GPU_ALLOCATOR"":""<unset>"",""XLA_FLAGS"":""<unset>"",""XLA_PYTHON_CLIENT_ALLOCATOR"":""<unset>"",""XLA_PYTHON_CLIENT_MEM_FRACTION"":""0.95"",""XLA_PYTHON_CLIENT_PREALLOCATE"":""<unset>""}","{""artifacts"":{""nh3_pdb_1024"":{""bytes"":83199,""sha256"":""cb99e65c2024c8b1a80a7ea1f4ff5b23ef76a5d153a2caeb4a0e3077b5239135"",""state"":""file""},""nh3_pdb_128"":{""bytes"":10623,""sha256"":""4b48182856ba92449fa52b61bf2f95c6ce28937a3cb3da6aec4f131a1216c760"",""state"":""file""},""nh3_pdb_131072"":{""bytes"":10617087,""sha256"":""d454eb5e6e9fe717e1c12c22e3fc749189deae022de05b0f6f83f9f4501bbb52"",""state"":""file""},""nh3_pdb_16384"":{""bytes"":1327359,""sha256"":""07f5683974f6bdad6798104cf7de5ddb670704f71b7e28715d957805124196b8"",""state"":""file""},""nh3_pdb_2048"":{""bytes"":166143,""sha256"":""7171f9c4d6bf3c819f96ddd11877441961f43096057863d0607070d97c5e5a16"",""state"":""file""},""nh3_pdb_256"":{""bytes"":20991,""sha256"":""870d35ef9d654b395f8eefcd897e002ff41b1327475879ff5b955080ecb91ee0"",""state"":""file""},""nh3_pdb_32768"":{""bytes"":2654463,""sha256"":""a193ff7fc7793ae1c9121af48f694b9cff6974a63e67029053ab9312f86cb9cc"",""state"":""file""},""nh3_pdb_4096"":{""bytes"":332031,""sha256"":""e6d9ba2e0f95a04ebbeb61682dcf615982860aaa336140fee7ba55698f68175c"",""state"":""file""},""nh3_pdb_512"":{""bytes"":41727,""sha256"":""76e8d0d71fd3d49a1d14bb1fcd0689b08241620df41c90a904be29c85a67934e"",""state"":""file""},""nh3_pdb_65536"":{""bytes"":5308671,""sha256"":""a80e717b9abb39221c121bf3137135662e1b3c727e705e8f01e651720acd6dcc"",""state"":""file""},""nh3_pdb_8192"":{""bytes"":663807,""sha256"":""b0664469d3a8e84f71fbd848f1f0ffaca2cee3f4fd2100ed10f398e7c19a27e6"",""state"":""file""}},""metadata"":{""benchmark"":""el""}}",ec9f9176-c20b-4c6b-a2d3-efae9282f598,,,64,64,64,135168,5,c82165d0d68c2784db3d6c1201cd5bb2f921335c3b0fa14449fb166407207696,"{""batch_idx"":""int32"",""cell"":""float64"",""charges"":""float64"",""pbc"":""bool"",""positions"":""float64""}",capped_upstream_estimate,bounded_power_two_then_four_fft_snap,0.25,9.0,single_case,4e58a2e9fa72736adb36ec90791c46b626d69fb0e9c5ddf901d8cb4127b113f1,5.725902753998525,,
nh3,constant_workload,pme,torch,8192,16,131072,0.07496317848563193,13339882.595715553,3490.00146484375,4.597184181213379,10,3,torch_cuda_events,warmup_excluded,True,,,1e-06,5,arithmetic_mean,1.0133044294983553,"[0.00974356460571289,0.009820735931396485,0.009831295776367186,0.009859075164794921,0.009873197174072266]",,,,,not_measured,not_measured,shared_cell_k_squared,nan,nan,,energy_autograd,energy_forces_charge_gradients,True,True,False,131072,0,0.0,explicit,0.09645736962556839,43.95600128173828,9.094947017729282e-13,0.4129913543166487,9.0,,592,2.0,384,38972608,2,"{""compute_capability"":""9.0"",""driver"":""unavailable"",""memory_bytes"":99996401664,""name"":""NVIDIA H100 NVL""}","{""cuda"":""13.0"",""git_head"":""unavailable"",""jax"":""0.11.2"",""jaxlib"":""0.11.2"",""nvalchemi_toolkit_ops"":""0.5.0"",""python"":""3.12.3"",""source_sha256"":""4dfd278da46af31f54f8b7671e891073f8b10f8fa2cb28e7cf92bfeddd543638"",""torch"":""2.14.0+cu130"",""warp"":""1.17.0""}","{""gpu_uuid"":""c0995d85-1dea-1b19-7e58-9baa33a5f384"",""host"":""a1u1g-mil-0576""}","{""JAX_DISABLE_JIT"":""<unset>"",""JAX_DISABLE_JIT_ACTUAL"":""<not-imported>"",""JAX_ENABLE_X64"":""1"",""JAX_ENABLE_X64_ACTUAL"":""<not-imported>"",""JAX_PLATFORMS"":""<unset>"",""TF_GPU_ALLOCATOR"":""<unset>"",""XLA_FLAGS"":""<unset>"",""XLA_PYTHON_CLIENT_ALLOCATOR"":""<unset>"",""XLA_PYTHON_CLIENT_MEM_FRACTION"":""0.95"",""XLA_PYTHON_CLIENT_PREALLOCATE"":""<unset>""}","{""artifacts"":{""nh3_pdb_1024"":{""bytes"":83199,""sha256"":""cb99e65c2024c8b1a80a7ea1f4ff5b23ef76a5d153a2caeb4a0e3077b5239135"",""state"":""file""},""nh3_pdb_128"":{""bytes"":10623,""sha256"":""4b48182856ba92449fa52b61bf2f95c6ce28937a3cb3da6aec4f131a1216c760"",""state"":""file""},""nh3_pdb_131072"":{""bytes"":10617087,""sha256"":""d454eb5e6e9fe717e1c12c22e3fc749189deae022de05b0f6f83f9f4501bbb52"",""state"":""file""},""nh3_pdb_16384"":{""bytes"":1327359,""sha256"":""07f5683974f6bdad6798104cf7de5ddb670704f71b7e28715d957805124196b8"",""state"":""file""},""nh3_pdb_2048"":{""bytes"":166143,""sha256"":""7171f9c4d6bf3c819f96ddd11877441961f43096057863d0607070d97c5e5a16"",""state"":""file""},""nh3_pdb_256"":{""bytes"":20991,""sha256"":""870d35ef9d654b395f8eefcd897e002ff41b1327475879ff5b955080ecb91ee0"",""state"":""file""},""nh3_pdb_32768"":{""bytes"":2654463,""sha256"":""a193ff7fc7793ae1c9121af48f694b9cff6974a63e67029053ab9312f86cb9cc"",""state"":""file""},""nh3_pdb_4096"":{""bytes"":332031,""sha256"":""e6d9ba2e0f95a04ebbeb61682dcf615982860aaa336140fee7ba55698f68175c"",""state"":""file""},""nh3_pdb_512"":{""bytes"":41727,""sha256"":""76e8d0d71fd3d49a1d14bb1fcd0689b08241620df41c90a904be29c85a67934e"",""state"":""file""},""nh3_pdb_65536"":{""bytes"":5308671,""sha256"":""a80e717b9abb39221c121bf3137135662e1b3c727e705e8f01e651720acd6dcc"",""state"":""file""},""nh3_pdb_8192"":{""bytes"":663807,""sha256"":""b0664469d3a8e84f71fbd848f1f0ffaca2cee3f4fd2100ed10f398e7c19a27e6"",""state"":""file""}},""metadata"":{""benchmark"":""el""}}",ec9f9176-c20b-4c6b-a2d3-efae9282f598,,,192,192,192,3575808,5,c82165d0d68c2784db3d6c1201cd5bb2f921335c3b0fa14449fb166407207696,"{""batch_idx"":""int32"",""cell"":""float64"",""charges"":""float64"",""pbc"":""bool"",""positions"":""float64""}",capped_upstream_estimate,bounded_power_two_then_four_fft_snap,0.25,9.0,single_case,4e58a2e9fa72736adb36ec90791c46b626d69fb0e9c5ddf901d8cb4127b113f1,5.341305142006604,,
nh3,constant_workload,pme,torch,16384,8,131072,0.03051313979085536,32772766.318191063,132.3447265625,0.9077954292297363,10,3,torch_cuda_events,warmup_excluded,True,,,0.0001,5,arithmetic_mean,1.0047006806989858,"[0.003996172714233399,0.003996672058105469,0.003997516632080078,0.004012752151489258,0.003993977737426758]",,,,,not_measured,not_measured,shared_cell_k_squared,nan,nan,,energy_autograd,energy_forces_charge_gradients,True,True,False,131072,0,0.0,explicit,0.096457839012146,55.38100051879883,1.8189894035458565e-12,0.3372060287522547,9.0,,592,2.0,406,38990928,2,"{""compute_capability"":""9.0"",""driver"":""unavailable"",""memory_bytes"":99996401664,""name"":""NVIDIA H100 NVL""}","{""cuda"":""13.0"",""git_head"":""unavailable"",""jax"":""0.11.2"",""jaxlib"":""0.11.2"",""nvalchemi_toolkit_ops"":""0.5.0"",""python"":""3.12.3"",""source_sha256"":""4dfd278da46af31f54f8b7671e891073f8b10f8fa2cb28e7cf92bfeddd543638"",""torch"":""2.14.0+cu130"",""warp"":""1.17.0""}","{""gpu_uuid"":""c0995d85-1dea-1b19-7e58-9baa33a5f384"",""host"":""a1u1g-mil-0576""}","{""JAX_DISABLE_JIT"":""<unset>"",""JAX_DISABLE_JIT_ACTUAL"":""<not-imported>"",""JAX_ENABLE_X64"":""1"",""JAX_ENABLE_X64_ACTUAL"":""<not-imported>"",""JAX_PLATFORMS"":""<unset>"",""TF_GPU_ALLOCATOR"":""<unset>"",""XLA_FLAGS"":""<unset>"",""XLA_PYTHON_CLIENT_ALLOCATOR"":""<unset>"",""XLA_PYTHON_CLIENT_MEM_FRACTION"":""0.95"",""XLA_PYTHON_CLIENT_PREALLOCATE"":""<unset>""}","{""artifacts"":{""nh3_pdb_1024"":{""bytes"":83199,""sha256"":""cb99e65c2024c8b1a80a7ea1f4ff5b23ef76a5d153a2caeb4a0e3077b5239135"",""state"":""file""},""nh3_pdb_128"":{""bytes"":10623,""sha256"":""4b48182856ba92449fa52b61bf2f95c6ce28937a3cb3da6aec4f131a1216c760"",""state"":""file""},""nh3_pdb_131072"":{""bytes"":10617087,""sha256"":""d454eb5e6e9fe717e1c12c22e3fc749189deae022de05b0f6f83f9f4501bbb52"",""state"":""file""},""nh3_pdb_16384"":{""bytes"":1327359,""sha256"":""07f5683974f6bdad6798104cf7de5ddb670704f71b7e28715d957805124196b8"",""state"":""file""},""nh3_pdb_2048"":{""bytes"":166143,""sha256"":""7171f9c4d6bf3c819f96ddd11877441961f43096057863d0607070d97c5e5a16"",""state"":""file""},""nh3_pdb_256"":{""bytes"":20991,""sha256"":""870d35ef9d654b395f8eefcd897e002ff41b1327475879ff5b955080ecb91ee0"",""state"":""file""},""nh3_pdb_32768"":{""bytes"":2654463,""sha256"":""a193ff7fc7793ae1c9121af48f694b9cff6974a63e67029053ab9312f86cb9cc"",""state"":""file""},""nh3_pdb_4096"":{""bytes"":332031,""sha256"":""e6d9ba2e0f95a04ebbeb61682dcf615982860aaa336140fee7ba55698f68175c"",""state"":""file""},""nh3_pdb_512"":{""bytes"":41727,""sha256"":""76e8d0d71fd3d49a1d14bb1fcd0689b08241620df41c90a904be29c85a67934e"",""state"":""file""},""nh3_pdb_65536"":{""bytes"":5308671,""sha256"":""a80e717b9abb39221c121bf3137135662e1b3c727e705e8f01e651720acd6dcc"",""state"":""file""},""nh3_pdb_8192"":{""bytes"":663807,""sha256"":""b0664469d3a8e84f71fbd848f1f0ffaca2cee3f4fd2100ed10f398e7c19a27e6"",""state"":""file""}},""metadata"":{""benchmark"":""el""}}",ec9f9176-c20b-4c6b-a2d3-efae9282f598,,,80,80,80,262400,5,84523ec79a1e97d60145656f6f62e7e5fe25709dc8eda4ef25fc74a58a5b9e6a,"{""batch_idx"":""int32"",""cell"":""float64"",""charges"":""float64"",""pbc"":""bool"",""positions"":""float64""}",capped_upstream_estimate,bounded_power_two_then_four_fft_snap,0.25,9.0,single_case,4e58a2e9fa72736adb36ec90791c46b626d69fb0e9c5ddf901d8cb4127b113f1,5.022305541991955,,
nh3,constant_workload,pme,torch,16384,8,131072,0.0848009274341166,11792323.860808223,4125.0009765625,5.295142650604248,10,3,torch_cuda_events,warmup_excluded,True,,,1e-06,5,arithmetic_mean,1.0102009629062487,"[0.01104587173461914,0.011158550262451172,0.011121638488769531,0.01114217300415039,0.011106902313232423]",,,,,not_measured,not_measured,shared_cell_k_squared,nan,nan,,energy_autograd,energy_forces_charge_gradients,True,True,False,131072,0,0.0,explicit,0.096457839012146,55.38100051879883,1.8189894035458565e-12,0.4129913543166487,9.0,,592,2.0,406,38990928,2,"{""compute_capability"":""9.0"",""driver"":""unavailable"",""memory_bytes"":99996401664,""name"":""NVIDIA H100 NVL""}","{""cuda"":""13.0"",""git_head"":""unavailable"",""jax"":""0.11.2"",""jaxlib"":""0.11.2"",""nvalchemi_toolkit_ops"":""0.5.0"",""python"":""3.12.3"",""source_sha256"":""4dfd278da46af31f54f8b7671e891073f8b10f8fa2cb28e7cf92bfeddd543638"",""torch"":""2.14.0+cu130"",""warp"":""1.17.0""}","{""gpu_uuid"":""c0995d85-1dea-1b19-7e58-9baa33a5f384"",""host"":""a1u1g-mil-0576""}","{""JAX_DISABLE_JIT"":""<unset>"",""JAX_DISABLE_JIT_ACTUAL"":""<not-imported>"",""JAX_ENABLE_X64"":""1"",""JAX_ENABLE_X64_ACTUAL"":""<not-imported>"",""JAX_PLATFORMS"":""<unset>"",""TF_GPU_ALLOCATOR"":""<unset>"",""XLA_FLAGS"":""<unset>"",""XLA_PYTHON_CLIENT_ALLOCATOR"":""<unset>"",""XLA_PYTHON_CLIENT_MEM_FRACTION"":""0.95"",""XLA_PYTHON_CLIENT_PREALLOCATE"":""<unset>""}","{""artifacts"":{""nh3_pdb_1024"":{""bytes"":83199,""sha256"":""cb99e65c2024c8b1a80a7ea1f4ff5b23ef76a5d153a2caeb4a0e3077b5239135"",""state"":""file""},""nh3_pdb_128"":{""bytes"":10623,""sha256"":""4b48182856ba92449fa52b61bf2f95c6ce28937a3cb3da6aec4f131a1216c760"",""state"":""file""},""nh3_pdb_131072"":{""bytes"":10617087,""sha256"":""d454eb5e6e9fe717e1c12c22e3fc749189deae022de05b0f6f83f9f4501bbb52"",""state"":""file""},""nh3_pdb_16384"":{""bytes"":1327359,""sha256"":""07f5683974f6bdad6798104cf7de5ddb670704f71b7e28715d957805124196b8"",""state"":""file""},""nh3_pdb_2048"":{""bytes"":166143,""sha256"":""7171f9c4d6bf3c819f96ddd11877441961f43096057863d0607070d97c5e5a16"",""state"":""file""},""nh3_pdb_256"":{""bytes"":20991,""sha256"":""870d35ef9d654b395f8eefcd897e002ff41b1327475879ff5b955080ecb91ee0"",""state"":""file""},""nh3_pdb_32768"":{""bytes"":2654463,""sha256"":""a193ff7fc7793ae1c9121af48f694b9cff6974a63e67029053ab9312f86cb9cc"",""state"":""file""},""nh3_pdb_4096"":{""bytes"":332031,""sha256"":""e6d9ba2e0f95a04ebbeb61682dcf615982860aaa336140fee7ba55698f68175c"",""state"":""file""},""nh3_pdb_512"":{""bytes"":41727,""sha256"":""76e8d0d71fd3d49a1d14bb1fcd0689b08241620df41c90a904be29c85a67934e"",""state"":""file""},""nh3_pdb_65536"":{""bytes"":5308671,""sha256"":""a80e717b9abb39221c121bf3137135662e1b3c727e705e8f01e651720acd6dcc"",""state"":""file""},""nh3_pdb_8192"":{""bytes"":663807,""sha256"":""b0664469d3a8e84f71fbd848f1f0ffaca2cee3f4fd2100ed10f398e7c19a27e6"",""state"":""file""}},""metadata"":{""benchmark"":""el""}}",ec9f9176-c20b-4c6b-a2d3-efae9282f598,,,256,256,256,8454144,5,84523ec79a1e97d60145656f6f62e7e5fe25709dc8eda4ef25fc74a58a5b9e6a,"{""batch_idx"":""int32"",""cell"":""float64"",""charges"":""float64"",""pbc"":""bool"",""positions"":""float64""}",capped_upstream_estimate,bounded_power_two_then_four_fft_snap,0.25,9.0,single_case,4e58a2e9fa72736adb36ec90791c46b626d69fb0e9c5ddf901d8cb4127b113f1,5.541169964999426,,
nh3,constant_workload,pme,torch,32768,4,131072,0.03164155699778348,31604007.352421086,128.90185546875,0.9043231010437012,10,3,torch_cuda_events,warmup_excluded,True,,,0.0001,5,arithmetic_mean,1.005697002895534,"[0.004132419204711914,0.0041559616088867185,0.004155231857299805,0.0041479103088378905,0.004145087814331054]",,,,,not_measured,not_measured,shared_cell_k_squared,nan,nan,,energy_autograd,energy_forces_charge_gradients,True,True,False,131072,0,0.0,explicit,0.09645654261112213,69.7760009765625,3.637978807091713e-12,0.3372060287522547,9.0,,592,2.0,395,39020592,2,"{""compute_capability"":""9.0"",""driver"":""unavailable"",""memory_bytes"":99996401664,""name"":""NVIDIA H100 NVL""}","{""cuda"":""13.0"",""git_head"":""unavailable"",""jax"":""0.11.2"",""jaxlib"":""0.11.2"",""nvalchemi_toolkit_ops"":""0.5.0"",""python"":""3.12.3"",""source_sha256"":""4dfd278da46af31f54f8b7671e891073f8b10f8fa2cb28e7cf92bfeddd543638"",""torch"":""2.14.0+cu130"",""warp"":""1.17.0""}","{""gpu_uuid"":""c0995d85-1dea-1b19-7e58-9baa33a5f384"",""host"":""a1u1g-mil-0576""}","{""JAX_DISABLE_JIT"":""<unset>"",""JAX_DISABLE_JIT_ACTUAL"":""<not-imported>"",""JAX_ENABLE_X64"":""1"",""JAX_ENABLE_X64_ACTUAL"":""<not-imported>"",""JAX_PLATFORMS"":""<unset>"",""TF_GPU_ALLOCATOR"":""<unset>"",""XLA_FLAGS"":""<unset>"",""XLA_PYTHON_CLIENT_ALLOCATOR"":""<unset>"",""XLA_PYTHON_CLIENT_MEM_FRACTION"":""0.95"",""XLA_PYTHON_CLIENT_PREALLOCATE"":""<unset>""}","{""artifacts"":{""nh3_pdb_1024"":{""bytes"":83199,""sha256"":""cb99e65c2024c8b1a80a7ea1f4ff5b23ef76a5d153a2caeb4a0e3077b5239135"",""state"":""file""},""nh3_pdb_128"":{""bytes"":10623,""sha256"":""4b48182856ba92449fa52b61bf2f95c6ce28937a3cb3da6aec4f131a1216c760"",""state"":""file""},""nh3_pdb_131072"":{""bytes"":10617087,""sha256"":""d454eb5e6e9fe717e1c12c22e3fc749189deae022de05b0f6f83f9f4501bbb52"",""state"":""file""},""nh3_pdb_16384"":{""bytes"":1327359,""sha256"":""07f5683974f6bdad6798104cf7de5ddb670704f71b7e28715d957805124196b8"",""state"":""file""},""nh3_pdb_2048"":{""bytes"":166143,""sha256"":""7171f9c4d6bf3c819f96ddd11877441961f43096057863d0607070d97c5e5a16"",""state"":""file""},""nh3_pdb_256"":{""bytes"":20991,""sha256"":""870d35ef9d654b395f8eefcd897e002ff41b1327475879ff5b955080ecb91ee0"",""state"":""file""},""nh3_pdb_32768"":{""bytes"":2654463,""sha256"":""a193ff7fc7793ae1c9121af48f694b9cff6974a63e67029053ab9312f86cb9cc"",""state"":""file""},""nh3_pdb_4096"":{""bytes"":332031,""sha256"":""e6d9ba2e0f95a04ebbeb61682dcf615982860aaa336140fee7ba55698f68175c"",""state"":""file""},""nh3_pdb_512"":{""bytes"":41727,""sha256"":""76e8d0d71fd3d49a1d14bb1fcd0689b08241620df41c90a904be29c85a67934e"",""state"":""file""},""nh3_pdb_65536"":{""bytes"":5308671,""sha256"":""a80e717b9abb39221c121bf3137135662e1b3c727e705e8f01e651720acd6dcc"",""state"":""file""},""nh3_pdb_8192"":{""bytes"":663807,""sha256"":""b0664469d3a8e84f71fbd848f1f0ffaca2cee3f4fd2100ed10f398e7c19a27e6"",""state"":""file""}},""metadata"":{""benchmark"":""el""}}",ec9f9176-c20b-4c6b-a2d3-efae9282f598,,,100,100,100,510000,5,a20b935ff5ea7a658e79117db4294b8a6bbc52ee9f52454a03d8cf8ed0834456,"{""batch_idx"":""int32"",""cell"":""float64"",""charges"":""float64"",""pbc"":""bool"",""positions"":""float64""}",capped_upstream_estimate,bounded_power_two_then_four_fft_snap,0.25,9.0,single_case,4e58a2e9fa72736adb36ec90791c46b626d69fb0e9c5ddf901d8cb4127b113f1,5.756582909001736,,
nh3,constant_workload,pme,torch,32768,4,131072,0.09810477029532193,10193184.255869813,4023.75048828125,5.184023857116699,10,3,torch_cuda_events,warmup_excluded,True,,,1e-06,5,arithmetic_mean,1.0103265771669576,"[0.01277730255126953,0.012898428344726562,0.012826477050781248,0.01290924835205078,0.012882485961914061]",,,,,not_measured,not_measured,shared_cell_k_squared,nan,nan,,energy_autograd,energy_forces_charge_gradients,True,True,False,131072,0,0.0,explicit,0.09645654261112213,69.7760009765625,3.637978807091713e-12,0.4129913543166487,9.0,,592,2.0,395,39020592,2,"{""compute_capability"":""9.0"",""driver"":""unavailable"",""memory_bytes"":99996401664,""name"":""NVIDIA H100 NVL""}","{""cuda"":""13.0"",""git_head"":""unavailable"",""jax"":""0.11.2"",""jaxlib"":""0.11.2"",""nvalchemi_toolkit_ops"":""0.5.0"",""python"":""3.12.3"",""source_sha256"":""4dfd278da46af31f54f8b7671e891073f8b10f8fa2cb28e7cf92bfeddd543638"",""torch"":""2.14.0+cu130"",""warp"":""1.17.0""}","{""gpu_uuid"":""c0995d85-1dea-1b19-7e58-9baa33a5f384"",""host"":""a1u1g-mil-0576""}","{""JAX_DISABLE_JIT"":""<unset>"",""JAX_DISABLE_JIT_ACTUAL"":""<not-imported>"",""JAX_ENABLE_X64"":""1"",""JAX_ENABLE_X64_ACTUAL"":""<not-imported>"",""JAX_PLATFORMS"":""<unset>"",""TF_GPU_ALLOCATOR"":""<unset>"",""XLA_FLAGS"":""<unset>"",""XLA_PYTHON_CLIENT_ALLOCATOR"":""<unset>"",""XLA_PYTHON_CLIENT_MEM_FRACTION"":""0.95"",""XLA_PYTHON_CLIENT_PREALLOCATE"":""<unset>""}","{""artifacts"":{""nh3_pdb_1024"":{""bytes"":83199,""sha256"":""cb99e65c2024c8b1a80a7ea1f4ff5b23ef76a5d153a2caeb4a0e3077b5239135"",""state"":""file""},""nh3_pdb_128"":{""bytes"":10623,""sha256"":""4b48182856ba92449fa52b61bf2f95c6ce28937a3cb3da6aec4f131a1216c760"",""state"":""file""},""nh3_pdb_131072"":{""bytes"":10617087,""sha256"":""d454eb5e6e9fe717e1c12c22e3fc749189deae022de05b0f6f83f9f4501bbb52"",""state"":""file""},""nh3_pdb_16384"":{""bytes"":1327359,""sha256"":""07f5683974f6bdad6798104cf7de5ddb670704f71b7e28715d957805124196b8"",""state"":""file""},""nh3_pdb_2048"":{""bytes"":166143,""sha256"":""7171f9c4d6bf3c819f96ddd11877441961f43096057863d0607070d97c5e5a16"",""state"":""file""},""nh3_pdb_256"":{""bytes"":20991,""sha256"":""870d35ef9d654b395f8eefcd897e002ff41b1327475879ff5b955080ecb91ee0"",""state"":""file""},""nh3_pdb_32768"":{""bytes"":2654463,""sha256"":""a193ff7fc7793ae1c9121af48f694b9cff6974a63e67029053ab9312f86cb9cc"",""state"":""file""},""nh3_pdb_4096"":{""bytes"":332031,""sha256"":""e6d9ba2e0f95a04ebbeb61682dcf615982860aaa336140fee7ba55698f68175c"",""state"":""file""},""nh3_pdb_512"":{""bytes"":41727,""sha256"":""76e8d0d71fd3d49a1d14bb1fcd0689b08241620df41c90a904be29c85a67934e"",""state"":""file""},""nh3_pdb_65536"":{""bytes"":5308671,""sha256"":""a80e717b9abb39221c121bf3137135662e1b3c727e705e8f01e651720acd6dcc"",""state"":""file""},""nh3_pdb_8192"":{""bytes"":663807,""sha256"":""b0664469d3a8e84f71fbd848f1f0ffaca2cee3f4fd2100ed10f398e7c19a27e6"",""state"":""file""}},""metadata"":{""benchmark"":""el""}}",ec9f9176-c20b-4c6b-a2d3-efae9282f598,,,320,320,320,16486400,5,a20b935ff5ea7a658e79117db4294b8a6bbc52ee9f52454a03d8cf8ed0834456,"{""batch_idx"":""int32"",""cell"":""float64"",""charges"":""float64"",""pbc"":""bool"",""positions"":""float64""}",capped_upstream_estimate,bounded_power_two_then_four_fft_snap,0.25,9.0,single_case,4e58a2e9fa72736adb36ec90791c46b626d69fb0e9c5ddf901d8cb4127b113f1,5.564286620996427,,
nh3,constant_workload,pme,torch,65536,2,131072,0.031752538634464145,31493544.863042917,134.50048828125,0.9101686477661133,10,3,torch_cuda_events,warmup_excluded,True,,,0.0001,5,arithmetic_mean,1.0014340045622916,"[0.004159443283081055,0.004163071823120117,0.004160543823242187,0.004160876846313477,0.004165407943725586]",,,,,not_measured,not_measured,shared_cell_k_squared,nan,nan,,energy_autograd,energy_forces_charge_gradients,True,True,False,131072,0,0.0,explicit,0.09645407646894455,87.91300201416016,7.275957614183426e-12,0.3372060287522547,9.0,,592,2.0,388,38994456,2,"{""compute_capability"":""9.0"",""driver"":""unavailable"",""memory_bytes"":99996401664,""name"":""NVIDIA H100 NVL""}","{""cuda"":""13.0"",""git_head"":""unavailable"",""jax"":""0.11.2"",""jaxlib"":""0.11.2"",""nvalchemi_toolkit_ops"":""0.5.0"",""python"":""3.12.3"",""source_sha256"":""4dfd278da46af31f54f8b7671e891073f8b10f8fa2cb28e7cf92bfeddd543638"",""torch"":""2.14.0+cu130"",""warp"":""1.17.0""}","{""gpu_uuid"":""c0995d85-1dea-1b19-7e58-9baa33a5f384"",""host"":""a1u1g-mil-0576""}","{""JAX_DISABLE_JIT"":""<unset>"",""JAX_DISABLE_JIT_ACTUAL"":""<not-imported>"",""JAX_ENABLE_X64"":""1"",""JAX_ENABLE_X64_ACTUAL"":""<not-imported>"",""JAX_PLATFORMS"":""<unset>"",""TF_GPU_ALLOCATOR"":""<unset>"",""XLA_FLAGS"":""<unset>"",""XLA_PYTHON_CLIENT_ALLOCATOR"":""<unset>"",""XLA_PYTHON_CLIENT_MEM_FRACTION"":""0.95"",""XLA_PYTHON_CLIENT_PREALLOCATE"":""<unset>""}","{""artifacts"":{""nh3_pdb_1024"":{""bytes"":83199,""sha256"":""cb99e65c2024c8b1a80a7ea1f4ff5b23ef76a5d153a2caeb4a0e3077b5239135"",""state"":""file""},""nh3_pdb_128"":{""bytes"":10623,""sha256"":""4b48182856ba92449fa52b61bf2f95c6ce28937a3cb3da6aec4f131a1216c760"",""state"":""file""},""nh3_pdb_131072"":{""bytes"":10617087,""sha256"":""d454eb5e6e9fe717e1c12c22e3fc749189deae022de05b0f6f83f9f4501bbb52"",""state"":""file""},""nh3_pdb_16384"":{""bytes"":1327359,""sha256"":""07f5683974f6bdad6798104cf7de5ddb670704f71b7e28715d957805124196b8"",""state"":""file""},""nh3_pdb_2048"":{""bytes"":166143,""sha256"":""7171f9c4d6bf3c819f96ddd11877441961f43096057863d0607070d97c5e5a16"",""state"":""file""},""nh3_pdb_256"":{""bytes"":20991,""sha256"":""870d35ef9d654b395f8eefcd897e002ff41b1327475879ff5b955080ecb91ee0"",""state"":""file""},""nh3_pdb_32768"":{""bytes"":2654463,""sha256"":""a193ff7fc7793ae1c9121af48f694b9cff6974a63e67029053ab9312f86cb9cc"",""state"":""file""},""nh3_pdb_4096"":{""bytes"":332031,""sha256"":""e6d9ba2e0f95a04ebbeb61682dcf615982860aaa336140fee7ba55698f68175c"",""state"":""file""},""nh3_pdb_512"":{""bytes"":41727,""sha256"":""76e8d0d71fd3d49a1d14bb1fcd0689b08241620df41c90a904be29c85a67934e"",""state"":""file""},""nh3_pdb_65536"":{""bytes"":5308671,""sha256"":""a80e717b9abb39221c121bf3137135662e1b3c727e705e8f01e651720acd6dcc"",""state"":""file""},""nh3_pdb_8192"":{""bytes"":663807,""sha256"":""b0664469d3a8e84f71fbd848f1f0ffaca2cee3f4fd2100ed10f398e7c19a27e6"",""state"":""file""}},""metadata"":{""benchmark"":""el""}}",ec9f9176-c20b-4c6b-a2d3-efae9282f598,,,128,128,128,1064960,5,c5df9e97ea6ef3a3da221979038c4441c03482791c8fe97cdaab9dc21bb5dfd4,"{""batch_idx"":""int32"",""cell"":""float64"",""charges"":""float64"",""pbc"":""bool"",""positions"":""float64""}",capped_upstream_estimate,bounded_power_two_then_four_fft_snap,0.25,9.0,single_case,4e58a2e9fa72736adb36ec90791c46b626d69fb0e9c5ddf901d8cb4127b113f1,5.119235245991149,,
nh3,constant_workload,pme,torch,65536,2,131072,0.08877124520950021,11264909.010119203,3474.50048828125,4.580095291137695,10,3,torch_cuda_events,warmup_excluded,True,,,1e-06,5,arithmetic_mean,1.007960334498402,"[0.011586608123779298,0.011661023712158203,0.011621900939941407,0.011678841400146484,0.011628749084472655]",,,,,not_measured,not_measured,shared_cell_k_squared,nan,nan,,energy_autograd,energy_forces_charge_gradients,True,True,False,131072,0,0.0,explicit,0.09645407646894455,87.91300201416016,7.275957614183426e-12,0.4129913543166487,9.0,,592,2.0,388,38994456,2,"{""compute_capability"":""9.0"",""driver"":""unavailable"",""memory_bytes"":99996401664,""name"":""NVIDIA H100 NVL""}","{""cuda"":""13.0"",""git_head"":""unavailable"",""jax"":""0.11.2"",""jaxlib"":""0.11.2"",""nvalchemi_toolkit_ops"":""0.5.0"",""python"":""3.12.3"",""source_sha256"":""4dfd278da46af31f54f8b7671e891073f8b10f8fa2cb28e7cf92bfeddd543638"",""torch"":""2.14.0+cu130"",""warp"":""1.17.0""}","{""gpu_uuid"":""c0995d85-1dea-1b19-7e58-9baa33a5f384"",""host"":""a1u1g-mil-0576""}","{""JAX_DISABLE_JIT"":""<unset>"",""JAX_DISABLE_JIT_ACTUAL"":""<not-imported>"",""JAX_ENABLE_X64"":""1"",""JAX_ENABLE_X64_ACTUAL"":""<not-imported>"",""JAX_PLATFORMS"":""<unset>"",""TF_GPU_ALLOCATOR"":""<unset>"",""XLA_FLAGS"":""<unset>"",""XLA_PYTHON_CLIENT_ALLOCATOR"":""<unset>"",""XLA_PYTHON_CLIENT_MEM_FRACTION"":""0.95"",""XLA_PYTHON_CLIENT_PREALLOCATE"":""<unset>""}","{""artifacts"":{""nh3_pdb_1024"":{""bytes"":83199,""sha256"":""cb99e65c2024c8b1a80a7ea1f4ff5b23ef76a5d153a2caeb4a0e3077b5239135"",""state"":""file""},""nh3_pdb_128"":{""bytes"":10623,""sha256"":""4b48182856ba92449fa52b61bf2f95c6ce28937a3cb3da6aec4f131a1216c760"",""state"":""file""},""nh3_pdb_131072"":{""bytes"":10617087,""sha256"":""d454eb5e6e9fe717e1c12c22e3fc749189deae022de05b0f6f83f9f4501bbb52"",""state"":""file""},""nh3_pdb_16384"":{""bytes"":1327359,""sha256"":""07f5683974f6bdad6798104cf7de5ddb670704f71b7e28715d957805124196b8"",""state"":""file""},""nh3_pdb_2048"":{""bytes"":166143,""sha256"":""7171f9c4d6bf3c819f96ddd11877441961f43096057863d0607070d97c5e5a16"",""state"":""file""},""nh3_pdb_256"":{""bytes"":20991,""sha256"":""870d35ef9d654b395f8eefcd897e002ff41b1327475879ff5b955080ecb91ee0"",""state"":""file""},""nh3_pdb_32768"":{""bytes"":2654463,""sha256"":""a193ff7fc7793ae1c9121af48f694b9cff6974a63e67029053ab9312f86cb9cc"",""state"":""file""},""nh3_pdb_4096"":{""bytes"":332031,""sha256"":""e6d9ba2e0f95a04ebbeb61682dcf615982860aaa336140fee7ba55698f68175c"",""state"":""file""},""nh3_pdb_512"":{""bytes"":41727,""sha256"":""76e8d0d71fd3d49a1d14bb1fcd0689b08241620df41c90a904be29c85a67934e"",""state"":""file""},""nh3_pdb_65536"":{""bytes"":5308671,""sha256"":""a80e717b9abb39221c121bf3137135662e1b3c727e705e8f01e651720acd6dcc"",""state"":""file""},""nh3_pdb_8192"":{""bytes"":663807,""sha256"":""b0664469d3a8e84f71fbd848f1f0ffaca2cee3f4fd2100ed10f398e7c19a27e6"",""state"":""file""}},""metadata"":{""benchmark"":""el""}}",ec9f9176-c20b-4c6b-a2d3-efae9282f598,,,384,384,384,28459008,5,c5df9e97ea6ef3a3da221979038c4441c03482791c8fe97cdaab9dc21bb5dfd4,"{""batch_idx"":""int32"",""cell"":""float64"",""charges"":""float64"",""pbc"":""bool"",""positions"":""float64""}",capped_upstream_estimate,bounded_power_two_then_four_fft_snap,0.25,9.0,single_case,4e58a2e9fa72736adb36ec90791c46b626d69fb0e9c5ddf901d8cb4127b113f1,5.564600594007061,,
nh3,constant_workload,pme,torch,131072,1,131072,0.02765902783721685,36154560.66949834,131.17236328125,0.9057807922363281,10,3,torch_cuda_events,warmup_excluded,True,,,0.0001,5,arithmetic_mean,1.0022603026923516,"[0.0036281150817871095,0.0036261119842529296,0.003625612640380859,0.0036268478393554687,0.0036199329376220704]",,,,,not_measured,not_measured,k_squared_only,nan,nan,,energy_autograd,energy_forces_charge_gradients,True,True,False,131072,0,0.0,explicit,0.09645523130893707,110.76300048828125,1.4551915228366852e-11,0.3372060287522547,9.0,,592,2.0,395,38930114,2,"{""compute_capability"":""9.0"",""driver"":""unavailable"",""memory_bytes"":99996401664,""name"":""NVIDIA H100 NVL""}","{""cuda"":""13.0"",""git_head"":""unavailable"",""jax"":""0.11.2"",""jaxlib"":""0.11.2"",""nvalchemi_toolkit_ops"":""0.5.0"",""python"":""3.12.3"",""source_sha256"":""4dfd278da46af31f54f8b7671e891073f8b10f8fa2cb28e7cf92bfeddd543638"",""torch"":""2.14.0+cu130"",""warp"":""1.17.0""}","{""gpu_uuid"":""c0995d85-1dea-1b19-7e58-9baa33a5f384"",""host"":""a1u1g-mil-0576""}","{""JAX_DISABLE_JIT"":""<unset>"",""JAX_DISABLE_JIT_ACTUAL"":""<not-imported>"",""JAX_ENABLE_X64"":""1"",""JAX_ENABLE_X64_ACTUAL"":""<not-imported>"",""JAX_PLATFORMS"":""<unset>"",""TF_GPU_ALLOCATOR"":""<unset>"",""XLA_FLAGS"":""<unset>"",""XLA_PYTHON_CLIENT_ALLOCATOR"":""<unset>"",""XLA_PYTHON_CLIENT_MEM_FRACTION"":""0.95"",""XLA_PYTHON_CLIENT_PREALLOCATE"":""<unset>""}","{""artifacts"":{""nh3_pdb_1024"":{""bytes"":83199,""sha256"":""cb99e65c2024c8b1a80a7ea1f4ff5b23ef76a5d153a2caeb4a0e3077b5239135"",""state"":""file""},""nh3_pdb_128"":{""bytes"":10623,""sha256"":""4b48182856ba92449fa52b61bf2f95c6ce28937a3cb3da6aec4f131a1216c760"",""state"":""file""},""nh3_pdb_131072"":{""bytes"":10617087,""sha256"":""d454eb5e6e9fe717e1c12c22e3fc749189deae022de05b0f6f83f9f4501bbb52"",""state"":""file""},""nh3_pdb_16384"":{""bytes"":1327359,""sha256"":""07f5683974f6bdad6798104cf7de5ddb670704f71b7e28715d957805124196b8"",""state"":""file""},""nh3_pdb_2048"":{""bytes"":166143,""sha256"":""7171f9c4d6bf3c819f96ddd11877441961f43096057863d0607070d97c5e5a16"",""state"":""file""},""nh3_pdb_256"":{""bytes"":20991,""sha256"":""870d35ef9d654b395f8eefcd897e002ff41b1327475879ff5b955080ecb91ee0"",""state"":""file""},""nh3_pdb_32768"":{""bytes"":2654463,""sha256"":""a193ff7fc7793ae1c9121af48f694b9cff6974a63e67029053ab9312f86cb9cc"",""state"":""file""},""nh3_pdb_4096"":{""bytes"":332031,""sha256"":""e6d9ba2e0f95a04ebbeb61682dcf615982860aaa336140fee7ba55698f68175c"",""state"":""file""},""nh3_pdb_512"":{""bytes"":41727,""sha256"":""76e8d0d71fd3d49a1d14bb1fcd0689b08241620df41c90a904be29c85a67934e"",""state"":""file""},""nh3_pdb_65536"":{""bytes"":5308671,""sha256"":""a80e717b9abb39221c121bf3137135662e1b3c727e705e8f01e651720acd6dcc"",""state"":""file""},""nh3_pdb_8192"":{""bytes"":663807,""sha256"":""b0664469d3a8e84f71fbd848f1f0ffaca2cee3f4fd2100ed10f398e7c19a27e6"",""state"":""file""}},""metadata"":{""benchmark"":""el""}}",ec9f9176-c20b-4c6b-a2d3-efae9282f598,,,160,160,160,2073600,5,88ca7c9f1022d24e9613a4e335ee5c0700c98904d5191040314824d6b9d2a8e8,"{""batch_idx"":""int32"",""cell"":""float64"",""charges"":""float64"",""pbc"":""bool"",""positions"":""float64""}",capped_upstream_estimate,bounded_power_two_then_four_fft_snap,0.25,9.0,single_case,4e58a2e9fa72736adb36ec90791c46b626d69fb0e9c5ddf901d8cb4127b113f1,5.7727016849967185,,
nh3,constant_workload,pme,torch,131072,1,131072,0.08449629880487917,11834837.905849857,4113.00048828125,5.280794620513916,10,3,torch_cuda_events,warmup_excluded,True,,,1e-06,5,arithmetic_mean,1.0121368559121018,"[0.010988796997070314,0.011111321258544922,0.011090787506103515,0.011062422180175781,0.011122166442871093]",,,,,not_measured,not_measured,k_squared_only,nan,nan,,energy_autograd,energy_forces_charge_gradients,True,True,False,131072,0,0.0,explicit,0.09645523130893707,110.76300048828125,1.4551915228366852e-11,0.4129913543166487,9.0,,592,2.0,395,38930114,2,"{""compute_capability"":""9.0"",""driver"":""unavailable"",""memory_bytes"":99996401664,""name"":""NVIDIA H100 NVL""}","{""cuda"":""13.0"",""git_head"":""unavailable"",""jax"":""0.11.2"",""jaxlib"":""0.11.2"",""nvalchemi_toolkit_ops"":""0.5.0"",""python"":""3.12.3"",""source_sha256"":""4dfd278da46af31f54f8b7671e891073f8b10f8fa2cb28e7cf92bfeddd543638"",""torch"":""2.14.0+cu130"",""warp"":""1.17.0""}","{""gpu_uuid"":""c0995d85-1dea-1b19-7e58-9baa33a5f384"",""host"":""a1u1g-mil-0576""}","{""JAX_DISABLE_JIT"":""<unset>"",""JAX_DISABLE_JIT_ACTUAL"":""<not-imported>"",""JAX_ENABLE_X64"":""1"",""JAX_ENABLE_X64_ACTUAL"":""<not-imported>"",""JAX_PLATFORMS"":""<unset>"",""TF_GPU_ALLOCATOR"":""<unset>"",""XLA_FLAGS"":""<unset>"",""XLA_PYTHON_CLIENT_ALLOCATOR"":""<unset>"",""XLA_PYTHON_CLIENT_MEM_FRACTION"":""0.95"",""XLA_PYTHON_CLIENT_PREALLOCATE"":""<unset>""}","{""artifacts"":{""nh3_pdb_1024"":{""bytes"":83199,""sha256"":""cb99e65c2024c8b1a80a7ea1f4ff5b23ef76a5d153a2caeb4a0e3077b5239135"",""state"":""file""},""nh3_pdb_128"":{""bytes"":10623,""sha256"":""4b48182856ba92449fa52b61bf2f95c6ce28937a3cb3da6aec4f131a1216c760"",""state"":""file""},""nh3_pdb_131072"":{""bytes"":10617087,""sha256"":""d454eb5e6e9fe717e1c12c22e3fc749189deae022de05b0f6f83f9f4501bbb52"",""state"":""file""},""nh3_pdb_16384"":{""bytes"":1327359,""sha256"":""07f5683974f6bdad6798104cf7de5ddb670704f71b7e28715d957805124196b8"",""state"":""file""},""nh3_pdb_2048"":{""bytes"":166143,""sha256"":""7171f9c4d6bf3c819f96ddd11877441961f43096057863d0607070d97c5e5a16"",""state"":""file""},""nh3_pdb_256"":{""bytes"":20991,""sha256"":""870d35ef9d654b395f8eefcd897e002ff41b1327475879ff5b955080ecb91ee0"",""state"":""file""},""nh3_pdb_32768"":{""bytes"":2654463,""sha256"":""a193ff7fc7793ae1c9121af48f694b9cff6974a63e67029053ab9312f86cb9cc"",""state"":""file""},""nh3_pdb_4096"":{""bytes"":332031,""sha256"":""e6d9ba2e0f95a04ebbeb61682dcf615982860aaa336140fee7ba55698f68175c"",""state"":""file""},""nh3_pdb_512"":{""bytes"":41727,""sha256"":""76e8d0d71fd3d49a1d14bb1fcd0689b08241620df41c90a904be29c85a67934e"",""state"":""file""},""nh3_pdb_65536"":{""bytes"":5308671,""sha256"":""a80e717b9abb39221c121bf3137135662e1b3c727e705e8f01e651720acd6dcc"",""state"":""file""},""nh3_pdb_8192"":{""bytes"":663807,""sha256"":""b0664469d3a8e84f71fbd848f1f0ffaca2cee3f4fd2100ed10f398e7c19a27e6"",""state"":""file""}},""metadata"":{""benchmark"":""el""}}",ec9f9176-c20b-4c6b-a2d3-efae9282f598,,,512,512,512,67371008,5,88ca7c9f1022d24e9613a4e335ee5c0700c98904d5191040314824d6b9d2a8e8,"{""batch_idx"":""int32"",""cell"":""float64"",""charges"":""float64"",""pbc"":""bool"",""positions"":""float64""}",capped_upstream_estimate,bounded_power_two_then_four_fft_snap,0.25,9.0,single_case,4e58a2e9fa72736adb36ec90791c46b626d69fb0e9c5ddf901d8cb4127b113f1,5.4924721459974535,,
nh3,constant_workload,pme,torch,128,1024,131072,0.020743920758832246,48206894.52230118,151.8828125,0.786839485168457,10,3,torch_cuda_events,warmup_excluded,True,,,0.0001,5,arithmetic_mean,1.0127918250183137,"[0.0027324960708618165,0.002714803123474121,0.0026979839324951173,0.0027184288024902346,0.002731023979187012]",,,,,not_measured,not_measured,shared_cell_k_squared,nan,nan,,energy_autograd,energy_forces_charge_gradients,True,True,False,131072,0,0.0,explicit,0.09645736962556839,10.98900032043457,1.4210854715202004e-14,0.36209156829700845,8.381455202185014,,480,2.0,258,31004672,2,"{""compute_capability"":""9.0"",""driver"":""unavailable"",""memory_bytes"":99996401664,""name"":""NVIDIA H100 NVL""}","{""cuda"":""13.0"",""git_head"":""unavailable"",""jax"":""0.11.2"",""jaxlib"":""0.11.2"",""nvalchemi_toolkit_ops"":""0.5.0"",""python"":""3.12.3"",""source_sha256"":""4dfd278da46af31f54f8b7671e891073f8b10f8fa2cb28e7cf92bfeddd543638"",""torch"":""2.14.0+cu130"",""warp"":""1.17.0""}","{""gpu_uuid"":""c0995d85-1dea-1b19-7e58-9baa33a5f384"",""host"":""a1u1g-mil-0576""}","{""JAX_DISABLE_JIT"":""<unset>"",""JAX_DISABLE_JIT_ACTUAL"":""<not-imported>"",""JAX_ENABLE_X64"":""1"",""JAX_ENABLE_X64_ACTUAL"":""<not-imported>"",""JAX_PLATFORMS"":""<unset>"",""TF_GPU_ALLOCATOR"":""<unset>"",""XLA_FLAGS"":""<unset>"",""XLA_PYTHON_CLIENT_ALLOCATOR"":""<unset>"",""XLA_PYTHON_CLIENT_MEM_FRACTION"":""0.95"",""XLA_PYTHON_CLIENT_PREALLOCATE"":""<unset>""}","{""artifacts"":{""nh3_pdb_1024"":{""bytes"":83199,""sha256"":""cb99e65c2024c8b1a80a7ea1f4ff5b23ef76a5d153a2caeb4a0e3077b5239135"",""state"":""file""},""nh3_pdb_128"":{""bytes"":10623,""sha256"":""4b48182856ba92449fa52b61bf2f95c6ce28937a3cb3da6aec4f131a1216c760"",""state"":""file""},""nh3_pdb_131072"":{""bytes"":10617087,""sha256"":""d454eb5e6e9fe717e1c12c22e3fc749189deae022de05b0f6f83f9f4501bbb52"",""state"":""file""},""nh3_pdb_16384"":{""bytes"":1327359,""sha256"":""07f5683974f6bdad6798104cf7de5ddb670704f71b7e28715d957805124196b8"",""state"":""file""},""nh3_pdb_2048"":{""bytes"":166143,""sha256"":""7171f9c4d6bf3c819f96ddd11877441961f43096057863d0607070d97c5e5a16"",""state"":""file""},""nh3_pdb_256"":{""bytes"":20991,""sha256"":""870d35ef9d654b395f8eefcd897e002ff41b1327475879ff5b955080ecb91ee0"",""state"":""file""},""nh3_pdb_32768"":{""bytes"":2654463,""sha256"":""a193ff7fc7793ae1c9121af48f694b9cff6974a63e67029053ab9312f86cb9cc"",""state"":""file""},""nh3_pdb_4096"":{""bytes"":332031,""sha256"":""e6d9ba2e0f95a04ebbeb61682dcf615982860aaa336140fee7ba55698f68175c"",""state"":""file""},""nh3_pdb_512"":{""bytes"":41727,""sha256"":""76e8d0d71fd3d49a1d14bb1fcd0689b08241620df41c90a904be29c85a67934e"",""state"":""file""},""nh3_pdb_65536"":{""bytes"":5308671,""sha256"":""a80e717b9abb39221c121bf3137135662e1b3c727e705e8f01e651720acd6dcc"",""state"":""file""},""nh3_pdb_8192"":{""bytes"":663807,""sha256"":""b0664469d3a8e84f71fbd848f1f0ffaca2cee3f4fd2100ed10f398e7c19a27e6"",""state"":""file""}},""metadata"":{""benchmark"":""el""}}",ec9f9176-c20b-4c6b-a2d3-efae9282f598,,,18,18,18,3240,5,e0130264487bb8a085056b3f3fd4f66ddc69a715ad54cf8d5886a804bd0f37c7,"{""batch_idx"":""int32"",""cell"":""float64"",""charges"":""float64"",""pbc"":""bool"",""positions"":""float64""}",capped_upstream_estimate,bounded_power_two_then_four_fft_snap,0.25,9.0,single_case,4e58a2e9fa72736adb36ec90791c46b626d69fb0e9c5ddf901d8cb4127b113f1,9.66768533999857,,
nh3,constant_workload,pme,torch,128,1024,131072,0.07302923360839486,13693146.574182972,3569.0703125,4.673962593078613,10,3,torch_cuda_events,warmup_excluded,True,,,1e-06,5,arithmetic_mean,1.021298329937993,"[0.009454707336425781,0.00965607681274414,0.009610345458984374,0.00960627212524414,0.00953303680419922]",,,,,not_measured,not_measured,shared_cell_k_squared,nan,nan,,energy_autograd,energy_forces_charge_gradients,True,True,False,131072,0,0.0,explicit,0.09645736962556839,10.98900032043457,1.4210854715202004e-14,0.4129913543166487,9.0,,592,2.0,311,38264832,2,"{""compute_capability"":""9.0"",""driver"":""unavailable"",""memory_bytes"":99996401664,""name"":""NVIDIA H100 NVL""}","{""cuda"":""13.0"",""git_head"":""unavailable"",""jax"":""0.11.2"",""jaxlib"":""0.11.2"",""nvalchemi_toolkit_ops"":""0.5.0"",""python"":""3.12.3"",""source_sha256"":""4dfd278da46af31f54f8b7671e891073f8b10f8fa2cb28e7cf92bfeddd543638"",""torch"":""2.14.0+cu130"",""warp"":""1.17.0""}","{""gpu_uuid"":""c0995d85-1dea-1b19-7e58-9baa33a5f384"",""host"":""a1u1g-mil-0576""}","{""JAX_DISABLE_JIT"":""<unset>"",""JAX_DISABLE_JIT_ACTUAL"":""<not-imported>"",""JAX_ENABLE_X64"":""1"",""JAX_ENABLE_X64_ACTUAL"":""<not-imported>"",""JAX_PLATFORMS"":""<unset>"",""TF_GPU_ALLOCATOR"":""<unset>"",""XLA_FLAGS"":""<unset>"",""XLA_PYTHON_CLIENT_ALLOCATOR"":""<unset>"",""XLA_PYTHON_CLIENT_MEM_FRACTION"":""0.95"",""XLA_PYTHON_CLIENT_PREALLOCATE"":""<unset>""}","{""artifacts"":{""nh3_pdb_1024"":{""bytes"":83199,""sha256"":""cb99e65c2024c8b1a80a7ea1f4ff5b23ef76a5d153a2caeb4a0e3077b5239135"",""state"":""file""},""nh3_pdb_128"":{""bytes"":10623,""sha256"":""4b48182856ba92449fa52b61bf2f95c6ce28937a3cb3da6aec4f131a1216c760"",""state"":""file""},""nh3_pdb_131072"":{""bytes"":10617087,""sha256"":""d454eb5e6e9fe717e1c12c22e3fc749189deae022de05b0f6f83f9f4501bbb52"",""state"":""file""},""nh3_pdb_16384"":{""bytes"":1327359,""sha256"":""07f5683974f6bdad6798104cf7de5ddb670704f71b7e28715d957805124196b8"",""state"":""file""},""nh3_pdb_2048"":{""bytes"":166143,""sha256"":""7171f9c4d6bf3c819f96ddd11877441961f43096057863d0607070d97c5e5a16"",""state"":""file""},""nh3_pdb_256"":{""bytes"":20991,""sha256"":""870d35ef9d654b395f8eefcd897e002ff41b1327475879ff5b955080ecb91ee0"",""state"":""file""},""nh3_pdb_32768"":{""bytes"":2654463,""sha256"":""a193ff7fc7793ae1c9121af48f694b9cff6974a63e67029053ab9312f86cb9cc"",""state"":""file""},""nh3_pdb_4096"":{""bytes"":332031,""sha256"":""e6d9ba2e0f95a04ebbeb61682dcf615982860aaa336140fee7ba55698f68175c"",""state"":""file""},""nh3_pdb_512"":{""bytes"":41727,""sha256"":""76e8d0d71fd3d49a1d14bb1fcd0689b08241620df41c90a904be29c85a67934e"",""state"":""file""},""nh3_pdb_65536"":{""bytes"":5308671,""sha256"":""a80e717b9abb39221c121bf3137135662e1b3c727e705e8f01e651720acd6dcc"",""state"":""file""},""nh3_pdb_8192"":{""bytes"":663807,""sha256"":""b0664469d3a8e84f71fbd848f1f0ffaca2cee3f4fd2100ed10f398e7c19a27e6"",""state"":""file""}},""metadata"":{""benchmark"":""el""}}",ec9f9176-c20b-4c6b-a2d3-efae9282f598,,,48,48,48,57600,5,e0130264487bb8a085056b3f3fd4f66ddc69a715ad54cf8d5886a804bd0f37c7,"{""batch_idx"":""int32"",""cell"":""float64"",""charges"":""float64"",""pbc"":""bool"",""positions"":""float64""}",capped_upstream_estimate,bounded_power_two_then_four_fft_snap,0.25,9.0,single_case,4e58a2e9fa72736adb36ec90791c46b626d69fb0e9c5ddf901d8cb4127b113f1,5.433384176998516,,
nh3,constant_workload,pme,torch,256,512,131072,0.024139062443282452,41426629.652647726,139.41015625,0.9088587760925293,10,3,torch_cuda_events,warmup_excluded,True,,,0.0001,5,arithmetic_mean,1.0183672734958378,"[0.0031855840682983396,0.003156831932067871,0.0031898912429809572,0.0031323583602905275,0.003155110359191895]",,,,,not_measured,not_measured,shared_cell_k_squared,nan,nan,,energy_autograd,energy_forces_charge_gradients,True,True,False,131072,0,0.0,explicit,0.09646306931972504,13.84500026702881,2.842170943040401e-14,0.3372060287522547,9.0,,592,2.0,319,38639616,2,"{""compute_capability"":""9.0"",""driver"":""unavailable"",""memory_bytes"":99996401664,""name"":""NVIDIA H100 NVL""}","{""cuda"":""13.0"",""git_head"":""unavailable"",""jax"":""0.11.2"",""jaxlib"":""0.11.2"",""nvalchemi_toolkit_ops"":""0.5.0"",""python"":""3.12.3"",""source_sha256"":""4dfd278da46af31f54f8b7671e891073f8b10f8fa2cb28e7cf92bfeddd543638"",""torch"":""2.14.0+cu130"",""warp"":""1.17.0""}","{""gpu_uuid"":""c0995d85-1dea-1b19-7e58-9baa33a5f384"",""host"":""a1u1g-mil-0576""}","{""JAX_DISABLE_JIT"":""<unset>"",""JAX_DISABLE_JIT_ACTUAL"":""<not-imported>"",""JAX_ENABLE_X64"":""1"",""JAX_ENABLE_X64_ACTUAL"":""<not-imported>"",""JAX_PLATFORMS"":""<unset>"",""TF_GPU_ALLOCATOR"":""<unset>"",""XLA_FLAGS"":""<unset>"",""XLA_PYTHON_CLIENT_ALLOCATOR"":""<unset>"",""XLA_PYTHON_CLIENT_MEM_FRACTION"":""0.95"",""XLA_PYTHON_CLIENT_PREALLOCATE"":""<unset>""}","{""artifacts"":{""nh3_pdb_1024"":{""bytes"":83199,""sha256"":""cb99e65c2024c8b1a80a7ea1f4ff5b23ef76a5d153a2caeb4a0e3077b5239135"",""state"":""file""},""nh3_pdb_128"":{""bytes"":10623,""sha256"":""4b48182856ba92449fa52b61bf2f95c6ce28937a3cb3da6aec4f131a1216c760"",""state"":""file""},""nh3_pdb_131072"":{""bytes"":10617087,""sha256"":""d454eb5e6e9fe717e1c12c22e3fc749189deae022de05b0f6f83f9f4501bbb52"",""state"":""file""},""nh3_pdb_16384"":{""bytes"":1327359,""sha256"":""07f5683974f6bdad6798104cf7de5ddb670704f71b7e28715d957805124196b8"",""state"":""file""},""nh3_pdb_2048"":{""bytes"":166143,""sha256"":""7171f9c4d6bf3c819f96ddd11877441961f43096057863d0607070d97c5e5a16"",""state"":""file""},""nh3_pdb_256"":{""bytes"":20991,""sha256"":""870d35ef9d654b395f8eefcd897e002ff41b1327475879ff5b955080ecb91ee0"",""state"":""file""},""nh3_pdb_32768"":{""bytes"":2654463,""sha256"":""a193ff7fc7793ae1c9121af48f694b9cff6974a63e67029053ab9312f86cb9cc"",""state"":""file""},""nh3_pdb_4096"":{""bytes"":332031,""sha256"":""e6d9ba2e0f95a04ebbeb61682dcf615982860aaa336140fee7ba55698f68175c"",""state"":""file""},""nh3_pdb_512"":{""bytes"":41727,""sha256"":""76e8d0d71fd3d49a1d14bb1fcd0689b08241620df41c90a904be29c85a67934e"",""state"":""file""},""nh3_pdb_65536"":{""bytes"":5308671,""sha256"":""a80e717b9abb39221c121bf3137135662e1b3c727e705e8f01e651720acd6dcc"",""state"":""file""},""nh3_pdb_8192"":{""bytes"":663807,""sha256"":""b0664469d3a8e84f71fbd848f1f0ffaca2cee3f4fd2100ed10f398e7c19a27e6"",""state"":""file""}},""metadata"":{""benchmark"":""el""}}",ec9f9176-c20b-4c6b-a2d3-efae9282f598,,,20,20,20,4400,5,d5863d81a300d151817a7ce2a1e35b7a6d09f27a10c05f4ab866bb5fbfa039e6,"{""batch_idx"":""int32"",""cell"":""float64"",""charges"":""float64"",""pbc"":""bool"",""positions"":""float64""}",capped_upstream_estimate,bounded_power_two_then_four_fft_snap,0.25,9.0,single_case,4e58a2e9fa72736adb36ec90791c46b626d69fb0e9c5ddf901d8cb4127b113f1,5.019452193999314,,
nh3,constant_workload,pme,torch,256,512,131072,0.08149073808453977,12271333.203076212,4197.03515625,5.370223522186279,10,3,torch_cuda_events,warmup_excluded,True,,,1e-06,5,arithmetic_mean,1.0158267046220686,"[0.010580601501464844,0.010667241668701172,0.010704358673095703,0.010748057556152343,0.010705510711669922]",,,,,not_measured,not_measured,shared_cell_k_squared,nan,nan,,energy_autograd,energy_forces_charge_gradients,True,True,False,131072,0,0.0,explicit,0.09646306931972504,13.84500026702881,2.842170943040401e-14,0.4129913543166487,9.0,,592,2.0,319,38639616,2,"{""compute_capability"":""9.0"",""driver"":""unavailable"",""memory_bytes"":99996401664,""name"":""NVIDIA H100 NVL""}","{""cuda"":""13.0"",""git_head"":""unavailable"",""jax"":""0.11.2"",""jaxlib"":""0.11.2"",""nvalchemi_toolkit_ops"":""0.5.0"",""python"":""3.12.3"",""source_sha256"":""4dfd278da46af31f54f8b7671e891073f8b10f8fa2cb28e7cf92bfeddd543638"",""torch"":""2.14.0+cu130"",""warp"":""1.17.0""}","{""gpu_uuid"":""c0995d85-1dea-1b19-7e58-9baa33a5f384"",""host"":""a1u1g-mil-0576""}","{""JAX_DISABLE_JIT"":""<unset>"",""JAX_DISABLE_JIT_ACTUAL"":""<not-imported>"",""JAX_ENABLE_X64"":""1"",""JAX_ENABLE_X64_ACTUAL"":""<not-imported>"",""JAX_PLATFORMS"":""<unset>"",""TF_GPU_ALLOCATOR"":""<unset>"",""XLA_FLAGS"":""<unset>"",""XLA_PYTHON_CLIENT_ALLOCATOR"":""<unset>"",""XLA_PYTHON_CLIENT_MEM_FRACTION"":""0.95"",""XLA_PYTHON_CLIENT_PREALLOCATE"":""<unset>""}","{""artifacts"":{""nh3_pdb_1024"":{""bytes"":83199,""sha256"":""cb99e65c2024c8b1a80a7ea1f4ff5b23ef76a5d153a2caeb4a0e3077b5239135"",""state"":""file""},""nh3_pdb_128"":{""bytes"":10623,""sha256"":""4b48182856ba92449fa52b61bf2f95c6ce28937a3cb3da6aec4f131a1216c760"",""state"":""file""},""nh3_pdb_131072"":{""bytes"":10617087,""sha256"":""d454eb5e6e9fe717e1c12c22e3fc749189deae022de05b0f6f83f9f4501bbb52"",""state"":""file""},""nh3_pdb_16384"":{""bytes"":1327359,""sha256"":""07f5683974f6bdad6798104cf7de5ddb670704f71b7e28715d957805124196b8"",""state"":""file""},""nh3_pdb_2048"":{""bytes"":166143,""sha256"":""7171f9c4d6bf3c819f96ddd11877441961f43096057863d0607070d97c5e5a16"",""state"":""file""},""nh3_pdb_256"":{""bytes"":20991,""sha256"":""870d35ef9d654b395f8eefcd897e002ff41b1327475879ff5b955080ecb91ee0"",""state"":""file""},""nh3_pdb_32768"":{""bytes"":2654463,""sha256"":""a193ff7fc7793ae1c9121af48f694b9cff6974a63e67029053ab9312f86cb9cc"",""state"":""file""},""nh3_pdb_4096"":{""bytes"":332031,""sha256"":""e6d9ba2e0f95a04ebbeb61682dcf615982860aaa336140fee7ba55698f68175c"",""state"":""file""},""nh3_pdb_512"":{""bytes"":41727,""sha256"":""76e8d0d71fd3d49a1d14bb1fcd0689b08241620df41c90a904be29c85a67934e"",""state"":""file""},""nh3_pdb_65536"":{""bytes"":5308671,""sha256"":""a80e717b9abb39221c121bf3137135662e1b3c727e705e8f01e651720acd6dcc"",""state"":""file""},""nh3_pdb_8192"":{""bytes"":663807,""sha256"":""b0664469d3a8e84f71fbd848f1f0ffaca2cee3f4fd2100ed10f398e7c19a27e6"",""state"":""file""}},""metadata"":{""benchmark"":""el""}}",ec9f9176-c20b-4c6b-a2d3-efae9282f598,,,64,64,64,135168,5,d5863d81a300d151817a7ce2a1e35b7a6d09f27a10c05f4ab866bb5fbfa039e6,"{""batch_idx"":""int32"",""cell"":""float64"",""charges"":""float64"",""pbc"":""bool"",""positions"":""float64""}",capped_upstream_estimate,bounded_power_two_then_four_fft_snap,0.25,9.0,single_case,4e58a2e9fa72736adb36ec90791c46b626d69fb0e9c5ddf901d8cb4127b113f1,5.434345271991333,,
nh3,constant_workload,ewald,jax,128,1024,131072,0.12096247207660228,8267026.812801303,nan,nan,10,3,jax_wall_block_until_ready,warmup_excluded,True,,,0.0001,5,arithmetic_mean,1.002293789454727,"[0.015847492899956704,0.01583148790014093,0.01586780200013891,0.015865241000028618,0.0158619418998569]",,,,,not_measured,not_measured,,nan,nan,364,energy_autograd,energy_forces_charge_gradients,True,True,False,131072,0,0.0,explicit,0.09645736962556839,10.98900032043457,1.4210854715202004e-14,0.36209156829700856,8.381455202185013,2.1977902762219816,480,2.0,258,31004672,2,"{""compute_capability"":""9.0"",""driver"":""unavailable"",""memory_bytes"":99996401664,""name"":""NVIDIA H100 NVL""}","{""cuda"":""13.0"",""git_head"":""unavailable"",""jax"":""0.10.1"",""jaxlib"":""0.10.1"",""nvalchemi_toolkit_ops"":""0.5.0"",""python"":""3.12.3"",""source_sha256"":""4dfd278da46af31f54f8b7671e891073f8b10f8fa2cb28e7cf92bfeddd543638"",""torch"":""2.14.0+cu130"",""warp"":""1.17.0""}","{""gpu_uuid"":""b86b304e-698a-30bd-d46b-23da3dc3658e"",""host"":""ipp2-1738""}","{""JAX_DISABLE_JIT"":""<unset>"",""JAX_DISABLE_JIT_ACTUAL"":""False"",""JAX_ENABLE_X64"":""1"",""JAX_ENABLE_X64_ACTUAL"":""True"",""JAX_PLATFORMS"":""<unset>"",""TF_GPU_ALLOCATOR"":""<unset>"",""XLA_FLAGS"":""<unset>"",""XLA_PYTHON_CLIENT_ALLOCATOR"":""<unset>"",""XLA_PYTHON_CLIENT_MEM_FRACTION"":""0.95"",""XLA_PYTHON_CLIENT_PREALLOCATE"":""<unset>""}","{""artifacts"":{""nh3_pdb_1024"":{""bytes"":83199,""sha256"":""cb99e65c2024c8b1a80a7ea1f4ff5b23ef76a5d153a2caeb4a0e3077b5239135"",""state"":""file""},""nh3_pdb_128"":{""bytes"":10623,""sha256"":""4b48182856ba92449fa52b61bf2f95c6ce28937a3cb3da6aec4f131a1216c760"",""state"":""file""},""nh3_pdb_131072"":{""bytes"":10617087,""sha256"":""d454eb5e6e9fe717e1c12c22e3fc749189deae022de05b0f6f83f9f4501bbb52"",""state"":""file""},""nh3_pdb_16384"":{""bytes"":1327359,""sha256"":""07f5683974f6bdad6798104cf7de5ddb670704f71b7e28715d957805124196b8"",""state"":""file""},""nh3_pdb_2048"":{""bytes"":166143,""sha256"":""7171f9c4d6bf3c819f96ddd11877441961f43096057863d0607070d97c5e5a16"",""state"":""file""},""nh3_pdb_256"":{""bytes"":20991,""sha256"":""870d35ef9d654b395f8eefcd897e002ff41b1327475879ff5b955080ecb91ee0"",""state"":""file""},""nh3_pdb_32768"":{""bytes"":2654463,""sha256"":""a193ff7fc7793ae1c9121af48f694b9cff6974a63e67029053ab9312f86cb9cc"",""state"":""file""},""nh3_pdb_4096"":{""bytes"":332031,""sha256"":""e6d9ba2e0f95a04ebbeb61682dcf615982860aaa336140fee7ba55698f68175c"",""state"":""file""},""nh3_pdb_512"":{""bytes"":41727,""sha256"":""76e8d0d71fd3d49a1d14bb1fcd0689b08241620df41c90a904be29c85a67934e"",""state"":""file""},""nh3_pdb_65536"":{""bytes"":5308671,""sha256"":""a80e717b9abb39221c121bf3137135662e1b3c727e705e8f01e651720acd6dcc"",""state"":""file""},""nh3_pdb_8192"":{""bytes"":663807,""sha256"":""b0664469d3a8e84f71fbd848f1f0ffaca2cee3f4fd2100ed10f398e7c19a27e6"",""state"":""file""}},""metadata"":{""benchmark"":""el""}}",28ea42c8-c3b9-4a9c-96dc-b96a346325d0,,,,,,,,,,,,,,single_case,5779517f771cd31c95dc30de603249f8f59a1f8d3680da722ea0763b4d76684d,16.51712183699965,244,supported_jax_separate_collection
nh3,constant_workload,pme,jax,16384,8,131072,0.4379127888487488,2283559.707468126,nan,nan,10,3,jax_wall_block_until_ready,warmup_excluded,True,,,1e-06,5,arithmetic_mean,1.021704537091245,"[0.056646395998541266,0.05783270389947574,0.05709830380219501,0.057875879801576956,0.05753724179812707]",,,,,not_measured,not_measured,shared_cell_k_squared,nan,nan,,energy_autograd,energy_forces_charge_gradients,True,True,False,131072,0,0.0,explicit,0.096457839012146,55.38100051879883,1.8189894035458565e-12,0.4129913543166487,9.0,,592,2.0,406,38990928,2,"{""compute_capability"":""9.0"",""driver"":""unavailable"",""memory_bytes"":99996401664,""name"":""NVIDIA H100 NVL""}","{""cuda"":""13.0"",""git_head"":""unavailable"",""jax"":""0.10.1"",""jaxlib"":""0.10.1"",""nvalchemi_toolkit_ops"":""0.5.0"",""python"":""3.12.3"",""source_sha256"":""4dfd278da46af31f54f8b7671e891073f8b10f8fa2cb28e7cf92bfeddd543638"",""torch"":""2.14.0+cu130"",""warp"":""1.17.0""}","{""gpu_uuid"":""557cda80-d2b2-7630-d3a3-99bf87d35067"",""host"":""ipp2-1716""}","{""JAX_DISABLE_JIT"":""<unset>"",""JAX_DISABLE_JIT_ACTUAL"":""False"",""JAX_ENABLE_X64"":""1"",""JAX_ENABLE_X64_ACTUAL"":""True"",""JAX_PLATFORMS"":""<unset>"",""TF_GPU_ALLOCATOR"":""<unset>"",""XLA_FLAGS"":""<unset>"",""XLA_PYTHON_CLIENT_ALLOCATOR"":""<unset>"",""XLA_PYTHON_CLIENT_MEM_FRACTION"":""0.95"",""XLA_PYTHON_CLIENT_PREALLOCATE"":""<unset>""}","{""artifacts"":{""nh3_pdb_1024"":{""bytes"":83199,""sha256"":""cb99e65c2024c8b1a80a7ea1f4ff5b23ef76a5d153a2caeb4a0e3077b5239135"",""state"":""file""},""nh3_pdb_128"":{""bytes"":10623,""sha256"":""4b48182856ba92449fa52b61bf2f95c6ce28937a3cb3da6aec4f131a1216c760"",""state"":""file""},""nh3_pdb_131072"":{""bytes"":10617087,""sha256"":""d454eb5e6e9fe717e1c12c22e3fc749189deae022de05b0f6f83f9f4501bbb52"",""state"":""file""},""nh3_pdb_16384"":{""bytes"":1327359,""sha256"":""07f5683974f6bdad6798104cf7de5ddb670704f71b7e28715d957805124196b8"",""state"":""file""},""nh3_pdb_2048"":{""bytes"":166143,""sha256"":""7171f9c4d6bf3c819f96ddd11877441961f43096057863d0607070d97c5e5a16"",""state"":""file""},""nh3_pdb_256"":{""bytes"":20991,""sha256"":""870d35ef9d654b395f8eefcd897e002ff41b1327475879ff5b955080ecb91ee0"",""state"":""file""},""nh3_pdb_32768"":{""bytes"":2654463,""sha256"":""a193ff7fc7793ae1c9121af48f694b9cff6974a63e67029053ab9312f86cb9cc"",""state"":""file""},""nh3_pdb_4096"":{""bytes"":332031,""sha256"":""e6d9ba2e0f95a04ebbeb61682dcf615982860aaa336140fee7ba55698f68175c"",""state"":""file""},""nh3_pdb_512"":{""bytes"":41727,""sha256"":""76e8d0d71fd3d49a1d14bb1fcd0689b08241620df41c90a904be29c85a67934e"",""state"":""file""},""nh3_pdb_65536"":{""bytes"":5308671,""sha256"":""a80e717b9abb39221c121bf3137135662e1b3c727e705e8f01e651720acd6dcc"",""state"":""file""},""nh3_pdb_8192"":{""bytes"":663807,""sha256"":""b0664469d3a8e84f71fbd848f1f0ffaca2cee3f4fd2100ed10f398e7c19a27e6"",""state"":""file""}},""metadata"":{""benchmark"":""el""}}",28ea42c8-c3b9-4a9c-96dc-b96a346325d0,,,256,256,256,8454144,5,84523ec79a1e97d60145656f6f62e7e5fe25709dc8eda4ef25fc74a58a5b9e6a,"{""batch_idx"":""int32"",""cell"":""float64"",""charges"":""float64"",""pbc"":""bool"",""positions"":""float64""}",capped_upstream_estimate,bounded_power_two_then_four_fft_snap,0.25,9.0,single_case,5779517f771cd31c95dc30de603249f8f59a1f8d3680da722ea0763b4d76684d,43.65559168200707,111,supported_jax_separate_collection
nh3,constant_workload,ewald,jax,128,1024,131072,0.22707157195878125,4403897.816770842,nan,nan,10,3,jax_wall_block_until_ready,warmup_excluded,True,,,1e-06,5,arithmetic_mean,1.0023650137741213,"[0.029721138498280196,0.029754554500686935,0.029772418399807064,0.02977408459992148,0.0297914294002112]",,,,,not_measured,not_measured,,nan,nan,665,energy_autograd,energy_forces_charge_gradients,True,True,False,131072,0,0.0,explicit,0.09645736962556839,10.98900032043457,1.4210854715202004e-14,0.36209156829700856,10.26514427367445,2.691732369197176,880,2.0,457,56477696,2,"{""compute_capability"":""9.0"",""driver"":""unavailable"",""memory_bytes"":99996401664,""name"":""NVIDIA H100 NVL""}","{""cuda"":""13.0"",""git_head"":""unavailable"",""jax"":""0.10.1"",""jaxlib"":""0.10.1"",""nvalchemi_toolkit_ops"":""0.5.0"",""python"":""3.12.3"",""source_sha256"":""4dfd278da46af31f54f8b7671e891073f8b10f8fa2cb28e7cf92bfeddd543638"",""torch"":""2.14.0+cu130"",""warp"":""1.17.0""}","{""gpu_uuid"":""557cda80-d2b2-7630-d3a3-99bf87d35067"",""host"":""ipp2-1716""}","{""JAX_DISABLE_JIT"":""<unset>"",""JAX_DISABLE_JIT_ACTUAL"":""False"",""JAX_ENABLE_X64"":""1"",""JAX_ENABLE_X64_ACTUAL"":""True"",""JAX_PLATFORMS"":""<unset>"",""TF_GPU_ALLOCATOR"":""<unset>"",""XLA_FLAGS"":""<unset>"",""XLA_PYTHON_CLIENT_ALLOCATOR"":""<unset>"",""XLA_PYTHON_CLIENT_MEM_FRACTION"":""0.95"",""XLA_PYTHON_CLIENT_PREALLOCATE"":""<unset>""}","{""artifacts"":{""nh3_pdb_1024"":{""bytes"":83199,""sha256"":""cb99e65c2024c8b1a80a7ea1f4ff5b23ef76a5d153a2caeb4a0e3077b5239135"",""state"":""file""},""nh3_pdb_128"":{""bytes"":10623,""sha256"":""4b48182856ba92449fa52b61bf2f95c6ce28937a3cb3da6aec4f131a1216c760"",""state"":""file""},""nh3_pdb_131072"":{""bytes"":10617087,""sha256"":""d454eb5e6e9fe717e1c12c22e3fc749189deae022de05b0f6f83f9f4501bbb52"",""state"":""file""},""nh3_pdb_16384"":{""bytes"":1327359,""sha256"":""07f5683974f6bdad6798104cf7de5ddb670704f71b7e28715d957805124196b8"",""state"":""file""},""nh3_pdb_2048"":{""bytes"":166143,""sha256"":""7171f9c4d6bf3c819f96ddd11877441961f43096057863d0607070d97c5e5a16"",""state"":""file""},""nh3_pdb_256"":{""bytes"":20991,""sha256"":""870d35ef9d654b395f8eefcd897e002ff41b1327475879ff5b955080ecb91ee0"",""state"":""file""},""nh3_pdb_32768"":{""bytes"":2654463,""sha256"":""a193ff7fc7793ae1c9121af48f694b9cff6974a63e67029053ab9312f86cb9cc"",""state"":""file""},""nh3_pdb_4096"":{""bytes"":332031,""sha256"":""e6d9ba2e0f95a04ebbeb61682dcf615982860aaa336140fee7ba55698f68175c"",""state"":""file""},""nh3_pdb_512"":{""bytes"":41727,""sha256"":""76e8d0d71fd3d49a1d14bb1fcd0689b08241620df41c90a904be29c85a67934e"",""state"":""file""},""nh3_pdb_65536"":{""bytes"":5308671,""sha256"":""a80e717b9abb39221c121bf3137135662e1b3c727e705e8f01e651720acd6dcc"",""state"":""file""},""nh3_pdb_8192"":{""bytes"":663807,""sha256"":""b0664469d3a8e84f71fbd848f1f0ffaca2cee3f4fd2100ed10f398e7c19a27e6"",""state"":""file""}},""metadata"":{""benchmark"":""el""}}",28ea42c8-c3b9-4a9c-96dc-b96a346325d0,,,,,,,,,,,,,,single_case,5779517f771cd31c95dc30de603249f8f59a1f8d3680da722ea0763b4d76684d,18.534991951019038,245,supported_jax_separate_collection
nh3,constant_workload,ewald,jax,256,512,131072,0.4273978811619727,2339740.190759219,nan,nan,10,3,jax_wall_block_until_ready,warmup_excluded,True,,,1e-06,5,arithmetic_mean,1.0006994844176336,"[0.05600389239843935,0.05599552350176964,0.05603405149886385,0.056031316501321274,0.05603469149791636]",,,,,not_measured,not_measured,,nan,nan,1098,energy_autograd,energy_forces_charge_gradients,True,True,False,131072,0,0.0,explicit,0.09646306931972504,13.84500026702881,2.842170943040401e-14,0.32259326452181164,11.522008044276834,2.3981081257492542,1248,2.0,647,80516096,2,"{""compute_capability"":""9.0"",""driver"":""unavailable"",""memory_bytes"":99996401664,""name"":""NVIDIA H100 NVL""}","{""cuda"":""13.0"",""git_head"":""unavailable"",""jax"":""0.10.1"",""jaxlib"":""0.10.1"",""nvalchemi_toolkit_ops"":""0.5.0"",""python"":""3.12.3"",""source_sha256"":""4dfd278da46af31f54f8b7671e891073f8b10f8fa2cb28e7cf92bfeddd543638"",""torch"":""2.14.0+cu130"",""warp"":""1.17.0""}","{""gpu_uuid"":""557cda80-d2b2-7630-d3a3-99bf87d35067"",""host"":""ipp2-1716""}","{""JAX_DISABLE_JIT"":""<unset>"",""JAX_DISABLE_JIT_ACTUAL"":""False"",""JAX_ENABLE_X64"":""1"",""JAX_ENABLE_X64_ACTUAL"":""True"",""JAX_PLATFORMS"":""<unset>"",""TF_GPU_ALLOCATOR"":""<unset>"",""XLA_FLAGS"":""<unset>"",""XLA_PYTHON_CLIENT_ALLOCATOR"":""<unset>"",""XLA_PYTHON_CLIENT_MEM_FRACTION"":""0.95"",""XLA_PYTHON_CLIENT_PREALLOCATE"":""<unset>""}","{""artifacts"":{""nh3_pdb_1024"":{""bytes"":83199,""sha256"":""cb99e65c2024c8b1a80a7ea1f4ff5b23ef76a5d153a2caeb4a0e3077b5239135"",""state"":""file""},""nh3_pdb_128"":{""bytes"":10623,""sha256"":""4b48182856ba92449fa52b61bf2f95c6ce28937a3cb3da6aec4f131a1216c760"",""state"":""file""},""nh3_pdb_131072"":{""bytes"":10617087,""sha256"":""d454eb5e6e9fe717e1c12c22e3fc749189deae022de05b0f6f83f9f4501bbb52"",""state"":""file""},""nh3_pdb_16384"":{""bytes"":1327359,""sha256"":""07f5683974f6bdad6798104cf7de5ddb670704f71b7e28715d957805124196b8"",""state"":""file""},""nh3_pdb_2048"":{""bytes"":166143,""sha256"":""7171f9c4d6bf3c819f96ddd11877441961f43096057863d0607070d97c5e5a16"",""state"":""file""},""nh3_pdb_256"":{""bytes"":20991,""sha256"":""870d35ef9d654b395f8eefcd897e002ff41b1327475879ff5b955080ecb91ee0"",""state"":""file""},""nh3_pdb_32768"":{""bytes"":2654463,""sha256"":""a193ff7fc7793ae1c9121af48f694b9cff6974a63e67029053ab9312f86cb9cc"",""state"":""file""},""nh3_pdb_4096"":{""bytes"":332031,""sha256"":""e6d9ba2e0f95a04ebbeb61682dcf615982860aaa336140fee7ba55698f68175c"",""state"":""file""},""nh3_pdb_512"":{""bytes"":41727,""sha256"":""76e8d0d71fd3d49a1d14bb1fcd0689b08241620df41c90a904be29c85a67934e"",""state"":""file""},""nh3_pdb_65536"":{""bytes"":5308671,""sha256"":""a80e717b9abb39221c121bf3137135662e1b3c727e705e8f01e651720acd6dcc"",""state"":""file""},""nh3_pdb_8192"":{""bytes"":663807,""sha256"":""b0664469d3a8e84f71fbd848f1f0ffaca2cee3f4fd2100ed10f398e7c19a27e6"",""state"":""file""}},""metadata"":{""benchmark"":""el""}}",28ea42c8-c3b9-4a9c-96dc-b96a346325d0,,,,,,,,,,,,,,single_case,5779517f771cd31c95dc30de603249f8f59a1f8d3680da722ea0763b4d76684d,20.567170582013205,247,supported_jax_separate_collection
nh3,constant_workload,pme,jax,128,1024,131072,0.11564771575933719,8646949.86350616,nan,nan,10,3,jax_wall_block_until_ready,warmup_excluded,True,,,0.0001,5,arithmetic_mean,1.0035766685280834,"[0.015127206000033765,0.015162212998257018,0.015149843000108376,0.015170313999988139,0.015181311001651921]",,,,,not_measured,not_measured,shared_cell_k_squared,nan,nan,,energy_autograd,energy_forces_charge_gradients,True,True,False,131072,0,0.0,explicit,0.09645736962556839,10.98900032043457,1.4210854715202004e-14,0.36209156829700845,8.381455202185014,,480,2.0,258,31004672,2,"{""compute_capability"":""9.0"",""driver"":""unavailable"",""memory_bytes"":99996401664,""name"":""NVIDIA H100 NVL""}","{""cuda"":""13.0"",""git_head"":""unavailable"",""jax"":""0.10.1"",""jaxlib"":""0.10.1"",""nvalchemi_toolkit_ops"":""0.5.0"",""python"":""3.12.3"",""source_sha256"":""4dfd278da46af31f54f8b7671e891073f8b10f8fa2cb28e7cf92bfeddd543638"",""torch"":""2.14.0+cu130"",""warp"":""1.17.0""}","{""gpu_uuid"":""557cda80-d2b2-7630-d3a3-99bf87d35067"",""host"":""ipp2-1716""}","{""JAX_DISABLE_JIT"":""<unset>"",""JAX_DISABLE_JIT_ACTUAL"":""False"",""JAX_ENABLE_X64"":""1"",""JAX_ENABLE_X64_ACTUAL"":""True"",""JAX_PLATFORMS"":""<unset>"",""TF_GPU_ALLOCATOR"":""<unset>"",""XLA_FLAGS"":""<unset>"",""XLA_PYTHON_CLIENT_ALLOCATOR"":""<unset>"",""XLA_PYTHON_CLIENT_MEM_FRACTION"":""0.95"",""XLA_PYTHON_CLIENT_PREALLOCATE"":""<unset>""}","{""artifacts"":{""nh3_pdb_1024"":{""bytes"":83199,""sha256"":""cb99e65c2024c8b1a80a7ea1f4ff5b23ef76a5d153a2caeb4a0e3077b5239135"",""state"":""file""},""nh3_pdb_128"":{""bytes"":10623,""sha256"":""4b48182856ba92449fa52b61bf2f95c6ce28937a3cb3da6aec4f131a1216c760"",""state"":""file""},""nh3_pdb_131072"":{""bytes"":10617087,""sha256"":""d454eb5e6e9fe717e1c12c22e3fc749189deae022de05b0f6f83f9f4501bbb52"",""state"":""file""},""nh3_pdb_16384"":{""bytes"":1327359,""sha256"":""07f5683974f6bdad6798104cf7de5ddb670704f71b7e28715d957805124196b8"",""state"":""file""},""nh3_pdb_2048"":{""bytes"":166143,""sha256"":""7171f9c4d6bf3c819f96ddd11877441961f43096057863d0607070d97c5e5a16"",""state"":""file""},""nh3_pdb_256"":{""bytes"":20991,""sha256"":""870d35ef9d654b395f8eefcd897e002ff41b1327475879ff5b955080ecb91ee0"",""state"":""file""},""nh3_pdb_32768"":{""bytes"":2654463,""sha256"":""a193ff7fc7793ae1c9121af48f694b9cff6974a63e67029053ab9312f86cb9cc"",""state"":""file""},""nh3_pdb_4096"":{""bytes"":332031,""sha256"":""e6d9ba2e0f95a04ebbeb61682dcf615982860aaa336140fee7ba55698f68175c"",""state"":""file""},""nh3_pdb_512"":{""bytes"":41727,""sha256"":""76e8d0d71fd3d49a1d14bb1fcd0689b08241620df41c90a904be29c85a67934e"",""state"":""file""},""nh3_pdb_65536"":{""bytes"":5308671,""sha256"":""a80e717b9abb39221c121bf3137135662e1b3c727e705e8f01e651720acd6dcc"",""state"":""file""},""nh3_pdb_8192"":{""bytes"":663807,""sha256"":""b0664469d3a8e84f71fbd848f1f0ffaca2cee3f4fd2100ed10f398e7c19a27e6"",""state"":""file""}},""metadata"":{""benchmark"":""el""}}",28ea42c8-c3b9-4a9c-96dc-b96a346325d0,,,18,18,18,3240,5,e0130264487bb8a085056b3f3fd4f66ddc69a715ad54cf8d5886a804bd0f37c7,"{""batch_idx"":""int32"",""cell"":""float64"",""charges"":""float64"",""pbc"":""bool"",""positions"":""float64""}",capped_upstream_estimate,bounded_power_two_then_four_fft_snap,0.25,9.0,single_case,5779517f771cd31c95dc30de603249f8f59a1f8d3680da722ea0763b4d76684d,43.400480198004516,96,supported_jax_separate_collection
nh3,constant_workload,ewald,jax,2048,64,131072,0.6614601106291751,1511806.9614943352,nan,nan,10,3,jax_wall_block_until_ready,warmup_excluded,True,,,0.0001,5,arithmetic_mean,1.0011071717555176,"[0.08674970419961028,0.0867231273005018,0.08669719260069542,0.08665376360004302,0.08667071040108568]",,,,,not_measured,not_measured,,nan,nan,1687,energy_autograd,energy_forces_charge_gradients,True,True,False,131072,0,0.0,explicit,0.09645262360572815,27.69099998474121,2.2737367544323206e-13,0.22809965181535707,13.304949107186523,1.3844983994717148,1904,2.0,1047,124886528,2,"{""compute_capability"":""9.0"",""driver"":""unavailable"",""memory_bytes"":99996401664,""name"":""NVIDIA H100 NVL""}","{""cuda"":""13.0"",""git_head"":""unavailable"",""jax"":""0.10.1"",""jaxlib"":""0.10.1"",""nvalchemi_toolkit_ops"":""0.5.0"",""python"":""3.12.3"",""source_sha256"":""4dfd278da46af31f54f8b7671e891073f8b10f8fa2cb28e7cf92bfeddd543638"",""torch"":""2.14.0+cu130"",""warp"":""1.17.0""}","{""gpu_uuid"":""23074f79-c31a-f283-5a26-fe763902683e"",""host"":""a1u1g-mil-0678""}","{""JAX_DISABLE_JIT"":""<unset>"",""JAX_DISABLE_JIT_ACTUAL"":""False"",""JAX_ENABLE_X64"":""1"",""JAX_ENABLE_X64_ACTUAL"":""True"",""JAX_PLATFORMS"":""<unset>"",""TF_GPU_ALLOCATOR"":""<unset>"",""XLA_FLAGS"":""<unset>"",""XLA_PYTHON_CLIENT_ALLOCATOR"":""<unset>"",""XLA_PYTHON_CLIENT_MEM_FRACTION"":""0.95"",""XLA_PYTHON_CLIENT_PREALLOCATE"":""<unset>""}","{""artifacts"":{""nh3_pdb_1024"":{""bytes"":83199,""sha256"":""cb99e65c2024c8b1a80a7ea1f4ff5b23ef76a5d153a2caeb4a0e3077b5239135"",""state"":""file""},""nh3_pdb_128"":{""bytes"":10623,""sha256"":""4b48182856ba92449fa52b61bf2f95c6ce28937a3cb3da6aec4f131a1216c760"",""state"":""file""},""nh3_pdb_131072"":{""bytes"":10617087,""sha256"":""d454eb5e6e9fe717e1c12c22e3fc749189deae022de05b0f6f83f9f4501bbb52"",""state"":""file""},""nh3_pdb_16384"":{""bytes"":1327359,""sha256"":""07f5683974f6bdad6798104cf7de5ddb670704f71b7e28715d957805124196b8"",""state"":""file""},""nh3_pdb_2048"":{""bytes"":166143,""sha256"":""7171f9c4d6bf3c819f96ddd11877441961f43096057863d0607070d97c5e5a16"",""state"":""file""},""nh3_pdb_256"":{""bytes"":20991,""sha256"":""870d35ef9d654b395f8eefcd897e002ff41b1327475879ff5b955080ecb91ee0"",""state"":""file""},""nh3_pdb_32768"":{""bytes"":2654463,""sha256"":""a193ff7fc7793ae1c9121af48f694b9cff6974a63e67029053ab9312f86cb9cc"",""state"":""file""},""nh3_pdb_4096"":{""bytes"":332031,""sha256"":""e6d9ba2e0f95a04ebbeb61682dcf615982860aaa336140fee7ba55698f68175c"",""state"":""file""},""nh3_pdb_512"":{""bytes"":41727,""sha256"":""76e8d0d71fd3d49a1d14bb1fcd0689b08241620df41c90a904be29c85a67934e"",""state"":""file""},""nh3_pdb_65536"":{""bytes"":5308671,""sha256"":""a80e717b9abb39221c121bf3137135662e1b3c727e705e8f01e651720acd6dcc"",""state"":""file""},""nh3_pdb_8192"":{""bytes"":663807,""sha256"":""b0664469d3a8e84f71fbd848f1f0ffaca2cee3f4fd2100ed10f398e7c19a27e6"",""state"":""file""}},""metadata"":{""benchmark"":""el""}}",28ea42c8-c3b9-4a9c-96dc-b96a346325d0,,,,,,,,,,,,,,single_case,5779517f771cd31c95dc30de603249f8f59a1f8d3680da722ea0763b4d76684d,24.448097145999782,252,supported_jax_separate_collection
nh3,constant_workload,ewald,jax,131072,1,131072,nan,nan,nan,nan,10,3,jax_wall_block_until_ready,warmup_excluded,False,Out of memory during benchmark execution; see run logs for backend details.,OutOfMemoryError,1e-06,5,arithmetic_mean,,,,,,,,,,,,,energy_autograd,energy_forces_charge_gradients,True,True,False,131072,0,0.0,explicit,0.09645523130893707,110.76300048828125,1.4551915228366852e-11,0.11405085501646005,32.59004229572329,0.8478363073359526,27984,2.0,,,2,"{""compute_capability"":""9.0"",""driver"":""unavailable"",""memory_bytes"":99996401664,""name"":""NVIDIA H100 NVL""}","{""cuda"":""13.0"",""git_head"":""unavailable"",""jax"":""0.10.1"",""jaxlib"":""0.10.1"",""nvalchemi_toolkit_ops"":""0.5.0"",""python"":""3.12.3"",""source_sha256"":""4dfd278da46af31f54f8b7671e891073f8b10f8fa2cb28e7cf92bfeddd543638"",""torch"":""2.14.0+cu130"",""warp"":""1.17.0""}","{""gpu_uuid"":""23074f79-c31a-f283-5a26-fe763902683e"",""host"":""a1u1g-mil-0678""}","{""JAX_DISABLE_JIT"":""<unset>"",""JAX_DISABLE_JIT_ACTUAL"":""False"",""JAX_ENABLE_X64"":""1"",""JAX_ENABLE_X64_ACTUAL"":""True"",""JAX_PLATFORMS"":""<unset>"",""TF_GPU_ALLOCATOR"":""<unset>"",""XLA_FLAGS"":""<unset>"",""XLA_PYTHON_CLIENT_ALLOCATOR"":""<unset>"",""XLA_PYTHON_CLIENT_MEM_FRACTION"":""0.95"",""XLA_PYTHON_CLIENT_PREALLOCATE"":""<unset>""}","{""artifacts"":{""nh3_pdb_1024"":{""bytes"":83199,""sha256"":""cb99e65c2024c8b1a80a7ea1f4ff5b23ef76a5d153a2caeb4a0e3077b5239135"",""state"":""file""},""nh3_pdb_128"":{""bytes"":10623,""sha256"":""4b48182856ba92449fa52b61bf2f95c6ce28937a3cb3da6aec4f131a1216c760"",""state"":""file""},""nh3_pdb_131072"":{""bytes"":10617087,""sha256"":""d454eb5e6e9fe717e1c12c22e3fc749189deae022de05b0f6f83f9f4501bbb52"",""state"":""file""},""nh3_pdb_16384"":{""bytes"":1327359,""sha256"":""07f5683974f6bdad6798104cf7de5ddb670704f71b7e28715d957805124196b8"",""state"":""file""},""nh3_pdb_2048"":{""bytes"":166143,""sha256"":""7171f9c4d6bf3c819f96ddd11877441961f43096057863d0607070d97c5e5a16"",""state"":""file""},""nh3_pdb_256"":{""bytes"":20991,""sha256"":""870d35ef9d654b395f8eefcd897e002ff41b1327475879ff5b955080ecb91ee0"",""state"":""file""},""nh3_pdb_32768"":{""bytes"":2654463,""sha256"":""a193ff7fc7793ae1c9121af48f694b9cff6974a63e67029053ab9312f86cb9cc"",""state"":""file""},""nh3_pdb_4096"":{""bytes"":332031,""sha256"":""e6d9ba2e0f95a04ebbeb61682dcf615982860aaa336140fee7ba55698f68175c"",""state"":""file""},""nh3_pdb_512"":{""bytes"":41727,""sha256"":""76e8d0d71fd3d49a1d14bb1fcd0689b08241620df41c90a904be29c85a67934e"",""state"":""file""},""nh3_pdb_65536"":{""bytes"":5308671,""sha256"":""a80e717b9abb39221c121bf3137135662e1b3c727e705e8f01e651720acd6dcc"",""state"":""file""},""nh3_pdb_8192"":{""bytes"":663807,""sha256"":""b0664469d3a8e84f71fbd848f1f0ffaca2cee3f4fd2100ed10f398e7c19a27e6"",""state"":""file""}},""metadata"":{""benchmark"":""el""}}",28ea42c8-c3b9-4a9c-96dc-b96a346325d0,,neighbor_list_setup,,,,,,,,,,,,single_case,5779517f771cd31c95dc30de603249f8f59a1f8d3680da722ea0763b4d76684d,167.23992784701113,265,supported_jax_separate_collection
nh3,constant_workload,pme,jax,65536,2,131072,0.12868179840364033,7771106.810795943,nan,nan,10,3,jax_wall_block_until_ready,warmup_excluded,True,,,0.0001,5,arithmetic_mean,1.0013793908094657,"[0.016868443600833415,0.016875539399916307,0.016869999398477376,0.016852293501142413,0.016866627501440235]",,,,,not_measured,not_measured,shared_cell_k_squared,nan,nan,,energy_autograd,energy_forces_charge_gradients,True,True,False,131072,0,0.0,explicit,0.09645407646894455,87.91300201416016,7.275957614183426e-12,0.3372060287522547,9.0,,592,2.0,388,38994456,2,"{""compute_capability"":""9.0"",""driver"":""unavailable"",""memory_bytes"":99996401664,""name"":""NVIDIA H100 NVL""}","{""cuda"":""13.0"",""git_head"":""unavailable"",""jax"":""0.10.1"",""jaxlib"":""0.10.1"",""nvalchemi_toolkit_ops"":""0.5.0"",""python"":""3.12.3"",""source_sha256"":""4dfd278da46af31f54f8b7671e891073f8b10f8fa2cb28e7cf92bfeddd543638"",""torch"":""2.14.0+cu130"",""warp"":""1.17.0""}","{""gpu_uuid"":""c0995d85-1dea-1b19-7e58-9baa33a5f384"",""host"":""a1u1g-mil-0576""}","{""JAX_DISABLE_JIT"":""<unset>"",""JAX_DISABLE_JIT_ACTUAL"":""False"",""JAX_ENABLE_X64"":""1"",""JAX_ENABLE_X64_ACTUAL"":""True"",""JAX_PLATFORMS"":""<unset>"",""TF_GPU_ALLOCATOR"":""<unset>"",""XLA_FLAGS"":""<unset>"",""XLA_PYTHON_CLIENT_ALLOCATOR"":""<unset>"",""XLA_PYTHON_CLIENT_MEM_FRACTION"":""0.95"",""XLA_PYTHON_CLIENT_PREALLOCATE"":""<unset>""}","{""artifacts"":{""nh3_pdb_1024"":{""bytes"":83199,""sha256"":""cb99e65c2024c8b1a80a7ea1f4ff5b23ef76a5d153a2caeb4a0e3077b5239135"",""state"":""file""},""nh3_pdb_128"":{""bytes"":10623,""sha256"":""4b48182856ba92449fa52b61bf2f95c6ce28937a3cb3da6aec4f131a1216c760"",""state"":""file""},""nh3_pdb_131072"":{""bytes"":10617087,""sha256"":""d454eb5e6e9fe717e1c12c22e3fc749189deae022de05b0f6f83f9f4501bbb52"",""state"":""file""},""nh3_pdb_16384"":{""bytes"":1327359,""sha256"":""07f5683974f6bdad6798104cf7de5ddb670704f71b7e28715d957805124196b8"",""state"":""file""},""nh3_pdb_2048"":{""bytes"":166143,""sha256"":""7171f9c4d6bf3c819f96ddd11877441961f43096057863d0607070d97c5e5a16"",""state"":""file""},""nh3_pdb_256"":{""bytes"":20991,""sha256"":""870d35ef9d654b395f8eefcd897e002ff41b1327475879ff5b955080ecb91ee0"",""state"":""file""},""nh3_pdb_32768"":{""bytes"":2654463,""sha256"":""a193ff7fc7793ae1c9121af48f694b9cff6974a63e67029053ab9312f86cb9cc"",""state"":""file""},""nh3_pdb_4096"":{""bytes"":332031,""sha256"":""e6d9ba2e0f95a04ebbeb61682dcf615982860aaa336140fee7ba55698f68175c"",""state"":""file""},""nh3_pdb_512"":{""bytes"":41727,""sha256"":""76e8d0d71fd3d49a1d14bb1fcd0689b08241620df41c90a904be29c85a67934e"",""state"":""file""},""nh3_pdb_65536"":{""bytes"":5308671,""sha256"":""a80e717b9abb39221c121bf3137135662e1b3c727e705e8f01e651720acd6dcc"",""state"":""file""},""nh3_pdb_8192"":{""bytes"":663807,""sha256"":""b0664469d3a8e84f71fbd848f1f0ffaca2cee3f4fd2100ed10f398e7c19a27e6"",""state"":""file""}},""metadata"":{""benchmark"":""el""}}",28ea42c8-c3b9-4a9c-96dc-b96a346325d0,,,128,128,128,1064960,5,c5df9e97ea6ef3a3da221979038c4441c03482791c8fe97cdaab9dc21bb5dfd4,"{""batch_idx"":""int32"",""cell"":""float64"",""charges"":""float64"",""pbc"":""bool"",""positions"":""float64""}",capped_upstream_estimate,bounded_power_two_then_four_fft_snap,0.25,9.0,single_case,5779517f771cd31c95dc30de603249f8f59a1f8d3680da722ea0763b4d76684d,42.768180963990744,114,supported_jax_separate_collection
nh3,constant_workload,pme,jax,1024,128,131072,0.4271461181640235,2341119.2504762537,nan,nan,10,3,jax_wall_block_until_ready,warmup_excluded,True,,,1e-06,5,arithmetic_mean,1.0150428965677918,"[0.055518862099961555,0.05583841379993828,0.05599287999993976,0.05623029750004207,0.05635402660009277]",,,,,not_measured,not_measured,shared_cell_k_squared,nan,nan,,energy_autograd,energy_forces_charge_gradients,True,True,False,131072,0,0.0,explicit,0.09645736962556839,21.97800064086914,1.1368683772161603e-13,0.4129913543166487,9.0,,592,2.0,340,38692096,2,"{""compute_capability"":""9.0"",""driver"":""unavailable"",""memory_bytes"":99996401664,""name"":""NVIDIA H100 NVL""}","{""cuda"":""13.0"",""git_head"":""unavailable"",""jax"":""0.10.1"",""jaxlib"":""0.10.1"",""nvalchemi_toolkit_ops"":""0.5.0"",""python"":""3.12.3"",""source_sha256"":""4dfd278da46af31f54f8b7671e891073f8b10f8fa2cb28e7cf92bfeddd543638"",""torch"":""2.14.0+cu130"",""warp"":""1.17.0""}","{""gpu_uuid"":""b86b304e-698a-30bd-d46b-23da3dc3658e"",""host"":""ipp2-1738""}","{""JAX_DISABLE_JIT"":""<unset>"",""JAX_DISABLE_JIT_ACTUAL"":""False"",""JAX_ENABLE_X64"":""1"",""JAX_ENABLE_X64_ACTUAL"":""True"",""JAX_PLATFORMS"":""<unset>"",""TF_GPU_ALLOCATOR"":""<unset>"",""XLA_FLAGS"":""<unset>"",""XLA_PYTHON_CLIENT_ALLOCATOR"":""<unset>"",""XLA_PYTHON_CLIENT_MEM_FRACTION"":""0.95"",""XLA_PYTHON_CLIENT_PREALLOCATE"":""<unset>""}","{""artifacts"":{""nh3_pdb_1024"":{""bytes"":83199,""sha256"":""cb99e65c2024c8b1a80a7ea1f4ff5b23ef76a5d153a2caeb4a0e3077b5239135"",""state"":""file""},""nh3_pdb_128"":{""bytes"":10623,""sha256"":""4b48182856ba92449fa52b61bf2f95c6ce28937a3cb3da6aec4f131a1216c760"",""state"":""file""},""nh3_pdb_131072"":{""bytes"":10617087,""sha256"":""d454eb5e6e9fe717e1c12c22e3fc749189deae022de05b0f6f83f9f4501bbb52"",""state"":""file""},""nh3_pdb_16384"":{""bytes"":1327359,""sha256"":""07f5683974f6bdad6798104cf7de5ddb670704f71b7e28715d957805124196b8"",""state"":""file""},""nh3_pdb_2048"":{""bytes"":166143,""sha256"":""7171f9c4d6bf3c819f96ddd11877441961f43096057863d0607070d97c5e5a16"",""state"":""file""},""nh3_pdb_256"":{""bytes"":20991,""sha256"":""870d35ef9d654b395f8eefcd897e002ff41b1327475879ff5b955080ecb91ee0"",""state"":""file""},""nh3_pdb_32768"":{""bytes"":2654463,""sha256"":""a193ff7fc7793ae1c9121af48f694b9cff6974a63e67029053ab9312f86cb9cc"",""state"":""file""},""nh3_pdb_4096"":{""bytes"":332031,""sha256"":""e6d9ba2e0f95a04ebbeb61682dcf615982860aaa336140fee7ba55698f68175c"",""state"":""file""},""nh3_pdb_512"":{""bytes"":41727,""sha256"":""76e8d0d71fd3d49a1d14bb1fcd0689b08241620df41c90a904be29c85a67934e"",""state"":""file""},""nh3_pdb_65536"":{""bytes"":5308671,""sha256"":""a80e717b9abb39221c121bf3137135662e1b3c727e705e8f01e651720acd6dcc"",""state"":""file""},""nh3_pdb_8192"":{""bytes"":663807,""sha256"":""b0664469d3a8e84f71fbd848f1f0ffaca2cee3f4fd2100ed10f398e7c19a27e6"",""state"":""file""}},""metadata"":{""benchmark"":""el""}}",28ea42c8-c3b9-4a9c-96dc-b96a346325d0,,,96,96,96,451584,5,5cf09625c3f95b4e48378ac897119aca785b76c5da736641d08fd53b7e88000e,"{""batch_idx"":""int32"",""cell"":""float64"",""charges"":""float64"",""pbc"":""bool"",""positions"":""float64""}",capped_upstream_estimate,bounded_power_two_then_four_fft_snap,0.25,9.0,single_case,5779517f771cd31c95dc30de603249f8f59a1f8d3680da722ea0763b4d76684d,44.762528614000985,103,supported_jax_separate_collection
nh3,constant_workload,pme,jax,256,512,131072,0.44643029433633075,2239991.35517139,nan,nan,10,3,jax_wall_block_until_ready,warmup_excluded,True,,,1e-06,5,arithmetic_mean,1.0019424190470188,"[0.058435795098193924,0.05849099259939976,0.05854824320122134,0.05854822489782237,0.058549301899620335]",,,,,not_measured,not_measured,shared_cell_k_squared,nan,nan,,energy_autograd,energy_forces_charge_gradients,True,True,False,131072,0,0.0,explicit,0.09646306931972504,13.84500026702881,2.842170943040401e-14,0.41299135431664874,9.0,,592,2.0,319,38639616,2,"{""compute_capability"":""9.0"",""driver"":""unavailable"",""memory_bytes"":99996401664,""name"":""NVIDIA H100 NVL""}","{""cuda"":""13.0"",""git_head"":""unavailable"",""jax"":""0.10.1"",""jaxlib"":""0.10.1"",""nvalchemi_toolkit_ops"":""0.5.0"",""python"":""3.12.3"",""source_sha256"":""4dfd278da46af31f54f8b7671e891073f8b10f8fa2cb28e7cf92bfeddd543638"",""torch"":""2.14.0+cu130"",""warp"":""1.17.0""}","{""gpu_uuid"":""c0995d85-1dea-1b19-7e58-9baa33a5f384"",""host"":""a1u1g-mil-0576""}","{""JAX_DISABLE_JIT"":""<unset>"",""JAX_DISABLE_JIT_ACTUAL"":""False"",""JAX_ENABLE_X64"":""1"",""JAX_ENABLE_X64_ACTUAL"":""True"",""JAX_PLATFORMS"":""<unset>"",""TF_GPU_ALLOCATOR"":""<unset>"",""XLA_FLAGS"":""<unset>"",""XLA_PYTHON_CLIENT_ALLOCATOR"":""<unset>"",""XLA_PYTHON_CLIENT_MEM_FRACTION"":""0.95"",""XLA_PYTHON_CLIENT_PREALLOCATE"":""<unset>""}","{""artifacts"":{""nh3_pdb_1024"":{""bytes"":83199,""sha256"":""cb99e65c2024c8b1a80a7ea1f4ff5b23ef76a5d153a2caeb4a0e3077b5239135"",""state"":""file""},""nh3_pdb_128"":{""bytes"":10623,""sha256"":""4b48182856ba92449fa52b61bf2f95c6ce28937a3cb3da6aec4f131a1216c760"",""state"":""file""},""nh3_pdb_131072"":{""bytes"":10617087,""sha256"":""d454eb5e6e9fe717e1c12c22e3fc749189deae022de05b0f6f83f9f4501bbb52"",""state"":""file""},""nh3_pdb_16384"":{""bytes"":1327359,""sha256"":""07f5683974f6bdad6798104cf7de5ddb670704f71b7e28715d957805124196b8"",""state"":""file""},""nh3_pdb_2048"":{""bytes"":166143,""sha256"":""7171f9c4d6bf3c819f96ddd11877441961f43096057863d0607070d97c5e5a16"",""state"":""file""},""nh3_pdb_256"":{""bytes"":20991,""sha256"":""870d35ef9d654b395f8eefcd897e002ff41b1327475879ff5b955080ecb91ee0"",""state"":""file""},""nh3_pdb_32768"":{""bytes"":2654463,""sha256"":""a193ff7fc7793ae1c9121af48f694b9cff6974a63e67029053ab9312f86cb9cc"",""state"":""file""},""nh3_pdb_4096"":{""bytes"":332031,""sha256"":""e6d9ba2e0f95a04ebbeb61682dcf615982860aaa336140fee7ba55698f68175c"",""state"":""file""},""nh3_pdb_512"":{""bytes"":41727,""sha256"":""76e8d0d71fd3d49a1d14bb1fcd0689b08241620df41c90a904be29c85a67934e"",""state"":""file""},""nh3_pdb_65536"":{""bytes"":5308671,""sha256"":""a80e717b9abb39221c121bf3137135662e1b3c727e705e8f01e651720acd6dcc"",""state"":""file""},""nh3_pdb_8192"":{""bytes"":663807,""sha256"":""b0664469d3a8e84f71fbd848f1f0ffaca2cee3f4fd2100ed10f398e7c19a27e6"",""state"":""file""}},""metadata"":{""benchmark"":""el""}}",28ea42c8-c3b9-4a9c-96dc-b96a346325d0,,,64,64,64,135168,5,d5863d81a300d151817a7ce2a1e35b7a6d09f27a10c05f4ab866bb5fbfa039e6,"{""batch_idx"":""int32"",""cell"":""float64"",""charges"":""float64"",""pbc"":""bool"",""positions"":""float64""}",capped_upstream_estimate,bounded_power_two_then_four_fft_snap,0.25,9.0,single_case,5779517f771cd31c95dc30de603249f8f59a1f8d3680da722ea0763b4d76684d,46.378415672981646,99,supported_jax_separate_collection
nh3,constant_workload,ewald,jax,256,512,131072,0.19255827774067316,5193232.987608794,nan,nan,10,3,jax_wall_block_until_ready,warmup_excluded,True,,,0.0001,5,arithmetic_mean,1.0006357791297198,"[0.0252477625006577,0.02523633459932171,0.025242575601441785,0.025231720699230208,0.025236599499476143]",,,,,not_measured,not_measured,,nan,nan,665,energy_autograd,energy_forces_charge_gradients,True,True,False,131072,0,0.0,explicit,0.09646306931972504,13.84500026702881,2.842170943040401e-14,0.32259326452181164,9.40768017357379,1.9580470853692633,688,2.0,362,44104704,2,"{""compute_capability"":""9.0"",""driver"":""unavailable"",""memory_bytes"":99996401664,""name"":""NVIDIA H100 NVL""}","{""cuda"":""13.0"",""git_head"":""unavailable"",""jax"":""0.10.1"",""jaxlib"":""0.10.1"",""nvalchemi_toolkit_ops"":""0.5.0"",""python"":""3.12.3"",""source_sha256"":""4dfd278da46af31f54f8b7671e891073f8b10f8fa2cb28e7cf92bfeddd543638"",""torch"":""2.14.0+cu130"",""warp"":""1.17.0""}","{""gpu_uuid"":""c0995d85-1dea-1b19-7e58-9baa33a5f384"",""host"":""a1u1g-mil-0576""}","{""JAX_DISABLE_JIT"":""<unset>"",""JAX_DISABLE_JIT_ACTUAL"":""False"",""JAX_ENABLE_X64"":""1"",""JAX_ENABLE_X64_ACTUAL"":""True"",""JAX_PLATFORMS"":""<unset>"",""TF_GPU_ALLOCATOR"":""<unset>"",""XLA_FLAGS"":""<unset>"",""XLA_PYTHON_CLIENT_ALLOCATOR"":""<unset>"",""XLA_PYTHON_CLIENT_MEM_FRACTION"":""0.95"",""XLA_PYTHON_CLIENT_PREALLOCATE"":""<unset>""}","{""artifacts"":{""nh3_pdb_1024"":{""bytes"":83199,""sha256"":""cb99e65c2024c8b1a80a7ea1f4ff5b23ef76a5d153a2caeb4a0e3077b5239135"",""state"":""file""},""nh3_pdb_128"":{""bytes"":10623,""sha256"":""4b48182856ba92449fa52b61bf2f95c6ce28937a3cb3da6aec4f131a1216c760"",""state"":""file""},""nh3_pdb_131072"":{""bytes"":10617087,""sha256"":""d454eb5e6e9fe717e1c12c22e3fc749189deae022de05b0f6f83f9f4501bbb52"",""state"":""file""},""nh3_pdb_16384"":{""bytes"":1327359,""sha256"":""07f5683974f6bdad6798104cf7de5ddb670704f71b7e28715d957805124196b8"",""state"":""file""},""nh3_pdb_2048"":{""bytes"":166143,""sha256"":""7171f9c4d6bf3c819f96ddd11877441961f43096057863d0607070d97c5e5a16"",""state"":""file""},""nh3_pdb_256"":{""bytes"":20991,""sha256"":""870d35ef9d654b395f8eefcd897e002ff41b1327475879ff5b955080ecb91ee0"",""state"":""file""},""nh3_pdb_32768"":{""bytes"":2654463,""sha256"":""a193ff7fc7793ae1c9121af48f694b9cff6974a63e67029053ab9312f86cb9cc"",""state"":""file""},""nh3_pdb_4096"":{""bytes"":332031,""sha256"":""e6d9ba2e0f95a04ebbeb61682dcf615982860aaa336140fee7ba55698f68175c"",""state"":""file""},""nh3_pdb_512"":{""bytes"":41727,""sha256"":""76e8d0d71fd3d49a1d14bb1fcd0689b08241620df41c90a904be29c85a67934e"",""state"":""file""},""nh3_pdb_65536"":{""bytes"":5308671,""sha256"":""a80e717b9abb39221c121bf3137135662e1b3c727e705e8f01e651720acd6dcc"",""state"":""file""},""nh3_pdb_8192"":{""bytes"":663807,""sha256"":""b0664469d3a8e84f71fbd848f1f0ffaca2cee3f4fd2100ed10f398e7c19a27e6"",""state"":""file""}},""metadata"":{""benchmark"":""el""}}",28ea42c8-c3b9-4a9c-96dc-b96a346325d0,,,,,,,,,,,,,,single_case,5779517f771cd31c95dc30de603249f8f59a1f8d3680da722ea0763b4d76684d,16.841589576011756,246,supported_jax_separate_collection
nh3,constant_workload,pme,jax,4096,32,131072,0.12858895264145076,7776717.824184603,nan,nan,10,3,jax_wall_block_until_ready,warmup_excluded,True,,,0.0001,5,arithmetic_mean,1.0020563879427955,"[0.01687386280100327,0.016854524798691272,0.0168574608018389,0.016846972799976358,0.016839234801591375]",,,,,not_measured,not_measured,shared_cell_k_squared,nan,nan,,energy_autograd,energy_forces_charge_gradients,True,True,False,131072,0,0.0,explicit,0.09645654261112213,34.88800048828125,4.547473508864641e-13,0.3372060287522547,9.0,,592,2.0,383,39071360,2,"{""compute_capability"":""9.0"",""driver"":""unavailable"",""memory_bytes"":99996401664,""name"":""NVIDIA H100 NVL""}","{""cuda"":""13.0"",""git_head"":""unavailable"",""jax"":""0.10.1"",""jaxlib"":""0.10.1"",""nvalchemi_toolkit_ops"":""0.5.0"",""python"":""3.12.3"",""source_sha256"":""4dfd278da46af31f54f8b7671e891073f8b10f8fa2cb28e7cf92bfeddd543638"",""torch"":""2.14.0+cu130"",""warp"":""1.17.0""}","{""gpu_uuid"":""557cda80-d2b2-7630-d3a3-99bf87d35067"",""host"":""ipp2-1716""}","{""JAX_DISABLE_JIT"":""<unset>"",""JAX_DISABLE_JIT_ACTUAL"":""False"",""JAX_ENABLE_X64"":""1"",""JAX_ENABLE_X64_ACTUAL"":""True"",""JAX_PLATFORMS"":""<unset>"",""TF_GPU_ALLOCATOR"":""<unset>"",""XLA_FLAGS"":""<unset>"",""XLA_PYTHON_CLIENT_ALLOCATOR"":""<unset>"",""XLA_PYTHON_CLIENT_MEM_FRACTION"":""0.95"",""XLA_PYTHON_CLIENT_PREALLOCATE"":""<unset>""}","{""artifacts"":{""nh3_pdb_1024"":{""bytes"":83199,""sha256"":""cb99e65c2024c8b1a80a7ea1f4ff5b23ef76a5d153a2caeb4a0e3077b5239135"",""state"":""file""},""nh3_pdb_128"":{""bytes"":10623,""sha256"":""4b48182856ba92449fa52b61bf2f95c6ce28937a3cb3da6aec4f131a1216c760"",""state"":""file""},""nh3_pdb_131072"":{""bytes"":10617087,""sha256"":""d454eb5e6e9fe717e1c12c22e3fc749189deae022de05b0f6f83f9f4501bbb52"",""state"":""file""},""nh3_pdb_16384"":{""bytes"":1327359,""sha256"":""07f5683974f6bdad6798104cf7de5ddb670704f71b7e28715d957805124196b8"",""state"":""file""},""nh3_pdb_2048"":{""bytes"":166143,""sha256"":""7171f9c4d6bf3c819f96ddd11877441961f43096057863d0607070d97c5e5a16"",""state"":""file""},""nh3_pdb_256"":{""bytes"":20991,""sha256"":""870d35ef9d654b395f8eefcd897e002ff41b1327475879ff5b955080ecb91ee0"",""state"":""file""},""nh3_pdb_32768"":{""bytes"":2654463,""sha256"":""a193ff7fc7793ae1c9121af48f694b9cff6974a63e67029053ab9312f86cb9cc"",""state"":""file""},""nh3_pdb_4096"":{""bytes"":332031,""sha256"":""e6d9ba2e0f95a04ebbeb61682dcf615982860aaa336140fee7ba55698f68175c"",""state"":""file""},""nh3_pdb_512"":{""bytes"":41727,""sha256"":""76e8d0d71fd3d49a1d14bb1fcd0689b08241620df41c90a904be29c85a67934e"",""state"":""file""},""nh3_pdb_65536"":{""bytes"":5308671,""sha256"":""a80e717b9abb39221c121bf3137135662e1b3c727e705e8f01e651720acd6dcc"",""state"":""file""},""nh3_pdb_8192"":{""bytes"":663807,""sha256"":""b0664469d3a8e84f71fbd848f1f0ffaca2cee3f4fd2100ed10f398e7c19a27e6"",""state"":""file""}},""metadata"":{""benchmark"":""el""}}",28ea42c8-c3b9-4a9c-96dc-b96a346325d0,,,50,50,50,65000,5,3d164ab84c7c5b8574e9538a4dfbb7cc311748d4e8fc719ee1b3afa0051a9433,"{""batch_idx"":""int32"",""cell"":""float64"",""charges"":""float64"",""pbc"":""bool"",""positions"":""float64""}",capped_upstream_estimate,bounded_power_two_then_four_fft_snap,0.25,9.0,single_case,5779517f771cd31c95dc30de603249f8f59a1f8d3680da722ea0763b4d76684d,42.314266967005096,106,supported_jax_separate_collection
nh3,constant_workload,pme,jax,8192,16,131072,0.3905328465236835,2560604.0795325423,nan,nan,10,3,jax_wall_block_until_ready,warmup_excluded,True,,,1e-06,5,arithmetic_mean,1.0158856119201154,"[0.05060101579874754,0.051364975998876614,0.05120446780056227,0.051364302801084706,0.05140484389849007]",,,,,not_measured,not_measured,shared_cell_k_squared,nan,nan,,energy_autograd,energy_forces_charge_gradients,True,True,False,131072,0,0.0,explicit,0.09645736962556839,43.95600128173828,9.094947017729282e-13,0.4129913543166487,9.0,,592,2.0,384,38972608,2,"{""compute_capability"":""9.0"",""driver"":""unavailable"",""memory_bytes"":99996401664,""name"":""NVIDIA H100 NVL""}","{""cuda"":""13.0"",""git_head"":""unavailable"",""jax"":""0.10.1"",""jaxlib"":""0.10.1"",""nvalchemi_toolkit_ops"":""0.5.0"",""python"":""3.12.3"",""source_sha256"":""4dfd278da46af31f54f8b7671e891073f8b10f8fa2cb28e7cf92bfeddd543638"",""torch"":""2.14.0+cu130"",""warp"":""1.17.0""}","{""gpu_uuid"":""557cda80-d2b2-7630-d3a3-99bf87d35067"",""host"":""ipp2-1716""}","{""JAX_DISABLE_JIT"":""<unset>"",""JAX_DISABLE_JIT_ACTUAL"":""False"",""JAX_ENABLE_X64"":""1"",""JAX_ENABLE_X64_ACTUAL"":""True"",""JAX_PLATFORMS"":""<unset>"",""TF_GPU_ALLOCATOR"":""<unset>"",""XLA_FLAGS"":""<unset>"",""XLA_PYTHON_CLIENT_ALLOCATOR"":""<unset>"",""XLA_PYTHON_CLIENT_MEM_FRACTION"":""0.95"",""XLA_PYTHON_CLIENT_PREALLOCATE"":""<unset>""}","{""artifacts"":{""nh3_pdb_1024"":{""bytes"":83199,""sha256"":""cb99e65c2024c8b1a80a7ea1f4ff5b23ef76a5d153a2caeb4a0e3077b5239135"",""state"":""file""},""nh3_pdb_128"":{""bytes"":10623,""sha256"":""4b48182856ba92449fa52b61bf2f95c6ce28937a3cb3da6aec4f131a1216c760"",""state"":""file""},""nh3_pdb_131072"":{""bytes"":10617087,""sha256"":""d454eb5e6e9fe717e1c12c22e3fc749189deae022de05b0f6f83f9f4501bbb52"",""state"":""file""},""nh3_pdb_16384"":{""bytes"":1327359,""sha256"":""07f5683974f6bdad6798104cf7de5ddb670704f71b7e28715d957805124196b8"",""state"":""file""},""nh3_pdb_2048"":{""bytes"":166143,""sha256"":""7171f9c4d6bf3c819f96ddd11877441961f43096057863d0607070d97c5e5a16"",""state"":""file""},""nh3_pdb_256"":{""bytes"":20991,""sha256"":""870d35ef9d654b395f8eefcd897e002ff41b1327475879ff5b955080ecb91ee0"",""state"":""file""},""nh3_pdb_32768"":{""bytes"":2654463,""sha256"":""a193ff7fc7793ae1c9121af48f694b9cff6974a63e67029053ab9312f86cb9cc"",""state"":""file""},""nh3_pdb_4096"":{""bytes"":332031,""sha256"":""e6d9ba2e0f95a04ebbeb61682dcf615982860aaa336140fee7ba55698f68175c"",""state"":""file""},""nh3_pdb_512"":{""bytes"":41727,""sha256"":""76e8d0d71fd3d49a1d14bb1fcd0689b08241620df41c90a904be29c85a67934e"",""state"":""file""},""nh3_pdb_65536"":{""bytes"":5308671,""sha256"":""a80e717b9abb39221c121bf3137135662e1b3c727e705e8f01e651720acd6dcc"",""state"":""file""},""nh3_pdb_8192"":{""bytes"":663807,""sha256"":""b0664469d3a8e84f71fbd848f1f0ffaca2cee3f4fd2100ed10f398e7c19a27e6"",""state"":""file""}},""metadata"":{""benchmark"":""el""}}",28ea42c8-c3b9-4a9c-96dc-b96a346325d0,,,192,192,192,3575808,5,c82165d0d68c2784db3d6c1201cd5bb2f921335c3b0fa14449fb166407207696,"{""batch_idx"":""int32"",""cell"":""float64"",""charges"":""float64"",""pbc"":""bool"",""positions"":""float64""}",capped_upstream_estimate,bounded_power_two_then_four_fft_snap,0.25,9.0,single_case,5779517f771cd31c95dc30de603249f8f59a1f8d3680da722ea0763b4d76684d,43.51307459699456,109,supported_jax_separate_collection
nh3,constant_workload,ewald,jax,4096,32,131072,0.9446973869264852,1058540.0296844668,nan,nan,10,3,jax_wall_block_until_ready,warmup_excluded,True,,,0.0001,5,arithmetic_mean,1.0022919736267937,"[0.12366808989900165,0.12370052489859518,0.12389091689838097,0.12390581390063744,0.12395153389952611]",,,,,not_measured,not_measured,,nan,nan,1687,energy_autograd,energy_forces_charge_gradients,True,True,False,131072,0,0.0,explicit,0.09645654261112213,34.88800048828125,4.547473508864641e-13,0.20321644417551266,14.934097833879868,1.23346458211642,2704,2.0,1474,176556864,2,"{""compute_capability"":""9.0"",""driver"":""unavailable"",""memory_bytes"":99996401664,""name"":""NVIDIA H100 NVL""}","{""cuda"":""13.0"",""git_head"":""unavailable"",""jax"":""0.10.1"",""jaxlib"":""0.10.1"",""nvalchemi_toolkit_ops"":""0.5.0"",""python"":""3.12.3"",""source_sha256"":""4dfd278da46af31f54f8b7671e891073f8b10f8fa2cb28e7cf92bfeddd543638"",""torch"":""2.14.0+cu130"",""warp"":""1.17.0""}","{""gpu_uuid"":""557cda80-d2b2-7630-d3a3-99bf87d35067"",""host"":""ipp2-1716""}","{""JAX_DISABLE_JIT"":""<unset>"",""JAX_DISABLE_JIT_ACTUAL"":""False"",""JAX_ENABLE_X64"":""1"",""JAX_ENABLE_X64_ACTUAL"":""True"",""JAX_PLATFORMS"":""<unset>"",""TF_GPU_ALLOCATOR"":""<unset>"",""XLA_FLAGS"":""<unset>"",""XLA_PYTHON_CLIENT_ALLOCATOR"":""<unset>"",""XLA_PYTHON_CLIENT_MEM_FRACTION"":""0.95"",""XLA_PYTHON_CLIENT_PREALLOCATE"":""<unset>""}","{""artifacts"":{""nh3_pdb_1024"":{""bytes"":83199,""sha256"":""cb99e65c2024c8b1a80a7ea1f4ff5b23ef76a5d153a2caeb4a0e3077b5239135"",""state"":""file""},""nh3_pdb_128"":{""bytes"":10623,""sha256"":""4b48182856ba92449fa52b61bf2f95c6ce28937a3cb3da6aec4f131a1216c760"",""state"":""file""},""nh3_pdb_131072"":{""bytes"":10617087,""sha256"":""d454eb5e6e9fe717e1c12c22e3fc749189deae022de05b0f6f83f9f4501bbb52"",""state"":""file""},""nh3_pdb_16384"":{""bytes"":1327359,""sha256"":""07f5683974f6bdad6798104cf7de5ddb670704f71b7e28715d957805124196b8"",""state"":""file""},""nh3_pdb_2048"":{""bytes"":166143,""sha256"":""7171f9c4d6bf3c819f96ddd11877441961f43096057863d0607070d97c5e5a16"",""state"":""file""},""nh3_pdb_256"":{""bytes"":20991,""sha256"":""870d35ef9d654b395f8eefcd897e002ff41b1327475879ff5b955080ecb91ee0"",""state"":""file""},""nh3_pdb_32768"":{""bytes"":2654463,""sha256"":""a193ff7fc7793ae1c9121af48f694b9cff6974a63e67029053ab9312f86cb9cc"",""state"":""file""},""nh3_pdb_4096"":{""bytes"":332031,""sha256"":""e6d9ba2e0f95a04ebbeb61682dcf615982860aaa336140fee7ba55698f68175c"",""state"":""file""},""nh3_pdb_512"":{""bytes"":41727,""sha256"":""76e8d0d71fd3d49a1d14bb1fcd0689b08241620df41c90a904be29c85a67934e"",""state"":""file""},""nh3_pdb_65536"":{""bytes"":5308671,""sha256"":""a80e717b9abb39221c121bf3137135662e1b3c727e705e8f01e651720acd6dcc"",""state"":""file""},""nh3_pdb_8192"":{""bytes"":663807,""sha256"":""b0664469d3a8e84f71fbd848f1f0ffaca2cee3f4fd2100ed10f398e7c19a27e6"",""state"":""file""}},""metadata"":{""benchmark"":""el""}}",28ea42c8-c3b9-4a9c-96dc-b96a346325d0,,,,,,,,,,,,,,single_case,5779517f771cd31c95dc30de603249f8f59a1f8d3680da722ea0763b4d76684d,28.224768523999956,254,supported_jax_separate_collection
nh3,constant_workload,ewald,jax,32768,4,131072,nan,nan,nan,nan,10,3,jax_wall_block_until_ready,warmup_excluded,False,Out of memory during benchmark execution; see run logs for backend details.,OutOfMemoryError,1e-06,5,arithmetic_mean,,,,,,,,,,,,,energy_autograd,energy_forces_charge_gradients,True,True,False,131072,0,0.0,explicit,0.09645654261112213,69.7760009765625,3.637978807091713e-12,0.14369572572512246,25.86661621348425,1.0682116627811766,14000,2.0,,,2,"{""compute_capability"":""9.0"",""driver"":""unavailable"",""memory_bytes"":99996401664,""name"":""NVIDIA H100 NVL""}","{""cuda"":""13.0"",""git_head"":""unavailable"",""jax"":""0.10.1"",""jaxlib"":""0.10.1"",""nvalchemi_toolkit_ops"":""0.5.0"",""python"":""3.12.3"",""source_sha256"":""4dfd278da46af31f54f8b7671e891073f8b10f8fa2cb28e7cf92bfeddd543638"",""torch"":""2.14.0+cu130"",""warp"":""1.17.0""}","{""gpu_uuid"":""557cda80-d2b2-7630-d3a3-99bf87d35067"",""host"":""ipp2-1716""}","{""JAX_DISABLE_JIT"":""<unset>"",""JAX_DISABLE_JIT_ACTUAL"":""False"",""JAX_ENABLE_X64"":""1"",""JAX_ENABLE_X64_ACTUAL"":""True"",""JAX_PLATFORMS"":""<unset>"",""TF_GPU_ALLOCATOR"":""<unset>"",""XLA_FLAGS"":""<unset>"",""XLA_PYTHON_CLIENT_ALLOCATOR"":""<unset>"",""XLA_PYTHON_CLIENT_MEM_FRACTION"":""0.95"",""XLA_PYTHON_CLIENT_PREALLOCATE"":""<unset>""}","{""artifacts"":{""nh3_pdb_1024"":{""bytes"":83199,""sha256"":""cb99e65c2024c8b1a80a7ea1f4ff5b23ef76a5d153a2caeb4a0e3077b5239135"",""state"":""file""},""nh3_pdb_128"":{""bytes"":10623,""sha256"":""4b48182856ba92449fa52b61bf2f95c6ce28937a3cb3da6aec4f131a1216c760"",""state"":""file""},""nh3_pdb_131072"":{""bytes"":10617087,""sha256"":""d454eb5e6e9fe717e1c12c22e3fc749189deae022de05b0f6f83f9f4501bbb52"",""state"":""file""},""nh3_pdb_16384"":{""bytes"":1327359,""sha256"":""07f5683974f6bdad6798104cf7de5ddb670704f71b7e28715d957805124196b8"",""state"":""file""},""nh3_pdb_2048"":{""bytes"":166143,""sha256"":""7171f9c4d6bf3c819f96ddd11877441961f43096057863d0607070d97c5e5a16"",""state"":""file""},""nh3_pdb_256"":{""bytes"":20991,""sha256"":""870d35ef9d654b395f8eefcd897e002ff41b1327475879ff5b955080ecb91ee0"",""state"":""file""},""nh3_pdb_32768"":{""bytes"":2654463,""sha256"":""a193ff7fc7793ae1c9121af48f694b9cff6974a63e67029053ab9312f86cb9cc"",""state"":""file""},""nh3_pdb_4096"":{""bytes"":332031,""sha256"":""e6d9ba2e0f95a04ebbeb61682dcf615982860aaa336140fee7ba55698f68175c"",""state"":""file""},""nh3_pdb_512"":{""bytes"":41727,""sha256"":""76e8d0d71fd3d49a1d14bb1fcd0689b08241620df41c90a904be29c85a67934e"",""state"":""file""},""nh3_pdb_65536"":{""bytes"":5308671,""sha256"":""a80e717b9abb39221c121bf3137135662e1b3c727e705e8f01e651720acd6dcc"",""state"":""file""},""nh3_pdb_8192"":{""bytes"":663807,""sha256"":""b0664469d3a8e84f71fbd848f1f0ffaca2cee3f4fd2100ed10f398e7c19a27e6"",""state"":""file""}},""metadata"":{""benchmark"":""el""}}",28ea42c8-c3b9-4a9c-96dc-b96a346325d0,,neighbor_list_setup,,,,,,,,,,,,single_case,5779517f771cd31c95dc30de603249f8f59a1f8d3680da722ea0763b4d76684d,79.47950823101564,261,supported_jax_separate_collection
nh3,constant_workload,pme,jax,1024,128,131072,0.1291155422972201,7745000.967412815,nan,nan,10,3,jax_wall_block_until_ready,warmup_excluded,True,,,0.0001,5,arithmetic_mean,1.0032931952002773,"[0.016893319899827473,0.016919820999828517,0.016948952899838332,0.016927801000201727,0.016927267000210123]",,,,,not_measured,not_measured,shared_cell_k_squared,nan,nan,,energy_autograd,energy_forces_charge_gradients,True,True,False,131072,0,0.0,explicit,0.09645736962556839,21.97800064086914,1.1368683772161603e-13,0.3372060287522547,9.0,,592,2.0,340,38692096,2,"{""compute_capability"":""9.0"",""driver"":""unavailable"",""memory_bytes"":99996401664,""name"":""NVIDIA H100 NVL""}","{""cuda"":""13.0"",""git_head"":""unavailable"",""jax"":""0.10.1"",""jaxlib"":""0.10.1"",""nvalchemi_toolkit_ops"":""0.5.0"",""python"":""3.12.3"",""source_sha256"":""4dfd278da46af31f54f8b7671e891073f8b10f8fa2cb28e7cf92bfeddd543638"",""torch"":""2.14.0+cu130"",""warp"":""1.17.0""}","{""gpu_uuid"":""b86b304e-698a-30bd-d46b-23da3dc3658e"",""host"":""ipp2-1738""}","{""JAX_DISABLE_JIT"":""<unset>"",""JAX_DISABLE_JIT_ACTUAL"":""False"",""JAX_ENABLE_X64"":""1"",""JAX_ENABLE_X64_ACTUAL"":""True"",""JAX_PLATFORMS"":""<unset>"",""TF_GPU_ALLOCATOR"":""<unset>"",""XLA_FLAGS"":""<unset>"",""XLA_PYTHON_CLIENT_ALLOCATOR"":""<unset>"",""XLA_PYTHON_CLIENT_MEM_FRACTION"":""0.95"",""XLA_PYTHON_CLIENT_PREALLOCATE"":""<unset>""}","{""artifacts"":{""nh3_pdb_1024"":{""bytes"":83199,""sha256"":""cb99e65c2024c8b1a80a7ea1f4ff5b23ef76a5d153a2caeb4a0e3077b5239135"",""state"":""file""},""nh3_pdb_128"":{""bytes"":10623,""sha256"":""4b48182856ba92449fa52b61bf2f95c6ce28937a3cb3da6aec4f131a1216c760"",""state"":""file""},""nh3_pdb_131072"":{""bytes"":10617087,""sha256"":""d454eb5e6e9fe717e1c12c22e3fc749189deae022de05b0f6f83f9f4501bbb52"",""state"":""file""},""nh3_pdb_16384"":{""bytes"":1327359,""sha256"":""07f5683974f6bdad6798104cf7de5ddb670704f71b7e28715d957805124196b8"",""state"":""file""},""nh3_pdb_2048"":{""bytes"":166143,""sha256"":""7171f9c4d6bf3c819f96ddd11877441961f43096057863d0607070d97c5e5a16"",""state"":""file""},""nh3_pdb_256"":{""bytes"":20991,""sha256"":""870d35ef9d654b395f8eefcd897e002ff41b1327475879ff5b955080ecb91ee0"",""state"":""file""},""nh3_pdb_32768"":{""bytes"":2654463,""sha256"":""a193ff7fc7793ae1c9121af48f694b9cff6974a63e67029053ab9312f86cb9cc"",""state"":""file""},""nh3_pdb_4096"":{""bytes"":332031,""sha256"":""e6d9ba2e0f95a04ebbeb61682dcf615982860aaa336140fee7ba55698f68175c"",""state"":""file""},""nh3_pdb_512"":{""bytes"":41727,""sha256"":""76e8d0d71fd3d49a1d14bb1fcd0689b08241620df41c90a904be29c85a67934e"",""state"":""file""},""nh3_pdb_65536"":{""bytes"":5308671,""sha256"":""a80e717b9abb39221c121bf3137135662e1b3c727e705e8f01e651720acd6dcc"",""state"":""file""},""nh3_pdb_8192"":{""bytes"":663807,""sha256"":""b0664469d3a8e84f71fbd848f1f0ffaca2cee3f4fd2100ed10f398e7c19a27e6"",""state"":""file""}},""metadata"":{""benchmark"":""el""}}",28ea42c8-c3b9-4a9c-96dc-b96a346325d0,,,32,32,32,17408,5,5cf09625c3f95b4e48378ac897119aca785b76c5da736641d08fd53b7e88000e,"{""batch_idx"":""int32"",""cell"":""float64"",""charges"":""float64"",""pbc"":""bool"",""positions"":""float64""}",capped_upstream_estimate,bounded_power_two_then_four_fft_snap,0.25,9.0,single_case,5779517f771cd31c95dc30de603249f8f59a1f8d3680da722ea0763b4d76684d,42.187286583997775,102,supported_jax_separate_collection
nh3,constant_workload,pme,jax,131072,1,131072,0.12899118835452142,7752467.534848847,nan,nan,10,3,jax_wall_block_until_ready,warmup_excluded,True,,,0.0001,5,arithmetic_mean,1.0072569768522222,"[0.016864364100183594,0.016898978199969862,0.01689324229992053,0.016892332199859084,0.01698674840008607]",,,,,not_measured,not_measured,k_squared_only,nan,nan,,energy_autograd,energy_forces_charge_gradients,True,True,False,131072,0,0.0,explicit,0.09645523130893707,110.76300048828125,1.4551915228366852e-11,0.3372060287522547,9.0,,592,2.0,395,38930114,2,"{""compute_capability"":""9.0"",""driver"":""unavailable"",""memory_bytes"":99996401664,""name"":""NVIDIA H100 NVL""}","{""cuda"":""13.0"",""git_head"":""unavailable"",""jax"":""0.10.1"",""jaxlib"":""0.10.1"",""nvalchemi_toolkit_ops"":""0.5.0"",""python"":""3.12.3"",""source_sha256"":""4dfd278da46af31f54f8b7671e891073f8b10f8fa2cb28e7cf92bfeddd543638"",""torch"":""2.14.0+cu130"",""warp"":""1.17.0""}","{""gpu_uuid"":""b86b304e-698a-30bd-d46b-23da3dc3658e"",""host"":""ipp2-1738""}","{""JAX_DISABLE_JIT"":""<unset>"",""JAX_DISABLE_JIT_ACTUAL"":""False"",""JAX_ENABLE_X64"":""1"",""JAX_ENABLE_X64_ACTUAL"":""True"",""JAX_PLATFORMS"":""<unset>"",""TF_GPU_ALLOCATOR"":""<unset>"",""XLA_FLAGS"":""<unset>"",""XLA_PYTHON_CLIENT_ALLOCATOR"":""<unset>"",""XLA_PYTHON_CLIENT_MEM_FRACTION"":""0.95"",""XLA_PYTHON_CLIENT_PREALLOCATE"":""<unset>""}","{""artifacts"":{""nh3_pdb_1024"":{""bytes"":83199,""sha256"":""cb99e65c2024c8b1a80a7ea1f4ff5b23ef76a5d153a2caeb4a0e3077b5239135"",""state"":""file""},""nh3_pdb_128"":{""bytes"":10623,""sha256"":""4b48182856ba92449fa52b61bf2f95c6ce28937a3cb3da6aec4f131a1216c760"",""state"":""file""},""nh3_pdb_131072"":{""bytes"":10617087,""sha256"":""d454eb5e6e9fe717e1c12c22e3fc749189deae022de05b0f6f83f9f4501bbb52"",""state"":""file""},""nh3_pdb_16384"":{""bytes"":1327359,""sha256"":""07f5683974f6bdad6798104cf7de5ddb670704f71b7e28715d957805124196b8"",""state"":""file""},""nh3_pdb_2048"":{""bytes"":166143,""sha256"":""7171f9c4d6bf3c819f96ddd11877441961f43096057863d0607070d97c5e5a16"",""state"":""file""},""nh3_pdb_256"":{""bytes"":20991,""sha256"":""870d35ef9d654b395f8eefcd897e002ff41b1327475879ff5b955080ecb91ee0"",""state"":""file""},""nh3_pdb_32768"":{""bytes"":2654463,""sha256"":""a193ff7fc7793ae1c9121af48f694b9cff6974a63e67029053ab9312f86cb9cc"",""state"":""file""},""nh3_pdb_4096"":{""bytes"":332031,""sha256"":""e6d9ba2e0f95a04ebbeb61682dcf615982860aaa336140fee7ba55698f68175c"",""state"":""file""},""nh3_pdb_512"":{""bytes"":41727,""sha256"":""76e8d0d71fd3d49a1d14bb1fcd0689b08241620df41c90a904be29c85a67934e"",""state"":""file""},""nh3_pdb_65536"":{""bytes"":5308671,""sha256"":""a80e717b9abb39221c121bf3137135662e1b3c727e705e8f01e651720acd6dcc"",""state"":""file""},""nh3_pdb_8192"":{""bytes"":663807,""sha256"":""b0664469d3a8e84f71fbd848f1f0ffaca2cee3f4fd2100ed10f398e7c19a27e6"",""state"":""file""}},""metadata"":{""benchmark"":""el""}}",28ea42c8-c3b9-4a9c-96dc-b96a346325d0,,,160,160,160,2073600,5,88ca7c9f1022d24e9613a4e335ee5c0700c98904d5191040314824d6b9d2a8e8,"{""batch_idx"":""int32"",""cell"":""float64"",""charges"":""float64"",""pbc"":""bool"",""positions"":""float64""}",capped_upstream_estimate,bounded_power_two_then_four_fft_snap,0.25,9.0,single_case,5779517f771cd31c95dc30de603249f8f59a1f8d3680da722ea0763b4d76684d,43.13305711900102,116,supported_jax_separate_collection
nh3,constant_workload,ewald,jax,512,256,131072,0.26566784133819077,3764098.7895370317,nan,nan,10,3,jax_wall_block_until_ready,warmup_excluded,True,,,0.0001,5,arithmetic_mean,1.0016934424035813,"[0.03483580569991318,0.034791971599770474,0.034819605799930285,0.034809803600001035,0.03485088979978172]",,,,,not_measured,not_measured,,nan,nan,665,energy_autograd,energy_forces_charge_gradients,True,True,False,131072,0,0.0,explicit,0.09645654261112213,17.444000244140625,5.684341886080802e-14,0.2873914514502449,10.560001849239786,1.7443823407359034,960,2.0,511,62428672,2,"{""compute_capability"":""9.0"",""driver"":""unavailable"",""memory_bytes"":99996401664,""name"":""NVIDIA H100 NVL""}","{""cuda"":""13.0"",""git_head"":""unavailable"",""jax"":""0.10.1"",""jaxlib"":""0.10.1"",""nvalchemi_toolkit_ops"":""0.5.0"",""python"":""3.12.3"",""source_sha256"":""4dfd278da46af31f54f8b7671e891073f8b10f8fa2cb28e7cf92bfeddd543638"",""torch"":""2.14.0+cu130"",""warp"":""1.17.0""}","{""gpu_uuid"":""b86b304e-698a-30bd-d46b-23da3dc3658e"",""host"":""ipp2-1738""}","{""JAX_DISABLE_JIT"":""<unset>"",""JAX_DISABLE_JIT_ACTUAL"":""False"",""JAX_ENABLE_X64"":""1"",""JAX_ENABLE_X64_ACTUAL"":""True"",""JAX_PLATFORMS"":""<unset>"",""TF_GPU_ALLOCATOR"":""<unset>"",""XLA_FLAGS"":""<unset>"",""XLA_PYTHON_CLIENT_ALLOCATOR"":""<unset>"",""XLA_PYTHON_CLIENT_MEM_FRACTION"":""0.95"",""XLA_PYTHON_CLIENT_PREALLOCATE"":""<unset>""}","{""artifacts"":{""nh3_pdb_1024"":{""bytes"":83199,""sha256"":""cb99e65c2024c8b1a80a7ea1f4ff5b23ef76a5d153a2caeb4a0e3077b5239135"",""state"":""file""},""nh3_pdb_128"":{""bytes"":10623,""sha256"":""4b48182856ba92449fa52b61bf2f95c6ce28937a3cb3da6aec4f131a1216c760"",""state"":""file""},""nh3_pdb_131072"":{""bytes"":10617087,""sha256"":""d454eb5e6e9fe717e1c12c22e3fc749189deae022de05b0f6f83f9f4501bbb52"",""state"":""file""},""nh3_pdb_16384"":{""bytes"":1327359,""sha256"":""07f5683974f6bdad6798104cf7de5ddb670704f71b7e28715d957805124196b8"",""state"":""file""},""nh3_pdb_2048"":{""bytes"":166143,""sha256"":""7171f9c4d6bf3c819f96ddd11877441961f43096057863d0607070d97c5e5a16"",""state"":""file""},""nh3_pdb_256"":{""bytes"":20991,""sha256"":""870d35ef9d654b395f8eefcd897e002ff41b1327475879ff5b955080ecb91ee0"",""state"":""file""},""nh3_pdb_32768"":{""bytes"":2654463,""sha256"":""a193ff7fc7793ae1c9121af48f694b9cff6974a63e67029053ab9312f86cb9cc"",""state"":""file""},""nh3_pdb_4096"":{""bytes"":332031,""sha256"":""e6d9ba2e0f95a04ebbeb61682dcf615982860aaa336140fee7ba55698f68175c"",""state"":""file""},""nh3_pdb_512"":{""bytes"":41727,""sha256"":""76e8d0d71fd3d49a1d14bb1fcd0689b08241620df41c90a904be29c85a67934e"",""state"":""file""},""nh3_pdb_65536"":{""bytes"":5308671,""sha256"":""a80e717b9abb39221c121bf3137135662e1b3c727e705e8f01e651720acd6dcc"",""state"":""file""},""nh3_pdb_8192"":{""bytes"":663807,""sha256"":""b0664469d3a8e84f71fbd848f1f0ffaca2cee3f4fd2100ed10f398e7c19a27e6"",""state"":""file""}},""metadata"":{""benchmark"":""el""}}",28ea42c8-c3b9-4a9c-96dc-b96a346325d0,,,,,,,,,,,,,,single_case,5779517f771cd31c95dc30de603249f8f59a1f8d3680da722ea0763b4d76684d,18.742734247000044,248,supported_jax_separate_collection
nh3,constant_workload,ewald,jax,512,256,131072,0.607351243743781,1646493.7057441226,nan,nan,10,3,jax_wall_block_until_ready,warmup_excluded,True,,,1e-06,5,arithmetic_mean,1.0013191320658836,"[0.07958707480029262,0.07956534669974644,0.0796067597999354,0.07960422590003872,0.07967030389991123]",,,,,not_measured,not_measured,,nan,nan,1098,energy_autograd,energy_forces_charge_gradients,True,True,False,131072,0,0.0,explicit,0.09645654261112213,17.444000244140625,5.684341886080802e-14,0.2873914514502449,12.933308106742125,2.1364233255623533,1760,2.0,912,114379776,2,"{""compute_capability"":""9.0"",""driver"":""unavailable"",""memory_bytes"":99996401664,""name"":""NVIDIA H100 NVL""}","{""cuda"":""13.0"",""git_head"":""unavailable"",""jax"":""0.10.1"",""jaxlib"":""0.10.1"",""nvalchemi_toolkit_ops"":""0.5.0"",""python"":""3.12.3"",""source_sha256"":""4dfd278da46af31f54f8b7671e891073f8b10f8fa2cb28e7cf92bfeddd543638"",""torch"":""2.14.0+cu130"",""warp"":""1.17.0""}","{""gpu_uuid"":""b86b304e-698a-30bd-d46b-23da3dc3658e"",""host"":""ipp2-1738""}","{""JAX_DISABLE_JIT"":""<unset>"",""JAX_DISABLE_JIT_ACTUAL"":""False"",""JAX_ENABLE_X64"":""1"",""JAX_ENABLE_X64_ACTUAL"":""True"",""JAX_PLATFORMS"":""<unset>"",""TF_GPU_ALLOCATOR"":""<unset>"",""XLA_FLAGS"":""<unset>"",""XLA_PYTHON_CLIENT_ALLOCATOR"":""<unset>"",""XLA_PYTHON_CLIENT_MEM_FRACTION"":""0.95"",""XLA_PYTHON_CLIENT_PREALLOCATE"":""<unset>""}","{""artifacts"":{""nh3_pdb_1024"":{""bytes"":83199,""sha256"":""cb99e65c2024c8b1a80a7ea1f4ff5b23ef76a5d153a2caeb4a0e3077b5239135"",""state"":""file""},""nh3_pdb_128"":{""bytes"":10623,""sha256"":""4b48182856ba92449fa52b61bf2f95c6ce28937a3cb3da6aec4f131a1216c760"",""state"":""file""},""nh3_pdb_131072"":{""bytes"":10617087,""sha256"":""d454eb5e6e9fe717e1c12c22e3fc749189deae022de05b0f6f83f9f4501bbb52"",""state"":""file""},""nh3_pdb_16384"":{""bytes"":1327359,""sha256"":""07f5683974f6bdad6798104cf7de5ddb670704f71b7e28715d957805124196b8"",""state"":""file""},""nh3_pdb_2048"":{""bytes"":166143,""sha256"":""7171f9c4d6bf3c819f96ddd11877441961f43096057863d0607070d97c5e5a16"",""state"":""file""},""nh3_pdb_256"":{""bytes"":20991,""sha256"":""870d35ef9d654b395f8eefcd897e002ff41b1327475879ff5b955080ecb91ee0"",""state"":""file""},""nh3_pdb_32768"":{""bytes"":2654463,""sha256"":""a193ff7fc7793ae1c9121af48f694b9cff6974a63e67029053ab9312f86cb9cc"",""state"":""file""},""nh3_pdb_4096"":{""bytes"":332031,""sha256"":""e6d9ba2e0f95a04ebbeb61682dcf615982860aaa336140fee7ba55698f68175c"",""state"":""file""},""nh3_pdb_512"":{""bytes"":41727,""sha256"":""76e8d0d71fd3d49a1d14bb1fcd0689b08241620df41c90a904be29c85a67934e"",""state"":""file""},""nh3_pdb_65536"":{""bytes"":5308671,""sha256"":""a80e717b9abb39221c121bf3137135662e1b3c727e705e8f01e651720acd6dcc"",""state"":""file""},""nh3_pdb_8192"":{""bytes"":663807,""sha256"":""b0664469d3a8e84f71fbd848f1f0ffaca2cee3f4fd2100ed10f398e7c19a27e6"",""state"":""file""}},""metadata"":{""benchmark"":""el""}}",28ea42c8-c3b9-4a9c-96dc-b96a346325d0,,,,,,,,,,,,,,single_case,5779517f771cd31c95dc30de603249f8f59a1f8d3680da722ea0763b4d76684d,22.73287583199999,249,supported_jax_separate_collection
nh3,constant_workload,pme,jax,32768,4,131072,0.12899843933267263,7752031.770098484,nan,nan,10,3,jax_wall_block_until_ready,warmup_excluded,True,,,0.0001,5,arithmetic_mean,1.0023596111805224,"[0.016879433700523805,0.016913204599404708,0.016918178599735257,0.01691033770039212,0.01691926260100445]",,,,,not_measured,not_measured,shared_cell_k_squared,nan,nan,,energy_autograd,energy_forces_charge_gradients,True,True,False,131072,0,0.0,explicit,0.09645654261112213,69.7760009765625,3.637978807091713e-12,0.3372060287522547,9.0,,592,2.0,395,39020592,2,"{""compute_capability"":""9.0"",""driver"":""unavailable"",""memory_bytes"":99996401664,""name"":""NVIDIA H100 NVL""}","{""cuda"":""13.0"",""git_head"":""unavailable"",""jax"":""0.10.1"",""jaxlib"":""0.10.1"",""nvalchemi_toolkit_ops"":""0.5.0"",""python"":""3.12.3"",""source_sha256"":""4dfd278da46af31f54f8b7671e891073f8b10f8fa2cb28e7cf92bfeddd543638"",""torch"":""2.14.0+cu130"",""warp"":""1.17.0""}","{""gpu_uuid"":""23074f79-c31a-f283-5a26-fe763902683e"",""host"":""a1u1g-mil-0678""}","{""JAX_DISABLE_JIT"":""<unset>"",""JAX_DISABLE_JIT_ACTUAL"":""False"",""JAX_ENABLE_X64"":""1"",""JAX_ENABLE_X64_ACTUAL"":""True"",""JAX_PLATFORMS"":""<unset>"",""TF_GPU_ALLOCATOR"":""<unset>"",""XLA_FLAGS"":""<unset>"",""XLA_PYTHON_CLIENT_ALLOCATOR"":""<unset>"",""XLA_PYTHON_CLIENT_MEM_FRACTION"":""0.95"",""XLA_PYTHON_CLIENT_PREALLOCATE"":""<unset>""}","{""artifacts"":{""nh3_pdb_1024"":{""bytes"":83199,""sha256"":""cb99e65c2024c8b1a80a7ea1f4ff5b23ef76a5d153a2caeb4a0e3077b5239135"",""state"":""file""},""nh3_pdb_128"":{""bytes"":10623,""sha256"":""4b48182856ba92449fa52b61bf2f95c6ce28937a3cb3da6aec4f131a1216c760"",""state"":""file""},""nh3_pdb_131072"":{""bytes"":10617087,""sha256"":""d454eb5e6e9fe717e1c12c22e3fc749189deae022de05b0f6f83f9f4501bbb52"",""state"":""file""},""nh3_pdb_16384"":{""bytes"":1327359,""sha256"":""07f5683974f6bdad6798104cf7de5ddb670704f71b7e28715d957805124196b8"",""state"":""file""},""nh3_pdb_2048"":{""bytes"":166143,""sha256"":""7171f9c4d6bf3c819f96ddd11877441961f43096057863d0607070d97c5e5a16"",""state"":""file""},""nh3_pdb_256"":{""bytes"":20991,""sha256"":""870d35ef9d654b395f8eefcd897e002ff41b1327475879ff5b955080ecb91ee0"",""state"":""file""},""nh3_pdb_32768"":{""bytes"":2654463,""sha256"":""a193ff7fc7793ae1c9121af48f694b9cff6974a63e67029053ab9312f86cb9cc"",""state"":""file""},""nh3_pdb_4096"":{""bytes"":332031,""sha256"":""e6d9ba2e0f95a04ebbeb61682dcf615982860aaa336140fee7ba55698f68175c"",""state"":""file""},""nh3_pdb_512"":{""bytes"":41727,""sha256"":""76e8d0d71fd3d49a1d14bb1fcd0689b08241620df41c90a904be29c85a67934e"",""state"":""file""},""nh3_pdb_65536"":{""bytes"":5308671,""sha256"":""a80e717b9abb39221c121bf3137135662e1b3c727e705e8f01e651720acd6dcc"",""state"":""file""},""nh3_pdb_8192"":{""bytes"":663807,""sha256"":""b0664469d3a8e84f71fbd848f1f0ffaca2cee3f4fd2100ed10f398e7c19a27e6"",""state"":""file""}},""metadata"":{""benchmark"":""el""}}",28ea42c8-c3b9-4a9c-96dc-b96a346325d0,,,100,100,100,510000,5,a20b935ff5ea7a658e79117db4294b8a6bbc52ee9f52454a03d8cf8ed0834456,"{""batch_idx"":""int32"",""cell"":""float64"",""charges"":""float64"",""pbc"":""bool"",""positions"":""float64""}",capped_upstream_estimate,bounded_power_two_then_four_fft_snap,0.25,9.0,single_case,5779517f771cd31c95dc30de603249f8f59a1f8d3680da722ea0763b4d76684d,41.86780462200113,112,supported_jax_separate_collection
nh3,constant_workload,pme,jax,32768,4,131072,0.47311813979877826,2113636.9880582253,nan,nan,10,3,jax_wall_block_until_ready,warmup_excluded,True,,,1e-06,5,arithmetic_mean,1.024225154929984,"[0.061096628899395,0.06257670420018258,0.06181286589999217,0.0622163552994607,0.06236014979949687]",,,,,not_measured,not_measured,shared_cell_k_squared,nan,nan,,energy_autograd,energy_forces_charge_gradients,True,True,False,131072,0,0.0,explicit,0.09645654261112213,69.7760009765625,3.637978807091713e-12,0.4129913543166487,9.0,,592,2.0,395,39020592,2,"{""compute_capability"":""9.0"",""driver"":""unavailable"",""memory_bytes"":99996401664,""name"":""NVIDIA H100 NVL""}","{""cuda"":""13.0"",""git_head"":""unavailable"",""jax"":""0.10.1"",""jaxlib"":""0.10.1"",""nvalchemi_toolkit_ops"":""0.5.0"",""python"":""3.12.3"",""source_sha256"":""4dfd278da46af31f54f8b7671e891073f8b10f8fa2cb28e7cf92bfeddd543638"",""torch"":""2.14.0+cu130"",""warp"":""1.17.0""}","{""gpu_uuid"":""23074f79-c31a-f283-5a26-fe763902683e"",""host"":""a1u1g-mil-0678""}","{""JAX_DISABLE_JIT"":""<unset>"",""JAX_DISABLE_JIT_ACTUAL"":""False"",""JAX_ENABLE_X64"":""1"",""JAX_ENABLE_X64_ACTUAL"":""True"",""JAX_PLATFORMS"":""<unset>"",""TF_GPU_ALLOCATOR"":""<unset>"",""XLA_FLAGS"":""<unset>"",""XLA_PYTHON_CLIENT_ALLOCATOR"":""<unset>"",""XLA_PYTHON_CLIENT_MEM_FRACTION"":""0.95"",""XLA_PYTHON_CLIENT_PREALLOCATE"":""<unset>""}","{""artifacts"":{""nh3_pdb_1024"":{""bytes"":83199,""sha256"":""cb99e65c2024c8b1a80a7ea1f4ff5b23ef76a5d153a2caeb4a0e3077b5239135"",""state"":""file""},""nh3_pdb_128"":{""bytes"":10623,""sha256"":""4b48182856ba92449fa52b61bf2f95c6ce28937a3cb3da6aec4f131a1216c760"",""state"":""file""},""nh3_pdb_131072"":{""bytes"":10617087,""sha256"":""d454eb5e6e9fe717e1c12c22e3fc749189deae022de05b0f6f83f9f4501bbb52"",""state"":""file""},""nh3_pdb_16384"":{""bytes"":1327359,""sha256"":""07f5683974f6bdad6798104cf7de5ddb670704f71b7e28715d957805124196b8"",""state"":""file""},""nh3_pdb_2048"":{""bytes"":166143,""sha256"":""7171f9c4d6bf3c819f96ddd11877441961f43096057863d0607070d97c5e5a16"",""state"":""file""},""nh3_pdb_256"":{""bytes"":20991,""sha256"":""870d35ef9d654b395f8eefcd897e002ff41b1327475879ff5b955080ecb91ee0"",""state"":""file""},""nh3_pdb_32768"":{""bytes"":2654463,""sha256"":""a193ff7fc7793ae1c9121af48f694b9cff6974a63e67029053ab9312f86cb9cc"",""state"":""file""},""nh3_pdb_4096"":{""bytes"":332031,""sha256"":""e6d9ba2e0f95a04ebbeb61682dcf615982860aaa336140fee7ba55698f68175c"",""state"":""file""},""nh3_pdb_512"":{""bytes"":41727,""sha256"":""76e8d0d71fd3d49a1d14bb1fcd0689b08241620df41c90a904be29c85a67934e"",""state"":""file""},""nh3_pdb_65536"":{""bytes"":5308671,""sha256"":""a80e717b9abb39221c121bf3137135662e1b3c727e705e8f01e651720acd6dcc"",""state"":""file""},""nh3_pdb_8192"":{""bytes"":663807,""sha256"":""b0664469d3a8e84f71fbd848f1f0ffaca2cee3f4fd2100ed10f398e7c19a27e6"",""state"":""file""}},""metadata"":{""benchmark"":""el""}}",28ea42c8-c3b9-4a9c-96dc-b96a346325d0,,,320,320,320,16486400,5,a20b935ff5ea7a658e79117db4294b8a6bbc52ee9f52454a03d8cf8ed0834456,"{""batch_idx"":""int32"",""cell"":""float64"",""charges"":""float64"",""pbc"":""bool"",""positions"":""float64""}",capped_upstream_estimate,bounded_power_two_then_four_fft_snap,0.25,9.0,single_case,5779517f771cd31c95dc30de603249f8f59a1f8d3680da722ea0763b4d76684d,43.87327302098856,113,supported_jax_separate_collection
nh3,constant_workload,ewald,jax,8192,16,131072,1.7340352272032789,576689.5529641805,nan,nan,10,3,jax_wall_block_until_ready,warmup_excluded,True,,,0.0001,5,arithmetic_mean,1.0002006568472963,"[0.2272941841991269,0.22729179629968713,0.2272536496995599,0.22727844660112168,0.2272992497004452]",,,,,not_measured,not_measured,,nan,nan,2456,energy_autograd,energy_forces_charge_gradients,True,True,False,131072,0,0.0,explicit,0.09645736962556839,43.95600128173828,9.094947017729282e-13,0.18104578414850428,16.762910404370025,1.0988951381109908,3808,2.0,2132,250028576,2,"{""compute_capability"":""9.0"",""driver"":""unavailable"",""memory_bytes"":99996401664,""name"":""NVIDIA H100 NVL""}","{""cuda"":""13.0"",""git_head"":""unavailable"",""jax"":""0.10.1"",""jaxlib"":""0.10.1"",""nvalchemi_toolkit_ops"":""0.5.0"",""python"":""3.12.3"",""source_sha256"":""4dfd278da46af31f54f8b7671e891073f8b10f8fa2cb28e7cf92bfeddd543638"",""torch"":""2.14.0+cu130"",""warp"":""1.17.0""}","{""gpu_uuid"":""23074f79-c31a-f283-5a26-fe763902683e"",""host"":""a1u1g-mil-0678""}","{""JAX_DISABLE_JIT"":""<unset>"",""JAX_DISABLE_JIT_ACTUAL"":""False"",""JAX_ENABLE_X64"":""1"",""JAX_ENABLE_X64_ACTUAL"":""True"",""JAX_PLATFORMS"":""<unset>"",""TF_GPU_ALLOCATOR"":""<unset>"",""XLA_FLAGS"":""<unset>"",""XLA_PYTHON_CLIENT_ALLOCATOR"":""<unset>"",""XLA_PYTHON_CLIENT_MEM_FRACTION"":""0.95"",""XLA_PYTHON_CLIENT_PREALLOCATE"":""<unset>""}","{""artifacts"":{""nh3_pdb_1024"":{""bytes"":83199,""sha256"":""cb99e65c2024c8b1a80a7ea1f4ff5b23ef76a5d153a2caeb4a0e3077b5239135"",""state"":""file""},""nh3_pdb_128"":{""bytes"":10623,""sha256"":""4b48182856ba92449fa52b61bf2f95c6ce28937a3cb3da6aec4f131a1216c760"",""state"":""file""},""nh3_pdb_131072"":{""bytes"":10617087,""sha256"":""d454eb5e6e9fe717e1c12c22e3fc749189deae022de05b0f6f83f9f4501bbb52"",""state"":""file""},""nh3_pdb_16384"":{""bytes"":1327359,""sha256"":""07f5683974f6bdad6798104cf7de5ddb670704f71b7e28715d957805124196b8"",""state"":""file""},""nh3_pdb_2048"":{""bytes"":166143,""sha256"":""7171f9c4d6bf3c819f96ddd11877441961f43096057863d0607070d97c5e5a16"",""state"":""file""},""nh3_pdb_256"":{""bytes"":20991,""sha256"":""870d35ef9d654b395f8eefcd897e002ff41b1327475879ff5b955080ecb91ee0"",""state"":""file""},""nh3_pdb_32768"":{""bytes"":2654463,""sha256"":""a193ff7fc7793ae1c9121af48f694b9cff6974a63e67029053ab9312f86cb9cc"",""state"":""file""},""nh3_pdb_4096"":{""bytes"":332031,""sha256"":""e6d9ba2e0f95a04ebbeb61682dcf615982860aaa336140fee7ba55698f68175c"",""state"":""file""},""nh3_pdb_512"":{""bytes"":41727,""sha256"":""76e8d0d71fd3d49a1d14bb1fcd0689b08241620df41c90a904be29c85a67934e"",""state"":""file""},""nh3_pdb_65536"":{""bytes"":5308671,""sha256"":""a80e717b9abb39221c121bf3137135662e1b3c727e705e8f01e651720acd6dcc"",""state"":""file""},""nh3_pdb_8192"":{""bytes"":663807,""sha256"":""b0664469d3a8e84f71fbd848f1f0ffaca2cee3f4fd2100ed10f398e7c19a27e6"",""state"":""file""}},""metadata"":{""benchmark"":""el""}}",28ea42c8-c3b9-4a9c-96dc-b96a346325d0,,,,,,,,,,,,,,single_case,5779517f771cd31c95dc30de603249f8f59a1f8d3680da722ea0763b4d76684d,40.64147768300609,256,supported_jax_separate_collection
nh3,constant_workload,pme,jax,512,256,131072,0.4542401248208705,2201478.78920725,nan,nan,10,3,jax_wall_block_until_ready,warmup_excluded,True,,,1e-06,5,arithmetic_mean,1.0290272457181935,"[0.058367811201605946,0.059394111201982014,0.05983559789892752,0.06003121990070213,0.06006206799938809]",,,,,not_measured,not_measured,shared_cell_k_squared,nan,nan,,energy_autograd,energy_forces_charge_gradients,True,True,False,131072,0,0.0,explicit,0.09645654261112213,17.444000244140625,5.684341886080802e-14,0.41299135431664874,9.0,,592,2.0,341,38659072,2,"{""compute_capability"":""9.0"",""driver"":""unavailable"",""memory_bytes"":99996401664,""name"":""NVIDIA H100 NVL""}","{""cuda"":""13.0"",""git_head"":""unavailable"",""jax"":""0.10.1"",""jaxlib"":""0.10.1"",""nvalchemi_toolkit_ops"":""0.5.0"",""python"":""3.12.3"",""source_sha256"":""4dfd278da46af31f54f8b7671e891073f8b10f8fa2cb28e7cf92bfeddd543638"",""torch"":""2.14.0+cu130"",""warp"":""1.17.0""}","{""gpu_uuid"":""557cda80-d2b2-7630-d3a3-99bf87d35067"",""host"":""ipp2-1716""}","{""JAX_DISABLE_JIT"":""<unset>"",""JAX_DISABLE_JIT_ACTUAL"":""False"",""JAX_ENABLE_X64"":""1"",""JAX_ENABLE_X64_ACTUAL"":""True"",""JAX_PLATFORMS"":""<unset>"",""TF_GPU_ALLOCATOR"":""<unset>"",""XLA_FLAGS"":""<unset>"",""XLA_PYTHON_CLIENT_ALLOCATOR"":""<unset>"",""XLA_PYTHON_CLIENT_MEM_FRACTION"":""0.95"",""XLA_PYTHON_CLIENT_PREALLOCATE"":""<unset>""}","{""artifacts"":{""nh3_pdb_1024"":{""bytes"":83199,""sha256"":""cb99e65c2024c8b1a80a7ea1f4ff5b23ef76a5d153a2caeb4a0e3077b5239135"",""state"":""file""},""nh3_pdb_128"":{""bytes"":10623,""sha256"":""4b48182856ba92449fa52b61bf2f95c6ce28937a3cb3da6aec4f131a1216c760"",""state"":""file""},""nh3_pdb_131072"":{""bytes"":10617087,""sha256"":""d454eb5e6e9fe717e1c12c22e3fc749189deae022de05b0f6f83f9f4501bbb52"",""state"":""file""},""nh3_pdb_16384"":{""bytes"":1327359,""sha256"":""07f5683974f6bdad6798104cf7de5ddb670704f71b7e28715d957805124196b8"",""state"":""file""},""nh3_pdb_2048"":{""bytes"":166143,""sha256"":""7171f9c4d6bf3c819f96ddd11877441961f43096057863d0607070d97c5e5a16"",""state"":""file""},""nh3_pdb_256"":{""bytes"":20991,""sha256"":""870d35ef9d654b395f8eefcd897e002ff41b1327475879ff5b955080ecb91ee0"",""state"":""file""},""nh3_pdb_32768"":{""bytes"":2654463,""sha256"":""a193ff7fc7793ae1c9121af48f694b9cff6974a63e67029053ab9312f86cb9cc"",""state"":""file""},""nh3_pdb_4096"":{""bytes"":332031,""sha256"":""e6d9ba2e0f95a04ebbeb61682dcf615982860aaa336140fee7ba55698f68175c"",""state"":""file""},""nh3_pdb_512"":{""bytes"":41727,""sha256"":""76e8d0d71fd3d49a1d14bb1fcd0689b08241620df41c90a904be29c85a67934e"",""state"":""file""},""nh3_pdb_65536"":{""bytes"":5308671,""sha256"":""a80e717b9abb39221c121bf3137135662e1b3c727e705e8f01e651720acd6dcc"",""state"":""file""},""nh3_pdb_8192"":{""bytes"":663807,""sha256"":""b0664469d3a8e84f71fbd848f1f0ffaca2cee3f4fd2100ed10f398e7c19a27e6"",""state"":""file""}},""metadata"":{""benchmark"":""el""}}",28ea42c8-c3b9-4a9c-96dc-b96a346325d0,,,80,80,80,262400,5,c78fbf63f66c8e9feaef6dae985bb310cfdae837b4255963cf16f2cf5a6c61c2,"{""batch_idx"":""int32"",""cell"":""float64"",""charges"":""float64"",""pbc"":""bool"",""positions"":""float64""}",capped_upstream_estimate,bounded_power_two_then_four_fft_snap,0.25,9.0,single_case,5779517f771cd31c95dc30de603249f8f59a1f8d3680da722ea0763b4d76684d,45.34818954998627,101,supported_jax_separate_collection
nh3,constant_workload,ewald,jax,16384,8,131072,2.606419866180154,383668.0394343191,nan,nan,10,3,jax_wall_block_until_ready,warmup_excluded,True,,,0.0001,5,arithmetic_mean,1.0045573952757116,"[0.3406513163999989,0.3416092400999332,0.3418753511999967,0.3418036166998718,0.3422037991000252]",,,,,not_measured,not_measured,,nan,nan,3429,energy_autograd,energy_forces_charge_gradients,True,True,False,131072,0,0.0,explicit,0.096457839012146,55.38100051879883,1.8189894035458565e-12,0.16129372137038622,18.815699910607282,0.9790058744276513,5392,2.0,3025,353455136,2,"{""compute_capability"":""9.0"",""driver"":""unavailable"",""memory_bytes"":99996401664,""name"":""NVIDIA H100 NVL""}","{""cuda"":""13.0"",""git_head"":""unavailable"",""jax"":""0.10.1"",""jaxlib"":""0.10.1"",""nvalchemi_toolkit_ops"":""0.5.0"",""python"":""3.12.3"",""source_sha256"":""4dfd278da46af31f54f8b7671e891073f8b10f8fa2cb28e7cf92bfeddd543638"",""torch"":""2.14.0+cu130"",""warp"":""1.17.0""}","{""gpu_uuid"":""b86b304e-698a-30bd-d46b-23da3dc3658e"",""host"":""ipp2-1738""}","{""JAX_DISABLE_JIT"":""<unset>"",""JAX_DISABLE_JIT_ACTUAL"":""False"",""JAX_ENABLE_X64"":""1"",""JAX_ENABLE_X64_ACTUAL"":""True"",""JAX_PLATFORMS"":""<unset>"",""TF_GPU_ALLOCATOR"":""<unset>"",""XLA_FLAGS"":""<unset>"",""XLA_PYTHON_CLIENT_ALLOCATOR"":""<unset>"",""XLA_PYTHON_CLIENT_MEM_FRACTION"":""0.95"",""XLA_PYTHON_CLIENT_PREALLOCATE"":""<unset>""}","{""artifacts"":{""nh3_pdb_1024"":{""bytes"":83199,""sha256"":""cb99e65c2024c8b1a80a7ea1f4ff5b23ef76a5d153a2caeb4a0e3077b5239135"",""state"":""file""},""nh3_pdb_128"":{""bytes"":10623,""sha256"":""4b48182856ba92449fa52b61bf2f95c6ce28937a3cb3da6aec4f131a1216c760"",""state"":""file""},""nh3_pdb_131072"":{""bytes"":10617087,""sha256"":""d454eb5e6e9fe717e1c12c22e3fc749189deae022de05b0f6f83f9f4501bbb52"",""state"":""file""},""nh3_pdb_16384"":{""bytes"":1327359,""sha256"":""07f5683974f6bdad6798104cf7de5ddb670704f71b7e28715d957805124196b8"",""state"":""file""},""nh3_pdb_2048"":{""bytes"":166143,""sha256"":""7171f9c4d6bf3c819f96ddd11877441961f43096057863d0607070d97c5e5a16"",""state"":""file""},""nh3_pdb_256"":{""bytes"":20991,""sha256"":""870d35ef9d654b395f8eefcd897e002ff41b1327475879ff5b955080ecb91ee0"",""state"":""file""},""nh3_pdb_32768"":{""bytes"":2654463,""sha256"":""a193ff7fc7793ae1c9121af48f694b9cff6974a63e67029053ab9312f86cb9cc"",""state"":""file""},""nh3_pdb_4096"":{""bytes"":332031,""sha256"":""e6d9ba2e0f95a04ebbeb61682dcf615982860aaa336140fee7ba55698f68175c"",""state"":""file""},""nh3_pdb_512"":{""bytes"":41727,""sha256"":""76e8d0d71fd3d49a1d14bb1fcd0689b08241620df41c90a904be29c85a67934e"",""state"":""file""},""nh3_pdb_65536"":{""bytes"":5308671,""sha256"":""a80e717b9abb39221c121bf3137135662e1b3c727e705e8f01e651720acd6dcc"",""state"":""file""},""nh3_pdb_8192"":{""bytes"":663807,""sha256"":""b0664469d3a8e84f71fbd848f1f0ffaca2cee3f4fd2100ed10f398e7c19a27e6"",""state"":""file""}},""metadata"":{""benchmark"":""el""}}",28ea42c8-c3b9-4a9c-96dc-b96a346325d0,,,,,,,,,,,,,,single_case,5779517f771cd31c95dc30de603249f8f59a1f8d3680da722ea0763b4d76684d,49.513736638999035,258,supported_jax_separate_collection
nh3,constant_workload,pme,jax,4096,32,131072,0.43361186600421314,2306209.950422075,nan,nan,10,3,jax_wall_block_until_ready,warmup_excluded,True,,,1e-06,5,arithmetic_mean,1.0164825905855548,"[0.05628365240118001,0.05677953170088586,0.05695237780164462,0.056944957800442356,0.057211352800368334]",,,,,not_measured,not_measured,shared_cell_k_squared,nan,nan,,energy_autograd,energy_forces_charge_gradients,True,True,False,131072,0,0.0,explicit,0.09645654261112213,34.88800048828125,4.547473508864641e-13,0.4129913543166487,9.0,,592,2.0,383,39071360,2,"{""compute_capability"":""9.0"",""driver"":""unavailable"",""memory_bytes"":99996401664,""name"":""NVIDIA H100 NVL""}","{""cuda"":""13.0"",""git_head"":""unavailable"",""jax"":""0.10.1"",""jaxlib"":""0.10.1"",""nvalchemi_toolkit_ops"":""0.5.0"",""python"":""3.12.3"",""source_sha256"":""4dfd278da46af31f54f8b7671e891073f8b10f8fa2cb28e7cf92bfeddd543638"",""torch"":""2.14.0+cu130"",""warp"":""1.17.0""}","{""gpu_uuid"":""557cda80-d2b2-7630-d3a3-99bf87d35067"",""host"":""ipp2-1716""}","{""JAX_DISABLE_JIT"":""<unset>"",""JAX_DISABLE_JIT_ACTUAL"":""False"",""JAX_ENABLE_X64"":""1"",""JAX_ENABLE_X64_ACTUAL"":""True"",""JAX_PLATFORMS"":""<unset>"",""TF_GPU_ALLOCATOR"":""<unset>"",""XLA_FLAGS"":""<unset>"",""XLA_PYTHON_CLIENT_ALLOCATOR"":""<unset>"",""XLA_PYTHON_CLIENT_MEM_FRACTION"":""0.95"",""XLA_PYTHON_CLIENT_PREALLOCATE"":""<unset>""}","{""artifacts"":{""nh3_pdb_1024"":{""bytes"":83199,""sha256"":""cb99e65c2024c8b1a80a7ea1f4ff5b23ef76a5d153a2caeb4a0e3077b5239135"",""state"":""file""},""nh3_pdb_128"":{""bytes"":10623,""sha256"":""4b48182856ba92449fa52b61bf2f95c6ce28937a3cb3da6aec4f131a1216c760"",""state"":""file""},""nh3_pdb_131072"":{""bytes"":10617087,""sha256"":""d454eb5e6e9fe717e1c12c22e3fc749189deae022de05b0f6f83f9f4501bbb52"",""state"":""file""},""nh3_pdb_16384"":{""bytes"":1327359,""sha256"":""07f5683974f6bdad6798104cf7de5ddb670704f71b7e28715d957805124196b8"",""state"":""file""},""nh3_pdb_2048"":{""bytes"":166143,""sha256"":""7171f9c4d6bf3c819f96ddd11877441961f43096057863d0607070d97c5e5a16"",""state"":""file""},""nh3_pdb_256"":{""bytes"":20991,""sha256"":""870d35ef9d654b395f8eefcd897e002ff41b1327475879ff5b955080ecb91ee0"",""state"":""file""},""nh3_pdb_32768"":{""bytes"":2654463,""sha256"":""a193ff7fc7793ae1c9121af48f694b9cff6974a63e67029053ab9312f86cb9cc"",""state"":""file""},""nh3_pdb_4096"":{""bytes"":332031,""sha256"":""e6d9ba2e0f95a04ebbeb61682dcf615982860aaa336140fee7ba55698f68175c"",""state"":""file""},""nh3_pdb_512"":{""bytes"":41727,""sha256"":""76e8d0d71fd3d49a1d14bb1fcd0689b08241620df41c90a904be29c85a67934e"",""state"":""file""},""nh3_pdb_65536"":{""bytes"":5308671,""sha256"":""a80e717b9abb39221c121bf3137135662e1b3c727e705e8f01e651720acd6dcc"",""state"":""file""},""nh3_pdb_8192"":{""bytes"":663807,""sha256"":""b0664469d3a8e84f71fbd848f1f0ffaca2cee3f4fd2100ed10f398e7c19a27e6"",""state"":""file""}},""metadata"":{""benchmark"":""el""}}",28ea42c8-c3b9-4a9c-96dc-b96a346325d0,,,160,160,160,2073600,5,3d164ab84c7c5b8574e9538a4dfbb7cc311748d4e8fc719ee1b3afa0051a9433,"{""batch_idx"":""int32"",""cell"":""float64"",""charges"":""float64"",""pbc"":""bool"",""positions"":""float64""}",capped_upstream_estimate,bounded_power_two_then_four_fft_snap,0.25,9.0,single_case,5779517f771cd31c95dc30de603249f8f59a1f8d3680da722ea0763b4d76684d,44.3167520010029,107,supported_jax_separate_collection
nh3,constant_workload,pme,jax,65536,2,131072,0.4241315313668892,2357759.1526317424,nan,nan,10,3,jax_wall_block_until_ready,warmup_excluded,True,,,1e-06,5,arithmetic_mean,1.0333434583490289,"[0.05462603729974944,0.05637447350018192,0.055155337697942744,0.05644745829922613,0.05535553359950427]",,,,,not_measured,not_measured,shared_cell_k_squared,nan,nan,,energy_autograd,energy_forces_charge_gradients,True,True,False,131072,0,0.0,explicit,0.09645407646894455,87.91300201416016,7.275957614183426e-12,0.4129913543166487,9.0,,592,2.0,388,38994456,2,"{""compute_capability"":""9.0"",""driver"":""unavailable"",""memory_bytes"":99996401664,""name"":""NVIDIA H100 NVL""}","{""cuda"":""13.0"",""git_head"":""unavailable"",""jax"":""0.10.1"",""jaxlib"":""0.10.1"",""nvalchemi_toolkit_ops"":""0.5.0"",""python"":""3.12.3"",""source_sha256"":""4dfd278da46af31f54f8b7671e891073f8b10f8fa2cb28e7cf92bfeddd543638"",""torch"":""2.14.0+cu130"",""warp"":""1.17.0""}","{""gpu_uuid"":""557cda80-d2b2-7630-d3a3-99bf87d35067"",""host"":""ipp2-1716""}","{""JAX_DISABLE_JIT"":""<unset>"",""JAX_DISABLE_JIT_ACTUAL"":""False"",""JAX_ENABLE_X64"":""1"",""JAX_ENABLE_X64_ACTUAL"":""True"",""JAX_PLATFORMS"":""<unset>"",""TF_GPU_ALLOCATOR"":""<unset>"",""XLA_FLAGS"":""<unset>"",""XLA_PYTHON_CLIENT_ALLOCATOR"":""<unset>"",""XLA_PYTHON_CLIENT_MEM_FRACTION"":""0.95"",""XLA_PYTHON_CLIENT_PREALLOCATE"":""<unset>""}","{""artifacts"":{""nh3_pdb_1024"":{""bytes"":83199,""sha256"":""cb99e65c2024c8b1a80a7ea1f4ff5b23ef76a5d153a2caeb4a0e3077b5239135"",""state"":""file""},""nh3_pdb_128"":{""bytes"":10623,""sha256"":""4b48182856ba92449fa52b61bf2f95c6ce28937a3cb3da6aec4f131a1216c760"",""state"":""file""},""nh3_pdb_131072"":{""bytes"":10617087,""sha256"":""d454eb5e6e9fe717e1c12c22e3fc749189deae022de05b0f6f83f9f4501bbb52"",""state"":""file""},""nh3_pdb_16384"":{""bytes"":1327359,""sha256"":""07f5683974f6bdad6798104cf7de5ddb670704f71b7e28715d957805124196b8"",""state"":""file""},""nh3_pdb_2048"":{""bytes"":166143,""sha256"":""7171f9c4d6bf3c819f96ddd11877441961f43096057863d0607070d97c5e5a16"",""state"":""file""},""nh3_pdb_256"":{""bytes"":20991,""sha256"":""870d35ef9d654b395f8eefcd897e002ff41b1327475879ff5b955080ecb91ee0"",""state"":""file""},""nh3_pdb_32768"":{""bytes"":2654463,""sha256"":""a193ff7fc7793ae1c9121af48f694b9cff6974a63e67029053ab9312f86cb9cc"",""state"":""file""},""nh3_pdb_4096"":{""bytes"":332031,""sha256"":""e6d9ba2e0f95a04ebbeb61682dcf615982860aaa336140fee7ba55698f68175c"",""state"":""file""},""nh3_pdb_512"":{""bytes"":41727,""sha256"":""76e8d0d71fd3d49a1d14bb1fcd0689b08241620df41c90a904be29c85a67934e"",""state"":""file""},""nh3_pdb_65536"":{""bytes"":5308671,""sha256"":""a80e717b9abb39221c121bf3137135662e1b3c727e705e8f01e651720acd6dcc"",""state"":""file""},""nh3_pdb_8192"":{""bytes"":663807,""sha256"":""b0664469d3a8e84f71fbd848f1f0ffaca2cee3f4fd2100ed10f398e7c19a27e6"",""state"":""file""}},""metadata"":{""benchmark"":""el""}}",28ea42c8-c3b9-4a9c-96dc-b96a346325d0,,,384,384,384,28459008,5,c5df9e97ea6ef3a3da221979038c4441c03482791c8fe97cdaab9dc21bb5dfd4,"{""batch_idx"":""int32"",""cell"":""float64"",""charges"":""float64"",""pbc"":""bool"",""positions"":""float64""}",capped_upstream_estimate,bounded_power_two_then_four_fft_snap,0.25,9.0,single_case,5779517f771cd31c95dc30de603249f8f59a1f8d3680da722ea0763b4d76684d,43.876956363004865,115,supported_jax_separate_collection
nh3,constant_workload,ewald,jax,1024,128,131072,0.8618739437871171,1160262.4806197877,nan,nan,10,3,jax_wall_block_until_ready,warmup_excluded,True,,,1e-06,5,arithmetic_mean,1.0007549195632341,"[0.11295337910123635,0.11297154590138234,0.11300721069856082,0.11292196369904559,0.11298360840009991]",,,,,not_measured,not_measured,,nan,nan,1687,energy_autograd,energy_forces_charge_gradients,True,True,False,131072,0,0.0,explicit,0.09645736962556839,21.97800064086914,1.1368683772161603e-13,0.2560374033532867,14.51710625154692,1.9033422113986547,2480,2.0,1325,161758208,2,"{""compute_capability"":""9.0"",""driver"":""unavailable"",""memory_bytes"":99996401664,""name"":""NVIDIA H100 NVL""}","{""cuda"":""13.0"",""git_head"":""unavailable"",""jax"":""0.10.1"",""jaxlib"":""0.10.1"",""nvalchemi_toolkit_ops"":""0.5.0"",""python"":""3.12.3"",""source_sha256"":""4dfd278da46af31f54f8b7671e891073f8b10f8fa2cb28e7cf92bfeddd543638"",""torch"":""2.14.0+cu130"",""warp"":""1.17.0""}","{""gpu_uuid"":""557cda80-d2b2-7630-d3a3-99bf87d35067"",""host"":""ipp2-1716""}","{""JAX_DISABLE_JIT"":""<unset>"",""JAX_DISABLE_JIT_ACTUAL"":""False"",""JAX_ENABLE_X64"":""1"",""JAX_ENABLE_X64_ACTUAL"":""True"",""JAX_PLATFORMS"":""<unset>"",""TF_GPU_ALLOCATOR"":""<unset>"",""XLA_FLAGS"":""<unset>"",""XLA_PYTHON_CLIENT_ALLOCATOR"":""<unset>"",""XLA_PYTHON_CLIENT_MEM_FRACTION"":""0.95"",""XLA_PYTHON_CLIENT_PREALLOCATE"":""<unset>""}","{""artifacts"":{""nh3_pdb_1024"":{""bytes"":83199,""sha256"":""cb99e65c2024c8b1a80a7ea1f4ff5b23ef76a5d153a2caeb4a0e3077b5239135"",""state"":""file""},""nh3_pdb_128"":{""bytes"":10623,""sha256"":""4b48182856ba92449fa52b61bf2f95c6ce28937a3cb3da6aec4f131a1216c760"",""state"":""file""},""nh3_pdb_131072"":{""bytes"":10617087,""sha256"":""d454eb5e6e9fe717e1c12c22e3fc749189deae022de05b0f6f83f9f4501bbb52"",""state"":""file""},""nh3_pdb_16384"":{""bytes"":1327359,""sha256"":""07f5683974f6bdad6798104cf7de5ddb670704f71b7e28715d957805124196b8"",""state"":""file""},""nh3_pdb_2048"":{""bytes"":166143,""sha256"":""7171f9c4d6bf3c819f96ddd11877441961f43096057863d0607070d97c5e5a16"",""state"":""file""},""nh3_pdb_256"":{""bytes"":20991,""sha256"":""870d35ef9d654b395f8eefcd897e002ff41b1327475879ff5b955080ecb91ee0"",""state"":""file""},""nh3_pdb_32768"":{""bytes"":2654463,""sha256"":""a193ff7fc7793ae1c9121af48f694b9cff6974a63e67029053ab9312f86cb9cc"",""state"":""file""},""nh3_pdb_4096"":{""bytes"":332031,""sha256"":""e6d9ba2e0f95a04ebbeb61682dcf615982860aaa336140fee7ba55698f68175c"",""state"":""file""},""nh3_pdb_512"":{""bytes"":41727,""sha256"":""76e8d0d71fd3d49a1d14bb1fcd0689b08241620df41c90a904be29c85a67934e"",""state"":""file""},""nh3_pdb_65536"":{""bytes"":5308671,""sha256"":""a80e717b9abb39221c121bf3137135662e1b3c727e705e8f01e651720acd6dcc"",""state"":""file""},""nh3_pdb_8192"":{""bytes"":663807,""sha256"":""b0664469d3a8e84f71fbd848f1f0ffaca2cee3f4fd2100ed10f398e7c19a27e6"",""state"":""file""}},""metadata"":{""benchmark"":""el""}}",28ea42c8-c3b9-4a9c-96dc-b96a346325d0,,,,,,,,,,,,,,single_case,5779517f771cd31c95dc30de603249f8f59a1f8d3680da722ea0763b4d76684d,28.188584279996576,251,supported_jax_separate_collection
nh3,constant_workload,ewald,jax,65536,2,131072,nan,nan,nan,nan,10,3,jax_wall_block_until_ready,warmup_excluded,False,Out of memory during benchmark execution; see run logs for backend details.,OutOfMemoryError,1e-06,5,arithmetic_mean,,,,,,,,,,,,,energy_autograd,energy_forces_charge_gradients,True,True,False,131072,0,0.0,explicit,0.09645407646894455,87.91300201416016,7.275957614183426e-12,0.12801724627896638,29.034542586162,0.9516602864994892,19792,2.0,,,2,"{""compute_capability"":""9.0"",""driver"":""unavailable"",""memory_bytes"":99996401664,""name"":""NVIDIA H100 NVL""}","{""cuda"":""13.0"",""git_head"":""unavailable"",""jax"":""0.10.1"",""jaxlib"":""0.10.1"",""nvalchemi_toolkit_ops"":""0.5.0"",""python"":""3.12.3"",""source_sha256"":""4dfd278da46af31f54f8b7671e891073f8b10f8fa2cb28e7cf92bfeddd543638"",""torch"":""2.14.0+cu130"",""warp"":""1.17.0""}","{""gpu_uuid"":""557cda80-d2b2-7630-d3a3-99bf87d35067"",""host"":""ipp2-1716""}","{""JAX_DISABLE_JIT"":""<unset>"",""JAX_DISABLE_JIT_ACTUAL"":""False"",""JAX_ENABLE_X64"":""1"",""JAX_ENABLE_X64_ACTUAL"":""True"",""JAX_PLATFORMS"":""<unset>"",""TF_GPU_ALLOCATOR"":""<unset>"",""XLA_FLAGS"":""<unset>"",""XLA_PYTHON_CLIENT_ALLOCATOR"":""<unset>"",""XLA_PYTHON_CLIENT_MEM_FRACTION"":""0.95"",""XLA_PYTHON_CLIENT_PREALLOCATE"":""<unset>""}","{""artifacts"":{""nh3_pdb_1024"":{""bytes"":83199,""sha256"":""cb99e65c2024c8b1a80a7ea1f4ff5b23ef76a5d153a2caeb4a0e3077b5239135"",""state"":""file""},""nh3_pdb_128"":{""bytes"":10623,""sha256"":""4b48182856ba92449fa52b61bf2f95c6ce28937a3cb3da6aec4f131a1216c760"",""state"":""file""},""nh3_pdb_131072"":{""bytes"":10617087,""sha256"":""d454eb5e6e9fe717e1c12c22e3fc749189deae022de05b0f6f83f9f4501bbb52"",""state"":""file""},""nh3_pdb_16384"":{""bytes"":1327359,""sha256"":""07f5683974f6bdad6798104cf7de5ddb670704f71b7e28715d957805124196b8"",""state"":""file""},""nh3_pdb_2048"":{""bytes"":166143,""sha256"":""7171f9c4d6bf3c819f96ddd11877441961f43096057863d0607070d97c5e5a16"",""state"":""file""},""nh3_pdb_256"":{""bytes"":20991,""sha256"":""870d35ef9d654b395f8eefcd897e002ff41b1327475879ff5b955080ecb91ee0"",""state"":""file""},""nh3_pdb_32768"":{""bytes"":2654463,""sha256"":""a193ff7fc7793ae1c9121af48f694b9cff6974a63e67029053ab9312f86cb9cc"",""state"":""file""},""nh3_pdb_4096"":{""bytes"":332031,""sha256"":""e6d9ba2e0f95a04ebbeb61682dcf615982860aaa336140fee7ba55698f68175c"",""state"":""file""},""nh3_pdb_512"":{""bytes"":41727,""sha256"":""76e8d0d71fd3d49a1d14bb1fcd0689b08241620df41c90a904be29c85a67934e"",""state"":""file""},""nh3_pdb_65536"":{""bytes"":5308671,""sha256"":""a80e717b9abb39221c121bf3137135662e1b3c727e705e8f01e651720acd6dcc"",""state"":""file""},""nh3_pdb_8192"":{""bytes"":663807,""sha256"":""b0664469d3a8e84f71fbd848f1f0ffaca2cee3f4fd2100ed10f398e7c19a27e6"",""state"":""file""}},""metadata"":{""benchmark"":""el""}}",28ea42c8-c3b9-4a9c-96dc-b96a346325d0,,neighbor_list_setup,,,,,,,,,,,,single_case,5779517f771cd31c95dc30de603249f8f59a1f8d3680da722ea0763b4d76684d,153.28460634499788,263,supported_jax_separate_collection
nh3,constant_workload,ewald,jax,2048,64,131072,1.5705513183617013,636719.0860360654,nan,nan,10,3,jax_wall_block_until_ready,warmup_excluded,True,,,1e-06,5,arithmetic_mean,1.0008300655957019,"[0.20590799180063185,0.2058954773005098,0.205789475000347,0.20575638830050594,0.20592717959953005]",,,,,not_measured,not_measured,,nan,nan,2456,energy_autograd,energy_forces_charge_gradients,True,True,False,131072,0,0.0,explicit,0.09645262360572815,27.69099998474121,2.2737367544323206e-13,0.22809965181535707,16.295168183152796,1.6956573142028464,3504,2.0,1873,229235968,2,"{""compute_capability"":""9.0"",""driver"":""unavailable"",""memory_bytes"":99996401664,""name"":""NVIDIA H100 NVL""}","{""cuda"":""13.0"",""git_head"":""unavailable"",""jax"":""0.10.1"",""jaxlib"":""0.10.1"",""nvalchemi_toolkit_ops"":""0.5.0"",""python"":""3.12.3"",""source_sha256"":""4dfd278da46af31f54f8b7671e891073f8b10f8fa2cb28e7cf92bfeddd543638"",""torch"":""2.14.0+cu130"",""warp"":""1.17.0""}","{""gpu_uuid"":""23074f79-c31a-f283-5a26-fe763902683e"",""host"":""a1u1g-mil-0678""}","{""JAX_DISABLE_JIT"":""<unset>"",""JAX_DISABLE_JIT_ACTUAL"":""False"",""JAX_ENABLE_X64"":""1"",""JAX_ENABLE_X64_ACTUAL"":""True"",""JAX_PLATFORMS"":""<unset>"",""TF_GPU_ALLOCATOR"":""<unset>"",""XLA_FLAGS"":""<unset>"",""XLA_PYTHON_CLIENT_ALLOCATOR"":""<unset>"",""XLA_PYTHON_CLIENT_MEM_FRACTION"":""0.95"",""XLA_PYTHON_CLIENT_PREALLOCATE"":""<unset>""}","{""artifacts"":{""nh3_pdb_1024"":{""bytes"":83199,""sha256"":""cb99e65c2024c8b1a80a7ea1f4ff5b23ef76a5d153a2caeb4a0e3077b5239135"",""state"":""file""},""nh3_pdb_128"":{""bytes"":10623,""sha256"":""4b48182856ba92449fa52b61bf2f95c6ce28937a3cb3da6aec4f131a1216c760"",""state"":""file""},""nh3_pdb_131072"":{""bytes"":10617087,""sha256"":""d454eb5e6e9fe717e1c12c22e3fc749189deae022de05b0f6f83f9f4501bbb52"",""state"":""file""},""nh3_pdb_16384"":{""bytes"":1327359,""sha256"":""07f5683974f6bdad6798104cf7de5ddb670704f71b7e28715d957805124196b8"",""state"":""file""},""nh3_pdb_2048"":{""bytes"":166143,""sha256"":""7171f9c4d6bf3c819f96ddd11877441961f43096057863d0607070d97c5e5a16"",""state"":""file""},""nh3_pdb_256"":{""bytes"":20991,""sha256"":""870d35ef9d654b395f8eefcd897e002ff41b1327475879ff5b955080ecb91ee0"",""state"":""file""},""nh3_pdb_32768"":{""bytes"":2654463,""sha256"":""a193ff7fc7793ae1c9121af48f694b9cff6974a63e67029053ab9312f86cb9cc"",""state"":""file""},""nh3_pdb_4096"":{""bytes"":332031,""sha256"":""e6d9ba2e0f95a04ebbeb61682dcf615982860aaa336140fee7ba55698f68175c"",""state"":""file""},""nh3_pdb_512"":{""bytes"":41727,""sha256"":""76e8d0d71fd3d49a1d14bb1fcd0689b08241620df41c90a904be29c85a67934e"",""state"":""file""},""nh3_pdb_65536"":{""bytes"":5308671,""sha256"":""a80e717b9abb39221c121bf3137135662e1b3c727e705e8f01e651720acd6dcc"",""state"":""file""},""nh3_pdb_8192"":{""bytes"":663807,""sha256"":""b0664469d3a8e84f71fbd848f1f0ffaca2cee3f4fd2100ed10f398e7c19a27e6"",""state"":""file""}},""metadata"":{""benchmark"":""el""}}",28ea42c8-c3b9-4a9c-96dc-b96a346325d0,,,,,,,,,,,,,,single_case,5779517f771cd31c95dc30de603249f8f59a1f8d3680da722ea0763b4d76684d,35.72775834800268,253,supported_jax_separate_collection
nh3,constant_workload,pme,jax,2048,64,131072,0.4401038978540939,2272190.73695077,nan,nan,10,3,jax_wall_block_until_ready,warmup_excluded,True,,,1e-06,5,arithmetic_mean,1.005427529438705,"[0.057478582800831644,0.057745356898522004,0.057696609298000114,0.0577905495010782,0.057715391999227]",,,,,not_measured,not_measured,shared_cell_k_squared,nan,nan,,energy_autograd,energy_forces_charge_gradients,True,True,False,131072,0,0.0,explicit,0.09645262360572815,27.69099998474121,2.2737367544323206e-13,0.4129913543166487,9.0,,592,2.0,353,38909952,2,"{""compute_capability"":""9.0"",""driver"":""unavailable"",""memory_bytes"":99996401664,""name"":""NVIDIA H100 NVL""}","{""cuda"":""13.0"",""git_head"":""unavailable"",""jax"":""0.10.1"",""jaxlib"":""0.10.1"",""nvalchemi_toolkit_ops"":""0.5.0"",""python"":""3.12.3"",""source_sha256"":""4dfd278da46af31f54f8b7671e891073f8b10f8fa2cb28e7cf92bfeddd543638"",""torch"":""2.14.0+cu130"",""warp"":""1.17.0""}","{""gpu_uuid"":""c0995d85-1dea-1b19-7e58-9baa33a5f384"",""host"":""a1u1g-mil-0576""}","{""JAX_DISABLE_JIT"":""<unset>"",""JAX_DISABLE_JIT_ACTUAL"":""False"",""JAX_ENABLE_X64"":""1"",""JAX_ENABLE_X64_ACTUAL"":""True"",""JAX_PLATFORMS"":""<unset>"",""TF_GPU_ALLOCATOR"":""<unset>"",""XLA_FLAGS"":""<unset>"",""XLA_PYTHON_CLIENT_ALLOCATOR"":""<unset>"",""XLA_PYTHON_CLIENT_MEM_FRACTION"":""0.95"",""XLA_PYTHON_CLIENT_PREALLOCATE"":""<unset>""}","{""artifacts"":{""nh3_pdb_1024"":{""bytes"":83199,""sha256"":""cb99e65c2024c8b1a80a7ea1f4ff5b23ef76a5d153a2caeb4a0e3077b5239135"",""state"":""file""},""nh3_pdb_128"":{""bytes"":10623,""sha256"":""4b48182856ba92449fa52b61bf2f95c6ce28937a3cb3da6aec4f131a1216c760"",""state"":""file""},""nh3_pdb_131072"":{""bytes"":10617087,""sha256"":""d454eb5e6e9fe717e1c12c22e3fc749189deae022de05b0f6f83f9f4501bbb52"",""state"":""file""},""nh3_pdb_16384"":{""bytes"":1327359,""sha256"":""07f5683974f6bdad6798104cf7de5ddb670704f71b7e28715d957805124196b8"",""state"":""file""},""nh3_pdb_2048"":{""bytes"":166143,""sha256"":""7171f9c4d6bf3c819f96ddd11877441961f43096057863d0607070d97c5e5a16"",""state"":""file""},""nh3_pdb_256"":{""bytes"":20991,""sha256"":""870d35ef9d654b395f8eefcd897e002ff41b1327475879ff5b955080ecb91ee0"",""state"":""file""},""nh3_pdb_32768"":{""bytes"":2654463,""sha256"":""a193ff7fc7793ae1c9121af48f694b9cff6974a63e67029053ab9312f86cb9cc"",""state"":""file""},""nh3_pdb_4096"":{""bytes"":332031,""sha256"":""e6d9ba2e0f95a04ebbeb61682dcf615982860aaa336140fee7ba55698f68175c"",""state"":""file""},""nh3_pdb_512"":{""bytes"":41727,""sha256"":""76e8d0d71fd3d49a1d14bb1fcd0689b08241620df41c90a904be29c85a67934e"",""state"":""file""},""nh3_pdb_65536"":{""bytes"":5308671,""sha256"":""a80e717b9abb39221c121bf3137135662e1b3c727e705e8f01e651720acd6dcc"",""state"":""file""},""nh3_pdb_8192"":{""bytes"":663807,""sha256"":""b0664469d3a8e84f71fbd848f1f0ffaca2cee3f4fd2100ed10f398e7c19a27e6"",""state"":""file""}},""metadata"":{""benchmark"":""el""}}",28ea42c8-c3b9-4a9c-96dc-b96a346325d0,,,128,128,128,1064960,5,a75bc1d1d1477b354254ecfe9f4a3c313acf2716a3afafc30a957a96e9b44cad,"{""batch_idx"":""int32"",""cell"":""float64"",""charges"":""float64"",""pbc"":""bool"",""positions"":""float64""}",capped_upstream_estimate,bounded_power_two_then_four_fft_snap,0.25,9.0,single_case,5779517f771cd31c95dc30de603249f8f59a1f8d3680da722ea0763b4d76684d,45.57279694802128,105,supported_jax_separate_collection
nh3,constant_workload,ewald,jax,8192,16,131072,3.878504927516957,257831.30837485005,nan,nan,10,3,jax_wall_block_until_ready,warmup_excluded,True,,,1e-06,5,arithmetic_mean,1.000678063408508,"[0.508612144298968,0.5082675067009405,0.5083039885008475,0.5083335857983912,0.508299763998366]",,,,,not_measured,not_measured,,nan,nan,4630,energy_autograd,energy_forces_charge_gradients,True,True,False,131072,0,0.0,explicit,0.09645736962556839,43.95600128173828,9.094947017729282e-13,0.18104578414850428,20.5302885473489,1.345866184598588,7008,2.0,3752,459001984,2,"{""compute_capability"":""9.0"",""driver"":""unavailable"",""memory_bytes"":99996401664,""name"":""NVIDIA H100 NVL""}","{""cuda"":""13.0"",""git_head"":""unavailable"",""jax"":""0.10.1"",""jaxlib"":""0.10.1"",""nvalchemi_toolkit_ops"":""0.5.0"",""python"":""3.12.3"",""source_sha256"":""4dfd278da46af31f54f8b7671e891073f8b10f8fa2cb28e7cf92bfeddd543638"",""torch"":""2.14.0+cu130"",""warp"":""1.17.0""}","{""gpu_uuid"":""c0995d85-1dea-1b19-7e58-9baa33a5f384"",""host"":""a1u1g-mil-0576""}","{""JAX_DISABLE_JIT"":""<unset>"",""JAX_DISABLE_JIT_ACTUAL"":""False"",""JAX_ENABLE_X64"":""1"",""JAX_ENABLE_X64_ACTUAL"":""True"",""JAX_PLATFORMS"":""<unset>"",""TF_GPU_ALLOCATOR"":""<unset>"",""XLA_FLAGS"":""<unset>"",""XLA_PYTHON_CLIENT_ALLOCATOR"":""<unset>"",""XLA_PYTHON_CLIENT_MEM_FRACTION"":""0.95"",""XLA_PYTHON_CLIENT_PREALLOCATE"":""<unset>""}","{""artifacts"":{""nh3_pdb_1024"":{""bytes"":83199,""sha256"":""cb99e65c2024c8b1a80a7ea1f4ff5b23ef76a5d153a2caeb4a0e3077b5239135"",""state"":""file""},""nh3_pdb_128"":{""bytes"":10623,""sha256"":""4b48182856ba92449fa52b61bf2f95c6ce28937a3cb3da6aec4f131a1216c760"",""state"":""file""},""nh3_pdb_131072"":{""bytes"":10617087,""sha256"":""d454eb5e6e9fe717e1c12c22e3fc749189deae022de05b0f6f83f9f4501bbb52"",""state"":""file""},""nh3_pdb_16384"":{""bytes"":1327359,""sha256"":""07f5683974f6bdad6798104cf7de5ddb670704f71b7e28715d957805124196b8"",""state"":""file""},""nh3_pdb_2048"":{""bytes"":166143,""sha256"":""7171f9c4d6bf3c819f96ddd11877441961f43096057863d0607070d97c5e5a16"",""state"":""file""},""nh3_pdb_256"":{""bytes"":20991,""sha256"":""870d35ef9d654b395f8eefcd897e002ff41b1327475879ff5b955080ecb91ee0"",""state"":""file""},""nh3_pdb_32768"":{""bytes"":2654463,""sha256"":""a193ff7fc7793ae1c9121af48f694b9cff6974a63e67029053ab9312f86cb9cc"",""state"":""file""},""nh3_pdb_4096"":{""bytes"":332031,""sha256"":""e6d9ba2e0f95a04ebbeb61682dcf615982860aaa336140fee7ba55698f68175c"",""state"":""file""},""nh3_pdb_512"":{""bytes"":41727,""sha256"":""76e8d0d71fd3d49a1d14bb1fcd0689b08241620df41c90a904be29c85a67934e"",""state"":""file""},""nh3_pdb_65536"":{""bytes"":5308671,""sha256"":""a80e717b9abb39221c121bf3137135662e1b3c727e705e8f01e651720acd6dcc"",""state"":""file""},""nh3_pdb_8192"":{""bytes"":663807,""sha256"":""b0664469d3a8e84f71fbd848f1f0ffaca2cee3f4fd2100ed10f398e7c19a27e6"",""state"":""file""}},""metadata"":{""benchmark"":""el""}}",28ea42c8-c3b9-4a9c-96dc-b96a346325d0,,,,,,,,,,,,,,single_case,5779517f771cd31c95dc30de603249f8f59a1f8d3680da722ea0763b4d76684d,62.92892309598392,257,supported_jax_separate_collection
nh3,constant_workload,pme,jax,2048,64,131072,0.12650907684375043,7904571.157649707,nan,nan,10,3,jax_wall_block_until_ready,warmup_excluded,True,,,0.0001,5,arithmetic_mean,1.0012518273892366,"[0.01656857830002991,0.016585237300023436,0.016586000400093327,0.016579853300027026,0.0165893193001466]",,,,,not_measured,not_measured,shared_cell_k_squared,nan,nan,,energy_autograd,energy_forces_charge_gradients,True,True,False,131072,0,0.0,explicit,0.09645262360572815,27.69099998474121,2.2737367544323206e-13,0.3372060287522547,9.0,,592,2.0,353,38909952,2,"{""compute_capability"":""9.0"",""driver"":""unavailable"",""memory_bytes"":99996401664,""name"":""NVIDIA H100 NVL""}","{""cuda"":""13.0"",""git_head"":""unavailable"",""jax"":""0.10.1"",""jaxlib"":""0.10.1"",""nvalchemi_toolkit_ops"":""0.5.0"",""python"":""3.12.3"",""source_sha256"":""4dfd278da46af31f54f8b7671e891073f8b10f8fa2cb28e7cf92bfeddd543638"",""torch"":""2.14.0+cu130"",""warp"":""1.17.0""}","{""gpu_uuid"":""b86b304e-698a-30bd-d46b-23da3dc3658e"",""host"":""ipp2-1738""}","{""JAX_DISABLE_JIT"":""<unset>"",""JAX_DISABLE_JIT_ACTUAL"":""False"",""JAX_ENABLE_X64"":""1"",""JAX_ENABLE_X64_ACTUAL"":""True"",""JAX_PLATFORMS"":""<unset>"",""TF_GPU_ALLOCATOR"":""<unset>"",""XLA_FLAGS"":""<unset>"",""XLA_PYTHON_CLIENT_ALLOCATOR"":""<unset>"",""XLA_PYTHON_CLIENT_MEM_FRACTION"":""0.95"",""XLA_PYTHON_CLIENT_PREALLOCATE"":""<unset>""}","{""artifacts"":{""nh3_pdb_1024"":{""bytes"":83199,""sha256"":""cb99e65c2024c8b1a80a7ea1f4ff5b23ef76a5d153a2caeb4a0e3077b5239135"",""state"":""file""},""nh3_pdb_128"":{""bytes"":10623,""sha256"":""4b48182856ba92449fa52b61bf2f95c6ce28937a3cb3da6aec4f131a1216c760"",""state"":""file""},""nh3_pdb_131072"":{""bytes"":10617087,""sha256"":""d454eb5e6e9fe717e1c12c22e3fc749189deae022de05b0f6f83f9f4501bbb52"",""state"":""file""},""nh3_pdb_16384"":{""bytes"":1327359,""sha256"":""07f5683974f6bdad6798104cf7de5ddb670704f71b7e28715d957805124196b8"",""state"":""file""},""nh3_pdb_2048"":{""bytes"":166143,""sha256"":""7171f9c4d6bf3c819f96ddd11877441961f43096057863d0607070d97c5e5a16"",""state"":""file""},""nh3_pdb_256"":{""bytes"":20991,""sha256"":""870d35ef9d654b395f8eefcd897e002ff41b1327475879ff5b955080ecb91ee0"",""state"":""file""},""nh3_pdb_32768"":{""bytes"":2654463,""sha256"":""a193ff7fc7793ae1c9121af48f694b9cff6974a63e67029053ab9312f86cb9cc"",""state"":""file""},""nh3_pdb_4096"":{""bytes"":332031,""sha256"":""e6d9ba2e0f95a04ebbeb61682dcf615982860aaa336140fee7ba55698f68175c"",""state"":""file""},""nh3_pdb_512"":{""bytes"":41727,""sha256"":""76e8d0d71fd3d49a1d14bb1fcd0689b08241620df41c90a904be29c85a67934e"",""state"":""file""},""nh3_pdb_65536"":{""bytes"":5308671,""sha256"":""a80e717b9abb39221c121bf3137135662e1b3c727e705e8f01e651720acd6dcc"",""state"":""file""},""nh3_pdb_8192"":{""bytes"":663807,""sha256"":""b0664469d3a8e84f71fbd848f1f0ffaca2cee3f4fd2100ed10f398e7c19a27e6"",""state"":""file""}},""metadata"":{""benchmark"":""el""}}",28ea42c8-c3b9-4a9c-96dc-b96a346325d0,,,40,40,40,33600,5,a75bc1d1d1477b354254ecfe9f4a3c313acf2716a3afafc30a957a96e9b44cad,"{""batch_idx"":""int32"",""cell"":""float64"",""charges"":""float64"",""pbc"":""bool"",""positions"":""float64""}",capped_upstream_estimate,bounded_power_two_then_four_fft_snap,0.25,9.0,single_case,5779517f771cd31c95dc30de603249f8f59a1f8d3680da722ea0763b4d76684d,42.69459121900036,104,supported_jax_separate_collection
nh3,constant_workload,pme,jax,8192,16,131072,0.12850433929345595,7781838.383810318,nan,nan,10,3,jax_wall_block_until_ready,warmup_excluded,True,,,0.0001,5,arithmetic_mean,1.0037276758091231,"[0.016815571799816097,0.01686021769965009,0.01681639679991349,0.016846162699948763,0.016878254800030846]",,,,,not_measured,not_measured,shared_cell_k_squared,nan,nan,,energy_autograd,energy_forces_charge_gradients,True,True,False,131072,0,0.0,explicit,0.09645736962556839,43.95600128173828,9.094947017729282e-13,0.3372060287522547,9.0,,592,2.0,384,38972608,2,"{""compute_capability"":""9.0"",""driver"":""unavailable"",""memory_bytes"":99996401664,""name"":""NVIDIA H100 NVL""}","{""cuda"":""13.0"",""git_head"":""unavailable"",""jax"":""0.10.1"",""jaxlib"":""0.10.1"",""nvalchemi_toolkit_ops"":""0.5.0"",""python"":""3.12.3"",""source_sha256"":""4dfd278da46af31f54f8b7671e891073f8b10f8fa2cb28e7cf92bfeddd543638"",""torch"":""2.14.0+cu130"",""warp"":""1.17.0""}","{""gpu_uuid"":""b86b304e-698a-30bd-d46b-23da3dc3658e"",""host"":""ipp2-1738""}","{""JAX_DISABLE_JIT"":""<unset>"",""JAX_DISABLE_JIT_ACTUAL"":""False"",""JAX_ENABLE_X64"":""1"",""JAX_ENABLE_X64_ACTUAL"":""True"",""JAX_PLATFORMS"":""<unset>"",""TF_GPU_ALLOCATOR"":""<unset>"",""XLA_FLAGS"":""<unset>"",""XLA_PYTHON_CLIENT_ALLOCATOR"":""<unset>"",""XLA_PYTHON_CLIENT_MEM_FRACTION"":""0.95"",""XLA_PYTHON_CLIENT_PREALLOCATE"":""<unset>""}","{""artifacts"":{""nh3_pdb_1024"":{""bytes"":83199,""sha256"":""cb99e65c2024c8b1a80a7ea1f4ff5b23ef76a5d153a2caeb4a0e3077b5239135"",""state"":""file""},""nh3_pdb_128"":{""bytes"":10623,""sha256"":""4b48182856ba92449fa52b61bf2f95c6ce28937a3cb3da6aec4f131a1216c760"",""state"":""file""},""nh3_pdb_131072"":{""bytes"":10617087,""sha256"":""d454eb5e6e9fe717e1c12c22e3fc749189deae022de05b0f6f83f9f4501bbb52"",""state"":""file""},""nh3_pdb_16384"":{""bytes"":1327359,""sha256"":""07f5683974f6bdad6798104cf7de5ddb670704f71b7e28715d957805124196b8"",""state"":""file""},""nh3_pdb_2048"":{""bytes"":166143,""sha256"":""7171f9c4d6bf3c819f96ddd11877441961f43096057863d0607070d97c5e5a16"",""state"":""file""},""nh3_pdb_256"":{""bytes"":20991,""sha256"":""870d35ef9d654b395f8eefcd897e002ff41b1327475879ff5b955080ecb91ee0"",""state"":""file""},""nh3_pdb_32768"":{""bytes"":2654463,""sha256"":""a193ff7fc7793ae1c9121af48f694b9cff6974a63e67029053ab9312f86cb9cc"",""state"":""file""},""nh3_pdb_4096"":{""bytes"":332031,""sha256"":""e6d9ba2e0f95a04ebbeb61682dcf615982860aaa336140fee7ba55698f68175c"",""state"":""file""},""nh3_pdb_512"":{""bytes"":41727,""sha256"":""76e8d0d71fd3d49a1d14bb1fcd0689b08241620df41c90a904be29c85a67934e"",""state"":""file""},""nh3_pdb_65536"":{""bytes"":5308671,""sha256"":""a80e717b9abb39221c121bf3137135662e1b3c727e705e8f01e651720acd6dcc"",""state"":""file""},""nh3_pdb_8192"":{""bytes"":663807,""sha256"":""b0664469d3a8e84f71fbd848f1f0ffaca2cee3f4fd2100ed10f398e7c19a27e6"",""state"":""file""}},""metadata"":{""benchmark"":""el""}}",28ea42c8-c3b9-4a9c-96dc-b96a346325d0,,,64,64,64,135168,5,c82165d0d68c2784db3d6c1201cd5bb2f921335c3b0fa14449fb166407207696,"{""batch_idx"":""int32"",""cell"":""float64"",""charges"":""float64"",""pbc"":""bool"",""positions"":""float64""}",capped_upstream_estimate,bounded_power_two_then_four_fft_snap,0.25,9.0,single_case,5779517f771cd31c95dc30de603249f8f59a1f8d3680da722ea0763b4d76684d,41.66022093700121,108,supported_jax_separate_collection
nh3,constant_workload,pme,jax,131072,1,131072,0.43610077194222713,2293047.993348831,nan,nan,10,3,jax_wall_block_until_ready,warmup_excluded,True,,,1e-06,5,arithmetic_mean,1.0160140442815224,"[0.05664353639986075,0.05726346600022225,0.0570408587998827,0.05730451220006216,0.05755062850003014]",,,,,not_measured,not_measured,k_squared_only,nan,nan,,energy_autograd,energy_forces_charge_gradients,True,True,False,131072,0,0.0,explicit,0.09645523130893707,110.76300048828125,1.4551915228366852e-11,0.4129913543166487,9.0,,592,2.0,395,38930114,2,"{""compute_capability"":""9.0"",""driver"":""unavailable"",""memory_bytes"":99996401664,""name"":""NVIDIA H100 NVL""}","{""cuda"":""13.0"",""git_head"":""unavailable"",""jax"":""0.10.1"",""jaxlib"":""0.10.1"",""nvalchemi_toolkit_ops"":""0.5.0"",""python"":""3.12.3"",""source_sha256"":""4dfd278da46af31f54f8b7671e891073f8b10f8fa2cb28e7cf92bfeddd543638"",""torch"":""2.14.0+cu130"",""warp"":""1.17.0""}","{""gpu_uuid"":""b86b304e-698a-30bd-d46b-23da3dc3658e"",""host"":""ipp2-1738""}","{""JAX_DISABLE_JIT"":""<unset>"",""JAX_DISABLE_JIT_ACTUAL"":""False"",""JAX_ENABLE_X64"":""1"",""JAX_ENABLE_X64_ACTUAL"":""True"",""JAX_PLATFORMS"":""<unset>"",""TF_GPU_ALLOCATOR"":""<unset>"",""XLA_FLAGS"":""<unset>"",""XLA_PYTHON_CLIENT_ALLOCATOR"":""<unset>"",""XLA_PYTHON_CLIENT_MEM_FRACTION"":""0.95"",""XLA_PYTHON_CLIENT_PREALLOCATE"":""<unset>""}","{""artifacts"":{""nh3_pdb_1024"":{""bytes"":83199,""sha256"":""cb99e65c2024c8b1a80a7ea1f4ff5b23ef76a5d153a2caeb4a0e3077b5239135"",""state"":""file""},""nh3_pdb_128"":{""bytes"":10623,""sha256"":""4b48182856ba92449fa52b61bf2f95c6ce28937a3cb3da6aec4f131a1216c760"",""state"":""file""},""nh3_pdb_131072"":{""bytes"":10617087,""sha256"":""d454eb5e6e9fe717e1c12c22e3fc749189deae022de05b0f6f83f9f4501bbb52"",""state"":""file""},""nh3_pdb_16384"":{""bytes"":1327359,""sha256"":""07f5683974f6bdad6798104cf7de5ddb670704f71b7e28715d957805124196b8"",""state"":""file""},""nh3_pdb_2048"":{""bytes"":166143,""sha256"":""7171f9c4d6bf3c819f96ddd11877441961f43096057863d0607070d97c5e5a16"",""state"":""file""},""nh3_pdb_256"":{""bytes"":20991,""sha256"":""870d35ef9d654b395f8eefcd897e002ff41b1327475879ff5b955080ecb91ee0"",""state"":""file""},""nh3_pdb_32768"":{""bytes"":2654463,""sha256"":""a193ff7fc7793ae1c9121af48f694b9cff6974a63e67029053ab9312f86cb9cc"",""state"":""file""},""nh3_pdb_4096"":{""bytes"":332031,""sha256"":""e6d9ba2e0f95a04ebbeb61682dcf615982860aaa336140fee7ba55698f68175c"",""state"":""file""},""nh3_pdb_512"":{""bytes"":41727,""sha256"":""76e8d0d71fd3d49a1d14bb1fcd0689b08241620df41c90a904be29c85a67934e"",""state"":""file""},""nh3_pdb_65536"":{""bytes"":5308671,""sha256"":""a80e717b9abb39221c121bf3137135662e1b3c727e705e8f01e651720acd6dcc"",""state"":""file""},""nh3_pdb_8192"":{""bytes"":663807,""sha256"":""b0664469d3a8e84f71fbd848f1f0ffaca2cee3f4fd2100ed10f398e7c19a27e6"",""state"":""file""}},""metadata"":{""benchmark"":""el""}}",28ea42c8-c3b9-4a9c-96dc-b96a346325d0,,,512,512,512,67371008,5,88ca7c9f1022d24e9613a4e335ee5c0700c98904d5191040314824d6b9d2a8e8,"{""batch_idx"":""int32"",""cell"":""float64"",""charges"":""float64"",""pbc"":""bool"",""positions"":""float64""}",capped_upstream_estimate,bounded_power_two_then_four_fft_snap,0.25,9.0,single_case,5779517f771cd31c95dc30de603249f8f59a1f8d3680da722ea0763b4d76684d,45.28333149500031,117,supported_jax_separate_collection
nh3,constant_workload,ewald,jax,131072,1,131072,nan,nan,nan,nan,10,3,jax_wall_block_until_ready,warmup_excluded,False,Out of memory during benchmark execution; see run logs for backend details.,OutOfMemoryError,0.0001,5,arithmetic_mean,,,,,,,,,,,,,energy_autograd,energy_forces_charge_gradients,True,True,False,131072,0,0.0,explicit,0.09645523130893707,110.76300048828125,1.4551915228366852e-11,0.11405085501646005,26.609658106748046,0.692255446126194,15232,2.0,,,2,"{""compute_capability"":""9.0"",""driver"":""unavailable"",""memory_bytes"":99996401664,""name"":""NVIDIA H100 NVL""}","{""cuda"":""13.0"",""git_head"":""unavailable"",""jax"":""0.10.1"",""jaxlib"":""0.10.1"",""nvalchemi_toolkit_ops"":""0.5.0"",""python"":""3.12.3"",""source_sha256"":""4dfd278da46af31f54f8b7671e891073f8b10f8fa2cb28e7cf92bfeddd543638"",""torch"":""2.14.0+cu130"",""warp"":""1.17.0""}","{""gpu_uuid"":""b86b304e-698a-30bd-d46b-23da3dc3658e"",""host"":""ipp2-1738""}","{""JAX_DISABLE_JIT"":""<unset>"",""JAX_DISABLE_JIT_ACTUAL"":""False"",""JAX_ENABLE_X64"":""1"",""JAX_ENABLE_X64_ACTUAL"":""True"",""JAX_PLATFORMS"":""<unset>"",""TF_GPU_ALLOCATOR"":""<unset>"",""XLA_FLAGS"":""<unset>"",""XLA_PYTHON_CLIENT_ALLOCATOR"":""<unset>"",""XLA_PYTHON_CLIENT_MEM_FRACTION"":""0.95"",""XLA_PYTHON_CLIENT_PREALLOCATE"":""<unset>""}","{""artifacts"":{""nh3_pdb_1024"":{""bytes"":83199,""sha256"":""cb99e65c2024c8b1a80a7ea1f4ff5b23ef76a5d153a2caeb4a0e3077b5239135"",""state"":""file""},""nh3_pdb_128"":{""bytes"":10623,""sha256"":""4b48182856ba92449fa52b61bf2f95c6ce28937a3cb3da6aec4f131a1216c760"",""state"":""file""},""nh3_pdb_131072"":{""bytes"":10617087,""sha256"":""d454eb5e6e9fe717e1c12c22e3fc749189deae022de05b0f6f83f9f4501bbb52"",""state"":""file""},""nh3_pdb_16384"":{""bytes"":1327359,""sha256"":""07f5683974f6bdad6798104cf7de5ddb670704f71b7e28715d957805124196b8"",""state"":""file""},""nh3_pdb_2048"":{""bytes"":166143,""sha256"":""7171f9c4d6bf3c819f96ddd11877441961f43096057863d0607070d97c5e5a16"",""state"":""file""},""nh3_pdb_256"":{""bytes"":20991,""sha256"":""870d35ef9d654b395f8eefcd897e002ff41b1327475879ff5b955080ecb91ee0"",""state"":""file""},""nh3_pdb_32768"":{""bytes"":2654463,""sha256"":""a193ff7fc7793ae1c9121af48f694b9cff6974a63e67029053ab9312f86cb9cc"",""state"":""file""},""nh3_pdb_4096"":{""bytes"":332031,""sha256"":""e6d9ba2e0f95a04ebbeb61682dcf615982860aaa336140fee7ba55698f68175c"",""state"":""file""},""nh3_pdb_512"":{""bytes"":41727,""sha256"":""76e8d0d71fd3d49a1d14bb1fcd0689b08241620df41c90a904be29c85a67934e"",""state"":""file""},""nh3_pdb_65536"":{""bytes"":5308671,""sha256"":""a80e717b9abb39221c121bf3137135662e1b3c727e705e8f01e651720acd6dcc"",""state"":""file""},""nh3_pdb_8192"":{""bytes"":663807,""sha256"":""b0664469d3a8e84f71fbd848f1f0ffaca2cee3f4fd2100ed10f398e7c19a27e6"",""state"":""file""}},""metadata"":{""benchmark"":""el""}}",28ea42c8-c3b9-4a9c-96dc-b96a346325d0,,neighbor_list_setup,,,,,,,,,,,,single_case,5779517f771cd31c95dc30de603249f8f59a1f8d3680da722ea0763b4d76684d,92.65950438899745,264,supported_jax_separate_collection
nh3,constant_workload,pme,jax,128,1024,131072,0.3881210321021734,2576515.8733700076,nan,nan,10,3,jax_wall_block_until_ready,warmup_excluded,True,,,1e-06,5,arithmetic_mean,1.0090051257345753,"[0.050642513399361634,0.0510985556000378,0.050893087800068314,0.050854055899253583,0.05087078689975897]",,,,,not_measured,not_measured,shared_cell_k_squared,nan,nan,,energy_autograd,energy_forces_charge_gradients,True,True,False,131072,0,0.0,explicit,0.09645736962556839,10.98900032043457,1.4210854715202004e-14,0.41299135431664874,9.0,,592,2.0,311,38264832,2,"{""compute_capability"":""9.0"",""driver"":""unavailable"",""memory_bytes"":99996401664,""name"":""NVIDIA H100 NVL""}","{""cuda"":""13.0"",""git_head"":""unavailable"",""jax"":""0.10.1"",""jaxlib"":""0.10.1"",""nvalchemi_toolkit_ops"":""0.5.0"",""python"":""3.12.3"",""source_sha256"":""4dfd278da46af31f54f8b7671e891073f8b10f8fa2cb28e7cf92bfeddd543638"",""torch"":""2.14.0+cu130"",""warp"":""1.17.0""}","{""gpu_uuid"":""23074f79-c31a-f283-5a26-fe763902683e"",""host"":""a1u1g-mil-0678""}","{""JAX_DISABLE_JIT"":""<unset>"",""JAX_DISABLE_JIT_ACTUAL"":""False"",""JAX_ENABLE_X64"":""1"",""JAX_ENABLE_X64_ACTUAL"":""True"",""JAX_PLATFORMS"":""<unset>"",""TF_GPU_ALLOCATOR"":""<unset>"",""XLA_FLAGS"":""<unset>"",""XLA_PYTHON_CLIENT_ALLOCATOR"":""<unset>"",""XLA_PYTHON_CLIENT_MEM_FRACTION"":""0.95"",""XLA_PYTHON_CLIENT_PREALLOCATE"":""<unset>""}","{""artifacts"":{""nh3_pdb_1024"":{""bytes"":83199,""sha256"":""cb99e65c2024c8b1a80a7ea1f4ff5b23ef76a5d153a2caeb4a0e3077b5239135"",""state"":""file""},""nh3_pdb_128"":{""bytes"":10623,""sha256"":""4b48182856ba92449fa52b61bf2f95c6ce28937a3cb3da6aec4f131a1216c760"",""state"":""file""},""nh3_pdb_131072"":{""bytes"":10617087,""sha256"":""d454eb5e6e9fe717e1c12c22e3fc749189deae022de05b0f6f83f9f4501bbb52"",""state"":""file""},""nh3_pdb_16384"":{""bytes"":1327359,""sha256"":""07f5683974f6bdad6798104cf7de5ddb670704f71b7e28715d957805124196b8"",""state"":""file""},""nh3_pdb_2048"":{""bytes"":166143,""sha256"":""7171f9c4d6bf3c819f96ddd11877441961f43096057863d0607070d97c5e5a16"",""state"":""file""},""nh3_pdb_256"":{""bytes"":20991,""sha256"":""870d35ef9d654b395f8eefcd897e002ff41b1327475879ff5b955080ecb91ee0"",""state"":""file""},""nh3_pdb_32768"":{""bytes"":2654463,""sha256"":""a193ff7fc7793ae1c9121af48f694b9cff6974a63e67029053ab9312f86cb9cc"",""state"":""file""},""nh3_pdb_4096"":{""bytes"":332031,""sha256"":""e6d9ba2e0f95a04ebbeb61682dcf615982860aaa336140fee7ba55698f68175c"",""state"":""file""},""nh3_pdb_512"":{""bytes"":41727,""sha256"":""76e8d0d71fd3d49a1d14bb1fcd0689b08241620df41c90a904be29c85a67934e"",""state"":""file""},""nh3_pdb_65536"":{""bytes"":5308671,""sha256"":""a80e717b9abb39221c121bf3137135662e1b3c727e705e8f01e651720acd6dcc"",""state"":""file""},""nh3_pdb_8192"":{""bytes"":663807,""sha256"":""b0664469d3a8e84f71fbd848f1f0ffaca2cee3f4fd2100ed10f398e7c19a27e6"",""state"":""file""}},""metadata"":{""benchmark"":""el""}}",28ea42c8-c3b9-4a9c-96dc-b96a346325d0,,,48,48,48,57600,5,e0130264487bb8a085056b3f3fd4f66ddc69a715ad54cf8d5886a804bd0f37c7,"{""batch_idx"":""int32"",""cell"":""float64"",""charges"":""float64"",""pbc"":""bool"",""positions"":""float64""}",capped_upstream_estimate,bounded_power_two_then_four_fft_snap,0.25,9.0,single_case,5779517f771cd31c95dc30de603249f8f59a1f8d3680da722ea0763b4d76684d,45.49266611300118,97,supported_jax_separate_collection
nh3,constant_workload,pme,jax,256,512,131072,0.13042701156651404,7667123.458471858,nan,nan,10,3,jax_wall_block_until_ready,warmup_excluded,True,,,0.0001,5,arithmetic_mean,1.002680940938212,"[0.017071580101037397,0.017079550000198652,0.017102246099966578,0.017105922100017778,0.017117347999010234]",,,,,not_measured,not_measured,shared_cell_k_squared,nan,nan,,energy_autograd,energy_forces_charge_gradients,True,True,False,131072,0,0.0,explicit,0.09646306931972504,13.84500026702881,2.842170943040401e-14,0.3372060287522548,9.0,,592,2.0,319,38639616,2,"{""compute_capability"":""9.0"",""driver"":""unavailable"",""memory_bytes"":99996401664,""name"":""NVIDIA H100 NVL""}","{""cuda"":""13.0"",""git_head"":""unavailable"",""jax"":""0.10.1"",""jaxlib"":""0.10.1"",""nvalchemi_toolkit_ops"":""0.5.0"",""python"":""3.12.3"",""source_sha256"":""4dfd278da46af31f54f8b7671e891073f8b10f8fa2cb28e7cf92bfeddd543638"",""torch"":""2.14.0+cu130"",""warp"":""1.17.0""}","{""gpu_uuid"":""23074f79-c31a-f283-5a26-fe763902683e"",""host"":""a1u1g-mil-0678""}","{""JAX_DISABLE_JIT"":""<unset>"",""JAX_DISABLE_JIT_ACTUAL"":""False"",""JAX_ENABLE_X64"":""1"",""JAX_ENABLE_X64_ACTUAL"":""True"",""JAX_PLATFORMS"":""<unset>"",""TF_GPU_ALLOCATOR"":""<unset>"",""XLA_FLAGS"":""<unset>"",""XLA_PYTHON_CLIENT_ALLOCATOR"":""<unset>"",""XLA_PYTHON_CLIENT_MEM_FRACTION"":""0.95"",""XLA_PYTHON_CLIENT_PREALLOCATE"":""<unset>""}","{""artifacts"":{""nh3_pdb_1024"":{""bytes"":83199,""sha256"":""cb99e65c2024c8b1a80a7ea1f4ff5b23ef76a5d153a2caeb4a0e3077b5239135"",""state"":""file""},""nh3_pdb_128"":{""bytes"":10623,""sha256"":""4b48182856ba92449fa52b61bf2f95c6ce28937a3cb3da6aec4f131a1216c760"",""state"":""file""},""nh3_pdb_131072"":{""bytes"":10617087,""sha256"":""d454eb5e6e9fe717e1c12c22e3fc749189deae022de05b0f6f83f9f4501bbb52"",""state"":""file""},""nh3_pdb_16384"":{""bytes"":1327359,""sha256"":""07f5683974f6bdad6798104cf7de5ddb670704f71b7e28715d957805124196b8"",""state"":""file""},""nh3_pdb_2048"":{""bytes"":166143,""sha256"":""7171f9c4d6bf3c819f96ddd11877441961f43096057863d0607070d97c5e5a16"",""state"":""file""},""nh3_pdb_256"":{""bytes"":20991,""sha256"":""870d35ef9d654b395f8eefcd897e002ff41b1327475879ff5b955080ecb91ee0"",""state"":""file""},""nh3_pdb_32768"":{""bytes"":2654463,""sha256"":""a193ff7fc7793ae1c9121af48f694b9cff6974a63e67029053ab9312f86cb9cc"",""state"":""file""},""nh3_pdb_4096"":{""bytes"":332031,""sha256"":""e6d9ba2e0f95a04ebbeb61682dcf615982860aaa336140fee7ba55698f68175c"",""state"":""file""},""nh3_pdb_512"":{""bytes"":41727,""sha256"":""76e8d0d71fd3d49a1d14bb1fcd0689b08241620df41c90a904be29c85a67934e"",""state"":""file""},""nh3_pdb_65536"":{""bytes"":5308671,""sha256"":""a80e717b9abb39221c121bf3137135662e1b3c727e705e8f01e651720acd6dcc"",""state"":""file""},""nh3_pdb_8192"":{""bytes"":663807,""sha256"":""b0664469d3a8e84f71fbd848f1f0ffaca2cee3f4fd2100ed10f398e7c19a27e6"",""state"":""file""}},""metadata"":{""benchmark"":""el""}}",28ea42c8-c3b9-4a9c-96dc-b96a346325d0,,,20,20,20,4400,5,d5863d81a300d151817a7ce2a1e35b7a6d09f27a10c05f4ab866bb5fbfa039e6,"{""batch_idx"":""int32"",""cell"":""float64"",""charges"":""float64"",""pbc"":""bool"",""positions"":""float64""}",capped_upstream_estimate,bounded_power_two_then_four_fft_snap,0.25,9.0,single_case,5779517f771cd31c95dc30de603249f8f59a1f8d3680da722ea0763b4d76684d,43.12473651500477,98,supported_jax_separate_collection
nh3,constant_workload,ewald,jax,32768,4,131072,4.369267742161398,228871.30270147236,nan,nan,10,3,jax_wall_block_until_ready,warmup_excluded,True,,,0.0001,5,arithmetic_mean,1.0008221874338088,"[0.5726404339016881,0.5724525603000075,0.5728429812006652,0.5725841084989952,0.5729232236015378]",,,,,not_measured,not_measured,,nan,nan,4630,energy_autograd,energy_forces_charge_gradients,True,True,False,131072,0,0.0,explicit,0.09645654261112213,69.7760009765625,3.637978807091713e-12,0.14369572572512246,21.12000369847957,0.8721911703679517,7616,2.0,4216,500057256,2,"{""compute_capability"":""9.0"",""driver"":""unavailable"",""memory_bytes"":99996401664,""name"":""NVIDIA H100 NVL""}","{""cuda"":""13.0"",""git_head"":""unavailable"",""jax"":""0.10.1"",""jaxlib"":""0.10.1"",""nvalchemi_toolkit_ops"":""0.5.0"",""python"":""3.12.3"",""source_sha256"":""4dfd278da46af31f54f8b7671e891073f8b10f8fa2cb28e7cf92bfeddd543638"",""torch"":""2.14.0+cu130"",""warp"":""1.17.0""}","{""gpu_uuid"":""557cda80-d2b2-7630-d3a3-99bf87d35067"",""host"":""ipp2-1716""}","{""JAX_DISABLE_JIT"":""<unset>"",""JAX_DISABLE_JIT_ACTUAL"":""False"",""JAX_ENABLE_X64"":""1"",""JAX_ENABLE_X64_ACTUAL"":""True"",""JAX_PLATFORMS"":""<unset>"",""TF_GPU_ALLOCATOR"":""<unset>"",""XLA_FLAGS"":""<unset>"",""XLA_PYTHON_CLIENT_ALLOCATOR"":""<unset>"",""XLA_PYTHON_CLIENT_MEM_FRACTION"":""0.95"",""XLA_PYTHON_CLIENT_PREALLOCATE"":""<unset>""}","{""artifacts"":{""nh3_pdb_1024"":{""bytes"":83199,""sha256"":""cb99e65c2024c8b1a80a7ea1f4ff5b23ef76a5d153a2caeb4a0e3077b5239135"",""state"":""file""},""nh3_pdb_128"":{""bytes"":10623,""sha256"":""4b48182856ba92449fa52b61bf2f95c6ce28937a3cb3da6aec4f131a1216c760"",""state"":""file""},""nh3_pdb_131072"":{""bytes"":10617087,""sha256"":""d454eb5e6e9fe717e1c12c22e3fc749189deae022de05b0f6f83f9f4501bbb52"",""state"":""file""},""nh3_pdb_16384"":{""bytes"":1327359,""sha256"":""07f5683974f6bdad6798104cf7de5ddb670704f71b7e28715d957805124196b8"",""state"":""file""},""nh3_pdb_2048"":{""bytes"":166143,""sha256"":""7171f9c4d6bf3c819f96ddd11877441961f43096057863d0607070d97c5e5a16"",""state"":""file""},""nh3_pdb_256"":{""bytes"":20991,""sha256"":""870d35ef9d654b395f8eefcd897e002ff41b1327475879ff5b955080ecb91ee0"",""state"":""file""},""nh3_pdb_32768"":{""bytes"":2654463,""sha256"":""a193ff7fc7793ae1c9121af48f694b9cff6974a63e67029053ab9312f86cb9cc"",""state"":""file""},""nh3_pdb_4096"":{""bytes"":332031,""sha256"":""e6d9ba2e0f95a04ebbeb61682dcf615982860aaa336140fee7ba55698f68175c"",""state"":""file""},""nh3_pdb_512"":{""bytes"":41727,""sha256"":""76e8d0d71fd3d49a1d14bb1fcd0689b08241620df41c90a904be29c85a67934e"",""state"":""file""},""nh3_pdb_65536"":{""bytes"":5308671,""sha256"":""a80e717b9abb39221c121bf3137135662e1b3c727e705e8f01e651720acd6dcc"",""state"":""file""},""nh3_pdb_8192"":{""bytes"":663807,""sha256"":""b0664469d3a8e84f71fbd848f1f0ffaca2cee3f4fd2100ed10f398e7c19a27e6"",""state"":""file""}},""metadata"":{""benchmark"":""el""}}",28ea42c8-c3b9-4a9c-96dc-b96a346325d0,,,,,,,,,,,,,,single_case,5779517f771cd31c95dc30de603249f8f59a1f8d3680da722ea0763b4d76684d,73.91875766200246,260,supported_jax_separate_collection
nh3,constant_workload,ewald,jax,65536,2,131072,nan,nan,nan,nan,10,3,jax_wall_block_until_ready,warmup_excluded,False,Out of memory during benchmark execution; see run logs for backend details.,OutOfMemoryError,0.0001,5,arithmetic_mean,,,,,,,,,,,,,energy_autograd,energy_forces_charge_gradients,True,True,False,131072,0,0.0,explicit,0.09645407646894455,87.91300201416016,7.275957614183426e-12,0.12801724627896638,23.706604750401727,0.7770273701315331,10768,2.0,5796,706658056,2,"{""compute_capability"":""9.0"",""driver"":""unavailable"",""memory_bytes"":99996401664,""name"":""NVIDIA H100 NVL""}","{""cuda"":""13.0"",""git_head"":""unavailable"",""jax"":""0.10.1"",""jaxlib"":""0.10.1"",""nvalchemi_toolkit_ops"":""0.5.0"",""python"":""3.12.3"",""source_sha256"":""4dfd278da46af31f54f8b7671e891073f8b10f8fa2cb28e7cf92bfeddd543638"",""torch"":""2.14.0+cu130"",""warp"":""1.17.0""}","{""gpu_uuid"":""557cda80-d2b2-7630-d3a3-99bf87d35067"",""host"":""ipp2-1716""}","{""JAX_DISABLE_JIT"":""<unset>"",""JAX_DISABLE_JIT_ACTUAL"":""False"",""JAX_ENABLE_X64"":""1"",""JAX_ENABLE_X64_ACTUAL"":""True"",""JAX_PLATFORMS"":""<unset>"",""TF_GPU_ALLOCATOR"":""<unset>"",""XLA_FLAGS"":""<unset>"",""XLA_PYTHON_CLIENT_ALLOCATOR"":""<unset>"",""XLA_PYTHON_CLIENT_MEM_FRACTION"":""0.95"",""XLA_PYTHON_CLIENT_PREALLOCATE"":""<unset>""}","{""artifacts"":{""nh3_pdb_1024"":{""bytes"":83199,""sha256"":""cb99e65c2024c8b1a80a7ea1f4ff5b23ef76a5d153a2caeb4a0e3077b5239135"",""state"":""file""},""nh3_pdb_128"":{""bytes"":10623,""sha256"":""4b48182856ba92449fa52b61bf2f95c6ce28937a3cb3da6aec4f131a1216c760"",""state"":""file""},""nh3_pdb_131072"":{""bytes"":10617087,""sha256"":""d454eb5e6e9fe717e1c12c22e3fc749189deae022de05b0f6f83f9f4501bbb52"",""state"":""file""},""nh3_pdb_16384"":{""bytes"":1327359,""sha256"":""07f5683974f6bdad6798104cf7de5ddb670704f71b7e28715d957805124196b8"",""state"":""file""},""nh3_pdb_2048"":{""bytes"":166143,""sha256"":""7171f9c4d6bf3c819f96ddd11877441961f43096057863d0607070d97c5e5a16"",""state"":""file""},""nh3_pdb_256"":{""bytes"":20991,""sha256"":""870d35ef9d654b395f8eefcd897e002ff41b1327475879ff5b955080ecb91ee0"",""state"":""file""},""nh3_pdb_32768"":{""bytes"":2654463,""sha256"":""a193ff7fc7793ae1c9121af48f694b9cff6974a63e67029053ab9312f86cb9cc"",""state"":""file""},""nh3_pdb_4096"":{""bytes"":332031,""sha256"":""e6d9ba2e0f95a04ebbeb61682dcf615982860aaa336140fee7ba55698f68175c"",""state"":""file""},""nh3_pdb_512"":{""bytes"":41727,""sha256"":""76e8d0d71fd3d49a1d14bb1fcd0689b08241620df41c90a904be29c85a67934e"",""state"":""file""},""nh3_pdb_65536"":{""bytes"":5308671,""sha256"":""a80e717b9abb39221c121bf3137135662e1b3c727e705e8f01e651720acd6dcc"",""state"":""file""},""nh3_pdb_8192"":{""bytes"":663807,""sha256"":""b0664469d3a8e84f71fbd848f1f0ffaca2cee3f4fd2100ed10f398e7c19a27e6"",""state"":""file""}},""metadata"":{""benchmark"":""el""}}",28ea42c8-c3b9-4a9c-96dc-b96a346325d0,,ewald_timing,,,,,,,,,,,,single_case,5779517f771cd31c95dc30de603249f8f59a1f8d3680da722ea0763b4d76684d,75.04548324400093,262,supported_jax_separate_collection
nh3,constant_workload,ewald,jax,16384,8,131072,6.009861349027813,166393.18977995482,nan,nan,10,3,jax_wall_block_until_ready,warmup_excluded,True,,,1e-06,5,arithmetic_mean,1.00105514327517,"[0.7879916389996652,0.7872027602003072,0.7880333718989277,0.7874437805992784,0.7879511820006883]",,,,,not_measured,not_measured,,nan,nan,6083,energy_autograd,energy_forces_charge_gradients,True,True,False,131072,0,0.0,explicit,0.096457839012146,55.38100051879883,1.8189894035458565e-12,0.16129372137038622,23.044431967159454,1.199032423767504,9904,2.0,5344,648727584,2,"{""compute_capability"":""9.0"",""driver"":""unavailable"",""memory_bytes"":99996401664,""name"":""NVIDIA H100 NVL""}","{""cuda"":""13.0"",""git_head"":""unavailable"",""jax"":""0.10.1"",""jaxlib"":""0.10.1"",""nvalchemi_toolkit_ops"":""0.5.0"",""python"":""3.12.3"",""source_sha256"":""4dfd278da46af31f54f8b7671e891073f8b10f8fa2cb28e7cf92bfeddd543638"",""torch"":""2.14.0+cu130"",""warp"":""1.17.0""}","{""gpu_uuid"":""23074f79-c31a-f283-5a26-fe763902683e"",""host"":""a1u1g-mil-0678""}","{""JAX_DISABLE_JIT"":""<unset>"",""JAX_DISABLE_JIT_ACTUAL"":""False"",""JAX_ENABLE_X64"":""1"",""JAX_ENABLE_X64_ACTUAL"":""True"",""JAX_PLATFORMS"":""<unset>"",""TF_GPU_ALLOCATOR"":""<unset>"",""XLA_FLAGS"":""<unset>"",""XLA_PYTHON_CLIENT_ALLOCATOR"":""<unset>"",""XLA_PYTHON_CLIENT_MEM_FRACTION"":""0.95"",""XLA_PYTHON_CLIENT_PREALLOCATE"":""<unset>""}","{""artifacts"":{""nh3_pdb_1024"":{""bytes"":83199,""sha256"":""cb99e65c2024c8b1a80a7ea1f4ff5b23ef76a5d153a2caeb4a0e3077b5239135"",""state"":""file""},""nh3_pdb_128"":{""bytes"":10623,""sha256"":""4b48182856ba92449fa52b61bf2f95c6ce28937a3cb3da6aec4f131a1216c760"",""state"":""file""},""nh3_pdb_131072"":{""bytes"":10617087,""sha256"":""d454eb5e6e9fe717e1c12c22e3fc749189deae022de05b0f6f83f9f4501bbb52"",""state"":""file""},""nh3_pdb_16384"":{""bytes"":1327359,""sha256"":""07f5683974f6bdad6798104cf7de5ddb670704f71b7e28715d957805124196b8"",""state"":""file""},""nh3_pdb_2048"":{""bytes"":166143,""sha256"":""7171f9c4d6bf3c819f96ddd11877441961f43096057863d0607070d97c5e5a16"",""state"":""file""},""nh3_pdb_256"":{""bytes"":20991,""sha256"":""870d35ef9d654b395f8eefcd897e002ff41b1327475879ff5b955080ecb91ee0"",""state"":""file""},""nh3_pdb_32768"":{""bytes"":2654463,""sha256"":""a193ff7fc7793ae1c9121af48f694b9cff6974a63e67029053ab9312f86cb9cc"",""state"":""file""},""nh3_pdb_4096"":{""bytes"":332031,""sha256"":""e6d9ba2e0f95a04ebbeb61682dcf615982860aaa336140fee7ba55698f68175c"",""state"":""file""},""nh3_pdb_512"":{""bytes"":41727,""sha256"":""76e8d0d71fd3d49a1d14bb1fcd0689b08241620df41c90a904be29c85a67934e"",""state"":""file""},""nh3_pdb_65536"":{""bytes"":5308671,""sha256"":""a80e717b9abb39221c121bf3137135662e1b3c727e705e8f01e651720acd6dcc"",""state"":""file""},""nh3_pdb_8192"":{""bytes"":663807,""sha256"":""b0664469d3a8e84f71fbd848f1f0ffaca2cee3f4fd2100ed10f398e7c19a27e6"",""state"":""file""}},""metadata"":{""benchmark"":""el""}}",28ea42c8-c3b9-4a9c-96dc-b96a346325d0,,,,,,,,,,,,,,single_case,5779517f771cd31c95dc30de603249f8f59a1f8d3680da722ea0763b4d76684d,90.2675180590013,259,supported_jax_separate_collection
nh3,constant_workload,pme,jax,512,256,131072,0.132377533565986,7554151.924892388,nan,nan,10,3,jax_wall_block_until_ready,warmup_excluded,True,,,0.0001,5,arithmetic_mean,1.0016534973061921,"[0.017346648697275667,0.017361771600553765,0.01734370969934389,0.017365738601074553,0.017337071799556725]",,,,,not_measured,not_measured,shared_cell_k_squared,nan,nan,,energy_autograd,energy_forces_charge_gradients,True,True,False,131072,0,0.0,explicit,0.09645654261112213,17.444000244140625,5.684341886080802e-14,0.3372060287522547,9.0,,592,2.0,341,38659072,2,"{""compute_capability"":""9.0"",""driver"":""unavailable"",""memory_bytes"":99996401664,""name"":""NVIDIA H100 NVL""}","{""cuda"":""13.0"",""git_head"":""unavailable"",""jax"":""0.10.1"",""jaxlib"":""0.10.1"",""nvalchemi_toolkit_ops"":""0.5.0"",""python"":""3.12.3"",""source_sha256"":""4dfd278da46af31f54f8b7671e891073f8b10f8fa2cb28e7cf92bfeddd543638"",""torch"":""2.14.0+cu130"",""warp"":""1.17.0""}","{""gpu_uuid"":""c0995d85-1dea-1b19-7e58-9baa33a5f384"",""host"":""a1u1g-mil-0576""}","{""JAX_DISABLE_JIT"":""<unset>"",""JAX_DISABLE_JIT_ACTUAL"":""False"",""JAX_ENABLE_X64"":""1"",""JAX_ENABLE_X64_ACTUAL"":""True"",""JAX_PLATFORMS"":""<unset>"",""TF_GPU_ALLOCATOR"":""<unset>"",""XLA_FLAGS"":""<unset>"",""XLA_PYTHON_CLIENT_ALLOCATOR"":""<unset>"",""XLA_PYTHON_CLIENT_MEM_FRACTION"":""0.95"",""XLA_PYTHON_CLIENT_PREALLOCATE"":""<unset>""}","{""artifacts"":{""nh3_pdb_1024"":{""bytes"":83199,""sha256"":""cb99e65c2024c8b1a80a7ea1f4ff5b23ef76a5d153a2caeb4a0e3077b5239135"",""state"":""file""},""nh3_pdb_128"":{""bytes"":10623,""sha256"":""4b48182856ba92449fa52b61bf2f95c6ce28937a3cb3da6aec4f131a1216c760"",""state"":""file""},""nh3_pdb_131072"":{""bytes"":10617087,""sha256"":""d454eb5e6e9fe717e1c12c22e3fc749189deae022de05b0f6f83f9f4501bbb52"",""state"":""file""},""nh3_pdb_16384"":{""bytes"":1327359,""sha256"":""07f5683974f6bdad6798104cf7de5ddb670704f71b7e28715d957805124196b8"",""state"":""file""},""nh3_pdb_2048"":{""bytes"":166143,""sha256"":""7171f9c4d6bf3c819f96ddd11877441961f43096057863d0607070d97c5e5a16"",""state"":""file""},""nh3_pdb_256"":{""bytes"":20991,""sha256"":""870d35ef9d654b395f8eefcd897e002ff41b1327475879ff5b955080ecb91ee0"",""state"":""file""},""nh3_pdb_32768"":{""bytes"":2654463,""sha256"":""a193ff7fc7793ae1c9121af48f694b9cff6974a63e67029053ab9312f86cb9cc"",""state"":""file""},""nh3_pdb_4096"":{""bytes"":332031,""sha256"":""e6d9ba2e0f95a04ebbeb61682dcf615982860aaa336140fee7ba55698f68175c"",""state"":""file""},""nh3_pdb_512"":{""bytes"":41727,""sha256"":""76e8d0d71fd3d49a1d14bb1fcd0689b08241620df41c90a904be29c85a67934e"",""state"":""file""},""nh3_pdb_65536"":{""bytes"":5308671,""sha256"":""a80e717b9abb39221c121bf3137135662e1b3c727e705e8f01e651720acd6dcc"",""state"":""file""},""nh3_pdb_8192"":{""bytes"":663807,""sha256"":""b0664469d3a8e84f71fbd848f1f0ffaca2cee3f4fd2100ed10f398e7c19a27e6"",""state"":""file""}},""metadata"":{""benchmark"":""el""}}",28ea42c8-c3b9-4a9c-96dc-b96a346325d0,,,25,25,25,8125,5,c78fbf63f66c8e9feaef6dae985bb310cfdae837b4255963cf16f2cf5a6c61c2,"{""batch_idx"":""int32"",""cell"":""float64"",""charges"":""float64"",""pbc"":""bool"",""positions"":""float64""}",capped_upstream_estimate,bounded_power_two_then_four_fft_snap,0.25,9.0,single_case,5779517f771cd31c95dc30de603249f8f59a1f8d3680da722ea0763b4d76684d,44.958764778013574,100,supported_jax_separate_collection
nh3,constant_workload,pme,jax,16384,8,131072,0.12908753586060584,7746681.299113511,nan,nan,10,3,jax_wall_block_until_ready,warmup_excluded,True,,,0.0001,5,arithmetic_mean,1.002279785974516,"[0.016914879300747997,0.016935139099950904,0.016937349201180042,0.016912616399349645,0.01689882350037806]",,,,,not_measured,not_measured,shared_cell_k_squared,nan,nan,,energy_autograd,energy_forces_charge_gradients,True,True,False,131072,0,0.0,explicit,0.096457839012146,55.38100051879883,1.8189894035458565e-12,0.3372060287522547,9.0,,592,2.0,406,38990928,2,"{""compute_capability"":""9.0"",""driver"":""unavailable"",""memory_bytes"":99996401664,""name"":""NVIDIA H100 NVL""}","{""cuda"":""13.0"",""git_head"":""unavailable"",""jax"":""0.10.1"",""jaxlib"":""0.10.1"",""nvalchemi_toolkit_ops"":""0.5.0"",""python"":""3.12.3"",""source_sha256"":""4dfd278da46af31f54f8b7671e891073f8b10f8fa2cb28e7cf92bfeddd543638"",""torch"":""2.14.0+cu130"",""warp"":""1.17.0""}","{""gpu_uuid"":""c0995d85-1dea-1b19-7e58-9baa33a5f384"",""host"":""a1u1g-mil-0576""}","{""JAX_DISABLE_JIT"":""<unset>"",""JAX_DISABLE_JIT_ACTUAL"":""False"",""JAX_ENABLE_X64"":""1"",""JAX_ENABLE_X64_ACTUAL"":""True"",""JAX_PLATFORMS"":""<unset>"",""TF_GPU_ALLOCATOR"":""<unset>"",""XLA_FLAGS"":""<unset>"",""XLA_PYTHON_CLIENT_ALLOCATOR"":""<unset>"",""XLA_PYTHON_CLIENT_MEM_FRACTION"":""0.95"",""XLA_PYTHON_CLIENT_PREALLOCATE"":""<unset>""}","{""artifacts"":{""nh3_pdb_1024"":{""bytes"":83199,""sha256"":""cb99e65c2024c8b1a80a7ea1f4ff5b23ef76a5d153a2caeb4a0e3077b5239135"",""state"":""file""},""nh3_pdb_128"":{""bytes"":10623,""sha256"":""4b48182856ba92449fa52b61bf2f95c6ce28937a3cb3da6aec4f131a1216c760"",""state"":""file""},""nh3_pdb_131072"":{""bytes"":10617087,""sha256"":""d454eb5e6e9fe717e1c12c22e3fc749189deae022de05b0f6f83f9f4501bbb52"",""state"":""file""},""nh3_pdb_16384"":{""bytes"":1327359,""sha256"":""07f5683974f6bdad6798104cf7de5ddb670704f71b7e28715d957805124196b8"",""state"":""file""},""nh3_pdb_2048"":{""bytes"":166143,""sha256"":""7171f9c4d6bf3c819f96ddd11877441961f43096057863d0607070d97c5e5a16"",""state"":""file""},""nh3_pdb_256"":{""bytes"":20991,""sha256"":""870d35ef9d654b395f8eefcd897e002ff41b1327475879ff5b955080ecb91ee0"",""state"":""file""},""nh3_pdb_32768"":{""bytes"":2654463,""sha256"":""a193ff7fc7793ae1c9121af48f694b9cff6974a63e67029053ab9312f86cb9cc"",""state"":""file""},""nh3_pdb_4096"":{""bytes"":332031,""sha256"":""e6d9ba2e0f95a04ebbeb61682dcf615982860aaa336140fee7ba55698f68175c"",""state"":""file""},""nh3_pdb_512"":{""bytes"":41727,""sha256"":""76e8d0d71fd3d49a1d14bb1fcd0689b08241620df41c90a904be29c85a67934e"",""state"":""file""},""nh3_pdb_65536"":{""bytes"":5308671,""sha256"":""a80e717b9abb39221c121bf3137135662e1b3c727e705e8f01e651720acd6dcc"",""state"":""file""},""nh3_pdb_8192"":{""bytes"":663807,""sha256"":""b0664469d3a8e84f71fbd848f1f0ffaca2cee3f4fd2100ed10f398e7c19a27e6"",""state"":""file""}},""metadata"":{""benchmark"":""el""}}",28ea42c8-c3b9-4a9c-96dc-b96a346325d0,,,80,80,80,262400,5,84523ec79a1e97d60145656f6f62e7e5fe25709dc8eda4ef25fc74a58a5b9e6a,"{""batch_idx"":""int32"",""cell"":""float64"",""charges"":""float64"",""pbc"":""bool"",""positions"":""float64""}",capped_upstream_estimate,bounded_power_two_then_four_fft_snap,0.25,9.0,single_case,5779517f771cd31c95dc30de603249f8f59a1f8d3680da722ea0763b4d76684d,43.025013984995894,110,supported_jax_separate_collection
nh3,constant_workload,ewald,jax,1024,128,131072,0.5025591404628217,1989815.5649483767,nan,nan,10,3,jax_wall_block_until_ready,warmup_excluded,True,,,0.0001,5,arithmetic_mean,1.000087964268768,"[0.06586999079736415,0.06587092879926786,0.06587277079815976,0.06587463100149762,0.06586883689742536]",,,,,not_measured,not_measured,,nan,nan,1098,energy_autograd,energy_forces_charge_gradients,True,True,False,131072,0,0.0,explicit,0.09645736962556839,21.97800064086914,1.1368683772161603e-13,0.2560374033532867,11.853167619352577,1.5540724079424186,1360,2.0,723,88117760,2,"{""compute_capability"":""9.0"",""driver"":""unavailable"",""memory_bytes"":99996401664,""name"":""NVIDIA H100 NVL""}","{""cuda"":""13.0"",""git_head"":""unavailable"",""jax"":""0.10.1"",""jaxlib"":""0.10.1"",""nvalchemi_toolkit_ops"":""0.5.0"",""python"":""3.12.3"",""source_sha256"":""4dfd278da46af31f54f8b7671e891073f8b10f8fa2cb28e7cf92bfeddd543638"",""torch"":""2.14.0+cu130"",""warp"":""1.17.0""}","{""gpu_uuid"":""c0995d85-1dea-1b19-7e58-9baa33a5f384"",""host"":""a1u1g-mil-0576""}","{""JAX_DISABLE_JIT"":""<unset>"",""JAX_DISABLE_JIT_ACTUAL"":""False"",""JAX_ENABLE_X64"":""1"",""JAX_ENABLE_X64_ACTUAL"":""True"",""JAX_PLATFORMS"":""<unset>"",""TF_GPU_ALLOCATOR"":""<unset>"",""XLA_FLAGS"":""<unset>"",""XLA_PYTHON_CLIENT_ALLOCATOR"":""<unset>"",""XLA_PYTHON_CLIENT_MEM_FRACTION"":""0.95"",""XLA_PYTHON_CLIENT_PREALLOCATE"":""<unset>""}","{""artifacts"":{""nh3_pdb_1024"":{""bytes"":83199,""sha256"":""cb99e65c2024c8b1a80a7ea1f4ff5b23ef76a5d153a2caeb4a0e3077b5239135"",""state"":""file""},""nh3_pdb_128"":{""bytes"":10623,""sha256"":""4b48182856ba92449fa52b61bf2f95c6ce28937a3cb3da6aec4f131a1216c760"",""state"":""file""},""nh3_pdb_131072"":{""bytes"":10617087,""sha256"":""d454eb5e6e9fe717e1c12c22e3fc749189deae022de05b0f6f83f9f4501bbb52"",""state"":""file""},""nh3_pdb_16384"":{""bytes"":1327359,""sha256"":""07f5683974f6bdad6798104cf7de5ddb670704f71b7e28715d957805124196b8"",""state"":""file""},""nh3_pdb_2048"":{""bytes"":166143,""sha256"":""7171f9c4d6bf3c819f96ddd11877441961f43096057863d0607070d97c5e5a16"",""state"":""file""},""nh3_pdb_256"":{""bytes"":20991,""sha256"":""870d35ef9d654b395f8eefcd897e002ff41b1327475879ff5b955080ecb91ee0"",""state"":""file""},""nh3_pdb_32768"":{""bytes"":2654463,""sha256"":""a193ff7fc7793ae1c9121af48f694b9cff6974a63e67029053ab9312f86cb9cc"",""state"":""file""},""nh3_pdb_4096"":{""bytes"":332031,""sha256"":""e6d9ba2e0f95a04ebbeb61682dcf615982860aaa336140fee7ba55698f68175c"",""state"":""file""},""nh3_pdb_512"":{""bytes"":41727,""sha256"":""76e8d0d71fd3d49a1d14bb1fcd0689b08241620df41c90a904be29c85a67934e"",""state"":""file""},""nh3_pdb_65536"":{""bytes"":5308671,""sha256"":""a80e717b9abb39221c121bf3137135662e1b3c727e705e8f01e651720acd6dcc"",""state"":""file""},""nh3_pdb_8192"":{""bytes"":663807,""sha256"":""b0664469d3a8e84f71fbd848f1f0ffaca2cee3f4fd2100ed10f398e7c19a27e6"",""state"":""file""}},""metadata"":{""benchmark"":""el""}}",28ea42c8-c3b9-4a9c-96dc-b96a346325d0,,,,,,,,,,,,,,single_case,5779517f771cd31c95dc30de603249f8f59a1f8d3680da722ea0763b4d76684d,20.96367916901363,250,supported_jax_separate_collection
nh3,constant_workload,ewald,jax,4096,32,131072,2.3196830419847103,431093.3786645285,nan,nan,10,3,jax_wall_block_until_ready,warmup_excluded,True,,,1e-06,5,arithmetic_mean,1.001165459749754,"[0.3038828241988085,0.30404276919725814,0.30399884810030925,0.30423698739905375,0.30406604949967003]",,,,,not_measured,not_measured,,nan,nan,3429,energy_autograd,energy_forces_charge_gradients,True,True,False,131072,0,0.0,explicit,0.09645654261112213,34.88800048828125,4.547473508864641e-13,0.20321644417551266,18.290459730904608,1.510679420990255,4960,2.0,2684,324087936,2,"{""compute_capability"":""9.0"",""driver"":""unavailable"",""memory_bytes"":99996401664,""name"":""NVIDIA H100 NVL""}","{""cuda"":""13.0"",""git_head"":""unavailable"",""jax"":""0.10.1"",""jaxlib"":""0.10.1"",""nvalchemi_toolkit_ops"":""0.5.0"",""python"":""3.12.3"",""source_sha256"":""4dfd278da46af31f54f8b7671e891073f8b10f8fa2cb28e7cf92bfeddd543638"",""torch"":""2.14.0+cu130"",""warp"":""1.17.0""}","{""gpu_uuid"":""c0995d85-1dea-1b19-7e58-9baa33a5f384"",""host"":""a1u1g-mil-0576""}","{""JAX_DISABLE_JIT"":""<unset>"",""JAX_DISABLE_JIT_ACTUAL"":""False"",""JAX_ENABLE_X64"":""1"",""JAX_ENABLE_X64_ACTUAL"":""True"",""JAX_PLATFORMS"":""<unset>"",""TF_GPU_ALLOCATOR"":""<unset>"",""XLA_FLAGS"":""<unset>"",""XLA_PYTHON_CLIENT_ALLOCATOR"":""<unset>"",""XLA_PYTHON_CLIENT_MEM_FRACTION"":""0.95"",""XLA_PYTHON_CLIENT_PREALLOCATE"":""<unset>""}","{""artifacts"":{""nh3_pdb_1024"":{""bytes"":83199,""sha256"":""cb99e65c2024c8b1a80a7ea1f4ff5b23ef76a5d153a2caeb4a0e3077b5239135"",""state"":""file""},""nh3_pdb_128"":{""bytes"":10623,""sha256"":""4b48182856ba92449fa52b61bf2f95c6ce28937a3cb3da6aec4f131a1216c760"",""state"":""file""},""nh3_pdb_131072"":{""bytes"":10617087,""sha256"":""d454eb5e6e9fe717e1c12c22e3fc749189deae022de05b0f6f83f9f4501bbb52"",""state"":""file""},""nh3_pdb_16384"":{""bytes"":1327359,""sha256"":""07f5683974f6bdad6798104cf7de5ddb670704f71b7e28715d957805124196b8"",""state"":""file""},""nh3_pdb_2048"":{""bytes"":166143,""sha256"":""7171f9c4d6bf3c819f96ddd11877441961f43096057863d0607070d97c5e5a16"",""state"":""file""},""nh3_pdb_256"":{""bytes"":20991,""sha256"":""870d35ef9d654b395f8eefcd897e002ff41b1327475879ff5b955080ecb91ee0"",""state"":""file""},""nh3_pdb_32768"":{""bytes"":2654463,""sha256"":""a193ff7fc7793ae1c9121af48f694b9cff6974a63e67029053ab9312f86cb9cc"",""state"":""file""},""nh3_pdb_4096"":{""bytes"":332031,""sha256"":""e6d9ba2e0f95a04ebbeb61682dcf615982860aaa336140fee7ba55698f68175c"",""state"":""file""},""nh3_pdb_512"":{""bytes"":41727,""sha256"":""76e8d0d71fd3d49a1d14bb1fcd0689b08241620df41c90a904be29c85a67934e"",""state"":""file""},""nh3_pdb_65536"":{""bytes"":5308671,""sha256"":""a80e717b9abb39221c121bf3137135662e1b3c727e705e8f01e651720acd6dcc"",""state"":""file""},""nh3_pdb_8192"":{""bytes"":663807,""sha256"":""b0664469d3a8e84f71fbd848f1f0ffaca2cee3f4fd2100ed10f398e7c19a27e6"",""state"":""file""}},""metadata"":{""benchmark"":""el""}}",28ea42c8-c3b9-4a9c-96dc-b96a346325d0,,,,,,,,,,,,,,single_case,5779517f771cd31c95dc30de603249f8f59a1f8d3680da722ea0763b4d76684d,46.52093055797741,255,supported_jax_separate_collection
