system,scaling_mode,method,backend,atoms_per_system,batch_size,total_atoms,time_us_per_atom,throughput_atoms_per_sec,mem_delta_mb,mem_peak_gb,timing_runs,warmup_runs,timing_method,compile_policy,success,error,error_type,accuracy,timing_batches,timing_batch_aggregation,timing_batch_max_min_ratio,timing_batch_seconds_json,timing_batch_real_max_min_ratio,timing_batch_real_seconds_json,timing_batch_reciprocal_max_min_ratio,timing_batch_reciprocal_seconds_json,timing_method_real,timing_method_reciprocal,pme_cache_mode,time_real_us_per_atom,time_reciprocal_us_per_atom,num_k_vectors_per_system,derivative_contract,workload,compute_forces,compute_charge_gradients,component_profiled,atomic_density_atoms_per_angstrom3,minimum_cell_face_distance_angstrom,max_abs_net_charge_per_system,alpha,real_space_cutoff,reciprocal_space_cutoff,configured_max_neighbors,neighbor_capacity_safety_factor,observed_max_neighbors,observed_directed_neighbor_pairs,provenance_version,gpu_context,software_context,execution_context,runtime_context,input_context,run_id,cutoff,failure_stage,mesh_nx,mesh_ny,mesh_nz,reciprocal_grid_points,spline_order,pme_runtime_input_sha256,pme_runtime_dtype_signature,pme_cutoff_policy,pme_mesh_policy,pme_fft_padding_fraction,pme_max_real_space_cutoff,collection_process_scope,collection_script_sha256,collection_wall_seconds,collection_plan_index,collection_runtime_scope
nh3,batch_scaling,ewald,torch,256,1,256,11.772557497024536,84943.30991823533,2.64208984375,0.03546142578125,10,3,torch_cuda_events,warmup_excluded,True,,,0.0001,5,arithmetic_mean,1.0238474161841482,"[0.003016796875,0.0030498464584350583,0.0030201887130737303,0.0030032320022583005,0.002978809547424316]",,,,,not_measured,not_measured,,nan,nan,665,energy_autograd,energy_forces_charge_gradients,True,True,False,0.09646306931972504,13.84500026702881,2.842170943040401e-14,0.32259326452181164,9.40768017357379,1.9580470853692633,688,2.0,362,86142,2,"{""compute_capability"":""9.0"",""driver"":""unavailable"",""memory_bytes"":102132088832,""name"":""NVIDIA H100""}","{""cuda"":""13.0"",""git_head"":""7db753be5b014476cd3ab0207173a55d6730fb14"",""jax"":""0.11.2"",""jaxlib"":""0.11.2"",""nvalchemi_toolkit_ops"":""0.5.0"",""python"":""3.12.3"",""source_sha256"":""0796a4ffc622cdc7ab846f2e8cf88b0b52fccae4dcfe32a3140b3bb9818aab8e"",""torch"":""2.14.0+cu130"",""warp"":""1.17.0""}","{""gpu_uuid"":""e8b1f776-3e7d-8391-c1b5-79a044e95420"",""host"":""s4124-0117""}","{""JAX_DISABLE_JIT"":""<unset>"",""JAX_DISABLE_JIT_ACTUAL"":""<not-imported>"",""JAX_ENABLE_X64"":""1"",""JAX_ENABLE_X64_ACTUAL"":""<not-imported>"",""JAX_PLATFORMS"":""<unset>"",""TF_GPU_ALLOCATOR"":""<unset>"",""XLA_FLAGS"":""<unset>"",""XLA_PYTHON_CLIENT_ALLOCATOR"":""<unset>"",""XLA_PYTHON_CLIENT_MEM_FRACTION"":""0.95"",""XLA_PYTHON_CLIENT_PREALLOCATE"":""<unset>""}","{""artifacts"":{""nh3_pdb_1024"":{""bytes"":83199,""sha256"":""cb99e65c2024c8b1a80a7ea1f4ff5b23ef76a5d153a2caeb4a0e3077b5239135"",""state"":""file""},""nh3_pdb_128"":{""bytes"":10623,""sha256"":""4b48182856ba92449fa52b61bf2f95c6ce28937a3cb3da6aec4f131a1216c760"",""state"":""file""},""nh3_pdb_131072"":{""bytes"":10617087,""sha256"":""d454eb5e6e9fe717e1c12c22e3fc749189deae022de05b0f6f83f9f4501bbb52"",""state"":""file""},""nh3_pdb_16384"":{""bytes"":1327359,""sha256"":""07f5683974f6bdad6798104cf7de5ddb670704f71b7e28715d957805124196b8"",""state"":""file""},""nh3_pdb_2048"":{""bytes"":166143,""sha256"":""7171f9c4d6bf3c819f96ddd11877441961f43096057863d0607070d97c5e5a16"",""state"":""file""},""nh3_pdb_256"":{""bytes"":20991,""sha256"":""870d35ef9d654b395f8eefcd897e002ff41b1327475879ff5b955080ecb91ee0"",""state"":""file""},""nh3_pdb_32768"":{""bytes"":2654463,""sha256"":""a193ff7fc7793ae1c9121af48f694b9cff6974a63e67029053ab9312f86cb9cc"",""state"":""file""},""nh3_pdb_4096"":{""bytes"":332031,""sha256"":""e6d9ba2e0f95a04ebbeb61682dcf615982860aaa336140fee7ba55698f68175c"",""state"":""file""},""nh3_pdb_512"":{""bytes"":41727,""sha256"":""76e8d0d71fd3d49a1d14bb1fcd0689b08241620df41c90a904be29c85a67934e"",""state"":""file""},""nh3_pdb_65536"":{""bytes"":5308671,""sha256"":""a80e717b9abb39221c121bf3137135662e1b3c727e705e8f01e651720acd6dcc"",""state"":""file""},""nh3_pdb_8192"":{""bytes"":663807,""sha256"":""b0664469d3a8e84f71fbd848f1f0ffaca2cee3f4fd2100ed10f398e7c19a27e6"",""state"":""file""}},""metadata"":{""benchmark"":""el""}}",da2e3992-31bf-4906-ae02-d3747f02a55a,,,,,,,,,,,,,,,,,,
nh3,batch_scaling,ewald,torch,256,2,512,6.678236126899719,149740.1381140197,5.46044921875,0.03984260559082031,10,3,torch_cuda_events,warmup_excluded,True,,,0.0001,5,arithmetic_mean,1.0409849863147722,"[0.0034937919616699216,0.003443535995483398,0.0033562366485595705,0.0034153087615966795,0.003387411117553711]",,,,,not_measured,not_measured,,nan,nan,665,energy_autograd,energy_forces_charge_gradients,True,True,False,0.09646306931972504,13.84500026702881,2.842170943040401e-14,0.32259326452181164,9.40768017357379,1.9580470853692633,688,2.0,362,172284,2,"{""compute_capability"":""9.0"",""driver"":""unavailable"",""memory_bytes"":102132088832,""name"":""NVIDIA H100""}","{""cuda"":""13.0"",""git_head"":""7db753be5b014476cd3ab0207173a55d6730fb14"",""jax"":""0.11.2"",""jaxlib"":""0.11.2"",""nvalchemi_toolkit_ops"":""0.5.0"",""python"":""3.12.3"",""source_sha256"":""0796a4ffc622cdc7ab846f2e8cf88b0b52fccae4dcfe32a3140b3bb9818aab8e"",""torch"":""2.14.0+cu130"",""warp"":""1.17.0""}","{""gpu_uuid"":""e8b1f776-3e7d-8391-c1b5-79a044e95420"",""host"":""s4124-0117""}","{""JAX_DISABLE_JIT"":""<unset>"",""JAX_DISABLE_JIT_ACTUAL"":""<not-imported>"",""JAX_ENABLE_X64"":""1"",""JAX_ENABLE_X64_ACTUAL"":""<not-imported>"",""JAX_PLATFORMS"":""<unset>"",""TF_GPU_ALLOCATOR"":""<unset>"",""XLA_FLAGS"":""<unset>"",""XLA_PYTHON_CLIENT_ALLOCATOR"":""<unset>"",""XLA_PYTHON_CLIENT_MEM_FRACTION"":""0.95"",""XLA_PYTHON_CLIENT_PREALLOCATE"":""<unset>""}","{""artifacts"":{""nh3_pdb_1024"":{""bytes"":83199,""sha256"":""cb99e65c2024c8b1a80a7ea1f4ff5b23ef76a5d153a2caeb4a0e3077b5239135"",""state"":""file""},""nh3_pdb_128"":{""bytes"":10623,""sha256"":""4b48182856ba92449fa52b61bf2f95c6ce28937a3cb3da6aec4f131a1216c760"",""state"":""file""},""nh3_pdb_131072"":{""bytes"":10617087,""sha256"":""d454eb5e6e9fe717e1c12c22e3fc749189deae022de05b0f6f83f9f4501bbb52"",""state"":""file""},""nh3_pdb_16384"":{""bytes"":1327359,""sha256"":""07f5683974f6bdad6798104cf7de5ddb670704f71b7e28715d957805124196b8"",""state"":""file""},""nh3_pdb_2048"":{""bytes"":166143,""sha256"":""7171f9c4d6bf3c819f96ddd11877441961f43096057863d0607070d97c5e5a16"",""state"":""file""},""nh3_pdb_256"":{""bytes"":20991,""sha256"":""870d35ef9d654b395f8eefcd897e002ff41b1327475879ff5b955080ecb91ee0"",""state"":""file""},""nh3_pdb_32768"":{""bytes"":2654463,""sha256"":""a193ff7fc7793ae1c9121af48f694b9cff6974a63e67029053ab9312f86cb9cc"",""state"":""file""},""nh3_pdb_4096"":{""bytes"":332031,""sha256"":""e6d9ba2e0f95a04ebbeb61682dcf615982860aaa336140fee7ba55698f68175c"",""state"":""file""},""nh3_pdb_512"":{""bytes"":41727,""sha256"":""76e8d0d71fd3d49a1d14bb1fcd0689b08241620df41c90a904be29c85a67934e"",""state"":""file""},""nh3_pdb_65536"":{""bytes"":5308671,""sha256"":""a80e717b9abb39221c121bf3137135662e1b3c727e705e8f01e651720acd6dcc"",""state"":""file""},""nh3_pdb_8192"":{""bytes"":663807,""sha256"":""b0664469d3a8e84f71fbd848f1f0ffaca2cee3f4fd2100ed10f398e7c19a27e6"",""state"":""file""}},""metadata"":{""benchmark"":""el""}}",da2e3992-31bf-4906-ae02-d3747f02a55a,,,,,,,,,,,,,,,,,,
nh3,batch_scaling,ewald,torch,256,4,1024,3.3262062072753906,300642.8157739307,10.91845703125,0.048430442810058594,10,3,torch_cuda_events,warmup_excluded,True,,,0.0001,5,arithmetic_mean,1.0253945328230383,"[0.003454089736938477,0.0034117919921875005,0.0033957950592041013,0.0033999519348144533,0.0033685470581054687]",,,,,not_measured,not_measured,,nan,nan,665,energy_autograd,energy_forces_charge_gradients,True,True,False,0.09646306931972504,13.84500026702881,2.842170943040401e-14,0.32259326452181164,9.40768017357379,1.9580470853692633,688,2.0,362,344568,2,"{""compute_capability"":""9.0"",""driver"":""unavailable"",""memory_bytes"":102132088832,""name"":""NVIDIA H100""}","{""cuda"":""13.0"",""git_head"":""7db753be5b014476cd3ab0207173a55d6730fb14"",""jax"":""0.11.2"",""jaxlib"":""0.11.2"",""nvalchemi_toolkit_ops"":""0.5.0"",""python"":""3.12.3"",""source_sha256"":""0796a4ffc622cdc7ab846f2e8cf88b0b52fccae4dcfe32a3140b3bb9818aab8e"",""torch"":""2.14.0+cu130"",""warp"":""1.17.0""}","{""gpu_uuid"":""e8b1f776-3e7d-8391-c1b5-79a044e95420"",""host"":""s4124-0117""}","{""JAX_DISABLE_JIT"":""<unset>"",""JAX_DISABLE_JIT_ACTUAL"":""<not-imported>"",""JAX_ENABLE_X64"":""1"",""JAX_ENABLE_X64_ACTUAL"":""<not-imported>"",""JAX_PLATFORMS"":""<unset>"",""TF_GPU_ALLOCATOR"":""<unset>"",""XLA_FLAGS"":""<unset>"",""XLA_PYTHON_CLIENT_ALLOCATOR"":""<unset>"",""XLA_PYTHON_CLIENT_MEM_FRACTION"":""0.95"",""XLA_PYTHON_CLIENT_PREALLOCATE"":""<unset>""}","{""artifacts"":{""nh3_pdb_1024"":{""bytes"":83199,""sha256"":""cb99e65c2024c8b1a80a7ea1f4ff5b23ef76a5d153a2caeb4a0e3077b5239135"",""state"":""file""},""nh3_pdb_128"":{""bytes"":10623,""sha256"":""4b48182856ba92449fa52b61bf2f95c6ce28937a3cb3da6aec4f131a1216c760"",""state"":""file""},""nh3_pdb_131072"":{""bytes"":10617087,""sha256"":""d454eb5e6e9fe717e1c12c22e3fc749189deae022de05b0f6f83f9f4501bbb52"",""state"":""file""},""nh3_pdb_16384"":{""bytes"":1327359,""sha256"":""07f5683974f6bdad6798104cf7de5ddb670704f71b7e28715d957805124196b8"",""state"":""file""},""nh3_pdb_2048"":{""bytes"":166143,""sha256"":""7171f9c4d6bf3c819f96ddd11877441961f43096057863d0607070d97c5e5a16"",""state"":""file""},""nh3_pdb_256"":{""bytes"":20991,""sha256"":""870d35ef9d654b395f8eefcd897e002ff41b1327475879ff5b955080ecb91ee0"",""state"":""file""},""nh3_pdb_32768"":{""bytes"":2654463,""sha256"":""a193ff7fc7793ae1c9121af48f694b9cff6974a63e67029053ab9312f86cb9cc"",""state"":""file""},""nh3_pdb_4096"":{""bytes"":332031,""sha256"":""e6d9ba2e0f95a04ebbeb61682dcf615982860aaa336140fee7ba55698f68175c"",""state"":""file""},""nh3_pdb_512"":{""bytes"":41727,""sha256"":""76e8d0d71fd3d49a1d14bb1fcd0689b08241620df41c90a904be29c85a67934e"",""state"":""file""},""nh3_pdb_65536"":{""bytes"":5308671,""sha256"":""a80e717b9abb39221c121bf3137135662e1b3c727e705e8f01e651720acd6dcc"",""state"":""file""},""nh3_pdb_8192"":{""bytes"":663807,""sha256"":""b0664469d3a8e84f71fbd848f1f0ffaca2cee3f4fd2100ed10f398e7c19a27e6"",""state"":""file""}},""metadata"":{""benchmark"":""el""}}",da2e3992-31bf-4906-ae02-d3747f02a55a,,,,,,,,,,,,,,,,,,
nh3,batch_scaling,ewald,torch,256,8,2048,1.6649693623185158,600611.6524615639,21.11572265625,0.06490516662597656,10,3,torch_cuda_events,warmup_excluded,True,,,0.0001,5,arithmetic_mean,1.022206790574473,"[0.0034556640625,0.003409196853637695,0.0033805919647216798,0.0034119007110595704,0.0033919326782226563]",,,,,not_measured,not_measured,,nan,nan,665,energy_autograd,energy_forces_charge_gradients,True,True,False,0.09646306931972504,13.84500026702881,2.842170943040401e-14,0.32259326452181164,9.40768017357379,1.9580470853692633,688,2.0,362,689136,2,"{""compute_capability"":""9.0"",""driver"":""unavailable"",""memory_bytes"":102132088832,""name"":""NVIDIA H100""}","{""cuda"":""13.0"",""git_head"":""7db753be5b014476cd3ab0207173a55d6730fb14"",""jax"":""0.11.2"",""jaxlib"":""0.11.2"",""nvalchemi_toolkit_ops"":""0.5.0"",""python"":""3.12.3"",""source_sha256"":""0796a4ffc622cdc7ab846f2e8cf88b0b52fccae4dcfe32a3140b3bb9818aab8e"",""torch"":""2.14.0+cu130"",""warp"":""1.17.0""}","{""gpu_uuid"":""e8b1f776-3e7d-8391-c1b5-79a044e95420"",""host"":""s4124-0117""}","{""JAX_DISABLE_JIT"":""<unset>"",""JAX_DISABLE_JIT_ACTUAL"":""<not-imported>"",""JAX_ENABLE_X64"":""1"",""JAX_ENABLE_X64_ACTUAL"":""<not-imported>"",""JAX_PLATFORMS"":""<unset>"",""TF_GPU_ALLOCATOR"":""<unset>"",""XLA_FLAGS"":""<unset>"",""XLA_PYTHON_CLIENT_ALLOCATOR"":""<unset>"",""XLA_PYTHON_CLIENT_MEM_FRACTION"":""0.95"",""XLA_PYTHON_CLIENT_PREALLOCATE"":""<unset>""}","{""artifacts"":{""nh3_pdb_1024"":{""bytes"":83199,""sha256"":""cb99e65c2024c8b1a80a7ea1f4ff5b23ef76a5d153a2caeb4a0e3077b5239135"",""state"":""file""},""nh3_pdb_128"":{""bytes"":10623,""sha256"":""4b48182856ba92449fa52b61bf2f95c6ce28937a3cb3da6aec4f131a1216c760"",""state"":""file""},""nh3_pdb_131072"":{""bytes"":10617087,""sha256"":""d454eb5e6e9fe717e1c12c22e3fc749189deae022de05b0f6f83f9f4501bbb52"",""state"":""file""},""nh3_pdb_16384"":{""bytes"":1327359,""sha256"":""07f5683974f6bdad6798104cf7de5ddb670704f71b7e28715d957805124196b8"",""state"":""file""},""nh3_pdb_2048"":{""bytes"":166143,""sha256"":""7171f9c4d6bf3c819f96ddd11877441961f43096057863d0607070d97c5e5a16"",""state"":""file""},""nh3_pdb_256"":{""bytes"":20991,""sha256"":""870d35ef9d654b395f8eefcd897e002ff41b1327475879ff5b955080ecb91ee0"",""state"":""file""},""nh3_pdb_32768"":{""bytes"":2654463,""sha256"":""a193ff7fc7793ae1c9121af48f694b9cff6974a63e67029053ab9312f86cb9cc"",""state"":""file""},""nh3_pdb_4096"":{""bytes"":332031,""sha256"":""e6d9ba2e0f95a04ebbeb61682dcf615982860aaa336140fee7ba55698f68175c"",""state"":""file""},""nh3_pdb_512"":{""bytes"":41727,""sha256"":""76e8d0d71fd3d49a1d14bb1fcd0689b08241620df41c90a904be29c85a67934e"",""state"":""file""},""nh3_pdb_65536"":{""bytes"":5308671,""sha256"":""a80e717b9abb39221c121bf3137135662e1b3c727e705e8f01e651720acd6dcc"",""state"":""file""},""nh3_pdb_8192"":{""bytes"":663807,""sha256"":""b0664469d3a8e84f71fbd848f1f0ffaca2cee3f4fd2100ed10f398e7c19a27e6"",""state"":""file""}},""metadata"":{""benchmark"":""el""}}",da2e3992-31bf-4906-ae02-d3747f02a55a,,,,,,,,,,,,,,,,,,
nh3,batch_scaling,ewald,torch,256,16,4096,0.8253114111721516,1211663.847685986,42.22802734375,0.09855461120605469,10,3,torch_cuda_events,warmup_excluded,True,,,0.0001,5,arithmetic_mean,1.0248729282863462,"[0.0034307201385498044,0.0033999969482421876,0.003347459030151367,0.003374895858764648,0.0033493057250976567]",,,,,not_measured,not_measured,,nan,nan,665,energy_autograd,energy_forces_charge_gradients,True,True,False,0.09646306931972504,13.84500026702881,2.842170943040401e-14,0.32259326452181164,9.40768017357379,1.9580470853692633,688,2.0,362,1378272,2,"{""compute_capability"":""9.0"",""driver"":""unavailable"",""memory_bytes"":102132088832,""name"":""NVIDIA H100""}","{""cuda"":""13.0"",""git_head"":""7db753be5b014476cd3ab0207173a55d6730fb14"",""jax"":""0.11.2"",""jaxlib"":""0.11.2"",""nvalchemi_toolkit_ops"":""0.5.0"",""python"":""3.12.3"",""source_sha256"":""0796a4ffc622cdc7ab846f2e8cf88b0b52fccae4dcfe32a3140b3bb9818aab8e"",""torch"":""2.14.0+cu130"",""warp"":""1.17.0""}","{""gpu_uuid"":""e8b1f776-3e7d-8391-c1b5-79a044e95420"",""host"":""s4124-0117""}","{""JAX_DISABLE_JIT"":""<unset>"",""JAX_DISABLE_JIT_ACTUAL"":""<not-imported>"",""JAX_ENABLE_X64"":""1"",""JAX_ENABLE_X64_ACTUAL"":""<not-imported>"",""JAX_PLATFORMS"":""<unset>"",""TF_GPU_ALLOCATOR"":""<unset>"",""XLA_FLAGS"":""<unset>"",""XLA_PYTHON_CLIENT_ALLOCATOR"":""<unset>"",""XLA_PYTHON_CLIENT_MEM_FRACTION"":""0.95"",""XLA_PYTHON_CLIENT_PREALLOCATE"":""<unset>""}","{""artifacts"":{""nh3_pdb_1024"":{""bytes"":83199,""sha256"":""cb99e65c2024c8b1a80a7ea1f4ff5b23ef76a5d153a2caeb4a0e3077b5239135"",""state"":""file""},""nh3_pdb_128"":{""bytes"":10623,""sha256"":""4b48182856ba92449fa52b61bf2f95c6ce28937a3cb3da6aec4f131a1216c760"",""state"":""file""},""nh3_pdb_131072"":{""bytes"":10617087,""sha256"":""d454eb5e6e9fe717e1c12c22e3fc749189deae022de05b0f6f83f9f4501bbb52"",""state"":""file""},""nh3_pdb_16384"":{""bytes"":1327359,""sha256"":""07f5683974f6bdad6798104cf7de5ddb670704f71b7e28715d957805124196b8"",""state"":""file""},""nh3_pdb_2048"":{""bytes"":166143,""sha256"":""7171f9c4d6bf3c819f96ddd11877441961f43096057863d0607070d97c5e5a16"",""state"":""file""},""nh3_pdb_256"":{""bytes"":20991,""sha256"":""870d35ef9d654b395f8eefcd897e002ff41b1327475879ff5b955080ecb91ee0"",""state"":""file""},""nh3_pdb_32768"":{""bytes"":2654463,""sha256"":""a193ff7fc7793ae1c9121af48f694b9cff6974a63e67029053ab9312f86cb9cc"",""state"":""file""},""nh3_pdb_4096"":{""bytes"":332031,""sha256"":""e6d9ba2e0f95a04ebbeb61682dcf615982860aaa336140fee7ba55698f68175c"",""state"":""file""},""nh3_pdb_512"":{""bytes"":41727,""sha256"":""76e8d0d71fd3d49a1d14bb1fcd0689b08241620df41c90a904be29c85a67934e"",""state"":""file""},""nh3_pdb_65536"":{""bytes"":5308671,""sha256"":""a80e717b9abb39221c121bf3137135662e1b3c727e705e8f01e651720acd6dcc"",""state"":""file""},""nh3_pdb_8192"":{""bytes"":663807,""sha256"":""b0664469d3a8e84f71fbd848f1f0ffaca2cee3f4fd2100ed10f398e7c19a27e6"",""state"":""file""}},""metadata"":{""benchmark"":""el""}}",da2e3992-31bf-4906-ae02-d3747f02a55a,,,,,,,,,,,,,,,,,,
nh3,batch_scaling,ewald,torch,256,32,8192,0.415453277528286,2407009.534139288,84.45263671875,0.16679954528808594,10,3,torch_cuda_events,warmup_excluded,True,,,0.0001,5,arithmetic_mean,1.01169336526713,"[0.0034264320373535153,0.0034027008056640626,0.0034046817779541014,0.003396323013305664,0.00338682861328125]",,,,,not_measured,not_measured,,nan,nan,665,energy_autograd,energy_forces_charge_gradients,True,True,False,0.09646306931972504,13.84500026702881,2.842170943040401e-14,0.32259326452181164,9.40768017357379,1.9580470853692633,688,2.0,362,2756544,2,"{""compute_capability"":""9.0"",""driver"":""unavailable"",""memory_bytes"":102132088832,""name"":""NVIDIA H100""}","{""cuda"":""13.0"",""git_head"":""7db753be5b014476cd3ab0207173a55d6730fb14"",""jax"":""0.11.2"",""jaxlib"":""0.11.2"",""nvalchemi_toolkit_ops"":""0.5.0"",""python"":""3.12.3"",""source_sha256"":""0796a4ffc622cdc7ab846f2e8cf88b0b52fccae4dcfe32a3140b3bb9818aab8e"",""torch"":""2.14.0+cu130"",""warp"":""1.17.0""}","{""gpu_uuid"":""e8b1f776-3e7d-8391-c1b5-79a044e95420"",""host"":""s4124-0117""}","{""JAX_DISABLE_JIT"":""<unset>"",""JAX_DISABLE_JIT_ACTUAL"":""<not-imported>"",""JAX_ENABLE_X64"":""1"",""JAX_ENABLE_X64_ACTUAL"":""<not-imported>"",""JAX_PLATFORMS"":""<unset>"",""TF_GPU_ALLOCATOR"":""<unset>"",""XLA_FLAGS"":""<unset>"",""XLA_PYTHON_CLIENT_ALLOCATOR"":""<unset>"",""XLA_PYTHON_CLIENT_MEM_FRACTION"":""0.95"",""XLA_PYTHON_CLIENT_PREALLOCATE"":""<unset>""}","{""artifacts"":{""nh3_pdb_1024"":{""bytes"":83199,""sha256"":""cb99e65c2024c8b1a80a7ea1f4ff5b23ef76a5d153a2caeb4a0e3077b5239135"",""state"":""file""},""nh3_pdb_128"":{""bytes"":10623,""sha256"":""4b48182856ba92449fa52b61bf2f95c6ce28937a3cb3da6aec4f131a1216c760"",""state"":""file""},""nh3_pdb_131072"":{""bytes"":10617087,""sha256"":""d454eb5e6e9fe717e1c12c22e3fc749189deae022de05b0f6f83f9f4501bbb52"",""state"":""file""},""nh3_pdb_16384"":{""bytes"":1327359,""sha256"":""07f5683974f6bdad6798104cf7de5ddb670704f71b7e28715d957805124196b8"",""state"":""file""},""nh3_pdb_2048"":{""bytes"":166143,""sha256"":""7171f9c4d6bf3c819f96ddd11877441961f43096057863d0607070d97c5e5a16"",""state"":""file""},""nh3_pdb_256"":{""bytes"":20991,""sha256"":""870d35ef9d654b395f8eefcd897e002ff41b1327475879ff5b955080ecb91ee0"",""state"":""file""},""nh3_pdb_32768"":{""bytes"":2654463,""sha256"":""a193ff7fc7793ae1c9121af48f694b9cff6974a63e67029053ab9312f86cb9cc"",""state"":""file""},""nh3_pdb_4096"":{""bytes"":332031,""sha256"":""e6d9ba2e0f95a04ebbeb61682dcf615982860aaa336140fee7ba55698f68175c"",""state"":""file""},""nh3_pdb_512"":{""bytes"":41727,""sha256"":""76e8d0d71fd3d49a1d14bb1fcd0689b08241620df41c90a904be29c85a67934e"",""state"":""file""},""nh3_pdb_65536"":{""bytes"":5308671,""sha256"":""a80e717b9abb39221c121bf3137135662e1b3c727e705e8f01e651720acd6dcc"",""state"":""file""},""nh3_pdb_8192"":{""bytes"":663807,""sha256"":""b0664469d3a8e84f71fbd848f1f0ffaca2cee3f4fd2100ed10f398e7c19a27e6"",""state"":""file""}},""metadata"":{""benchmark"":""el""}}",da2e3992-31bf-4906-ae02-d3747f02a55a,,,,,,,,,,,,,,,,,,
nh3,batch_scaling,ewald,torch,256,64,16384,0.20994406193494797,4763173.536719767,168.90185546875,0.30044984817504883,10,3,torch_cuda_events,warmup_excluded,True,,,0.0001,5,arithmetic_mean,1.022765173459551,"[0.0034383102416992188,0.0034932094573974608,0.0034291553497314458,0.00342248649597168,0.003415456008911133]",,,,,not_measured,not_measured,,nan,nan,665,energy_autograd,energy_forces_charge_gradients,True,True,False,0.09646306931972504,13.84500026702881,2.842170943040401e-14,0.32259326452181164,9.40768017357379,1.9580470853692633,688,2.0,362,5513088,2,"{""compute_capability"":""9.0"",""driver"":""unavailable"",""memory_bytes"":102132088832,""name"":""NVIDIA H100""}","{""cuda"":""13.0"",""git_head"":""7db753be5b014476cd3ab0207173a55d6730fb14"",""jax"":""0.11.2"",""jaxlib"":""0.11.2"",""nvalchemi_toolkit_ops"":""0.5.0"",""python"":""3.12.3"",""source_sha256"":""0796a4ffc622cdc7ab846f2e8cf88b0b52fccae4dcfe32a3140b3bb9818aab8e"",""torch"":""2.14.0+cu130"",""warp"":""1.17.0""}","{""gpu_uuid"":""e8b1f776-3e7d-8391-c1b5-79a044e95420"",""host"":""s4124-0117""}","{""JAX_DISABLE_JIT"":""<unset>"",""JAX_DISABLE_JIT_ACTUAL"":""<not-imported>"",""JAX_ENABLE_X64"":""1"",""JAX_ENABLE_X64_ACTUAL"":""<not-imported>"",""JAX_PLATFORMS"":""<unset>"",""TF_GPU_ALLOCATOR"":""<unset>"",""XLA_FLAGS"":""<unset>"",""XLA_PYTHON_CLIENT_ALLOCATOR"":""<unset>"",""XLA_PYTHON_CLIENT_MEM_FRACTION"":""0.95"",""XLA_PYTHON_CLIENT_PREALLOCATE"":""<unset>""}","{""artifacts"":{""nh3_pdb_1024"":{""bytes"":83199,""sha256"":""cb99e65c2024c8b1a80a7ea1f4ff5b23ef76a5d153a2caeb4a0e3077b5239135"",""state"":""file""},""nh3_pdb_128"":{""bytes"":10623,""sha256"":""4b48182856ba92449fa52b61bf2f95c6ce28937a3cb3da6aec4f131a1216c760"",""state"":""file""},""nh3_pdb_131072"":{""bytes"":10617087,""sha256"":""d454eb5e6e9fe717e1c12c22e3fc749189deae022de05b0f6f83f9f4501bbb52"",""state"":""file""},""nh3_pdb_16384"":{""bytes"":1327359,""sha256"":""07f5683974f6bdad6798104cf7de5ddb670704f71b7e28715d957805124196b8"",""state"":""file""},""nh3_pdb_2048"":{""bytes"":166143,""sha256"":""7171f9c4d6bf3c819f96ddd11877441961f43096057863d0607070d97c5e5a16"",""state"":""file""},""nh3_pdb_256"":{""bytes"":20991,""sha256"":""870d35ef9d654b395f8eefcd897e002ff41b1327475879ff5b955080ecb91ee0"",""state"":""file""},""nh3_pdb_32768"":{""bytes"":2654463,""sha256"":""a193ff7fc7793ae1c9121af48f694b9cff6974a63e67029053ab9312f86cb9cc"",""state"":""file""},""nh3_pdb_4096"":{""bytes"":332031,""sha256"":""e6d9ba2e0f95a04ebbeb61682dcf615982860aaa336140fee7ba55698f68175c"",""state"":""file""},""nh3_pdb_512"":{""bytes"":41727,""sha256"":""76e8d0d71fd3d49a1d14bb1fcd0689b08241620df41c90a904be29c85a67934e"",""state"":""file""},""nh3_pdb_65536"":{""bytes"":5308671,""sha256"":""a80e717b9abb39221c121bf3137135662e1b3c727e705e8f01e651720acd6dcc"",""state"":""file""},""nh3_pdb_8192"":{""bytes"":663807,""sha256"":""b0664469d3a8e84f71fbd848f1f0ffaca2cee3f4fd2100ed10f398e7c19a27e6"",""state"":""file""}},""metadata"":{""benchmark"":""el""}}",da2e3992-31bf-4906-ae02-d3747f02a55a,,,,,,,,,,,,,,,,,,
nh3,batch_scaling,ewald,torch,256,128,32768,0.10430062655359508,9587670.113238946,337.8017578125,0.5696468353271484,10,3,torch_cuda_events,warmup_excluded,True,,,0.0001,5,arithmetic_mean,1.0093775529841047,"[0.003410851287841797,0.003403532791137695,0.003434272003173828,0.003435449600219727,0.003404508972167969]",,,,,not_measured,not_measured,,nan,nan,665,energy_autograd,energy_forces_charge_gradients,True,True,False,0.09646306931972504,13.84500026702881,2.842170943040401e-14,0.32259326452181164,9.40768017357379,1.9580470853692633,688,2.0,362,11026176,2,"{""compute_capability"":""9.0"",""driver"":""unavailable"",""memory_bytes"":102132088832,""name"":""NVIDIA H100""}","{""cuda"":""13.0"",""git_head"":""7db753be5b014476cd3ab0207173a55d6730fb14"",""jax"":""0.11.2"",""jaxlib"":""0.11.2"",""nvalchemi_toolkit_ops"":""0.5.0"",""python"":""3.12.3"",""source_sha256"":""0796a4ffc622cdc7ab846f2e8cf88b0b52fccae4dcfe32a3140b3bb9818aab8e"",""torch"":""2.14.0+cu130"",""warp"":""1.17.0""}","{""gpu_uuid"":""e8b1f776-3e7d-8391-c1b5-79a044e95420"",""host"":""s4124-0117""}","{""JAX_DISABLE_JIT"":""<unset>"",""JAX_DISABLE_JIT_ACTUAL"":""<not-imported>"",""JAX_ENABLE_X64"":""1"",""JAX_ENABLE_X64_ACTUAL"":""<not-imported>"",""JAX_PLATFORMS"":""<unset>"",""TF_GPU_ALLOCATOR"":""<unset>"",""XLA_FLAGS"":""<unset>"",""XLA_PYTHON_CLIENT_ALLOCATOR"":""<unset>"",""XLA_PYTHON_CLIENT_MEM_FRACTION"":""0.95"",""XLA_PYTHON_CLIENT_PREALLOCATE"":""<unset>""}","{""artifacts"":{""nh3_pdb_1024"":{""bytes"":83199,""sha256"":""cb99e65c2024c8b1a80a7ea1f4ff5b23ef76a5d153a2caeb4a0e3077b5239135"",""state"":""file""},""nh3_pdb_128"":{""bytes"":10623,""sha256"":""4b48182856ba92449fa52b61bf2f95c6ce28937a3cb3da6aec4f131a1216c760"",""state"":""file""},""nh3_pdb_131072"":{""bytes"":10617087,""sha256"":""d454eb5e6e9fe717e1c12c22e3fc749189deae022de05b0f6f83f9f4501bbb52"",""state"":""file""},""nh3_pdb_16384"":{""bytes"":1327359,""sha256"":""07f5683974f6bdad6798104cf7de5ddb670704f71b7e28715d957805124196b8"",""state"":""file""},""nh3_pdb_2048"":{""bytes"":166143,""sha256"":""7171f9c4d6bf3c819f96ddd11877441961f43096057863d0607070d97c5e5a16"",""state"":""file""},""nh3_pdb_256"":{""bytes"":20991,""sha256"":""870d35ef9d654b395f8eefcd897e002ff41b1327475879ff5b955080ecb91ee0"",""state"":""file""},""nh3_pdb_32768"":{""bytes"":2654463,""sha256"":""a193ff7fc7793ae1c9121af48f694b9cff6974a63e67029053ab9312f86cb9cc"",""state"":""file""},""nh3_pdb_4096"":{""bytes"":332031,""sha256"":""e6d9ba2e0f95a04ebbeb61682dcf615982860aaa336140fee7ba55698f68175c"",""state"":""file""},""nh3_pdb_512"":{""bytes"":41727,""sha256"":""76e8d0d71fd3d49a1d14bb1fcd0689b08241620df41c90a904be29c85a67934e"",""state"":""file""},""nh3_pdb_65536"":{""bytes"":5308671,""sha256"":""a80e717b9abb39221c121bf3137135662e1b3c727e705e8f01e651720acd6dcc"",""state"":""file""},""nh3_pdb_8192"":{""bytes"":663807,""sha256"":""b0664469d3a8e84f71fbd848f1f0ffaca2cee3f4fd2100ed10f398e7c19a27e6"",""state"":""file""}},""metadata"":{""benchmark"":""el""}}",da2e3992-31bf-4906-ae02-d3747f02a55a,,,,,,,,,,,,,,,,,,
nh3,batch_scaling,ewald,torch,256,256,65536,0.06997006945312023,14291825.17347646,675.857421875,1.1082911491394043,10,3,torch_cuda_events,warmup_excluded,True,,,0.0001,5,arithmetic_mean,1.0085942979366085,"[0.004588143920898438,0.004567136001586914,0.004595113754272461,0.004606387329101563,0.004571011352539062]",,,,,not_measured,not_measured,,nan,nan,665,energy_autograd,energy_forces_charge_gradients,True,True,False,0.09646306931972504,13.84500026702881,2.842170943040401e-14,0.32259326452181164,9.40768017357379,1.9580470853692633,688,2.0,362,22052352,2,"{""compute_capability"":""9.0"",""driver"":""unavailable"",""memory_bytes"":102132088832,""name"":""NVIDIA H100""}","{""cuda"":""13.0"",""git_head"":""7db753be5b014476cd3ab0207173a55d6730fb14"",""jax"":""0.11.2"",""jaxlib"":""0.11.2"",""nvalchemi_toolkit_ops"":""0.5.0"",""python"":""3.12.3"",""source_sha256"":""0796a4ffc622cdc7ab846f2e8cf88b0b52fccae4dcfe32a3140b3bb9818aab8e"",""torch"":""2.14.0+cu130"",""warp"":""1.17.0""}","{""gpu_uuid"":""e8b1f776-3e7d-8391-c1b5-79a044e95420"",""host"":""s4124-0117""}","{""JAX_DISABLE_JIT"":""<unset>"",""JAX_DISABLE_JIT_ACTUAL"":""<not-imported>"",""JAX_ENABLE_X64"":""1"",""JAX_ENABLE_X64_ACTUAL"":""<not-imported>"",""JAX_PLATFORMS"":""<unset>"",""TF_GPU_ALLOCATOR"":""<unset>"",""XLA_FLAGS"":""<unset>"",""XLA_PYTHON_CLIENT_ALLOCATOR"":""<unset>"",""XLA_PYTHON_CLIENT_MEM_FRACTION"":""0.95"",""XLA_PYTHON_CLIENT_PREALLOCATE"":""<unset>""}","{""artifacts"":{""nh3_pdb_1024"":{""bytes"":83199,""sha256"":""cb99e65c2024c8b1a80a7ea1f4ff5b23ef76a5d153a2caeb4a0e3077b5239135"",""state"":""file""},""nh3_pdb_128"":{""bytes"":10623,""sha256"":""4b48182856ba92449fa52b61bf2f95c6ce28937a3cb3da6aec4f131a1216c760"",""state"":""file""},""nh3_pdb_131072"":{""bytes"":10617087,""sha256"":""d454eb5e6e9fe717e1c12c22e3fc749189deae022de05b0f6f83f9f4501bbb52"",""state"":""file""},""nh3_pdb_16384"":{""bytes"":1327359,""sha256"":""07f5683974f6bdad6798104cf7de5ddb670704f71b7e28715d957805124196b8"",""state"":""file""},""nh3_pdb_2048"":{""bytes"":166143,""sha256"":""7171f9c4d6bf3c819f96ddd11877441961f43096057863d0607070d97c5e5a16"",""state"":""file""},""nh3_pdb_256"":{""bytes"":20991,""sha256"":""870d35ef9d654b395f8eefcd897e002ff41b1327475879ff5b955080ecb91ee0"",""state"":""file""},""nh3_pdb_32768"":{""bytes"":2654463,""sha256"":""a193ff7fc7793ae1c9121af48f694b9cff6974a63e67029053ab9312f86cb9cc"",""state"":""file""},""nh3_pdb_4096"":{""bytes"":332031,""sha256"":""e6d9ba2e0f95a04ebbeb61682dcf615982860aaa336140fee7ba55698f68175c"",""state"":""file""},""nh3_pdb_512"":{""bytes"":41727,""sha256"":""76e8d0d71fd3d49a1d14bb1fcd0689b08241620df41c90a904be29c85a67934e"",""state"":""file""},""nh3_pdb_65536"":{""bytes"":5308671,""sha256"":""a80e717b9abb39221c121bf3137135662e1b3c727e705e8f01e651720acd6dcc"",""state"":""file""},""nh3_pdb_8192"":{""bytes"":663807,""sha256"":""b0664469d3a8e84f71fbd848f1f0ffaca2cee3f4fd2100ed10f398e7c19a27e6"",""state"":""file""}},""metadata"":{""benchmark"":""el""}}",da2e3992-31bf-4906-ae02-d3747f02a55a,,,,,,,,,,,,,,,,,,
nh3,batch_scaling,ewald,torch,256,512,131072,0.06443356978707016,15519860.273218472,1352.01171875,2.1856212615966797,10,3,torch_cuda_events,warmup_excluded,True,,,0.0001,5,arithmetic_mean,1.0042499197462569,"[0.008443558502197265,0.008432345581054688,0.008447132873535155,0.008435964965820313,0.008468182373046874]",,,,,not_measured,not_measured,,nan,nan,665,energy_autograd,energy_forces_charge_gradients,True,True,False,0.09646306931972504,13.84500026702881,2.842170943040401e-14,0.32259326452181164,9.40768017357379,1.9580470853692633,688,2.0,362,44104704,2,"{""compute_capability"":""9.0"",""driver"":""unavailable"",""memory_bytes"":102132088832,""name"":""NVIDIA H100""}","{""cuda"":""13.0"",""git_head"":""7db753be5b014476cd3ab0207173a55d6730fb14"",""jax"":""0.11.2"",""jaxlib"":""0.11.2"",""nvalchemi_toolkit_ops"":""0.5.0"",""python"":""3.12.3"",""source_sha256"":""0796a4ffc622cdc7ab846f2e8cf88b0b52fccae4dcfe32a3140b3bb9818aab8e"",""torch"":""2.14.0+cu130"",""warp"":""1.17.0""}","{""gpu_uuid"":""e8b1f776-3e7d-8391-c1b5-79a044e95420"",""host"":""s4124-0117""}","{""JAX_DISABLE_JIT"":""<unset>"",""JAX_DISABLE_JIT_ACTUAL"":""<not-imported>"",""JAX_ENABLE_X64"":""1"",""JAX_ENABLE_X64_ACTUAL"":""<not-imported>"",""JAX_PLATFORMS"":""<unset>"",""TF_GPU_ALLOCATOR"":""<unset>"",""XLA_FLAGS"":""<unset>"",""XLA_PYTHON_CLIENT_ALLOCATOR"":""<unset>"",""XLA_PYTHON_CLIENT_MEM_FRACTION"":""0.95"",""XLA_PYTHON_CLIENT_PREALLOCATE"":""<unset>""}","{""artifacts"":{""nh3_pdb_1024"":{""bytes"":83199,""sha256"":""cb99e65c2024c8b1a80a7ea1f4ff5b23ef76a5d153a2caeb4a0e3077b5239135"",""state"":""file""},""nh3_pdb_128"":{""bytes"":10623,""sha256"":""4b48182856ba92449fa52b61bf2f95c6ce28937a3cb3da6aec4f131a1216c760"",""state"":""file""},""nh3_pdb_131072"":{""bytes"":10617087,""sha256"":""d454eb5e6e9fe717e1c12c22e3fc749189deae022de05b0f6f83f9f4501bbb52"",""state"":""file""},""nh3_pdb_16384"":{""bytes"":1327359,""sha256"":""07f5683974f6bdad6798104cf7de5ddb670704f71b7e28715d957805124196b8"",""state"":""file""},""nh3_pdb_2048"":{""bytes"":166143,""sha256"":""7171f9c4d6bf3c819f96ddd11877441961f43096057863d0607070d97c5e5a16"",""state"":""file""},""nh3_pdb_256"":{""bytes"":20991,""sha256"":""870d35ef9d654b395f8eefcd897e002ff41b1327475879ff5b955080ecb91ee0"",""state"":""file""},""nh3_pdb_32768"":{""bytes"":2654463,""sha256"":""a193ff7fc7793ae1c9121af48f694b9cff6974a63e67029053ab9312f86cb9cc"",""state"":""file""},""nh3_pdb_4096"":{""bytes"":332031,""sha256"":""e6d9ba2e0f95a04ebbeb61682dcf615982860aaa336140fee7ba55698f68175c"",""state"":""file""},""nh3_pdb_512"":{""bytes"":41727,""sha256"":""76e8d0d71fd3d49a1d14bb1fcd0689b08241620df41c90a904be29c85a67934e"",""state"":""file""},""nh3_pdb_65536"":{""bytes"":5308671,""sha256"":""a80e717b9abb39221c121bf3137135662e1b3c727e705e8f01e651720acd6dcc"",""state"":""file""},""nh3_pdb_8192"":{""bytes"":663807,""sha256"":""b0664469d3a8e84f71fbd848f1f0ffaca2cee3f4fd2100ed10f398e7c19a27e6"",""state"":""file""}},""metadata"":{""benchmark"":""el""}}",da2e3992-31bf-4906-ae02-d3747f02a55a,,,,,,,,,,,,,,,,,,
nh3,batch_scaling,ewald,torch,8192,1,8192,0.5933262407779694,1685413.4054290266,308.04052734375,0.6242637634277344,10,3,torch_cuda_events,warmup_excluded,True,,,0.0001,5,arithmetic_mean,1.0008451730590584,"[0.004861251068115234,0.004857891082763672,0.004861996841430664,0.004861308670043946,0.004860195159912109]",,,,,not_measured,not_measured,,nan,nan,2456,energy_autograd,energy_forces_charge_gradients,True,True,False,0.09645736962556839,43.95600128173828,9.094947017729282e-13,0.18104578414850428,16.762910404370025,1.0988951381109908,3808,2.0,2132,15626786,2,"{""compute_capability"":""9.0"",""driver"":""unavailable"",""memory_bytes"":102132088832,""name"":""NVIDIA H100""}","{""cuda"":""13.0"",""git_head"":""7db753be5b014476cd3ab0207173a55d6730fb14"",""jax"":""0.11.2"",""jaxlib"":""0.11.2"",""nvalchemi_toolkit_ops"":""0.5.0"",""python"":""3.12.3"",""source_sha256"":""0796a4ffc622cdc7ab846f2e8cf88b0b52fccae4dcfe32a3140b3bb9818aab8e"",""torch"":""2.14.0+cu130"",""warp"":""1.17.0""}","{""gpu_uuid"":""e8b1f776-3e7d-8391-c1b5-79a044e95420"",""host"":""s4124-0117""}","{""JAX_DISABLE_JIT"":""<unset>"",""JAX_DISABLE_JIT_ACTUAL"":""<not-imported>"",""JAX_ENABLE_X64"":""1"",""JAX_ENABLE_X64_ACTUAL"":""<not-imported>"",""JAX_PLATFORMS"":""<unset>"",""TF_GPU_ALLOCATOR"":""<unset>"",""XLA_FLAGS"":""<unset>"",""XLA_PYTHON_CLIENT_ALLOCATOR"":""<unset>"",""XLA_PYTHON_CLIENT_MEM_FRACTION"":""0.95"",""XLA_PYTHON_CLIENT_PREALLOCATE"":""<unset>""}","{""artifacts"":{""nh3_pdb_1024"":{""bytes"":83199,""sha256"":""cb99e65c2024c8b1a80a7ea1f4ff5b23ef76a5d153a2caeb4a0e3077b5239135"",""state"":""file""},""nh3_pdb_128"":{""bytes"":10623,""sha256"":""4b48182856ba92449fa52b61bf2f95c6ce28937a3cb3da6aec4f131a1216c760"",""state"":""file""},""nh3_pdb_131072"":{""bytes"":10617087,""sha256"":""d454eb5e6e9fe717e1c12c22e3fc749189deae022de05b0f6f83f9f4501bbb52"",""state"":""file""},""nh3_pdb_16384"":{""bytes"":1327359,""sha256"":""07f5683974f6bdad6798104cf7de5ddb670704f71b7e28715d957805124196b8"",""state"":""file""},""nh3_pdb_2048"":{""bytes"":166143,""sha256"":""7171f9c4d6bf3c819f96ddd11877441961f43096057863d0607070d97c5e5a16"",""state"":""file""},""nh3_pdb_256"":{""bytes"":20991,""sha256"":""870d35ef9d654b395f8eefcd897e002ff41b1327475879ff5b955080ecb91ee0"",""state"":""file""},""nh3_pdb_32768"":{""bytes"":2654463,""sha256"":""a193ff7fc7793ae1c9121af48f694b9cff6974a63e67029053ab9312f86cb9cc"",""state"":""file""},""nh3_pdb_4096"":{""bytes"":332031,""sha256"":""e6d9ba2e0f95a04ebbeb61682dcf615982860aaa336140fee7ba55698f68175c"",""state"":""file""},""nh3_pdb_512"":{""bytes"":41727,""sha256"":""76e8d0d71fd3d49a1d14bb1fcd0689b08241620df41c90a904be29c85a67934e"",""state"":""file""},""nh3_pdb_65536"":{""bytes"":5308671,""sha256"":""a80e717b9abb39221c121bf3137135662e1b3c727e705e8f01e651720acd6dcc"",""state"":""file""},""nh3_pdb_8192"":{""bytes"":663807,""sha256"":""b0664469d3a8e84f71fbd848f1f0ffaca2cee3f4fd2100ed10f398e7c19a27e6"",""state"":""file""}},""metadata"":{""benchmark"":""el""}}",da2e3992-31bf-4906-ae02-d3747f02a55a,,,,,,,,,,,,,,,,,,
nh3,batch_scaling,ewald,torch,8192,2,16384,0.32174042891710997,3108095.5643831445,616.07763671875,1.215754508972168,10,3,torch_cuda_events,warmup_excluded,True,,,0.0001,5,arithmetic_mean,1.0010744728663923,"[0.005268284988403321,0.005272038269042969,0.005272316741943359,0.005270390319824219,0.0052739456176757816]",,,,,not_measured,not_measured,,nan,nan,2456,energy_autograd,energy_forces_charge_gradients,True,True,False,0.09645736962556839,43.95600128173828,9.094947017729282e-13,0.18104578414850428,16.762910404370025,1.0988951381109908,3808,2.0,2132,31253572,2,"{""compute_capability"":""9.0"",""driver"":""unavailable"",""memory_bytes"":102132088832,""name"":""NVIDIA H100""}","{""cuda"":""13.0"",""git_head"":""7db753be5b014476cd3ab0207173a55d6730fb14"",""jax"":""0.11.2"",""jaxlib"":""0.11.2"",""nvalchemi_toolkit_ops"":""0.5.0"",""python"":""3.12.3"",""source_sha256"":""0796a4ffc622cdc7ab846f2e8cf88b0b52fccae4dcfe32a3140b3bb9818aab8e"",""torch"":""2.14.0+cu130"",""warp"":""1.17.0""}","{""gpu_uuid"":""e8b1f776-3e7d-8391-c1b5-79a044e95420"",""host"":""s4124-0117""}","{""JAX_DISABLE_JIT"":""<unset>"",""JAX_DISABLE_JIT_ACTUAL"":""<not-imported>"",""JAX_ENABLE_X64"":""1"",""JAX_ENABLE_X64_ACTUAL"":""<not-imported>"",""JAX_PLATFORMS"":""<unset>"",""TF_GPU_ALLOCATOR"":""<unset>"",""XLA_FLAGS"":""<unset>"",""XLA_PYTHON_CLIENT_ALLOCATOR"":""<unset>"",""XLA_PYTHON_CLIENT_MEM_FRACTION"":""0.95"",""XLA_PYTHON_CLIENT_PREALLOCATE"":""<unset>""}","{""artifacts"":{""nh3_pdb_1024"":{""bytes"":83199,""sha256"":""cb99e65c2024c8b1a80a7ea1f4ff5b23ef76a5d153a2caeb4a0e3077b5239135"",""state"":""file""},""nh3_pdb_128"":{""bytes"":10623,""sha256"":""4b48182856ba92449fa52b61bf2f95c6ce28937a3cb3da6aec4f131a1216c760"",""state"":""file""},""nh3_pdb_131072"":{""bytes"":10617087,""sha256"":""d454eb5e6e9fe717e1c12c22e3fc749189deae022de05b0f6f83f9f4501bbb52"",""state"":""file""},""nh3_pdb_16384"":{""bytes"":1327359,""sha256"":""07f5683974f6bdad6798104cf7de5ddb670704f71b7e28715d957805124196b8"",""state"":""file""},""nh3_pdb_2048"":{""bytes"":166143,""sha256"":""7171f9c4d6bf3c819f96ddd11877441961f43096057863d0607070d97c5e5a16"",""state"":""file""},""nh3_pdb_256"":{""bytes"":20991,""sha256"":""870d35ef9d654b395f8eefcd897e002ff41b1327475879ff5b955080ecb91ee0"",""state"":""file""},""nh3_pdb_32768"":{""bytes"":2654463,""sha256"":""a193ff7fc7793ae1c9121af48f694b9cff6974a63e67029053ab9312f86cb9cc"",""state"":""file""},""nh3_pdb_4096"":{""bytes"":332031,""sha256"":""e6d9ba2e0f95a04ebbeb61682dcf615982860aaa336140fee7ba55698f68175c"",""state"":""file""},""nh3_pdb_512"":{""bytes"":41727,""sha256"":""76e8d0d71fd3d49a1d14bb1fcd0689b08241620df41c90a904be29c85a67934e"",""state"":""file""},""nh3_pdb_65536"":{""bytes"":5308671,""sha256"":""a80e717b9abb39221c121bf3137135662e1b3c727e705e8f01e651720acd6dcc"",""state"":""file""},""nh3_pdb_8192"":{""bytes"":663807,""sha256"":""b0664469d3a8e84f71fbd848f1f0ffaca2cee3f4fd2100ed10f398e7c19a27e6"",""state"":""file""}},""metadata"":{""benchmark"":""el""}}",da2e3992-31bf-4906-ae02-d3747f02a55a,,,,,,,,,,,,,,,,,,
nh3,batch_scaling,ewald,torch,8192,4,32768,0.20590165629982948,4856687.498151165,1232.15283203125,2.4002537727355957,10,3,torch_cuda_events,warmup_excluded,True,,,0.0001,5,arithmetic_mean,1.0064911415903743,"[0.006720326232910157,0.006754370880126953,0.00673729248046875,0.006758988952636718,0.006763948822021484]",,,,,not_measured,not_measured,,nan,nan,2456,energy_autograd,energy_forces_charge_gradients,True,True,False,0.09645736962556839,43.95600128173828,9.094947017729282e-13,0.18104578414850428,16.762910404370025,1.0988951381109908,3808,2.0,2132,62507144,2,"{""compute_capability"":""9.0"",""driver"":""unavailable"",""memory_bytes"":102132088832,""name"":""NVIDIA H100""}","{""cuda"":""13.0"",""git_head"":""7db753be5b014476cd3ab0207173a55d6730fb14"",""jax"":""0.11.2"",""jaxlib"":""0.11.2"",""nvalchemi_toolkit_ops"":""0.5.0"",""python"":""3.12.3"",""source_sha256"":""0796a4ffc622cdc7ab846f2e8cf88b0b52fccae4dcfe32a3140b3bb9818aab8e"",""torch"":""2.14.0+cu130"",""warp"":""1.17.0""}","{""gpu_uuid"":""e8b1f776-3e7d-8391-c1b5-79a044e95420"",""host"":""s4124-0117""}","{""JAX_DISABLE_JIT"":""<unset>"",""JAX_DISABLE_JIT_ACTUAL"":""<not-imported>"",""JAX_ENABLE_X64"":""1"",""JAX_ENABLE_X64_ACTUAL"":""<not-imported>"",""JAX_PLATFORMS"":""<unset>"",""TF_GPU_ALLOCATOR"":""<unset>"",""XLA_FLAGS"":""<unset>"",""XLA_PYTHON_CLIENT_ALLOCATOR"":""<unset>"",""XLA_PYTHON_CLIENT_MEM_FRACTION"":""0.95"",""XLA_PYTHON_CLIENT_PREALLOCATE"":""<unset>""}","{""artifacts"":{""nh3_pdb_1024"":{""bytes"":83199,""sha256"":""cb99e65c2024c8b1a80a7ea1f4ff5b23ef76a5d153a2caeb4a0e3077b5239135"",""state"":""file""},""nh3_pdb_128"":{""bytes"":10623,""sha256"":""4b48182856ba92449fa52b61bf2f95c6ce28937a3cb3da6aec4f131a1216c760"",""state"":""file""},""nh3_pdb_131072"":{""bytes"":10617087,""sha256"":""d454eb5e6e9fe717e1c12c22e3fc749189deae022de05b0f6f83f9f4501bbb52"",""state"":""file""},""nh3_pdb_16384"":{""bytes"":1327359,""sha256"":""07f5683974f6bdad6798104cf7de5ddb670704f71b7e28715d957805124196b8"",""state"":""file""},""nh3_pdb_2048"":{""bytes"":166143,""sha256"":""7171f9c4d6bf3c819f96ddd11877441961f43096057863d0607070d97c5e5a16"",""state"":""file""},""nh3_pdb_256"":{""bytes"":20991,""sha256"":""870d35ef9d654b395f8eefcd897e002ff41b1327475879ff5b955080ecb91ee0"",""state"":""file""},""nh3_pdb_32768"":{""bytes"":2654463,""sha256"":""a193ff7fc7793ae1c9121af48f694b9cff6974a63e67029053ab9312f86cb9cc"",""state"":""file""},""nh3_pdb_4096"":{""bytes"":332031,""sha256"":""e6d9ba2e0f95a04ebbeb61682dcf615982860aaa336140fee7ba55698f68175c"",""state"":""file""},""nh3_pdb_512"":{""bytes"":41727,""sha256"":""76e8d0d71fd3d49a1d14bb1fcd0689b08241620df41c90a904be29c85a67934e"",""state"":""file""},""nh3_pdb_65536"":{""bytes"":5308671,""sha256"":""a80e717b9abb39221c121bf3137135662e1b3c727e705e8f01e651720acd6dcc"",""state"":""file""},""nh3_pdb_8192"":{""bytes"":663807,""sha256"":""b0664469d3a8e84f71fbd848f1f0ffaca2cee3f4fd2100ed10f398e7c19a27e6"",""state"":""file""}},""metadata"":{""benchmark"":""el""}}",da2e3992-31bf-4906-ae02-d3747f02a55a,,,,,,,,,,,,,,,,,,
nh3,batch_scaling,ewald,torch,8192,8,65536,0.1852716668508947,5397479.371763804,2464.30224609375,4.769462585449219,10,3,torch_cuda_events,warmup_excluded,True,,,0.0001,5,arithmetic_mean,1.004056356976035,"[0.012118121337890624,0.012144044494628905,0.012143798065185547,0.012136579132080078,0.012167276763916015]",,,,,not_measured,not_measured,,nan,nan,2456,energy_autograd,energy_forces_charge_gradients,True,True,False,0.09645736962556839,43.95600128173828,9.094947017729282e-13,0.18104578414850428,16.762910404370025,1.0988951381109908,3808,2.0,2132,125014288,2,"{""compute_capability"":""9.0"",""driver"":""unavailable"",""memory_bytes"":102132088832,""name"":""NVIDIA H100""}","{""cuda"":""13.0"",""git_head"":""7db753be5b014476cd3ab0207173a55d6730fb14"",""jax"":""0.11.2"",""jaxlib"":""0.11.2"",""nvalchemi_toolkit_ops"":""0.5.0"",""python"":""3.12.3"",""source_sha256"":""0796a4ffc622cdc7ab846f2e8cf88b0b52fccae4dcfe32a3140b3bb9818aab8e"",""torch"":""2.14.0+cu130"",""warp"":""1.17.0""}","{""gpu_uuid"":""e8b1f776-3e7d-8391-c1b5-79a044e95420"",""host"":""s4124-0117""}","{""JAX_DISABLE_JIT"":""<unset>"",""JAX_DISABLE_JIT_ACTUAL"":""<not-imported>"",""JAX_ENABLE_X64"":""1"",""JAX_ENABLE_X64_ACTUAL"":""<not-imported>"",""JAX_PLATFORMS"":""<unset>"",""TF_GPU_ALLOCATOR"":""<unset>"",""XLA_FLAGS"":""<unset>"",""XLA_PYTHON_CLIENT_ALLOCATOR"":""<unset>"",""XLA_PYTHON_CLIENT_MEM_FRACTION"":""0.95"",""XLA_PYTHON_CLIENT_PREALLOCATE"":""<unset>""}","{""artifacts"":{""nh3_pdb_1024"":{""bytes"":83199,""sha256"":""cb99e65c2024c8b1a80a7ea1f4ff5b23ef76a5d153a2caeb4a0e3077b5239135"",""state"":""file""},""nh3_pdb_128"":{""bytes"":10623,""sha256"":""4b48182856ba92449fa52b61bf2f95c6ce28937a3cb3da6aec4f131a1216c760"",""state"":""file""},""nh3_pdb_131072"":{""bytes"":10617087,""sha256"":""d454eb5e6e9fe717e1c12c22e3fc749189deae022de05b0f6f83f9f4501bbb52"",""state"":""file""},""nh3_pdb_16384"":{""bytes"":1327359,""sha256"":""07f5683974f6bdad6798104cf7de5ddb670704f71b7e28715d957805124196b8"",""state"":""file""},""nh3_pdb_2048"":{""bytes"":166143,""sha256"":""7171f9c4d6bf3c819f96ddd11877441961f43096057863d0607070d97c5e5a16"",""state"":""file""},""nh3_pdb_256"":{""bytes"":20991,""sha256"":""870d35ef9d654b395f8eefcd897e002ff41b1327475879ff5b955080ecb91ee0"",""state"":""file""},""nh3_pdb_32768"":{""bytes"":2654463,""sha256"":""a193ff7fc7793ae1c9121af48f694b9cff6974a63e67029053ab9312f86cb9cc"",""state"":""file""},""nh3_pdb_4096"":{""bytes"":332031,""sha256"":""e6d9ba2e0f95a04ebbeb61682dcf615982860aaa336140fee7ba55698f68175c"",""state"":""file""},""nh3_pdb_512"":{""bytes"":41727,""sha256"":""76e8d0d71fd3d49a1d14bb1fcd0689b08241620df41c90a904be29c85a67934e"",""state"":""file""},""nh3_pdb_65536"":{""bytes"":5308671,""sha256"":""a80e717b9abb39221c121bf3137135662e1b3c727e705e8f01e651720acd6dcc"",""state"":""file""},""nh3_pdb_8192"":{""bytes"":663807,""sha256"":""b0664469d3a8e84f71fbd848f1f0ffaca2cee3f4fd2100ed10f398e7c19a27e6"",""state"":""file""}},""metadata"":{""benchmark"":""el""}}",da2e3992-31bf-4906-ae02-d3747f02a55a,,,,,,,,,,,,,,,,,,
nh3,batch_scaling,ewald,torch,8192,16,131072,0.17474524211138487,5722616.466791051,4928.60205078125,9.508305072784424,10,3,torch_cuda_events,warmup_excluded,True,,,0.0001,5,arithmetic_mean,1.003164247725234,"[0.022929887390136718,0.0228603515625,0.022932687377929688,0.022873117065429688,0.022924998474121095]",,,,,not_measured,not_measured,,nan,nan,2456,energy_autograd,energy_forces_charge_gradients,True,True,False,0.09645736962556839,43.95600128173828,9.094947017729282e-13,0.18104578414850428,16.762910404370025,1.0988951381109908,3808,2.0,2132,250028576,2,"{""compute_capability"":""9.0"",""driver"":""unavailable"",""memory_bytes"":102132088832,""name"":""NVIDIA H100""}","{""cuda"":""13.0"",""git_head"":""7db753be5b014476cd3ab0207173a55d6730fb14"",""jax"":""0.11.2"",""jaxlib"":""0.11.2"",""nvalchemi_toolkit_ops"":""0.5.0"",""python"":""3.12.3"",""source_sha256"":""0796a4ffc622cdc7ab846f2e8cf88b0b52fccae4dcfe32a3140b3bb9818aab8e"",""torch"":""2.14.0+cu130"",""warp"":""1.17.0""}","{""gpu_uuid"":""e8b1f776-3e7d-8391-c1b5-79a044e95420"",""host"":""s4124-0117""}","{""JAX_DISABLE_JIT"":""<unset>"",""JAX_DISABLE_JIT_ACTUAL"":""<not-imported>"",""JAX_ENABLE_X64"":""1"",""JAX_ENABLE_X64_ACTUAL"":""<not-imported>"",""JAX_PLATFORMS"":""<unset>"",""TF_GPU_ALLOCATOR"":""<unset>"",""XLA_FLAGS"":""<unset>"",""XLA_PYTHON_CLIENT_ALLOCATOR"":""<unset>"",""XLA_PYTHON_CLIENT_MEM_FRACTION"":""0.95"",""XLA_PYTHON_CLIENT_PREALLOCATE"":""<unset>""}","{""artifacts"":{""nh3_pdb_1024"":{""bytes"":83199,""sha256"":""cb99e65c2024c8b1a80a7ea1f4ff5b23ef76a5d153a2caeb4a0e3077b5239135"",""state"":""file""},""nh3_pdb_128"":{""bytes"":10623,""sha256"":""4b48182856ba92449fa52b61bf2f95c6ce28937a3cb3da6aec4f131a1216c760"",""state"":""file""},""nh3_pdb_131072"":{""bytes"":10617087,""sha256"":""d454eb5e6e9fe717e1c12c22e3fc749189deae022de05b0f6f83f9f4501bbb52"",""state"":""file""},""nh3_pdb_16384"":{""bytes"":1327359,""sha256"":""07f5683974f6bdad6798104cf7de5ddb670704f71b7e28715d957805124196b8"",""state"":""file""},""nh3_pdb_2048"":{""bytes"":166143,""sha256"":""7171f9c4d6bf3c819f96ddd11877441961f43096057863d0607070d97c5e5a16"",""state"":""file""},""nh3_pdb_256"":{""bytes"":20991,""sha256"":""870d35ef9d654b395f8eefcd897e002ff41b1327475879ff5b955080ecb91ee0"",""state"":""file""},""nh3_pdb_32768"":{""bytes"":2654463,""sha256"":""a193ff7fc7793ae1c9121af48f694b9cff6974a63e67029053ab9312f86cb9cc"",""state"":""file""},""nh3_pdb_4096"":{""bytes"":332031,""sha256"":""e6d9ba2e0f95a04ebbeb61682dcf615982860aaa336140fee7ba55698f68175c"",""state"":""file""},""nh3_pdb_512"":{""bytes"":41727,""sha256"":""76e8d0d71fd3d49a1d14bb1fcd0689b08241620df41c90a904be29c85a67934e"",""state"":""file""},""nh3_pdb_65536"":{""bytes"":5308671,""sha256"":""a80e717b9abb39221c121bf3137135662e1b3c727e705e8f01e651720acd6dcc"",""state"":""file""},""nh3_pdb_8192"":{""bytes"":663807,""sha256"":""b0664469d3a8e84f71fbd848f1f0ffaca2cee3f4fd2100ed10f398e7c19a27e6"",""state"":""file""}},""metadata"":{""benchmark"":""el""}}",da2e3992-31bf-4906-ae02-d3747f02a55a,,,,,,,,,,,,,,,,,,
nh3,batch_scaling,ewald,torch,256,1,256,11.810965090990067,84667.08624537759,4.92626953125,0.039026737213134766,10,3,torch_cuda_events,warmup_excluded,True,,,1e-06,5,arithmetic_mean,1.0242466737091374,"[0.003042777633666992,0.0030041856765747068,0.0030606687545776364,0.0030221887588500976,0.0029882144927978515]",,,,,not_measured,not_measured,,nan,nan,1098,energy_autograd,energy_forces_charge_gradients,True,True,False,0.09646306931972504,13.84500026702881,2.842170943040401e-14,0.32259326452181164,11.522008044276834,2.3981081257492542,1248,2.0,647,157258,2,"{""compute_capability"":""9.0"",""driver"":""unavailable"",""memory_bytes"":102132088832,""name"":""NVIDIA H100""}","{""cuda"":""13.0"",""git_head"":""7db753be5b014476cd3ab0207173a55d6730fb14"",""jax"":""0.11.2"",""jaxlib"":""0.11.2"",""nvalchemi_toolkit_ops"":""0.5.0"",""python"":""3.12.3"",""source_sha256"":""0796a4ffc622cdc7ab846f2e8cf88b0b52fccae4dcfe32a3140b3bb9818aab8e"",""torch"":""2.14.0+cu130"",""warp"":""1.17.0""}","{""gpu_uuid"":""e8b1f776-3e7d-8391-c1b5-79a044e95420"",""host"":""s4124-0117""}","{""JAX_DISABLE_JIT"":""<unset>"",""JAX_DISABLE_JIT_ACTUAL"":""<not-imported>"",""JAX_ENABLE_X64"":""1"",""JAX_ENABLE_X64_ACTUAL"":""<not-imported>"",""JAX_PLATFORMS"":""<unset>"",""TF_GPU_ALLOCATOR"":""<unset>"",""XLA_FLAGS"":""<unset>"",""XLA_PYTHON_CLIENT_ALLOCATOR"":""<unset>"",""XLA_PYTHON_CLIENT_MEM_FRACTION"":""0.95"",""XLA_PYTHON_CLIENT_PREALLOCATE"":""<unset>""}","{""artifacts"":{""nh3_pdb_1024"":{""bytes"":83199,""sha256"":""cb99e65c2024c8b1a80a7ea1f4ff5b23ef76a5d153a2caeb4a0e3077b5239135"",""state"":""file""},""nh3_pdb_128"":{""bytes"":10623,""sha256"":""4b48182856ba92449fa52b61bf2f95c6ce28937a3cb3da6aec4f131a1216c760"",""state"":""file""},""nh3_pdb_131072"":{""bytes"":10617087,""sha256"":""d454eb5e6e9fe717e1c12c22e3fc749189deae022de05b0f6f83f9f4501bbb52"",""state"":""file""},""nh3_pdb_16384"":{""bytes"":1327359,""sha256"":""07f5683974f6bdad6798104cf7de5ddb670704f71b7e28715d957805124196b8"",""state"":""file""},""nh3_pdb_2048"":{""bytes"":166143,""sha256"":""7171f9c4d6bf3c819f96ddd11877441961f43096057863d0607070d97c5e5a16"",""state"":""file""},""nh3_pdb_256"":{""bytes"":20991,""sha256"":""870d35ef9d654b395f8eefcd897e002ff41b1327475879ff5b955080ecb91ee0"",""state"":""file""},""nh3_pdb_32768"":{""bytes"":2654463,""sha256"":""a193ff7fc7793ae1c9121af48f694b9cff6974a63e67029053ab9312f86cb9cc"",""state"":""file""},""nh3_pdb_4096"":{""bytes"":332031,""sha256"":""e6d9ba2e0f95a04ebbeb61682dcf615982860aaa336140fee7ba55698f68175c"",""state"":""file""},""nh3_pdb_512"":{""bytes"":41727,""sha256"":""76e8d0d71fd3d49a1d14bb1fcd0689b08241620df41c90a904be29c85a67934e"",""state"":""file""},""nh3_pdb_65536"":{""bytes"":5308671,""sha256"":""a80e717b9abb39221c121bf3137135662e1b3c727e705e8f01e651720acd6dcc"",""state"":""file""},""nh3_pdb_8192"":{""bytes"":663807,""sha256"":""b0664469d3a8e84f71fbd848f1f0ffaca2cee3f4fd2100ed10f398e7c19a27e6"",""state"":""file""}},""metadata"":{""benchmark"":""el""}}",da2e3992-31bf-4906-ae02-d3747f02a55a,,,,,,,,,,,,,,,,,,
nh3,batch_scaling,ewald,torch,256,2,512,6.702673882246018,149194.1898961832,8.67724609375,0.04565286636352539,10,3,torch_cuda_events,warmup_excluded,True,,,1e-06,5,arithmetic_mean,1.0198527677885507,"[0.003454748916625976,0.003449043273925781,0.0033874977111816402,0.003445436859130859,0.003422118377685547]",,,,,not_measured,not_measured,,nan,nan,1098,energy_autograd,energy_forces_charge_gradients,True,True,False,0.09646306931972504,13.84500026702881,2.842170943040401e-14,0.32259326452181164,11.522008044276834,2.3981081257492542,1248,2.0,647,314516,2,"{""compute_capability"":""9.0"",""driver"":""unavailable"",""memory_bytes"":102132088832,""name"":""NVIDIA H100""}","{""cuda"":""13.0"",""git_head"":""7db753be5b014476cd3ab0207173a55d6730fb14"",""jax"":""0.11.2"",""jaxlib"":""0.11.2"",""nvalchemi_toolkit_ops"":""0.5.0"",""python"":""3.12.3"",""source_sha256"":""0796a4ffc622cdc7ab846f2e8cf88b0b52fccae4dcfe32a3140b3bb9818aab8e"",""torch"":""2.14.0+cu130"",""warp"":""1.17.0""}","{""gpu_uuid"":""e8b1f776-3e7d-8391-c1b5-79a044e95420"",""host"":""s4124-0117""}","{""JAX_DISABLE_JIT"":""<unset>"",""JAX_DISABLE_JIT_ACTUAL"":""<not-imported>"",""JAX_ENABLE_X64"":""1"",""JAX_ENABLE_X64_ACTUAL"":""<not-imported>"",""JAX_PLATFORMS"":""<unset>"",""TF_GPU_ALLOCATOR"":""<unset>"",""XLA_FLAGS"":""<unset>"",""XLA_PYTHON_CLIENT_ALLOCATOR"":""<unset>"",""XLA_PYTHON_CLIENT_MEM_FRACTION"":""0.95"",""XLA_PYTHON_CLIENT_PREALLOCATE"":""<unset>""}","{""artifacts"":{""nh3_pdb_1024"":{""bytes"":83199,""sha256"":""cb99e65c2024c8b1a80a7ea1f4ff5b23ef76a5d153a2caeb4a0e3077b5239135"",""state"":""file""},""nh3_pdb_128"":{""bytes"":10623,""sha256"":""4b48182856ba92449fa52b61bf2f95c6ce28937a3cb3da6aec4f131a1216c760"",""state"":""file""},""nh3_pdb_131072"":{""bytes"":10617087,""sha256"":""d454eb5e6e9fe717e1c12c22e3fc749189deae022de05b0f6f83f9f4501bbb52"",""state"":""file""},""nh3_pdb_16384"":{""bytes"":1327359,""sha256"":""07f5683974f6bdad6798104cf7de5ddb670704f71b7e28715d957805124196b8"",""state"":""file""},""nh3_pdb_2048"":{""bytes"":166143,""sha256"":""7171f9c4d6bf3c819f96ddd11877441961f43096057863d0607070d97c5e5a16"",""state"":""file""},""nh3_pdb_256"":{""bytes"":20991,""sha256"":""870d35ef9d654b395f8eefcd897e002ff41b1327475879ff5b955080ecb91ee0"",""state"":""file""},""nh3_pdb_32768"":{""bytes"":2654463,""sha256"":""a193ff7fc7793ae1c9121af48f694b9cff6974a63e67029053ab9312f86cb9cc"",""state"":""file""},""nh3_pdb_4096"":{""bytes"":332031,""sha256"":""e6d9ba2e0f95a04ebbeb61682dcf615982860aaa336140fee7ba55698f68175c"",""state"":""file""},""nh3_pdb_512"":{""bytes"":41727,""sha256"":""76e8d0d71fd3d49a1d14bb1fcd0689b08241620df41c90a904be29c85a67934e"",""state"":""file""},""nh3_pdb_65536"":{""bytes"":5308671,""sha256"":""a80e717b9abb39221c121bf3137135662e1b3c727e705e8f01e651720acd6dcc"",""state"":""file""},""nh3_pdb_8192"":{""bytes"":663807,""sha256"":""b0664469d3a8e84f71fbd848f1f0ffaca2cee3f4fd2100ed10f398e7c19a27e6"",""state"":""file""}},""metadata"":{""benchmark"":""el""}}",da2e3992-31bf-4906-ae02-d3747f02a55a,,,,,,,,,,,,,,,,,,
nh3,batch_scaling,ewald,torch,256,4,1024,3.361956179141998,297445.87576843705,17.35107421875,0.06004953384399414,10,3,torch_cuda_events,warmup_excluded,True,,,1e-06,5,arithmetic_mean,1.0151918987857516,"[0.003467385482788086,0.0034608158111572264,0.0034154975891113283,0.0034265953063964843,0.0034429214477539063]",,,,,not_measured,not_measured,,nan,nan,1098,energy_autograd,energy_forces_charge_gradients,True,True,False,0.09646306931972504,13.84500026702881,2.842170943040401e-14,0.32259326452181164,11.522008044276834,2.3981081257492542,1248,2.0,647,629032,2,"{""compute_capability"":""9.0"",""driver"":""unavailable"",""memory_bytes"":102132088832,""name"":""NVIDIA H100""}","{""cuda"":""13.0"",""git_head"":""7db753be5b014476cd3ab0207173a55d6730fb14"",""jax"":""0.11.2"",""jaxlib"":""0.11.2"",""nvalchemi_toolkit_ops"":""0.5.0"",""python"":""3.12.3"",""source_sha256"":""0796a4ffc622cdc7ab846f2e8cf88b0b52fccae4dcfe32a3140b3bb9818aab8e"",""torch"":""2.14.0+cu130"",""warp"":""1.17.0""}","{""gpu_uuid"":""e8b1f776-3e7d-8391-c1b5-79a044e95420"",""host"":""s4124-0117""}","{""JAX_DISABLE_JIT"":""<unset>"",""JAX_DISABLE_JIT_ACTUAL"":""<not-imported>"",""JAX_ENABLE_X64"":""1"",""JAX_ENABLE_X64_ACTUAL"":""<not-imported>"",""JAX_PLATFORMS"":""<unset>"",""TF_GPU_ALLOCATOR"":""<unset>"",""XLA_FLAGS"":""<unset>"",""XLA_PYTHON_CLIENT_ALLOCATOR"":""<unset>"",""XLA_PYTHON_CLIENT_MEM_FRACTION"":""0.95"",""XLA_PYTHON_CLIENT_PREALLOCATE"":""<unset>""}","{""artifacts"":{""nh3_pdb_1024"":{""bytes"":83199,""sha256"":""cb99e65c2024c8b1a80a7ea1f4ff5b23ef76a5d153a2caeb4a0e3077b5239135"",""state"":""file""},""nh3_pdb_128"":{""bytes"":10623,""sha256"":""4b48182856ba92449fa52b61bf2f95c6ce28937a3cb3da6aec4f131a1216c760"",""state"":""file""},""nh3_pdb_131072"":{""bytes"":10617087,""sha256"":""d454eb5e6e9fe717e1c12c22e3fc749189deae022de05b0f6f83f9f4501bbb52"",""state"":""file""},""nh3_pdb_16384"":{""bytes"":1327359,""sha256"":""07f5683974f6bdad6798104cf7de5ddb670704f71b7e28715d957805124196b8"",""state"":""file""},""nh3_pdb_2048"":{""bytes"":166143,""sha256"":""7171f9c4d6bf3c819f96ddd11877441961f43096057863d0607070d97c5e5a16"",""state"":""file""},""nh3_pdb_256"":{""bytes"":20991,""sha256"":""870d35ef9d654b395f8eefcd897e002ff41b1327475879ff5b955080ecb91ee0"",""state"":""file""},""nh3_pdb_32768"":{""bytes"":2654463,""sha256"":""a193ff7fc7793ae1c9121af48f694b9cff6974a63e67029053ab9312f86cb9cc"",""state"":""file""},""nh3_pdb_4096"":{""bytes"":332031,""sha256"":""e6d9ba2e0f95a04ebbeb61682dcf615982860aaa336140fee7ba55698f68175c"",""state"":""file""},""nh3_pdb_512"":{""bytes"":41727,""sha256"":""76e8d0d71fd3d49a1d14bb1fcd0689b08241620df41c90a904be29c85a67934e"",""state"":""file""},""nh3_pdb_65536"":{""bytes"":5308671,""sha256"":""a80e717b9abb39221c121bf3137135662e1b3c727e705e8f01e651720acd6dcc"",""state"":""file""},""nh3_pdb_8192"":{""bytes"":663807,""sha256"":""b0664469d3a8e84f71fbd848f1f0ffaca2cee3f4fd2100ed10f398e7c19a27e6"",""state"":""file""}},""metadata"":{""benchmark"":""el""}}",da2e3992-31bf-4906-ae02-d3747f02a55a,,,,,,,,,,,,,,,,,,
nh3,batch_scaling,ewald,torch,256,8,2048,1.6826437413692474,594302.8672167123,34.69970703125,0.08948135375976562,10,3,torch_cuda_events,warmup_excluded,True,,,1e-06,5,arithmetic_mean,1.0183515498252835,"[0.003448652648925781,0.0034320735931396484,0.0034279903411865236,0.0034306560516357424,0.0034908992767333988]",,,,,not_measured,not_measured,,nan,nan,1098,energy_autograd,energy_forces_charge_gradients,True,True,False,0.09646306931972504,13.84500026702881,2.842170943040401e-14,0.32259326452181164,11.522008044276834,2.3981081257492542,1248,2.0,647,1258064,2,"{""compute_capability"":""9.0"",""driver"":""unavailable"",""memory_bytes"":102132088832,""name"":""NVIDIA H100""}","{""cuda"":""13.0"",""git_head"":""7db753be5b014476cd3ab0207173a55d6730fb14"",""jax"":""0.11.2"",""jaxlib"":""0.11.2"",""nvalchemi_toolkit_ops"":""0.5.0"",""python"":""3.12.3"",""source_sha256"":""0796a4ffc622cdc7ab846f2e8cf88b0b52fccae4dcfe32a3140b3bb9818aab8e"",""torch"":""2.14.0+cu130"",""warp"":""1.17.0""}","{""gpu_uuid"":""e8b1f776-3e7d-8391-c1b5-79a044e95420"",""host"":""s4124-0117""}","{""JAX_DISABLE_JIT"":""<unset>"",""JAX_DISABLE_JIT_ACTUAL"":""<not-imported>"",""JAX_ENABLE_X64"":""1"",""JAX_ENABLE_X64_ACTUAL"":""<not-imported>"",""JAX_PLATFORMS"":""<unset>"",""TF_GPU_ALLOCATOR"":""<unset>"",""XLA_FLAGS"":""<unset>"",""XLA_PYTHON_CLIENT_ALLOCATOR"":""<unset>"",""XLA_PYTHON_CLIENT_MEM_FRACTION"":""0.95"",""XLA_PYTHON_CLIENT_PREALLOCATE"":""<unset>""}","{""artifacts"":{""nh3_pdb_1024"":{""bytes"":83199,""sha256"":""cb99e65c2024c8b1a80a7ea1f4ff5b23ef76a5d153a2caeb4a0e3077b5239135"",""state"":""file""},""nh3_pdb_128"":{""bytes"":10623,""sha256"":""4b48182856ba92449fa52b61bf2f95c6ce28937a3cb3da6aec4f131a1216c760"",""state"":""file""},""nh3_pdb_131072"":{""bytes"":10617087,""sha256"":""d454eb5e6e9fe717e1c12c22e3fc749189deae022de05b0f6f83f9f4501bbb52"",""state"":""file""},""nh3_pdb_16384"":{""bytes"":1327359,""sha256"":""07f5683974f6bdad6798104cf7de5ddb670704f71b7e28715d957805124196b8"",""state"":""file""},""nh3_pdb_2048"":{""bytes"":166143,""sha256"":""7171f9c4d6bf3c819f96ddd11877441961f43096057863d0607070d97c5e5a16"",""state"":""file""},""nh3_pdb_256"":{""bytes"":20991,""sha256"":""870d35ef9d654b395f8eefcd897e002ff41b1327475879ff5b955080ecb91ee0"",""state"":""file""},""nh3_pdb_32768"":{""bytes"":2654463,""sha256"":""a193ff7fc7793ae1c9121af48f694b9cff6974a63e67029053ab9312f86cb9cc"",""state"":""file""},""nh3_pdb_4096"":{""bytes"":332031,""sha256"":""e6d9ba2e0f95a04ebbeb61682dcf615982860aaa336140fee7ba55698f68175c"",""state"":""file""},""nh3_pdb_512"":{""bytes"":41727,""sha256"":""76e8d0d71fd3d49a1d14bb1fcd0689b08241620df41c90a904be29c85a67934e"",""state"":""file""},""nh3_pdb_65536"":{""bytes"":5308671,""sha256"":""a80e717b9abb39221c121bf3137135662e1b3c727e705e8f01e651720acd6dcc"",""state"":""file""},""nh3_pdb_8192"":{""bytes"":663807,""sha256"":""b0664469d3a8e84f71fbd848f1f0ffaca2cee3f4fd2100ed10f398e7c19a27e6"",""state"":""file""}},""metadata"":{""benchmark"":""el""}}",da2e3992-31bf-4906-ae02-d3747f02a55a,,,,,,,,,,,,,,,,,,
nh3,batch_scaling,ewald,torch,256,16,4096,0.8349310792982578,1197703.6485939405,69.39599609375,0.14721918106079102,10,3,torch_cuda_events,warmup_excluded,True,,,1e-06,5,arithmetic_mean,1.0334075713744366,"[0.003481852722167969,0.003443644714355469,0.0034221343994140624,0.0033824638366699218,0.003369292831420898]",,,,,not_measured,not_measured,,nan,nan,1098,energy_autograd,energy_forces_charge_gradients,True,True,False,0.09646306931972504,13.84500026702881,2.842170943040401e-14,0.32259326452181164,11.522008044276834,2.3981081257492542,1248,2.0,647,2516128,2,"{""compute_capability"":""9.0"",""driver"":""unavailable"",""memory_bytes"":102132088832,""name"":""NVIDIA H100""}","{""cuda"":""13.0"",""git_head"":""7db753be5b014476cd3ab0207173a55d6730fb14"",""jax"":""0.11.2"",""jaxlib"":""0.11.2"",""nvalchemi_toolkit_ops"":""0.5.0"",""python"":""3.12.3"",""source_sha256"":""0796a4ffc622cdc7ab846f2e8cf88b0b52fccae4dcfe32a3140b3bb9818aab8e"",""torch"":""2.14.0+cu130"",""warp"":""1.17.0""}","{""gpu_uuid"":""e8b1f776-3e7d-8391-c1b5-79a044e95420"",""host"":""s4124-0117""}","{""JAX_DISABLE_JIT"":""<unset>"",""JAX_DISABLE_JIT_ACTUAL"":""<not-imported>"",""JAX_ENABLE_X64"":""1"",""JAX_ENABLE_X64_ACTUAL"":""<not-imported>"",""JAX_PLATFORMS"":""<unset>"",""TF_GPU_ALLOCATOR"":""<unset>"",""XLA_FLAGS"":""<unset>"",""XLA_PYTHON_CLIENT_ALLOCATOR"":""<unset>"",""XLA_PYTHON_CLIENT_MEM_FRACTION"":""0.95"",""XLA_PYTHON_CLIENT_PREALLOCATE"":""<unset>""}","{""artifacts"":{""nh3_pdb_1024"":{""bytes"":83199,""sha256"":""cb99e65c2024c8b1a80a7ea1f4ff5b23ef76a5d153a2caeb4a0e3077b5239135"",""state"":""file""},""nh3_pdb_128"":{""bytes"":10623,""sha256"":""4b48182856ba92449fa52b61bf2f95c6ce28937a3cb3da6aec4f131a1216c760"",""state"":""file""},""nh3_pdb_131072"":{""bytes"":10617087,""sha256"":""d454eb5e6e9fe717e1c12c22e3fc749189deae022de05b0f6f83f9f4501bbb52"",""state"":""file""},""nh3_pdb_16384"":{""bytes"":1327359,""sha256"":""07f5683974f6bdad6798104cf7de5ddb670704f71b7e28715d957805124196b8"",""state"":""file""},""nh3_pdb_2048"":{""bytes"":166143,""sha256"":""7171f9c4d6bf3c819f96ddd11877441961f43096057863d0607070d97c5e5a16"",""state"":""file""},""nh3_pdb_256"":{""bytes"":20991,""sha256"":""870d35ef9d654b395f8eefcd897e002ff41b1327475879ff5b955080ecb91ee0"",""state"":""file""},""nh3_pdb_32768"":{""bytes"":2654463,""sha256"":""a193ff7fc7793ae1c9121af48f694b9cff6974a63e67029053ab9312f86cb9cc"",""state"":""file""},""nh3_pdb_4096"":{""bytes"":332031,""sha256"":""e6d9ba2e0f95a04ebbeb61682dcf615982860aaa336140fee7ba55698f68175c"",""state"":""file""},""nh3_pdb_512"":{""bytes"":41727,""sha256"":""76e8d0d71fd3d49a1d14bb1fcd0689b08241620df41c90a904be29c85a67934e"",""state"":""file""},""nh3_pdb_65536"":{""bytes"":5308671,""sha256"":""a80e717b9abb39221c121bf3137135662e1b3c727e705e8f01e651720acd6dcc"",""state"":""file""},""nh3_pdb_8192"":{""bytes"":663807,""sha256"":""b0664469d3a8e84f71fbd848f1f0ffaca2cee3f4fd2100ed10f398e7c19a27e6"",""state"":""file""}},""metadata"":{""benchmark"":""el""}}",da2e3992-31bf-4906-ae02-d3747f02a55a,,,,,,,,,,,,,,,,,,
nh3,batch_scaling,ewald,torch,256,32,8192,0.4194153100252152,2384271.570677475,138.78857421875,0.2616133689880371,10,3,torch_cuda_events,warmup_excluded,True,,,1e-06,5,arithmetic_mean,1.0351816711120867,"[0.003469353485107422,0.0034827617645263676,0.0034222496032714845,0.0034404895782470706,0.003364396667480469]",,,,,not_measured,not_measured,,nan,nan,1098,energy_autograd,energy_forces_charge_gradients,True,True,False,0.09646306931972504,13.84500026702881,2.842170943040401e-14,0.32259326452181164,11.522008044276834,2.3981081257492542,1248,2.0,647,5032256,2,"{""compute_capability"":""9.0"",""driver"":""unavailable"",""memory_bytes"":102132088832,""name"":""NVIDIA H100""}","{""cuda"":""13.0"",""git_head"":""7db753be5b014476cd3ab0207173a55d6730fb14"",""jax"":""0.11.2"",""jaxlib"":""0.11.2"",""nvalchemi_toolkit_ops"":""0.5.0"",""python"":""3.12.3"",""source_sha256"":""0796a4ffc622cdc7ab846f2e8cf88b0b52fccae4dcfe32a3140b3bb9818aab8e"",""torch"":""2.14.0+cu130"",""warp"":""1.17.0""}","{""gpu_uuid"":""e8b1f776-3e7d-8391-c1b5-79a044e95420"",""host"":""s4124-0117""}","{""JAX_DISABLE_JIT"":""<unset>"",""JAX_DISABLE_JIT_ACTUAL"":""<not-imported>"",""JAX_ENABLE_X64"":""1"",""JAX_ENABLE_X64_ACTUAL"":""<not-imported>"",""JAX_PLATFORMS"":""<unset>"",""TF_GPU_ALLOCATOR"":""<unset>"",""XLA_FLAGS"":""<unset>"",""XLA_PYTHON_CLIENT_ALLOCATOR"":""<unset>"",""XLA_PYTHON_CLIENT_MEM_FRACTION"":""0.95"",""XLA_PYTHON_CLIENT_PREALLOCATE"":""<unset>""}","{""artifacts"":{""nh3_pdb_1024"":{""bytes"":83199,""sha256"":""cb99e65c2024c8b1a80a7ea1f4ff5b23ef76a5d153a2caeb4a0e3077b5239135"",""state"":""file""},""nh3_pdb_128"":{""bytes"":10623,""sha256"":""4b48182856ba92449fa52b61bf2f95c6ce28937a3cb3da6aec4f131a1216c760"",""state"":""file""},""nh3_pdb_131072"":{""bytes"":10617087,""sha256"":""d454eb5e6e9fe717e1c12c22e3fc749189deae022de05b0f6f83f9f4501bbb52"",""state"":""file""},""nh3_pdb_16384"":{""bytes"":1327359,""sha256"":""07f5683974f6bdad6798104cf7de5ddb670704f71b7e28715d957805124196b8"",""state"":""file""},""nh3_pdb_2048"":{""bytes"":166143,""sha256"":""7171f9c4d6bf3c819f96ddd11877441961f43096057863d0607070d97c5e5a16"",""state"":""file""},""nh3_pdb_256"":{""bytes"":20991,""sha256"":""870d35ef9d654b395f8eefcd897e002ff41b1327475879ff5b955080ecb91ee0"",""state"":""file""},""nh3_pdb_32768"":{""bytes"":2654463,""sha256"":""a193ff7fc7793ae1c9121af48f694b9cff6974a63e67029053ab9312f86cb9cc"",""state"":""file""},""nh3_pdb_4096"":{""bytes"":332031,""sha256"":""e6d9ba2e0f95a04ebbeb61682dcf615982860aaa336140fee7ba55698f68175c"",""state"":""file""},""nh3_pdb_512"":{""bytes"":41727,""sha256"":""76e8d0d71fd3d49a1d14bb1fcd0689b08241620df41c90a904be29c85a67934e"",""state"":""file""},""nh3_pdb_65536"":{""bytes"":5308671,""sha256"":""a80e717b9abb39221c121bf3137135662e1b3c727e705e8f01e651720acd6dcc"",""state"":""file""},""nh3_pdb_8192"":{""bytes"":663807,""sha256"":""b0664469d3a8e84f71fbd848f1f0ffaca2cee3f4fd2100ed10f398e7c19a27e6"",""state"":""file""}},""metadata"":{""benchmark"":""el""}}",da2e3992-31bf-4906-ae02-d3747f02a55a,,,,,,,,,,,,,,,,,,
nh3,batch_scaling,ewald,torch,256,64,16384,0.20974730141460896,4767641.792078617,277.57470703125,0.4919719696044922,10,3,torch_cuda_events,warmup_excluded,True,,,1e-06,5,arithmetic_mean,1.0196141532275547,"[0.003480828857421875,0.0034403198242187504,0.0034334049224853517,0.003414076614379883,0.0034138687133789063]",,,,,not_measured,not_measured,,nan,nan,1098,energy_autograd,energy_forces_charge_gradients,True,True,False,0.09646306931972504,13.84500026702881,2.842170943040401e-14,0.32259326452181164,11.522008044276834,2.3981081257492542,1248,2.0,647,10064512,2,"{""compute_capability"":""9.0"",""driver"":""unavailable"",""memory_bytes"":102132088832,""name"":""NVIDIA H100""}","{""cuda"":""13.0"",""git_head"":""7db753be5b014476cd3ab0207173a55d6730fb14"",""jax"":""0.11.2"",""jaxlib"":""0.11.2"",""nvalchemi_toolkit_ops"":""0.5.0"",""python"":""3.12.3"",""source_sha256"":""0796a4ffc622cdc7ab846f2e8cf88b0b52fccae4dcfe32a3140b3bb9818aab8e"",""torch"":""2.14.0+cu130"",""warp"":""1.17.0""}","{""gpu_uuid"":""e8b1f776-3e7d-8391-c1b5-79a044e95420"",""host"":""s4124-0117""}","{""JAX_DISABLE_JIT"":""<unset>"",""JAX_DISABLE_JIT_ACTUAL"":""<not-imported>"",""JAX_ENABLE_X64"":""1"",""JAX_ENABLE_X64_ACTUAL"":""<not-imported>"",""JAX_PLATFORMS"":""<unset>"",""TF_GPU_ALLOCATOR"":""<unset>"",""XLA_FLAGS"":""<unset>"",""XLA_PYTHON_CLIENT_ALLOCATOR"":""<unset>"",""XLA_PYTHON_CLIENT_MEM_FRACTION"":""0.95"",""XLA_PYTHON_CLIENT_PREALLOCATE"":""<unset>""}","{""artifacts"":{""nh3_pdb_1024"":{""bytes"":83199,""sha256"":""cb99e65c2024c8b1a80a7ea1f4ff5b23ef76a5d153a2caeb4a0e3077b5239135"",""state"":""file""},""nh3_pdb_128"":{""bytes"":10623,""sha256"":""4b48182856ba92449fa52b61bf2f95c6ce28937a3cb3da6aec4f131a1216c760"",""state"":""file""},""nh3_pdb_131072"":{""bytes"":10617087,""sha256"":""d454eb5e6e9fe717e1c12c22e3fc749189deae022de05b0f6f83f9f4501bbb52"",""state"":""file""},""nh3_pdb_16384"":{""bytes"":1327359,""sha256"":""07f5683974f6bdad6798104cf7de5ddb670704f71b7e28715d957805124196b8"",""state"":""file""},""nh3_pdb_2048"":{""bytes"":166143,""sha256"":""7171f9c4d6bf3c819f96ddd11877441961f43096057863d0607070d97c5e5a16"",""state"":""file""},""nh3_pdb_256"":{""bytes"":20991,""sha256"":""870d35ef9d654b395f8eefcd897e002ff41b1327475879ff5b955080ecb91ee0"",""state"":""file""},""nh3_pdb_32768"":{""bytes"":2654463,""sha256"":""a193ff7fc7793ae1c9121af48f694b9cff6974a63e67029053ab9312f86cb9cc"",""state"":""file""},""nh3_pdb_4096"":{""bytes"":332031,""sha256"":""e6d9ba2e0f95a04ebbeb61682dcf615982860aaa336140fee7ba55698f68175c"",""state"":""file""},""nh3_pdb_512"":{""bytes"":41727,""sha256"":""76e8d0d71fd3d49a1d14bb1fcd0689b08241620df41c90a904be29c85a67934e"",""state"":""file""},""nh3_pdb_65536"":{""bytes"":5308671,""sha256"":""a80e717b9abb39221c121bf3137135662e1b3c727e705e8f01e651720acd6dcc"",""state"":""file""},""nh3_pdb_8192"":{""bytes"":663807,""sha256"":""b0664469d3a8e84f71fbd848f1f0ffaca2cee3f4fd2100ed10f398e7c19a27e6"",""state"":""file""}},""metadata"":{""benchmark"":""el""}}",da2e3992-31bf-4906-ae02-d3747f02a55a,,,,,,,,,,,,,,,,,,
nh3,batch_scaling,ewald,torch,256,128,32768,0.12599033070728183,7937117.034190015,555.1474609375,0.9531087875366211,10,3,torch_cuda_events,warmup_excluded,True,,,1e-06,5,arithmetic_mean,1.0025721509149408,"[0.004129769515991211,0.00413355827331543,0.004122953414916993,0.004126070404052734,0.004129904174804687]",,,,,not_measured,not_measured,,nan,nan,1098,energy_autograd,energy_forces_charge_gradients,True,True,False,0.09646306931972504,13.84500026702881,2.842170943040401e-14,0.32259326452181164,11.522008044276834,2.3981081257492542,1248,2.0,647,20129024,2,"{""compute_capability"":""9.0"",""driver"":""unavailable"",""memory_bytes"":102132088832,""name"":""NVIDIA H100""}","{""cuda"":""13.0"",""git_head"":""7db753be5b014476cd3ab0207173a55d6730fb14"",""jax"":""0.11.2"",""jaxlib"":""0.11.2"",""nvalchemi_toolkit_ops"":""0.5.0"",""python"":""3.12.3"",""source_sha256"":""0796a4ffc622cdc7ab846f2e8cf88b0b52fccae4dcfe32a3140b3bb9818aab8e"",""torch"":""2.14.0+cu130"",""warp"":""1.17.0""}","{""gpu_uuid"":""e8b1f776-3e7d-8391-c1b5-79a044e95420"",""host"":""s4124-0117""}","{""JAX_DISABLE_JIT"":""<unset>"",""JAX_DISABLE_JIT_ACTUAL"":""<not-imported>"",""JAX_ENABLE_X64"":""1"",""JAX_ENABLE_X64_ACTUAL"":""<not-imported>"",""JAX_PLATFORMS"":""<unset>"",""TF_GPU_ALLOCATOR"":""<unset>"",""XLA_FLAGS"":""<unset>"",""XLA_PYTHON_CLIENT_ALLOCATOR"":""<unset>"",""XLA_PYTHON_CLIENT_MEM_FRACTION"":""0.95"",""XLA_PYTHON_CLIENT_PREALLOCATE"":""<unset>""}","{""artifacts"":{""nh3_pdb_1024"":{""bytes"":83199,""sha256"":""cb99e65c2024c8b1a80a7ea1f4ff5b23ef76a5d153a2caeb4a0e3077b5239135"",""state"":""file""},""nh3_pdb_128"":{""bytes"":10623,""sha256"":""4b48182856ba92449fa52b61bf2f95c6ce28937a3cb3da6aec4f131a1216c760"",""state"":""file""},""nh3_pdb_131072"":{""bytes"":10617087,""sha256"":""d454eb5e6e9fe717e1c12c22e3fc749189deae022de05b0f6f83f9f4501bbb52"",""state"":""file""},""nh3_pdb_16384"":{""bytes"":1327359,""sha256"":""07f5683974f6bdad6798104cf7de5ddb670704f71b7e28715d957805124196b8"",""state"":""file""},""nh3_pdb_2048"":{""bytes"":166143,""sha256"":""7171f9c4d6bf3c819f96ddd11877441961f43096057863d0607070d97c5e5a16"",""state"":""file""},""nh3_pdb_256"":{""bytes"":20991,""sha256"":""870d35ef9d654b395f8eefcd897e002ff41b1327475879ff5b955080ecb91ee0"",""state"":""file""},""nh3_pdb_32768"":{""bytes"":2654463,""sha256"":""a193ff7fc7793ae1c9121af48f694b9cff6974a63e67029053ab9312f86cb9cc"",""state"":""file""},""nh3_pdb_4096"":{""bytes"":332031,""sha256"":""e6d9ba2e0f95a04ebbeb61682dcf615982860aaa336140fee7ba55698f68175c"",""state"":""file""},""nh3_pdb_512"":{""bytes"":41727,""sha256"":""76e8d0d71fd3d49a1d14bb1fcd0689b08241620df41c90a904be29c85a67934e"",""state"":""file""},""nh3_pdb_65536"":{""bytes"":5308671,""sha256"":""a80e717b9abb39221c121bf3137135662e1b3c727e705e8f01e651720acd6dcc"",""state"":""file""},""nh3_pdb_8192"":{""bytes"":663807,""sha256"":""b0664469d3a8e84f71fbd848f1f0ffaca2cee3f4fd2100ed10f398e7c19a27e6"",""state"":""file""}},""metadata"":{""benchmark"":""el""}}",da2e3992-31bf-4906-ae02-d3747f02a55a,,,,,,,,,,,,,,,,,,
nh3,batch_scaling,ewald,torch,256,256,65536,0.11244158260524273,8893506.982294766,1110.294921875,1.874967098236084,10,3,torch_cuda_events,warmup_excluded,True,,,1e-06,5,arithmetic_mean,1.0043649560271748,"[0.007364835357666015,0.007378108978271484,0.00736635513305664,0.0073838241577148436,0.007351734161376954]",,,,,not_measured,not_measured,,nan,nan,1098,energy_autograd,energy_forces_charge_gradients,True,True,False,0.09646306931972504,13.84500026702881,2.842170943040401e-14,0.32259326452181164,11.522008044276834,2.3981081257492542,1248,2.0,647,40258048,2,"{""compute_capability"":""9.0"",""driver"":""unavailable"",""memory_bytes"":102132088832,""name"":""NVIDIA H100""}","{""cuda"":""13.0"",""git_head"":""7db753be5b014476cd3ab0207173a55d6730fb14"",""jax"":""0.11.2"",""jaxlib"":""0.11.2"",""nvalchemi_toolkit_ops"":""0.5.0"",""python"":""3.12.3"",""source_sha256"":""0796a4ffc622cdc7ab846f2e8cf88b0b52fccae4dcfe32a3140b3bb9818aab8e"",""torch"":""2.14.0+cu130"",""warp"":""1.17.0""}","{""gpu_uuid"":""e8b1f776-3e7d-8391-c1b5-79a044e95420"",""host"":""s4124-0117""}","{""JAX_DISABLE_JIT"":""<unset>"",""JAX_DISABLE_JIT_ACTUAL"":""<not-imported>"",""JAX_ENABLE_X64"":""1"",""JAX_ENABLE_X64_ACTUAL"":""<not-imported>"",""JAX_PLATFORMS"":""<unset>"",""TF_GPU_ALLOCATOR"":""<unset>"",""XLA_FLAGS"":""<unset>"",""XLA_PYTHON_CLIENT_ALLOCATOR"":""<unset>"",""XLA_PYTHON_CLIENT_MEM_FRACTION"":""0.95"",""XLA_PYTHON_CLIENT_PREALLOCATE"":""<unset>""}","{""artifacts"":{""nh3_pdb_1024"":{""bytes"":83199,""sha256"":""cb99e65c2024c8b1a80a7ea1f4ff5b23ef76a5d153a2caeb4a0e3077b5239135"",""state"":""file""},""nh3_pdb_128"":{""bytes"":10623,""sha256"":""4b48182856ba92449fa52b61bf2f95c6ce28937a3cb3da6aec4f131a1216c760"",""state"":""file""},""nh3_pdb_131072"":{""bytes"":10617087,""sha256"":""d454eb5e6e9fe717e1c12c22e3fc749189deae022de05b0f6f83f9f4501bbb52"",""state"":""file""},""nh3_pdb_16384"":{""bytes"":1327359,""sha256"":""07f5683974f6bdad6798104cf7de5ddb670704f71b7e28715d957805124196b8"",""state"":""file""},""nh3_pdb_2048"":{""bytes"":166143,""sha256"":""7171f9c4d6bf3c819f96ddd11877441961f43096057863d0607070d97c5e5a16"",""state"":""file""},""nh3_pdb_256"":{""bytes"":20991,""sha256"":""870d35ef9d654b395f8eefcd897e002ff41b1327475879ff5b955080ecb91ee0"",""state"":""file""},""nh3_pdb_32768"":{""bytes"":2654463,""sha256"":""a193ff7fc7793ae1c9121af48f694b9cff6974a63e67029053ab9312f86cb9cc"",""state"":""file""},""nh3_pdb_4096"":{""bytes"":332031,""sha256"":""e6d9ba2e0f95a04ebbeb61682dcf615982860aaa336140fee7ba55698f68175c"",""state"":""file""},""nh3_pdb_512"":{""bytes"":41727,""sha256"":""76e8d0d71fd3d49a1d14bb1fcd0689b08241620df41c90a904be29c85a67934e"",""state"":""file""},""nh3_pdb_65536"":{""bytes"":5308671,""sha256"":""a80e717b9abb39221c121bf3137135662e1b3c727e705e8f01e651720acd6dcc"",""state"":""file""},""nh3_pdb_8192"":{""bytes"":663807,""sha256"":""b0664469d3a8e84f71fbd848f1f0ffaca2cee3f4fd2100ed10f398e7c19a27e6"",""state"":""file""}},""metadata"":{""benchmark"":""el""}}",da2e3992-31bf-4906-ae02-d3747f02a55a,,,,,,,,,,,,,,,,,,
nh3,batch_scaling,ewald,torch,256,512,131072,0.10673496872186661,9369000.731202086,2220.58984375,3.717012405395508,10,3,torch_cuda_events,warmup_excluded,True,,,1e-06,5,arithmetic_mean,1.0072024955513996,"[0.01400025634765625,0.013982815551757812,0.01393788757324219,0.013990594482421875,0.014038275146484374]",,,,,not_measured,not_measured,,nan,nan,1098,energy_autograd,energy_forces_charge_gradients,True,True,False,0.09646306931972504,13.84500026702881,2.842170943040401e-14,0.32259326452181164,11.522008044276834,2.3981081257492542,1248,2.0,647,80516096,2,"{""compute_capability"":""9.0"",""driver"":""unavailable"",""memory_bytes"":102132088832,""name"":""NVIDIA H100""}","{""cuda"":""13.0"",""git_head"":""7db753be5b014476cd3ab0207173a55d6730fb14"",""jax"":""0.11.2"",""jaxlib"":""0.11.2"",""nvalchemi_toolkit_ops"":""0.5.0"",""python"":""3.12.3"",""source_sha256"":""0796a4ffc622cdc7ab846f2e8cf88b0b52fccae4dcfe32a3140b3bb9818aab8e"",""torch"":""2.14.0+cu130"",""warp"":""1.17.0""}","{""gpu_uuid"":""e8b1f776-3e7d-8391-c1b5-79a044e95420"",""host"":""s4124-0117""}","{""JAX_DISABLE_JIT"":""<unset>"",""JAX_DISABLE_JIT_ACTUAL"":""<not-imported>"",""JAX_ENABLE_X64"":""1"",""JAX_ENABLE_X64_ACTUAL"":""<not-imported>"",""JAX_PLATFORMS"":""<unset>"",""TF_GPU_ALLOCATOR"":""<unset>"",""XLA_FLAGS"":""<unset>"",""XLA_PYTHON_CLIENT_ALLOCATOR"":""<unset>"",""XLA_PYTHON_CLIENT_MEM_FRACTION"":""0.95"",""XLA_PYTHON_CLIENT_PREALLOCATE"":""<unset>""}","{""artifacts"":{""nh3_pdb_1024"":{""bytes"":83199,""sha256"":""cb99e65c2024c8b1a80a7ea1f4ff5b23ef76a5d153a2caeb4a0e3077b5239135"",""state"":""file""},""nh3_pdb_128"":{""bytes"":10623,""sha256"":""4b48182856ba92449fa52b61bf2f95c6ce28937a3cb3da6aec4f131a1216c760"",""state"":""file""},""nh3_pdb_131072"":{""bytes"":10617087,""sha256"":""d454eb5e6e9fe717e1c12c22e3fc749189deae022de05b0f6f83f9f4501bbb52"",""state"":""file""},""nh3_pdb_16384"":{""bytes"":1327359,""sha256"":""07f5683974f6bdad6798104cf7de5ddb670704f71b7e28715d957805124196b8"",""state"":""file""},""nh3_pdb_2048"":{""bytes"":166143,""sha256"":""7171f9c4d6bf3c819f96ddd11877441961f43096057863d0607070d97c5e5a16"",""state"":""file""},""nh3_pdb_256"":{""bytes"":20991,""sha256"":""870d35ef9d654b395f8eefcd897e002ff41b1327475879ff5b955080ecb91ee0"",""state"":""file""},""nh3_pdb_32768"":{""bytes"":2654463,""sha256"":""a193ff7fc7793ae1c9121af48f694b9cff6974a63e67029053ab9312f86cb9cc"",""state"":""file""},""nh3_pdb_4096"":{""bytes"":332031,""sha256"":""e6d9ba2e0f95a04ebbeb61682dcf615982860aaa336140fee7ba55698f68175c"",""state"":""file""},""nh3_pdb_512"":{""bytes"":41727,""sha256"":""76e8d0d71fd3d49a1d14bb1fcd0689b08241620df41c90a904be29c85a67934e"",""state"":""file""},""nh3_pdb_65536"":{""bytes"":5308671,""sha256"":""a80e717b9abb39221c121bf3137135662e1b3c727e705e8f01e651720acd6dcc"",""state"":""file""},""nh3_pdb_8192"":{""bytes"":663807,""sha256"":""b0664469d3a8e84f71fbd848f1f0ffaca2cee3f4fd2100ed10f398e7c19a27e6"",""state"":""file""}},""metadata"":{""benchmark"":""el""}}",da2e3992-31bf-4906-ae02-d3747f02a55a,,,,,,,,,,,,,,,,,,
nh3,batch_scaling,ewald,torch,8192,1,8192,1.0499397106468678,952435.639741543,579.82373046875,1.13224458694458,10,3,torch_cuda_events,warmup_excluded,True,,,1e-06,5,arithmetic_mean,1.0004673772788635,"[0.008602086639404297,0.008601062774658202,0.00859940185546875,0.008603421020507812,0.00859955825805664]",,,,,not_measured,not_measured,,nan,nan,4630,energy_autograd,energy_forces_charge_gradients,True,True,False,0.09645736962556839,43.95600128173828,9.094947017729282e-13,0.18104578414850428,20.5302885473489,1.345866184598588,7008,2.0,3752,28687624,2,"{""compute_capability"":""9.0"",""driver"":""unavailable"",""memory_bytes"":102132088832,""name"":""NVIDIA H100""}","{""cuda"":""13.0"",""git_head"":""7db753be5b014476cd3ab0207173a55d6730fb14"",""jax"":""0.11.2"",""jaxlib"":""0.11.2"",""nvalchemi_toolkit_ops"":""0.5.0"",""python"":""3.12.3"",""source_sha256"":""0796a4ffc622cdc7ab846f2e8cf88b0b52fccae4dcfe32a3140b3bb9818aab8e"",""torch"":""2.14.0+cu130"",""warp"":""1.17.0""}","{""gpu_uuid"":""e8b1f776-3e7d-8391-c1b5-79a044e95420"",""host"":""s4124-0117""}","{""JAX_DISABLE_JIT"":""<unset>"",""JAX_DISABLE_JIT_ACTUAL"":""<not-imported>"",""JAX_ENABLE_X64"":""1"",""JAX_ENABLE_X64_ACTUAL"":""<not-imported>"",""JAX_PLATFORMS"":""<unset>"",""TF_GPU_ALLOCATOR"":""<unset>"",""XLA_FLAGS"":""<unset>"",""XLA_PYTHON_CLIENT_ALLOCATOR"":""<unset>"",""XLA_PYTHON_CLIENT_MEM_FRACTION"":""0.95"",""XLA_PYTHON_CLIENT_PREALLOCATE"":""<unset>""}","{""artifacts"":{""nh3_pdb_1024"":{""bytes"":83199,""sha256"":""cb99e65c2024c8b1a80a7ea1f4ff5b23ef76a5d153a2caeb4a0e3077b5239135"",""state"":""file""},""nh3_pdb_128"":{""bytes"":10623,""sha256"":""4b48182856ba92449fa52b61bf2f95c6ce28937a3cb3da6aec4f131a1216c760"",""state"":""file""},""nh3_pdb_131072"":{""bytes"":10617087,""sha256"":""d454eb5e6e9fe717e1c12c22e3fc749189deae022de05b0f6f83f9f4501bbb52"",""state"":""file""},""nh3_pdb_16384"":{""bytes"":1327359,""sha256"":""07f5683974f6bdad6798104cf7de5ddb670704f71b7e28715d957805124196b8"",""state"":""file""},""nh3_pdb_2048"":{""bytes"":166143,""sha256"":""7171f9c4d6bf3c819f96ddd11877441961f43096057863d0607070d97c5e5a16"",""state"":""file""},""nh3_pdb_256"":{""bytes"":20991,""sha256"":""870d35ef9d654b395f8eefcd897e002ff41b1327475879ff5b955080ecb91ee0"",""state"":""file""},""nh3_pdb_32768"":{""bytes"":2654463,""sha256"":""a193ff7fc7793ae1c9121af48f694b9cff6974a63e67029053ab9312f86cb9cc"",""state"":""file""},""nh3_pdb_4096"":{""bytes"":332031,""sha256"":""e6d9ba2e0f95a04ebbeb61682dcf615982860aaa336140fee7ba55698f68175c"",""state"":""file""},""nh3_pdb_512"":{""bytes"":41727,""sha256"":""76e8d0d71fd3d49a1d14bb1fcd0689b08241620df41c90a904be29c85a67934e"",""state"":""file""},""nh3_pdb_65536"":{""bytes"":5308671,""sha256"":""a80e717b9abb39221c121bf3137135662e1b3c727e705e8f01e651720acd6dcc"",""state"":""file""},""nh3_pdb_8192"":{""bytes"":663807,""sha256"":""b0664469d3a8e84f71fbd848f1f0ffaca2cee3f4fd2100ed10f398e7c19a27e6"",""state"":""file""}},""metadata"":{""benchmark"":""el""}}",da2e3992-31bf-4906-ae02-d3747f02a55a,,,,,,,,,,,,,,,,,,
nh3,batch_scaling,ewald,torch,8192,2,16384,0.5596056208014488,1786972.7587221742,1159.64404296875,2.233487606048584,10,3,torch_cuda_events,warmup_excluded,True,,,1e-06,5,arithmetic_mean,1.0012414239468193,"[0.009167823791503906,0.00917519989013672,0.009164144134521485,0.009171900939941406,0.009163823699951171]",,,,,not_measured,not_measured,,nan,nan,4630,energy_autograd,energy_forces_charge_gradients,True,True,False,0.09645736962556839,43.95600128173828,9.094947017729282e-13,0.18104578414850428,20.5302885473489,1.345866184598588,7008,2.0,3752,57375248,2,"{""compute_capability"":""9.0"",""driver"":""unavailable"",""memory_bytes"":102132088832,""name"":""NVIDIA H100""}","{""cuda"":""13.0"",""git_head"":""7db753be5b014476cd3ab0207173a55d6730fb14"",""jax"":""0.11.2"",""jaxlib"":""0.11.2"",""nvalchemi_toolkit_ops"":""0.5.0"",""python"":""3.12.3"",""source_sha256"":""0796a4ffc622cdc7ab846f2e8cf88b0b52fccae4dcfe32a3140b3bb9818aab8e"",""torch"":""2.14.0+cu130"",""warp"":""1.17.0""}","{""gpu_uuid"":""e8b1f776-3e7d-8391-c1b5-79a044e95420"",""host"":""s4124-0117""}","{""JAX_DISABLE_JIT"":""<unset>"",""JAX_DISABLE_JIT_ACTUAL"":""<not-imported>"",""JAX_ENABLE_X64"":""1"",""JAX_ENABLE_X64_ACTUAL"":""<not-imported>"",""JAX_PLATFORMS"":""<unset>"",""TF_GPU_ALLOCATOR"":""<unset>"",""XLA_FLAGS"":""<unset>"",""XLA_PYTHON_CLIENT_ALLOCATOR"":""<unset>"",""XLA_PYTHON_CLIENT_MEM_FRACTION"":""0.95"",""XLA_PYTHON_CLIENT_PREALLOCATE"":""<unset>""}","{""artifacts"":{""nh3_pdb_1024"":{""bytes"":83199,""sha256"":""cb99e65c2024c8b1a80a7ea1f4ff5b23ef76a5d153a2caeb4a0e3077b5239135"",""state"":""file""},""nh3_pdb_128"":{""bytes"":10623,""sha256"":""4b48182856ba92449fa52b61bf2f95c6ce28937a3cb3da6aec4f131a1216c760"",""state"":""file""},""nh3_pdb_131072"":{""bytes"":10617087,""sha256"":""d454eb5e6e9fe717e1c12c22e3fc749189deae022de05b0f6f83f9f4501bbb52"",""state"":""file""},""nh3_pdb_16384"":{""bytes"":1327359,""sha256"":""07f5683974f6bdad6798104cf7de5ddb670704f71b7e28715d957805124196b8"",""state"":""file""},""nh3_pdb_2048"":{""bytes"":166143,""sha256"":""7171f9c4d6bf3c819f96ddd11877441961f43096057863d0607070d97c5e5a16"",""state"":""file""},""nh3_pdb_256"":{""bytes"":20991,""sha256"":""870d35ef9d654b395f8eefcd897e002ff41b1327475879ff5b955080ecb91ee0"",""state"":""file""},""nh3_pdb_32768"":{""bytes"":2654463,""sha256"":""a193ff7fc7793ae1c9121af48f694b9cff6974a63e67029053ab9312f86cb9cc"",""state"":""file""},""nh3_pdb_4096"":{""bytes"":332031,""sha256"":""e6d9ba2e0f95a04ebbeb61682dcf615982860aaa336140fee7ba55698f68175c"",""state"":""file""},""nh3_pdb_512"":{""bytes"":41727,""sha256"":""76e8d0d71fd3d49a1d14bb1fcd0689b08241620df41c90a904be29c85a67934e"",""state"":""file""},""nh3_pdb_65536"":{""bytes"":5308671,""sha256"":""a80e717b9abb39221c121bf3137135662e1b3c727e705e8f01e651720acd6dcc"",""state"":""file""},""nh3_pdb_8192"":{""bytes"":663807,""sha256"":""b0664469d3a8e84f71fbd848f1f0ffaca2cee3f4fd2100ed10f398e7c19a27e6"",""state"":""file""}},""metadata"":{""benchmark"":""el""}}",da2e3992-31bf-4906-ae02-d3747f02a55a,,,,,,,,,,,,,,,,,,
nh3,batch_scaling,ewald,torch,8192,4,32768,0.3572956612333655,2798802.5282704346,2319.28564453125,4.435719966888428,10,3,torch_cuda_events,warmup_excluded,True,,,1e-06,5,arithmetic_mean,1.0118988627793906,"[0.011691487884521484,0.01171542739868164,0.011641324615478515,0.011711238098144531,0.011779843139648437]",,,,,not_measured,not_measured,,nan,nan,4630,energy_autograd,energy_forces_charge_gradients,True,True,False,0.09645736962556839,43.95600128173828,9.094947017729282e-13,0.18104578414850428,20.5302885473489,1.345866184598588,7008,2.0,3752,114750496,2,"{""compute_capability"":""9.0"",""driver"":""unavailable"",""memory_bytes"":102132088832,""name"":""NVIDIA H100""}","{""cuda"":""13.0"",""git_head"":""7db753be5b014476cd3ab0207173a55d6730fb14"",""jax"":""0.11.2"",""jaxlib"":""0.11.2"",""nvalchemi_toolkit_ops"":""0.5.0"",""python"":""3.12.3"",""source_sha256"":""0796a4ffc622cdc7ab846f2e8cf88b0b52fccae4dcfe32a3140b3bb9818aab8e"",""torch"":""2.14.0+cu130"",""warp"":""1.17.0""}","{""gpu_uuid"":""e8b1f776-3e7d-8391-c1b5-79a044e95420"",""host"":""s4124-0117""}","{""JAX_DISABLE_JIT"":""<unset>"",""JAX_DISABLE_JIT_ACTUAL"":""<not-imported>"",""JAX_ENABLE_X64"":""1"",""JAX_ENABLE_X64_ACTUAL"":""<not-imported>"",""JAX_PLATFORMS"":""<unset>"",""TF_GPU_ALLOCATOR"":""<unset>"",""XLA_FLAGS"":""<unset>"",""XLA_PYTHON_CLIENT_ALLOCATOR"":""<unset>"",""XLA_PYTHON_CLIENT_MEM_FRACTION"":""0.95"",""XLA_PYTHON_CLIENT_PREALLOCATE"":""<unset>""}","{""artifacts"":{""nh3_pdb_1024"":{""bytes"":83199,""sha256"":""cb99e65c2024c8b1a80a7ea1f4ff5b23ef76a5d153a2caeb4a0e3077b5239135"",""state"":""file""},""nh3_pdb_128"":{""bytes"":10623,""sha256"":""4b48182856ba92449fa52b61bf2f95c6ce28937a3cb3da6aec4f131a1216c760"",""state"":""file""},""nh3_pdb_131072"":{""bytes"":10617087,""sha256"":""d454eb5e6e9fe717e1c12c22e3fc749189deae022de05b0f6f83f9f4501bbb52"",""state"":""file""},""nh3_pdb_16384"":{""bytes"":1327359,""sha256"":""07f5683974f6bdad6798104cf7de5ddb670704f71b7e28715d957805124196b8"",""state"":""file""},""nh3_pdb_2048"":{""bytes"":166143,""sha256"":""7171f9c4d6bf3c819f96ddd11877441961f43096057863d0607070d97c5e5a16"",""state"":""file""},""nh3_pdb_256"":{""bytes"":20991,""sha256"":""870d35ef9d654b395f8eefcd897e002ff41b1327475879ff5b955080ecb91ee0"",""state"":""file""},""nh3_pdb_32768"":{""bytes"":2654463,""sha256"":""a193ff7fc7793ae1c9121af48f694b9cff6974a63e67029053ab9312f86cb9cc"",""state"":""file""},""nh3_pdb_4096"":{""bytes"":332031,""sha256"":""e6d9ba2e0f95a04ebbeb61682dcf615982860aaa336140fee7ba55698f68175c"",""state"":""file""},""nh3_pdb_512"":{""bytes"":41727,""sha256"":""76e8d0d71fd3d49a1d14bb1fcd0689b08241620df41c90a904be29c85a67934e"",""state"":""file""},""nh3_pdb_65536"":{""bytes"":5308671,""sha256"":""a80e717b9abb39221c121bf3137135662e1b3c727e705e8f01e651720acd6dcc"",""state"":""file""},""nh3_pdb_8192"":{""bytes"":663807,""sha256"":""b0664469d3a8e84f71fbd848f1f0ffaca2cee3f4fd2100ed10f398e7c19a27e6"",""state"":""file""}},""metadata"":{""benchmark"":""el""}}",da2e3992-31bf-4906-ae02-d3747f02a55a,,,,,,,,,,,,,,,,,,
nh3,batch_scaling,ewald,torch,8192,8,65536,0.3332826495170594,3000456.223715943,4638.63720703125,8.83923053741455,10,3,torch_cuda_events,warmup_excluded,True,,,1e-06,5,arithmetic_mean,1.0033125402469687,"[0.02187925720214844,0.021865225219726562,0.021815823364257813,0.02184273223876953,0.021807020568847656]",,,,,not_measured,not_measured,,nan,nan,4630,energy_autograd,energy_forces_charge_gradients,True,True,False,0.09645736962556839,43.95600128173828,9.094947017729282e-13,0.18104578414850428,20.5302885473489,1.345866184598588,7008,2.0,3752,229500992,2,"{""compute_capability"":""9.0"",""driver"":""unavailable"",""memory_bytes"":102132088832,""name"":""NVIDIA H100""}","{""cuda"":""13.0"",""git_head"":""7db753be5b014476cd3ab0207173a55d6730fb14"",""jax"":""0.11.2"",""jaxlib"":""0.11.2"",""nvalchemi_toolkit_ops"":""0.5.0"",""python"":""3.12.3"",""source_sha256"":""0796a4ffc622cdc7ab846f2e8cf88b0b52fccae4dcfe32a3140b3bb9818aab8e"",""torch"":""2.14.0+cu130"",""warp"":""1.17.0""}","{""gpu_uuid"":""e8b1f776-3e7d-8391-c1b5-79a044e95420"",""host"":""s4124-0117""}","{""JAX_DISABLE_JIT"":""<unset>"",""JAX_DISABLE_JIT_ACTUAL"":""<not-imported>"",""JAX_ENABLE_X64"":""1"",""JAX_ENABLE_X64_ACTUAL"":""<not-imported>"",""JAX_PLATFORMS"":""<unset>"",""TF_GPU_ALLOCATOR"":""<unset>"",""XLA_FLAGS"":""<unset>"",""XLA_PYTHON_CLIENT_ALLOCATOR"":""<unset>"",""XLA_PYTHON_CLIENT_MEM_FRACTION"":""0.95"",""XLA_PYTHON_CLIENT_PREALLOCATE"":""<unset>""}","{""artifacts"":{""nh3_pdb_1024"":{""bytes"":83199,""sha256"":""cb99e65c2024c8b1a80a7ea1f4ff5b23ef76a5d153a2caeb4a0e3077b5239135"",""state"":""file""},""nh3_pdb_128"":{""bytes"":10623,""sha256"":""4b48182856ba92449fa52b61bf2f95c6ce28937a3cb3da6aec4f131a1216c760"",""state"":""file""},""nh3_pdb_131072"":{""bytes"":10617087,""sha256"":""d454eb5e6e9fe717e1c12c22e3fc749189deae022de05b0f6f83f9f4501bbb52"",""state"":""file""},""nh3_pdb_16384"":{""bytes"":1327359,""sha256"":""07f5683974f6bdad6798104cf7de5ddb670704f71b7e28715d957805124196b8"",""state"":""file""},""nh3_pdb_2048"":{""bytes"":166143,""sha256"":""7171f9c4d6bf3c819f96ddd11877441961f43096057863d0607070d97c5e5a16"",""state"":""file""},""nh3_pdb_256"":{""bytes"":20991,""sha256"":""870d35ef9d654b395f8eefcd897e002ff41b1327475879ff5b955080ecb91ee0"",""state"":""file""},""nh3_pdb_32768"":{""bytes"":2654463,""sha256"":""a193ff7fc7793ae1c9121af48f694b9cff6974a63e67029053ab9312f86cb9cc"",""state"":""file""},""nh3_pdb_4096"":{""bytes"":332031,""sha256"":""e6d9ba2e0f95a04ebbeb61682dcf615982860aaa336140fee7ba55698f68175c"",""state"":""file""},""nh3_pdb_512"":{""bytes"":41727,""sha256"":""76e8d0d71fd3d49a1d14bb1fcd0689b08241620df41c90a904be29c85a67934e"",""state"":""file""},""nh3_pdb_65536"":{""bytes"":5308671,""sha256"":""a80e717b9abb39221c121bf3137135662e1b3c727e705e8f01e651720acd6dcc"",""state"":""file""},""nh3_pdb_8192"":{""bytes"":663807,""sha256"":""b0664469d3a8e84f71fbd848f1f0ffaca2cee3f4fd2100ed10f398e7c19a27e6"",""state"":""file""}},""metadata"":{""benchmark"":""el""}}",da2e3992-31bf-4906-ae02-d3747f02a55a,,,,,,,,,,,,,,,,,,
nh3,batch_scaling,ewald,torch,8192,16,131072,0.3097708662971854,3228192.5410010256,9277.13330078125,17.64716100692749,10,3,torch_cuda_events,warmup_excluded,True,,,1e-06,5,arithmetic_mean,1.0079618814841151,"[0.040631976318359374,0.04076626281738281,0.04060656433105469,0.04056238098144531,0.04044425048828125]",,,,,not_measured,not_measured,,nan,nan,4630,energy_autograd,energy_forces_charge_gradients,True,True,False,0.09645736962556839,43.95600128173828,9.094947017729282e-13,0.18104578414850428,20.5302885473489,1.345866184598588,7008,2.0,3752,459001984,2,"{""compute_capability"":""9.0"",""driver"":""unavailable"",""memory_bytes"":102132088832,""name"":""NVIDIA H100""}","{""cuda"":""13.0"",""git_head"":""7db753be5b014476cd3ab0207173a55d6730fb14"",""jax"":""0.11.2"",""jaxlib"":""0.11.2"",""nvalchemi_toolkit_ops"":""0.5.0"",""python"":""3.12.3"",""source_sha256"":""0796a4ffc622cdc7ab846f2e8cf88b0b52fccae4dcfe32a3140b3bb9818aab8e"",""torch"":""2.14.0+cu130"",""warp"":""1.17.0""}","{""gpu_uuid"":""e8b1f776-3e7d-8391-c1b5-79a044e95420"",""host"":""s4124-0117""}","{""JAX_DISABLE_JIT"":""<unset>"",""JAX_DISABLE_JIT_ACTUAL"":""<not-imported>"",""JAX_ENABLE_X64"":""1"",""JAX_ENABLE_X64_ACTUAL"":""<not-imported>"",""JAX_PLATFORMS"":""<unset>"",""TF_GPU_ALLOCATOR"":""<unset>"",""XLA_FLAGS"":""<unset>"",""XLA_PYTHON_CLIENT_ALLOCATOR"":""<unset>"",""XLA_PYTHON_CLIENT_MEM_FRACTION"":""0.95"",""XLA_PYTHON_CLIENT_PREALLOCATE"":""<unset>""}","{""artifacts"":{""nh3_pdb_1024"":{""bytes"":83199,""sha256"":""cb99e65c2024c8b1a80a7ea1f4ff5b23ef76a5d153a2caeb4a0e3077b5239135"",""state"":""file""},""nh3_pdb_128"":{""bytes"":10623,""sha256"":""4b48182856ba92449fa52b61bf2f95c6ce28937a3cb3da6aec4f131a1216c760"",""state"":""file""},""nh3_pdb_131072"":{""bytes"":10617087,""sha256"":""d454eb5e6e9fe717e1c12c22e3fc749189deae022de05b0f6f83f9f4501bbb52"",""state"":""file""},""nh3_pdb_16384"":{""bytes"":1327359,""sha256"":""07f5683974f6bdad6798104cf7de5ddb670704f71b7e28715d957805124196b8"",""state"":""file""},""nh3_pdb_2048"":{""bytes"":166143,""sha256"":""7171f9c4d6bf3c819f96ddd11877441961f43096057863d0607070d97c5e5a16"",""state"":""file""},""nh3_pdb_256"":{""bytes"":20991,""sha256"":""870d35ef9d654b395f8eefcd897e002ff41b1327475879ff5b955080ecb91ee0"",""state"":""file""},""nh3_pdb_32768"":{""bytes"":2654463,""sha256"":""a193ff7fc7793ae1c9121af48f694b9cff6974a63e67029053ab9312f86cb9cc"",""state"":""file""},""nh3_pdb_4096"":{""bytes"":332031,""sha256"":""e6d9ba2e0f95a04ebbeb61682dcf615982860aaa336140fee7ba55698f68175c"",""state"":""file""},""nh3_pdb_512"":{""bytes"":41727,""sha256"":""76e8d0d71fd3d49a1d14bb1fcd0689b08241620df41c90a904be29c85a67934e"",""state"":""file""},""nh3_pdb_65536"":{""bytes"":5308671,""sha256"":""a80e717b9abb39221c121bf3137135662e1b3c727e705e8f01e651720acd6dcc"",""state"":""file""},""nh3_pdb_8192"":{""bytes"":663807,""sha256"":""b0664469d3a8e84f71fbd848f1f0ffaca2cee3f4fd2100ed10f398e7c19a27e6"",""state"":""file""}},""metadata"":{""benchmark"":""el""}}",da2e3992-31bf-4906-ae02-d3747f02a55a,,,,,,,,,,,,,,,,,,
nh3,batch_scaling,pme,torch,256,1,256,7.972967475652695,125423.81529257857,0.2060546875,0.03290414810180664,10,3,torch_cuda_events,warmup_excluded,True,,,0.0001,5,arithmetic_mean,1.0368762517659098,"[0.00204531192779541,0.0020752191543579102,0.0020014144897460935,0.002009123229980469,0.0020743295669555665]",,,,,not_measured,not_measured,k_squared_only,nan,nan,,energy_autograd,energy_forces_charge_gradients,True,True,False,0.09646306931972504,13.84500026702881,2.842170943040401e-14,0.3372060287522547,9.0,,592,2.0,319,75468,2,"{""compute_capability"":""9.0"",""driver"":""unavailable"",""memory_bytes"":99996401664,""name"":""NVIDIA H100 NVL""}","{""cuda"":""13.0"",""git_head"":""unavailable"",""jax"":""0.11.2"",""jaxlib"":""0.11.2"",""nvalchemi_toolkit_ops"":""0.5.0"",""python"":""3.12.3"",""source_sha256"":""4dfd278da46af31f54f8b7671e891073f8b10f8fa2cb28e7cf92bfeddd543638"",""torch"":""2.14.0+cu130"",""warp"":""1.17.0""}","{""gpu_uuid"":""c0995d85-1dea-1b19-7e58-9baa33a5f384"",""host"":""a1u1g-mil-0576""}","{""JAX_DISABLE_JIT"":""<unset>"",""JAX_DISABLE_JIT_ACTUAL"":""<not-imported>"",""JAX_ENABLE_X64"":""1"",""JAX_ENABLE_X64_ACTUAL"":""<not-imported>"",""JAX_PLATFORMS"":""<unset>"",""TF_GPU_ALLOCATOR"":""<unset>"",""XLA_FLAGS"":""<unset>"",""XLA_PYTHON_CLIENT_ALLOCATOR"":""<unset>"",""XLA_PYTHON_CLIENT_MEM_FRACTION"":""0.95"",""XLA_PYTHON_CLIENT_PREALLOCATE"":""<unset>""}","{""artifacts"":{""nh3_pdb_1024"":{""bytes"":83199,""sha256"":""cb99e65c2024c8b1a80a7ea1f4ff5b23ef76a5d153a2caeb4a0e3077b5239135"",""state"":""file""},""nh3_pdb_128"":{""bytes"":10623,""sha256"":""4b48182856ba92449fa52b61bf2f95c6ce28937a3cb3da6aec4f131a1216c760"",""state"":""file""},""nh3_pdb_131072"":{""bytes"":10617087,""sha256"":""d454eb5e6e9fe717e1c12c22e3fc749189deae022de05b0f6f83f9f4501bbb52"",""state"":""file""},""nh3_pdb_16384"":{""bytes"":1327359,""sha256"":""07f5683974f6bdad6798104cf7de5ddb670704f71b7e28715d957805124196b8"",""state"":""file""},""nh3_pdb_2048"":{""bytes"":166143,""sha256"":""7171f9c4d6bf3c819f96ddd11877441961f43096057863d0607070d97c5e5a16"",""state"":""file""},""nh3_pdb_256"":{""bytes"":20991,""sha256"":""870d35ef9d654b395f8eefcd897e002ff41b1327475879ff5b955080ecb91ee0"",""state"":""file""},""nh3_pdb_32768"":{""bytes"":2654463,""sha256"":""a193ff7fc7793ae1c9121af48f694b9cff6974a63e67029053ab9312f86cb9cc"",""state"":""file""},""nh3_pdb_4096"":{""bytes"":332031,""sha256"":""e6d9ba2e0f95a04ebbeb61682dcf615982860aaa336140fee7ba55698f68175c"",""state"":""file""},""nh3_pdb_512"":{""bytes"":41727,""sha256"":""76e8d0d71fd3d49a1d14bb1fcd0689b08241620df41c90a904be29c85a67934e"",""state"":""file""},""nh3_pdb_65536"":{""bytes"":5308671,""sha256"":""a80e717b9abb39221c121bf3137135662e1b3c727e705e8f01e651720acd6dcc"",""state"":""file""},""nh3_pdb_8192"":{""bytes"":663807,""sha256"":""b0664469d3a8e84f71fbd848f1f0ffaca2cee3f4fd2100ed10f398e7c19a27e6"",""state"":""file""}},""metadata"":{""benchmark"":""el""}}",ec9f9176-c20b-4c6b-a2d3-efae9282f598,,,20,20,20,4400,5,f3f5cdbe96483ca313d4ae3e3d1d1dd88fc1d6343793b6aa57305a628e5ead56,"{""batch_idx"":""int32"",""cell"":""float64"",""charges"":""float64"",""pbc"":""bool"",""positions"":""float64""}",capped_upstream_estimate,bounded_power_two_then_four_fft_snap,0.25,9.0,single_case,4e58a2e9fa72736adb36ec90791c46b626d69fb0e9c5ddf901d8cb4127b113f1,8.63867907000531,,
nh3,batch_scaling,pme,torch,256,1,256,8.134894967079163,122927.21713640643,8.19775390625,0.04168272018432617,10,3,torch_cuda_events,warmup_excluded,True,,,1e-06,5,arithmetic_mean,1.0602190461195238,"[0.002153852844238281,0.002094220733642578,0.002079871940612793,0.0020315168380737303,0.0020532032012939455]",,,,,not_measured,not_measured,k_squared_only,nan,nan,,energy_autograd,energy_forces_charge_gradients,True,True,False,0.09646306931972504,13.84500026702881,2.842170943040401e-14,0.4129913543166487,9.0,,592,2.0,319,75468,2,"{""compute_capability"":""9.0"",""driver"":""unavailable"",""memory_bytes"":99996401664,""name"":""NVIDIA H100 NVL""}","{""cuda"":""13.0"",""git_head"":""unavailable"",""jax"":""0.11.2"",""jaxlib"":""0.11.2"",""nvalchemi_toolkit_ops"":""0.5.0"",""python"":""3.12.3"",""source_sha256"":""4dfd278da46af31f54f8b7671e891073f8b10f8fa2cb28e7cf92bfeddd543638"",""torch"":""2.14.0+cu130"",""warp"":""1.17.0""}","{""gpu_uuid"":""c0995d85-1dea-1b19-7e58-9baa33a5f384"",""host"":""a1u1g-mil-0576""}","{""JAX_DISABLE_JIT"":""<unset>"",""JAX_DISABLE_JIT_ACTUAL"":""<not-imported>"",""JAX_ENABLE_X64"":""1"",""JAX_ENABLE_X64_ACTUAL"":""<not-imported>"",""JAX_PLATFORMS"":""<unset>"",""TF_GPU_ALLOCATOR"":""<unset>"",""XLA_FLAGS"":""<unset>"",""XLA_PYTHON_CLIENT_ALLOCATOR"":""<unset>"",""XLA_PYTHON_CLIENT_MEM_FRACTION"":""0.95"",""XLA_PYTHON_CLIENT_PREALLOCATE"":""<unset>""}","{""artifacts"":{""nh3_pdb_1024"":{""bytes"":83199,""sha256"":""cb99e65c2024c8b1a80a7ea1f4ff5b23ef76a5d153a2caeb4a0e3077b5239135"",""state"":""file""},""nh3_pdb_128"":{""bytes"":10623,""sha256"":""4b48182856ba92449fa52b61bf2f95c6ce28937a3cb3da6aec4f131a1216c760"",""state"":""file""},""nh3_pdb_131072"":{""bytes"":10617087,""sha256"":""d454eb5e6e9fe717e1c12c22e3fc749189deae022de05b0f6f83f9f4501bbb52"",""state"":""file""},""nh3_pdb_16384"":{""bytes"":1327359,""sha256"":""07f5683974f6bdad6798104cf7de5ddb670704f71b7e28715d957805124196b8"",""state"":""file""},""nh3_pdb_2048"":{""bytes"":166143,""sha256"":""7171f9c4d6bf3c819f96ddd11877441961f43096057863d0607070d97c5e5a16"",""state"":""file""},""nh3_pdb_256"":{""bytes"":20991,""sha256"":""870d35ef9d654b395f8eefcd897e002ff41b1327475879ff5b955080ecb91ee0"",""state"":""file""},""nh3_pdb_32768"":{""bytes"":2654463,""sha256"":""a193ff7fc7793ae1c9121af48f694b9cff6974a63e67029053ab9312f86cb9cc"",""state"":""file""},""nh3_pdb_4096"":{""bytes"":332031,""sha256"":""e6d9ba2e0f95a04ebbeb61682dcf615982860aaa336140fee7ba55698f68175c"",""state"":""file""},""nh3_pdb_512"":{""bytes"":41727,""sha256"":""76e8d0d71fd3d49a1d14bb1fcd0689b08241620df41c90a904be29c85a67934e"",""state"":""file""},""nh3_pdb_65536"":{""bytes"":5308671,""sha256"":""a80e717b9abb39221c121bf3137135662e1b3c727e705e8f01e651720acd6dcc"",""state"":""file""},""nh3_pdb_8192"":{""bytes"":663807,""sha256"":""b0664469d3a8e84f71fbd848f1f0ffaca2cee3f4fd2100ed10f398e7c19a27e6"",""state"":""file""}},""metadata"":{""benchmark"":""el""}}",ec9f9176-c20b-4c6b-a2d3-efae9282f598,,,64,64,64,135168,5,f3f5cdbe96483ca313d4ae3e3d1d1dd88fc1d6343793b6aa57305a628e5ead56,"{""batch_idx"":""int32"",""cell"":""float64"",""charges"":""float64"",""pbc"":""bool"",""positions"":""float64""}",capped_upstream_estimate,bounded_power_two_then_four_fft_snap,0.25,9.0,single_case,4e58a2e9fa72736adb36ec90791c46b626d69fb0e9c5ddf901d8cb4127b113f1,5.329897301999154,,
nh3,batch_scaling,pme,torch,256,2,512,4.1502974182367325,240946.5874917594,0.544921875,0.0346832275390625,10,3,torch_cuda_events,warmup_excluded,True,,,0.0001,5,arithmetic_mean,1.0558189735927,"[0.002203526306152344,0.0021300224304199216,0.002109014320373535,0.0020870304107666014,0.0020951679229736326]",,,,,not_measured,not_measured,shared_cell_k_squared,nan,nan,,energy_autograd,energy_forces_charge_gradients,True,True,False,0.09646306931972504,13.84500026702881,2.842170943040401e-14,0.3372060287522547,9.0,,592,2.0,319,150936,2,"{""compute_capability"":""9.0"",""driver"":""unavailable"",""memory_bytes"":99996401664,""name"":""NVIDIA H100 NVL""}","{""cuda"":""13.0"",""git_head"":""unavailable"",""jax"":""0.11.2"",""jaxlib"":""0.11.2"",""nvalchemi_toolkit_ops"":""0.5.0"",""python"":""3.12.3"",""source_sha256"":""4dfd278da46af31f54f8b7671e891073f8b10f8fa2cb28e7cf92bfeddd543638"",""torch"":""2.14.0+cu130"",""warp"":""1.17.0""}","{""gpu_uuid"":""c0995d85-1dea-1b19-7e58-9baa33a5f384"",""host"":""a1u1g-mil-0576""}","{""JAX_DISABLE_JIT"":""<unset>"",""JAX_DISABLE_JIT_ACTUAL"":""<not-imported>"",""JAX_ENABLE_X64"":""1"",""JAX_ENABLE_X64_ACTUAL"":""<not-imported>"",""JAX_PLATFORMS"":""<unset>"",""TF_GPU_ALLOCATOR"":""<unset>"",""XLA_FLAGS"":""<unset>"",""XLA_PYTHON_CLIENT_ALLOCATOR"":""<unset>"",""XLA_PYTHON_CLIENT_MEM_FRACTION"":""0.95"",""XLA_PYTHON_CLIENT_PREALLOCATE"":""<unset>""}","{""artifacts"":{""nh3_pdb_1024"":{""bytes"":83199,""sha256"":""cb99e65c2024c8b1a80a7ea1f4ff5b23ef76a5d153a2caeb4a0e3077b5239135"",""state"":""file""},""nh3_pdb_128"":{""bytes"":10623,""sha256"":""4b48182856ba92449fa52b61bf2f95c6ce28937a3cb3da6aec4f131a1216c760"",""state"":""file""},""nh3_pdb_131072"":{""bytes"":10617087,""sha256"":""d454eb5e6e9fe717e1c12c22e3fc749189deae022de05b0f6f83f9f4501bbb52"",""state"":""file""},""nh3_pdb_16384"":{""bytes"":1327359,""sha256"":""07f5683974f6bdad6798104cf7de5ddb670704f71b7e28715d957805124196b8"",""state"":""file""},""nh3_pdb_2048"":{""bytes"":166143,""sha256"":""7171f9c4d6bf3c819f96ddd11877441961f43096057863d0607070d97c5e5a16"",""state"":""file""},""nh3_pdb_256"":{""bytes"":20991,""sha256"":""870d35ef9d654b395f8eefcd897e002ff41b1327475879ff5b955080ecb91ee0"",""state"":""file""},""nh3_pdb_32768"":{""bytes"":2654463,""sha256"":""a193ff7fc7793ae1c9121af48f694b9cff6974a63e67029053ab9312f86cb9cc"",""state"":""file""},""nh3_pdb_4096"":{""bytes"":332031,""sha256"":""e6d9ba2e0f95a04ebbeb61682dcf615982860aaa336140fee7ba55698f68175c"",""state"":""file""},""nh3_pdb_512"":{""bytes"":41727,""sha256"":""76e8d0d71fd3d49a1d14bb1fcd0689b08241620df41c90a904be29c85a67934e"",""state"":""file""},""nh3_pdb_65536"":{""bytes"":5308671,""sha256"":""a80e717b9abb39221c121bf3137135662e1b3c727e705e8f01e651720acd6dcc"",""state"":""file""},""nh3_pdb_8192"":{""bytes"":663807,""sha256"":""b0664469d3a8e84f71fbd848f1f0ffaca2cee3f4fd2100ed10f398e7c19a27e6"",""state"":""file""}},""metadata"":{""benchmark"":""el""}}",ec9f9176-c20b-4c6b-a2d3-efae9282f598,,,20,20,20,4400,5,2ea885803eac9b4a97a7280c553809c7525d3f6ed823bd7d0ff0d04178e53e63,"{""batch_idx"":""int32"",""cell"":""float64"",""charges"":""float64"",""pbc"":""bool"",""positions"":""float64""}",capped_upstream_estimate,bounded_power_two_then_four_fft_snap,0.25,9.0,single_case,4e58a2e9fa72736adb36ec90791c46b626d69fb0e9c5ddf901d8cb4127b113f1,4.8577034620102495,,
nh3,batch_scaling,pme,torch,256,2,512,4.214780032634735,237260.30593698192,16.640625,0.05235004425048828,10,3,torch_cuda_events,warmup_excluded,True,,,1e-06,5,arithmetic_mean,1.0586345316930788,"[0.002234579277038574,0.0021755712509155273,0.002148918342590332,0.0021199552536010744,0.002110812759399414]",,,,,not_measured,not_measured,shared_cell_k_squared,nan,nan,,energy_autograd,energy_forces_charge_gradients,True,True,False,0.09646306931972504,13.84500026702881,2.842170943040401e-14,0.4129913543166487,9.0,,592,2.0,319,150936,2,"{""compute_capability"":""9.0"",""driver"":""unavailable"",""memory_bytes"":99996401664,""name"":""NVIDIA H100 NVL""}","{""cuda"":""13.0"",""git_head"":""unavailable"",""jax"":""0.11.2"",""jaxlib"":""0.11.2"",""nvalchemi_toolkit_ops"":""0.5.0"",""python"":""3.12.3"",""source_sha256"":""4dfd278da46af31f54f8b7671e891073f8b10f8fa2cb28e7cf92bfeddd543638"",""torch"":""2.14.0+cu130"",""warp"":""1.17.0""}","{""gpu_uuid"":""c0995d85-1dea-1b19-7e58-9baa33a5f384"",""host"":""a1u1g-mil-0576""}","{""JAX_DISABLE_JIT"":""<unset>"",""JAX_DISABLE_JIT_ACTUAL"":""<not-imported>"",""JAX_ENABLE_X64"":""1"",""JAX_ENABLE_X64_ACTUAL"":""<not-imported>"",""JAX_PLATFORMS"":""<unset>"",""TF_GPU_ALLOCATOR"":""<unset>"",""XLA_FLAGS"":""<unset>"",""XLA_PYTHON_CLIENT_ALLOCATOR"":""<unset>"",""XLA_PYTHON_CLIENT_MEM_FRACTION"":""0.95"",""XLA_PYTHON_CLIENT_PREALLOCATE"":""<unset>""}","{""artifacts"":{""nh3_pdb_1024"":{""bytes"":83199,""sha256"":""cb99e65c2024c8b1a80a7ea1f4ff5b23ef76a5d153a2caeb4a0e3077b5239135"",""state"":""file""},""nh3_pdb_128"":{""bytes"":10623,""sha256"":""4b48182856ba92449fa52b61bf2f95c6ce28937a3cb3da6aec4f131a1216c760"",""state"":""file""},""nh3_pdb_131072"":{""bytes"":10617087,""sha256"":""d454eb5e6e9fe717e1c12c22e3fc749189deae022de05b0f6f83f9f4501bbb52"",""state"":""file""},""nh3_pdb_16384"":{""bytes"":1327359,""sha256"":""07f5683974f6bdad6798104cf7de5ddb670704f71b7e28715d957805124196b8"",""state"":""file""},""nh3_pdb_2048"":{""bytes"":166143,""sha256"":""7171f9c4d6bf3c819f96ddd11877441961f43096057863d0607070d97c5e5a16"",""state"":""file""},""nh3_pdb_256"":{""bytes"":20991,""sha256"":""870d35ef9d654b395f8eefcd897e002ff41b1327475879ff5b955080ecb91ee0"",""state"":""file""},""nh3_pdb_32768"":{""bytes"":2654463,""sha256"":""a193ff7fc7793ae1c9121af48f694b9cff6974a63e67029053ab9312f86cb9cc"",""state"":""file""},""nh3_pdb_4096"":{""bytes"":332031,""sha256"":""e6d9ba2e0f95a04ebbeb61682dcf615982860aaa336140fee7ba55698f68175c"",""state"":""file""},""nh3_pdb_512"":{""bytes"":41727,""sha256"":""76e8d0d71fd3d49a1d14bb1fcd0689b08241620df41c90a904be29c85a67934e"",""state"":""file""},""nh3_pdb_65536"":{""bytes"":5308671,""sha256"":""a80e717b9abb39221c121bf3137135662e1b3c727e705e8f01e651720acd6dcc"",""state"":""file""},""nh3_pdb_8192"":{""bytes"":663807,""sha256"":""b0664469d3a8e84f71fbd848f1f0ffaca2cee3f4fd2100ed10f398e7c19a27e6"",""state"":""file""}},""metadata"":{""benchmark"":""el""}}",ec9f9176-c20b-4c6b-a2d3-efae9282f598,,,64,64,64,135168,5,2ea885803eac9b4a97a7280c553809c7525d3f6ed823bd7d0ff0d04178e53e63,"{""batch_idx"":""int32"",""cell"":""float64"",""charges"":""float64"",""pbc"":""bool"",""positions"":""float64""}",capped_upstream_estimate,bounded_power_two_then_four_fft_snap,0.25,9.0,single_case,4e58a2e9fa72736adb36ec90791c46b626d69fb0e9c5ddf901d8cb4127b113f1,4.9220993839990115,,
nh3,batch_scaling,pme,torch,256,4,1024,2.0607981458306313,485248.8837993093,1.08935546875,0.03811073303222656,10,3,torch_cuda_events,warmup_excluded,True,,,0.0001,5,arithmetic_mean,1.0631098726013455,"[0.0022015968322753906,0.002113507270812988,0.002084467124938965,0.002080812835693359,0.002070902442932129]",,,,,not_measured,not_measured,shared_cell_k_squared,nan,nan,,energy_autograd,energy_forces_charge_gradients,True,True,False,0.09646306931972504,13.84500026702881,2.842170943040401e-14,0.3372060287522547,9.0,,592,2.0,319,301872,2,"{""compute_capability"":""9.0"",""driver"":""unavailable"",""memory_bytes"":99996401664,""name"":""NVIDIA H100 NVL""}","{""cuda"":""13.0"",""git_head"":""unavailable"",""jax"":""0.11.2"",""jaxlib"":""0.11.2"",""nvalchemi_toolkit_ops"":""0.5.0"",""python"":""3.12.3"",""source_sha256"":""4dfd278da46af31f54f8b7671e891073f8b10f8fa2cb28e7cf92bfeddd543638"",""torch"":""2.14.0+cu130"",""warp"":""1.17.0""}","{""gpu_uuid"":""c0995d85-1dea-1b19-7e58-9baa33a5f384"",""host"":""a1u1g-mil-0576""}","{""JAX_DISABLE_JIT"":""<unset>"",""JAX_DISABLE_JIT_ACTUAL"":""<not-imported>"",""JAX_ENABLE_X64"":""1"",""JAX_ENABLE_X64_ACTUAL"":""<not-imported>"",""JAX_PLATFORMS"":""<unset>"",""TF_GPU_ALLOCATOR"":""<unset>"",""XLA_FLAGS"":""<unset>"",""XLA_PYTHON_CLIENT_ALLOCATOR"":""<unset>"",""XLA_PYTHON_CLIENT_MEM_FRACTION"":""0.95"",""XLA_PYTHON_CLIENT_PREALLOCATE"":""<unset>""}","{""artifacts"":{""nh3_pdb_1024"":{""bytes"":83199,""sha256"":""cb99e65c2024c8b1a80a7ea1f4ff5b23ef76a5d153a2caeb4a0e3077b5239135"",""state"":""file""},""nh3_pdb_128"":{""bytes"":10623,""sha256"":""4b48182856ba92449fa52b61bf2f95c6ce28937a3cb3da6aec4f131a1216c760"",""state"":""file""},""nh3_pdb_131072"":{""bytes"":10617087,""sha256"":""d454eb5e6e9fe717e1c12c22e3fc749189deae022de05b0f6f83f9f4501bbb52"",""state"":""file""},""nh3_pdb_16384"":{""bytes"":1327359,""sha256"":""07f5683974f6bdad6798104cf7de5ddb670704f71b7e28715d957805124196b8"",""state"":""file""},""nh3_pdb_2048"":{""bytes"":166143,""sha256"":""7171f9c4d6bf3c819f96ddd11877441961f43096057863d0607070d97c5e5a16"",""state"":""file""},""nh3_pdb_256"":{""bytes"":20991,""sha256"":""870d35ef9d654b395f8eefcd897e002ff41b1327475879ff5b955080ecb91ee0"",""state"":""file""},""nh3_pdb_32768"":{""bytes"":2654463,""sha256"":""a193ff7fc7793ae1c9121af48f694b9cff6974a63e67029053ab9312f86cb9cc"",""state"":""file""},""nh3_pdb_4096"":{""bytes"":332031,""sha256"":""e6d9ba2e0f95a04ebbeb61682dcf615982860aaa336140fee7ba55698f68175c"",""state"":""file""},""nh3_pdb_512"":{""bytes"":41727,""sha256"":""76e8d0d71fd3d49a1d14bb1fcd0689b08241620df41c90a904be29c85a67934e"",""state"":""file""},""nh3_pdb_65536"":{""bytes"":5308671,""sha256"":""a80e717b9abb39221c121bf3137135662e1b3c727e705e8f01e651720acd6dcc"",""state"":""file""},""nh3_pdb_8192"":{""bytes"":663807,""sha256"":""b0664469d3a8e84f71fbd848f1f0ffaca2cee3f4fd2100ed10f398e7c19a27e6"",""state"":""file""}},""metadata"":{""benchmark"":""el""}}",ec9f9176-c20b-4c6b-a2d3-efae9282f598,,,20,20,20,4400,5,7f437afa936abb40e5f032ffdd45b4a2d3f8f9ec56b4784c9bf2aefde9f9074f,"{""batch_idx"":""int32"",""cell"":""float64"",""charges"":""float64"",""pbc"":""bool"",""positions"":""float64""}",capped_upstream_estimate,bounded_power_two_then_four_fft_snap,0.25,9.0,single_case,4e58a2e9fa72736adb36ec90791c46b626d69fb0e9c5ddf901d8cb4127b113f1,4.883180646997062,,
nh3,batch_scaling,pme,torch,256,4,1024,2.0773418247699738,481384.4250744487,32.78955078125,0.07296514511108398,10,3,torch_cuda_events,warmup_excluded,True,,,1e-06,5,arithmetic_mean,1.094942940205172,"[0.002246780776977539,0.002140444755554199,0.002110479927062988,0.0020519615173339844,0.0020863231658935547]",,,,,not_measured,not_measured,shared_cell_k_squared,nan,nan,,energy_autograd,energy_forces_charge_gradients,True,True,False,0.09646306931972504,13.84500026702881,2.842170943040401e-14,0.4129913543166487,9.0,,592,2.0,319,301872,2,"{""compute_capability"":""9.0"",""driver"":""unavailable"",""memory_bytes"":99996401664,""name"":""NVIDIA H100 NVL""}","{""cuda"":""13.0"",""git_head"":""unavailable"",""jax"":""0.11.2"",""jaxlib"":""0.11.2"",""nvalchemi_toolkit_ops"":""0.5.0"",""python"":""3.12.3"",""source_sha256"":""4dfd278da46af31f54f8b7671e891073f8b10f8fa2cb28e7cf92bfeddd543638"",""torch"":""2.14.0+cu130"",""warp"":""1.17.0""}","{""gpu_uuid"":""c0995d85-1dea-1b19-7e58-9baa33a5f384"",""host"":""a1u1g-mil-0576""}","{""JAX_DISABLE_JIT"":""<unset>"",""JAX_DISABLE_JIT_ACTUAL"":""<not-imported>"",""JAX_ENABLE_X64"":""1"",""JAX_ENABLE_X64_ACTUAL"":""<not-imported>"",""JAX_PLATFORMS"":""<unset>"",""TF_GPU_ALLOCATOR"":""<unset>"",""XLA_FLAGS"":""<unset>"",""XLA_PYTHON_CLIENT_ALLOCATOR"":""<unset>"",""XLA_PYTHON_CLIENT_MEM_FRACTION"":""0.95"",""XLA_PYTHON_CLIENT_PREALLOCATE"":""<unset>""}","{""artifacts"":{""nh3_pdb_1024"":{""bytes"":83199,""sha256"":""cb99e65c2024c8b1a80a7ea1f4ff5b23ef76a5d153a2caeb4a0e3077b5239135"",""state"":""file""},""nh3_pdb_128"":{""bytes"":10623,""sha256"":""4b48182856ba92449fa52b61bf2f95c6ce28937a3cb3da6aec4f131a1216c760"",""state"":""file""},""nh3_pdb_131072"":{""bytes"":10617087,""sha256"":""d454eb5e6e9fe717e1c12c22e3fc749189deae022de05b0f6f83f9f4501bbb52"",""state"":""file""},""nh3_pdb_16384"":{""bytes"":1327359,""sha256"":""07f5683974f6bdad6798104cf7de5ddb670704f71b7e28715d957805124196b8"",""state"":""file""},""nh3_pdb_2048"":{""bytes"":166143,""sha256"":""7171f9c4d6bf3c819f96ddd11877441961f43096057863d0607070d97c5e5a16"",""state"":""file""},""nh3_pdb_256"":{""bytes"":20991,""sha256"":""870d35ef9d654b395f8eefcd897e002ff41b1327475879ff5b955080ecb91ee0"",""state"":""file""},""nh3_pdb_32768"":{""bytes"":2654463,""sha256"":""a193ff7fc7793ae1c9121af48f694b9cff6974a63e67029053ab9312f86cb9cc"",""state"":""file""},""nh3_pdb_4096"":{""bytes"":332031,""sha256"":""e6d9ba2e0f95a04ebbeb61682dcf615982860aaa336140fee7ba55698f68175c"",""state"":""file""},""nh3_pdb_512"":{""bytes"":41727,""sha256"":""76e8d0d71fd3d49a1d14bb1fcd0689b08241620df41c90a904be29c85a67934e"",""state"":""file""},""nh3_pdb_65536"":{""bytes"":5308671,""sha256"":""a80e717b9abb39221c121bf3137135662e1b3c727e705e8f01e651720acd6dcc"",""state"":""file""},""nh3_pdb_8192"":{""bytes"":663807,""sha256"":""b0664469d3a8e84f71fbd848f1f0ffaca2cee3f4fd2100ed10f398e7c19a27e6"",""state"":""file""}},""metadata"":{""benchmark"":""el""}}",ec9f9176-c20b-4c6b-a2d3-efae9282f598,,,64,64,64,135168,5,7f437afa936abb40e5f032ffdd45b4a2d3f8f9ec56b4784c9bf2aefde9f9074f,"{""batch_idx"":""int32"",""cell"":""float64"",""charges"":""float64"",""pbc"":""bool"",""positions"":""float64""}",capped_upstream_estimate,bounded_power_two_then_four_fft_snap,0.25,9.0,single_case,4e58a2e9fa72736adb36ec90791c46b626d69fb0e9c5ddf901d8cb4127b113f1,5.581549633003306,,
nh3,batch_scaling,pme,torch,256,8,2048,1.0318790562450886,969105.821024129,2.1787109375,0.0449676513671875,10,3,torch_cuda_events,warmup_excluded,True,,,0.0001,5,arithmetic_mean,1.068394340422278,"[0.002201247978210449,0.0021124767303466797,0.0021050432205200194,0.0020603328704833983,0.00208734073638916]",,,,,not_measured,not_measured,shared_cell_k_squared,nan,nan,,energy_autograd,energy_forces_charge_gradients,True,True,False,0.09646306931972504,13.84500026702881,2.842170943040401e-14,0.3372060287522547,9.0,,592,2.0,319,603744,2,"{""compute_capability"":""9.0"",""driver"":""unavailable"",""memory_bytes"":99996401664,""name"":""NVIDIA H100 NVL""}","{""cuda"":""13.0"",""git_head"":""unavailable"",""jax"":""0.11.2"",""jaxlib"":""0.11.2"",""nvalchemi_toolkit_ops"":""0.5.0"",""python"":""3.12.3"",""source_sha256"":""4dfd278da46af31f54f8b7671e891073f8b10f8fa2cb28e7cf92bfeddd543638"",""torch"":""2.14.0+cu130"",""warp"":""1.17.0""}","{""gpu_uuid"":""c0995d85-1dea-1b19-7e58-9baa33a5f384"",""host"":""a1u1g-mil-0576""}","{""JAX_DISABLE_JIT"":""<unset>"",""JAX_DISABLE_JIT_ACTUAL"":""<not-imported>"",""JAX_ENABLE_X64"":""1"",""JAX_ENABLE_X64_ACTUAL"":""<not-imported>"",""JAX_PLATFORMS"":""<unset>"",""TF_GPU_ALLOCATOR"":""<unset>"",""XLA_FLAGS"":""<unset>"",""XLA_PYTHON_CLIENT_ALLOCATOR"":""<unset>"",""XLA_PYTHON_CLIENT_MEM_FRACTION"":""0.95"",""XLA_PYTHON_CLIENT_PREALLOCATE"":""<unset>""}","{""artifacts"":{""nh3_pdb_1024"":{""bytes"":83199,""sha256"":""cb99e65c2024c8b1a80a7ea1f4ff5b23ef76a5d153a2caeb4a0e3077b5239135"",""state"":""file""},""nh3_pdb_128"":{""bytes"":10623,""sha256"":""4b48182856ba92449fa52b61bf2f95c6ce28937a3cb3da6aec4f131a1216c760"",""state"":""file""},""nh3_pdb_131072"":{""bytes"":10617087,""sha256"":""d454eb5e6e9fe717e1c12c22e3fc749189deae022de05b0f6f83f9f4501bbb52"",""state"":""file""},""nh3_pdb_16384"":{""bytes"":1327359,""sha256"":""07f5683974f6bdad6798104cf7de5ddb670704f71b7e28715d957805124196b8"",""state"":""file""},""nh3_pdb_2048"":{""bytes"":166143,""sha256"":""7171f9c4d6bf3c819f96ddd11877441961f43096057863d0607070d97c5e5a16"",""state"":""file""},""nh3_pdb_256"":{""bytes"":20991,""sha256"":""870d35ef9d654b395f8eefcd897e002ff41b1327475879ff5b955080ecb91ee0"",""state"":""file""},""nh3_pdb_32768"":{""bytes"":2654463,""sha256"":""a193ff7fc7793ae1c9121af48f694b9cff6974a63e67029053ab9312f86cb9cc"",""state"":""file""},""nh3_pdb_4096"":{""bytes"":332031,""sha256"":""e6d9ba2e0f95a04ebbeb61682dcf615982860aaa336140fee7ba55698f68175c"",""state"":""file""},""nh3_pdb_512"":{""bytes"":41727,""sha256"":""76e8d0d71fd3d49a1d14bb1fcd0689b08241620df41c90a904be29c85a67934e"",""state"":""file""},""nh3_pdb_65536"":{""bytes"":5308671,""sha256"":""a80e717b9abb39221c121bf3137135662e1b3c727e705e8f01e651720acd6dcc"",""state"":""file""},""nh3_pdb_8192"":{""bytes"":663807,""sha256"":""b0664469d3a8e84f71fbd848f1f0ffaca2cee3f4fd2100ed10f398e7c19a27e6"",""state"":""file""}},""metadata"":{""benchmark"":""el""}}",ec9f9176-c20b-4c6b-a2d3-efae9282f598,,,20,20,20,4400,5,9c20b65a987c353db522f015050723f47f665c2ac3c8fc22f4a735264a4db5d6,"{""batch_idx"":""int32"",""cell"":""float64"",""charges"":""float64"",""pbc"":""bool"",""positions"":""float64""}",capped_upstream_estimate,bounded_power_two_then_four_fft_snap,0.25,9.0,single_case,4e58a2e9fa72736adb36ec90791c46b626d69fb0e9c5ddf901d8cb4127b113f1,4.859583493001992,,
nh3,batch_scaling,pme,torch,256,8,2048,1.0210231319069862,979409.7398481846,65.5791015625,0.11467647552490234,10,3,torch_cuda_events,warmup_excluded,True,,,1e-06,5,arithmetic_mean,1.0669835846477207,"[0.002175369644165039,0.0021043167114257813,0.0020947391510009765,0.0020388032913208004,0.0020420480728149414]",,,,,not_measured,not_measured,shared_cell_k_squared,nan,nan,,energy_autograd,energy_forces_charge_gradients,True,True,False,0.09646306931972504,13.84500026702881,2.842170943040401e-14,0.4129913543166487,9.0,,592,2.0,319,603744,2,"{""compute_capability"":""9.0"",""driver"":""unavailable"",""memory_bytes"":99996401664,""name"":""NVIDIA H100 NVL""}","{""cuda"":""13.0"",""git_head"":""unavailable"",""jax"":""0.11.2"",""jaxlib"":""0.11.2"",""nvalchemi_toolkit_ops"":""0.5.0"",""python"":""3.12.3"",""source_sha256"":""4dfd278da46af31f54f8b7671e891073f8b10f8fa2cb28e7cf92bfeddd543638"",""torch"":""2.14.0+cu130"",""warp"":""1.17.0""}","{""gpu_uuid"":""c0995d85-1dea-1b19-7e58-9baa33a5f384"",""host"":""a1u1g-mil-0576""}","{""JAX_DISABLE_JIT"":""<unset>"",""JAX_DISABLE_JIT_ACTUAL"":""<not-imported>"",""JAX_ENABLE_X64"":""1"",""JAX_ENABLE_X64_ACTUAL"":""<not-imported>"",""JAX_PLATFORMS"":""<unset>"",""TF_GPU_ALLOCATOR"":""<unset>"",""XLA_FLAGS"":""<unset>"",""XLA_PYTHON_CLIENT_ALLOCATOR"":""<unset>"",""XLA_PYTHON_CLIENT_MEM_FRACTION"":""0.95"",""XLA_PYTHON_CLIENT_PREALLOCATE"":""<unset>""}","{""artifacts"":{""nh3_pdb_1024"":{""bytes"":83199,""sha256"":""cb99e65c2024c8b1a80a7ea1f4ff5b23ef76a5d153a2caeb4a0e3077b5239135"",""state"":""file""},""nh3_pdb_128"":{""bytes"":10623,""sha256"":""4b48182856ba92449fa52b61bf2f95c6ce28937a3cb3da6aec4f131a1216c760"",""state"":""file""},""nh3_pdb_131072"":{""bytes"":10617087,""sha256"":""d454eb5e6e9fe717e1c12c22e3fc749189deae022de05b0f6f83f9f4501bbb52"",""state"":""file""},""nh3_pdb_16384"":{""bytes"":1327359,""sha256"":""07f5683974f6bdad6798104cf7de5ddb670704f71b7e28715d957805124196b8"",""state"":""file""},""nh3_pdb_2048"":{""bytes"":166143,""sha256"":""7171f9c4d6bf3c819f96ddd11877441961f43096057863d0607070d97c5e5a16"",""state"":""file""},""nh3_pdb_256"":{""bytes"":20991,""sha256"":""870d35ef9d654b395f8eefcd897e002ff41b1327475879ff5b955080ecb91ee0"",""state"":""file""},""nh3_pdb_32768"":{""bytes"":2654463,""sha256"":""a193ff7fc7793ae1c9121af48f694b9cff6974a63e67029053ab9312f86cb9cc"",""state"":""file""},""nh3_pdb_4096"":{""bytes"":332031,""sha256"":""e6d9ba2e0f95a04ebbeb61682dcf615982860aaa336140fee7ba55698f68175c"",""state"":""file""},""nh3_pdb_512"":{""bytes"":41727,""sha256"":""76e8d0d71fd3d49a1d14bb1fcd0689b08241620df41c90a904be29c85a67934e"",""state"":""file""},""nh3_pdb_65536"":{""bytes"":5308671,""sha256"":""a80e717b9abb39221c121bf3137135662e1b3c727e705e8f01e651720acd6dcc"",""state"":""file""},""nh3_pdb_8192"":{""bytes"":663807,""sha256"":""b0664469d3a8e84f71fbd848f1f0ffaca2cee3f4fd2100ed10f398e7c19a27e6"",""state"":""file""}},""metadata"":{""benchmark"":""el""}}",ec9f9176-c20b-4c6b-a2d3-efae9282f598,,,64,64,64,135168,5,9c20b65a987c353db522f015050723f47f665c2ac3c8fc22f4a735264a4db5d6,"{""batch_idx"":""int32"",""cell"":""float64"",""charges"":""float64"",""pbc"":""bool"",""positions"":""float64""}",capped_upstream_estimate,bounded_power_two_then_four_fft_snap,0.25,9.0,single_case,4e58a2e9fa72736adb36ec90791c46b626d69fb0e9c5ddf901d8cb4127b113f1,4.9130696460051695,,
nh3,batch_scaling,pme,torch,256,16,4096,0.5241440515965223,1907872.4578749659,4.8203125,0.05913209915161133,10,3,torch_cuda_events,warmup_excluded,True,,,0.0001,5,arithmetic_mean,1.0661512052426176,"[0.0022420255661010744,0.0021562143325805664,0.0021292991638183593,0.0021029151916503908,0.0021040159225463864]",,,,,not_measured,not_measured,shared_cell_k_squared,nan,nan,,energy_autograd,energy_forces_charge_gradients,True,True,False,0.09646306931972504,13.84500026702881,2.842170943040401e-14,0.3372060287522547,9.0,,592,2.0,319,1207488,2,"{""compute_capability"":""9.0"",""driver"":""unavailable"",""memory_bytes"":99996401664,""name"":""NVIDIA H100 NVL""}","{""cuda"":""13.0"",""git_head"":""unavailable"",""jax"":""0.11.2"",""jaxlib"":""0.11.2"",""nvalchemi_toolkit_ops"":""0.5.0"",""python"":""3.12.3"",""source_sha256"":""4dfd278da46af31f54f8b7671e891073f8b10f8fa2cb28e7cf92bfeddd543638"",""torch"":""2.14.0+cu130"",""warp"":""1.17.0""}","{""gpu_uuid"":""c0995d85-1dea-1b19-7e58-9baa33a5f384"",""host"":""a1u1g-mil-0576""}","{""JAX_DISABLE_JIT"":""<unset>"",""JAX_DISABLE_JIT_ACTUAL"":""<not-imported>"",""JAX_ENABLE_X64"":""1"",""JAX_ENABLE_X64_ACTUAL"":""<not-imported>"",""JAX_PLATFORMS"":""<unset>"",""TF_GPU_ALLOCATOR"":""<unset>"",""XLA_FLAGS"":""<unset>"",""XLA_PYTHON_CLIENT_ALLOCATOR"":""<unset>"",""XLA_PYTHON_CLIENT_MEM_FRACTION"":""0.95"",""XLA_PYTHON_CLIENT_PREALLOCATE"":""<unset>""}","{""artifacts"":{""nh3_pdb_1024"":{""bytes"":83199,""sha256"":""cb99e65c2024c8b1a80a7ea1f4ff5b23ef76a5d153a2caeb4a0e3077b5239135"",""state"":""file""},""nh3_pdb_128"":{""bytes"":10623,""sha256"":""4b48182856ba92449fa52b61bf2f95c6ce28937a3cb3da6aec4f131a1216c760"",""state"":""file""},""nh3_pdb_131072"":{""bytes"":10617087,""sha256"":""d454eb5e6e9fe717e1c12c22e3fc749189deae022de05b0f6f83f9f4501bbb52"",""state"":""file""},""nh3_pdb_16384"":{""bytes"":1327359,""sha256"":""07f5683974f6bdad6798104cf7de5ddb670704f71b7e28715d957805124196b8"",""state"":""file""},""nh3_pdb_2048"":{""bytes"":166143,""sha256"":""7171f9c4d6bf3c819f96ddd11877441961f43096057863d0607070d97c5e5a16"",""state"":""file""},""nh3_pdb_256"":{""bytes"":20991,""sha256"":""870d35ef9d654b395f8eefcd897e002ff41b1327475879ff5b955080ecb91ee0"",""state"":""file""},""nh3_pdb_32768"":{""bytes"":2654463,""sha256"":""a193ff7fc7793ae1c9121af48f694b9cff6974a63e67029053ab9312f86cb9cc"",""state"":""file""},""nh3_pdb_4096"":{""bytes"":332031,""sha256"":""e6d9ba2e0f95a04ebbeb61682dcf615982860aaa336140fee7ba55698f68175c"",""state"":""file""},""nh3_pdb_512"":{""bytes"":41727,""sha256"":""76e8d0d71fd3d49a1d14bb1fcd0689b08241620df41c90a904be29c85a67934e"",""state"":""file""},""nh3_pdb_65536"":{""bytes"":5308671,""sha256"":""a80e717b9abb39221c121bf3137135662e1b3c727e705e8f01e651720acd6dcc"",""state"":""file""},""nh3_pdb_8192"":{""bytes"":663807,""sha256"":""b0664469d3a8e84f71fbd848f1f0ffaca2cee3f4fd2100ed10f398e7c19a27e6"",""state"":""file""}},""metadata"":{""benchmark"":""el""}}",ec9f9176-c20b-4c6b-a2d3-efae9282f598,,,20,20,20,4400,5,6525accd98cdd6b4869b196c84c7f504ed1cb1e4e3177809d266a7e0669583aa,"{""batch_idx"":""int32"",""cell"":""float64"",""charges"":""float64"",""pbc"":""bool"",""positions"":""float64""}",capped_upstream_estimate,bounded_power_two_then_four_fft_snap,0.25,9.0,single_case,4e58a2e9fa72736adb36ec90791c46b626d69fb0e9c5ddf901d8cb4127b113f1,4.96870429100818,,
nh3,batch_scaling,pme,torch,256,16,4096,0.5134053062647581,1947778.855803858,134.15771484375,0.20102691650390625,10,3,torch_cuda_events,warmup_excluded,True,,,1e-06,5,arithmetic_mean,1.0579160230289149,"[0.0021819711685180663,0.002118988800048828,0.002085788726806641,0.002062518310546875,0.002065273666381836]",,,,,not_measured,not_measured,shared_cell_k_squared,nan,nan,,energy_autograd,energy_forces_charge_gradients,True,True,False,0.09646306931972504,13.84500026702881,2.842170943040401e-14,0.4129913543166487,9.0,,592,2.0,319,1207488,2,"{""compute_capability"":""9.0"",""driver"":""unavailable"",""memory_bytes"":99996401664,""name"":""NVIDIA H100 NVL""}","{""cuda"":""13.0"",""git_head"":""unavailable"",""jax"":""0.11.2"",""jaxlib"":""0.11.2"",""nvalchemi_toolkit_ops"":""0.5.0"",""python"":""3.12.3"",""source_sha256"":""4dfd278da46af31f54f8b7671e891073f8b10f8fa2cb28e7cf92bfeddd543638"",""torch"":""2.14.0+cu130"",""warp"":""1.17.0""}","{""gpu_uuid"":""c0995d85-1dea-1b19-7e58-9baa33a5f384"",""host"":""a1u1g-mil-0576""}","{""JAX_DISABLE_JIT"":""<unset>"",""JAX_DISABLE_JIT_ACTUAL"":""<not-imported>"",""JAX_ENABLE_X64"":""1"",""JAX_ENABLE_X64_ACTUAL"":""<not-imported>"",""JAX_PLATFORMS"":""<unset>"",""TF_GPU_ALLOCATOR"":""<unset>"",""XLA_FLAGS"":""<unset>"",""XLA_PYTHON_CLIENT_ALLOCATOR"":""<unset>"",""XLA_PYTHON_CLIENT_MEM_FRACTION"":""0.95"",""XLA_PYTHON_CLIENT_PREALLOCATE"":""<unset>""}","{""artifacts"":{""nh3_pdb_1024"":{""bytes"":83199,""sha256"":""cb99e65c2024c8b1a80a7ea1f4ff5b23ef76a5d153a2caeb4a0e3077b5239135"",""state"":""file""},""nh3_pdb_128"":{""bytes"":10623,""sha256"":""4b48182856ba92449fa52b61bf2f95c6ce28937a3cb3da6aec4f131a1216c760"",""state"":""file""},""nh3_pdb_131072"":{""bytes"":10617087,""sha256"":""d454eb5e6e9fe717e1c12c22e3fc749189deae022de05b0f6f83f9f4501bbb52"",""state"":""file""},""nh3_pdb_16384"":{""bytes"":1327359,""sha256"":""07f5683974f6bdad6798104cf7de5ddb670704f71b7e28715d957805124196b8"",""state"":""file""},""nh3_pdb_2048"":{""bytes"":166143,""sha256"":""7171f9c4d6bf3c819f96ddd11877441961f43096057863d0607070d97c5e5a16"",""state"":""file""},""nh3_pdb_256"":{""bytes"":20991,""sha256"":""870d35ef9d654b395f8eefcd897e002ff41b1327475879ff5b955080ecb91ee0"",""state"":""file""},""nh3_pdb_32768"":{""bytes"":2654463,""sha256"":""a193ff7fc7793ae1c9121af48f694b9cff6974a63e67029053ab9312f86cb9cc"",""state"":""file""},""nh3_pdb_4096"":{""bytes"":332031,""sha256"":""e6d9ba2e0f95a04ebbeb61682dcf615982860aaa336140fee7ba55698f68175c"",""state"":""file""},""nh3_pdb_512"":{""bytes"":41727,""sha256"":""76e8d0d71fd3d49a1d14bb1fcd0689b08241620df41c90a904be29c85a67934e"",""state"":""file""},""nh3_pdb_65536"":{""bytes"":5308671,""sha256"":""a80e717b9abb39221c121bf3137135662e1b3c727e705e8f01e651720acd6dcc"",""state"":""file""},""nh3_pdb_8192"":{""bytes"":663807,""sha256"":""b0664469d3a8e84f71fbd848f1f0ffaca2cee3f4fd2100ed10f398e7c19a27e6"",""state"":""file""}},""metadata"":{""benchmark"":""el""}}",ec9f9176-c20b-4c6b-a2d3-efae9282f598,,,64,64,64,135168,5,6525accd98cdd6b4869b196c84c7f504ed1cb1e4e3177809d266a7e0669583aa,"{""batch_idx"":""int32"",""cell"":""float64"",""charges"":""float64"",""pbc"":""bool"",""positions"":""float64""}",capped_upstream_estimate,bounded_power_two_then_four_fft_snap,0.25,9.0,single_case,4e58a2e9fa72736adb36ec90791c46b626d69fb0e9c5ddf901d8cb4127b113f1,5.379512026003795,,
nh3,batch_scaling,pme,torch,256,32,8192,0.26051148772239685,3838602.315555497,8.71337890625,0.0865931510925293,10,3,torch_cuda_events,warmup_excluded,True,,,0.0001,5,arithmetic_mean,1.0565173976202429,"[0.0022152448654174806,0.0021554336547851562,0.002096742439270019,0.002097648048400879,0.00210548152923584]",,,,,not_measured,not_measured,shared_cell_k_squared,nan,nan,,energy_autograd,energy_forces_charge_gradients,True,True,False,0.09646306931972504,13.84500026702881,2.842170943040401e-14,0.3372060287522547,9.0,,592,2.0,319,2414976,2,"{""compute_capability"":""9.0"",""driver"":""unavailable"",""memory_bytes"":99996401664,""name"":""NVIDIA H100 NVL""}","{""cuda"":""13.0"",""git_head"":""unavailable"",""jax"":""0.11.2"",""jaxlib"":""0.11.2"",""nvalchemi_toolkit_ops"":""0.5.0"",""python"":""3.12.3"",""source_sha256"":""4dfd278da46af31f54f8b7671e891073f8b10f8fa2cb28e7cf92bfeddd543638"",""torch"":""2.14.0+cu130"",""warp"":""1.17.0""}","{""gpu_uuid"":""c0995d85-1dea-1b19-7e58-9baa33a5f384"",""host"":""a1u1g-mil-0576""}","{""JAX_DISABLE_JIT"":""<unset>"",""JAX_DISABLE_JIT_ACTUAL"":""<not-imported>"",""JAX_ENABLE_X64"":""1"",""JAX_ENABLE_X64_ACTUAL"":""<not-imported>"",""JAX_PLATFORMS"":""<unset>"",""TF_GPU_ALLOCATOR"":""<unset>"",""XLA_FLAGS"":""<unset>"",""XLA_PYTHON_CLIENT_ALLOCATOR"":""<unset>"",""XLA_PYTHON_CLIENT_MEM_FRACTION"":""0.95"",""XLA_PYTHON_CLIENT_PREALLOCATE"":""<unset>""}","{""artifacts"":{""nh3_pdb_1024"":{""bytes"":83199,""sha256"":""cb99e65c2024c8b1a80a7ea1f4ff5b23ef76a5d153a2caeb4a0e3077b5239135"",""state"":""file""},""nh3_pdb_128"":{""bytes"":10623,""sha256"":""4b48182856ba92449fa52b61bf2f95c6ce28937a3cb3da6aec4f131a1216c760"",""state"":""file""},""nh3_pdb_131072"":{""bytes"":10617087,""sha256"":""d454eb5e6e9fe717e1c12c22e3fc749189deae022de05b0f6f83f9f4501bbb52"",""state"":""file""},""nh3_pdb_16384"":{""bytes"":1327359,""sha256"":""07f5683974f6bdad6798104cf7de5ddb670704f71b7e28715d957805124196b8"",""state"":""file""},""nh3_pdb_2048"":{""bytes"":166143,""sha256"":""7171f9c4d6bf3c819f96ddd11877441961f43096057863d0607070d97c5e5a16"",""state"":""file""},""nh3_pdb_256"":{""bytes"":20991,""sha256"":""870d35ef9d654b395f8eefcd897e002ff41b1327475879ff5b955080ecb91ee0"",""state"":""file""},""nh3_pdb_32768"":{""bytes"":2654463,""sha256"":""a193ff7fc7793ae1c9121af48f694b9cff6974a63e67029053ab9312f86cb9cc"",""state"":""file""},""nh3_pdb_4096"":{""bytes"":332031,""sha256"":""e6d9ba2e0f95a04ebbeb61682dcf615982860aaa336140fee7ba55698f68175c"",""state"":""file""},""nh3_pdb_512"":{""bytes"":41727,""sha256"":""76e8d0d71fd3d49a1d14bb1fcd0689b08241620df41c90a904be29c85a67934e"",""state"":""file""},""nh3_pdb_65536"":{""bytes"":5308671,""sha256"":""a80e717b9abb39221c121bf3137135662e1b3c727e705e8f01e651720acd6dcc"",""state"":""file""},""nh3_pdb_8192"":{""bytes"":663807,""sha256"":""b0664469d3a8e84f71fbd848f1f0ffaca2cee3f4fd2100ed10f398e7c19a27e6"",""state"":""file""}},""metadata"":{""benchmark"":""el""}}",ec9f9176-c20b-4c6b-a2d3-efae9282f598,,,20,20,20,4400,5,1a9e834e765c7138ce279a84e6bbbbd929fec016b867439c2ca4c1444c780f96,"{""batch_idx"":""int32"",""cell"":""float64"",""charges"":""float64"",""pbc"":""bool"",""positions"":""float64""}",capped_upstream_estimate,bounded_power_two_then_four_fft_snap,0.25,9.0,single_case,4e58a2e9fa72736adb36ec90791c46b626d69fb0e9c5ddf901d8cb4127b113f1,4.824675636002212,,
nh3,batch_scaling,pme,torch,256,32,8192,0.26075539179146284,3835011.782996006,262.31494140625,0.36493921279907227,10,3,torch_cuda_events,warmup_excluded,True,,,1e-06,5,arithmetic_mean,1.0568545462031143,"[0.002213039970397949,0.002161574363708496,0.0021136800765991213,0.002098259162902832,0.002093987274169922]",,,,,not_measured,not_measured,shared_cell_k_squared,nan,nan,,energy_autograd,energy_forces_charge_gradients,True,True,False,0.09646306931972504,13.84500026702881,2.842170943040401e-14,0.4129913543166487,9.0,,592,2.0,319,2414976,2,"{""compute_capability"":""9.0"",""driver"":""unavailable"",""memory_bytes"":99996401664,""name"":""NVIDIA H100 NVL""}","{""cuda"":""13.0"",""git_head"":""unavailable"",""jax"":""0.11.2"",""jaxlib"":""0.11.2"",""nvalchemi_toolkit_ops"":""0.5.0"",""python"":""3.12.3"",""source_sha256"":""4dfd278da46af31f54f8b7671e891073f8b10f8fa2cb28e7cf92bfeddd543638"",""torch"":""2.14.0+cu130"",""warp"":""1.17.0""}","{""gpu_uuid"":""c0995d85-1dea-1b19-7e58-9baa33a5f384"",""host"":""a1u1g-mil-0576""}","{""JAX_DISABLE_JIT"":""<unset>"",""JAX_DISABLE_JIT_ACTUAL"":""<not-imported>"",""JAX_ENABLE_X64"":""1"",""JAX_ENABLE_X64_ACTUAL"":""<not-imported>"",""JAX_PLATFORMS"":""<unset>"",""TF_GPU_ALLOCATOR"":""<unset>"",""XLA_FLAGS"":""<unset>"",""XLA_PYTHON_CLIENT_ALLOCATOR"":""<unset>"",""XLA_PYTHON_CLIENT_MEM_FRACTION"":""0.95"",""XLA_PYTHON_CLIENT_PREALLOCATE"":""<unset>""}","{""artifacts"":{""nh3_pdb_1024"":{""bytes"":83199,""sha256"":""cb99e65c2024c8b1a80a7ea1f4ff5b23ef76a5d153a2caeb4a0e3077b5239135"",""state"":""file""},""nh3_pdb_128"":{""bytes"":10623,""sha256"":""4b48182856ba92449fa52b61bf2f95c6ce28937a3cb3da6aec4f131a1216c760"",""state"":""file""},""nh3_pdb_131072"":{""bytes"":10617087,""sha256"":""d454eb5e6e9fe717e1c12c22e3fc749189deae022de05b0f6f83f9f4501bbb52"",""state"":""file""},""nh3_pdb_16384"":{""bytes"":1327359,""sha256"":""07f5683974f6bdad6798104cf7de5ddb670704f71b7e28715d957805124196b8"",""state"":""file""},""nh3_pdb_2048"":{""bytes"":166143,""sha256"":""7171f9c4d6bf3c819f96ddd11877441961f43096057863d0607070d97c5e5a16"",""state"":""file""},""nh3_pdb_256"":{""bytes"":20991,""sha256"":""870d35ef9d654b395f8eefcd897e002ff41b1327475879ff5b955080ecb91ee0"",""state"":""file""},""nh3_pdb_32768"":{""bytes"":2654463,""sha256"":""a193ff7fc7793ae1c9121af48f694b9cff6974a63e67029053ab9312f86cb9cc"",""state"":""file""},""nh3_pdb_4096"":{""bytes"":332031,""sha256"":""e6d9ba2e0f95a04ebbeb61682dcf615982860aaa336140fee7ba55698f68175c"",""state"":""file""},""nh3_pdb_512"":{""bytes"":41727,""sha256"":""76e8d0d71fd3d49a1d14bb1fcd0689b08241620df41c90a904be29c85a67934e"",""state"":""file""},""nh3_pdb_65536"":{""bytes"":5308671,""sha256"":""a80e717b9abb39221c121bf3137135662e1b3c727e705e8f01e651720acd6dcc"",""state"":""file""},""nh3_pdb_8192"":{""bytes"":663807,""sha256"":""b0664469d3a8e84f71fbd848f1f0ffaca2cee3f4fd2100ed10f398e7c19a27e6"",""state"":""file""}},""metadata"":{""benchmark"":""el""}}",ec9f9176-c20b-4c6b-a2d3-efae9282f598,,,64,64,64,135168,5,1a9e834e765c7138ce279a84e6bbbbd929fec016b867439c2ca4c1444c780f96,"{""batch_idx"":""int32"",""cell"":""float64"",""charges"":""float64"",""pbc"":""bool"",""positions"":""float64""}",capped_upstream_estimate,bounded_power_two_then_four_fft_snap,0.25,9.0,single_case,4e58a2e9fa72736adb36ec90791c46b626d69fb0e9c5ddf901d8cb4127b113f1,4.952577691001352,,
nh3,batch_scaling,pme,torch,256,64,16384,0.1317437877878547,7590490.730464552,17.42626953125,0.14095306396484375,10,3,torch_cuda_events,warmup_excluded,True,,,0.0001,5,arithmetic_mean,1.0669934223754958,"[0.0022580448150634766,0.002136470413208008,0.0021459455490112304,0.0021162687301635743,0.002135721588134766]",,,,,not_measured,not_measured,shared_cell_k_squared,nan,nan,,energy_autograd,energy_forces_charge_gradients,True,True,False,0.09646306931972504,13.84500026702881,2.842170943040401e-14,0.3372060287522547,9.0,,592,2.0,319,4829952,2,"{""compute_capability"":""9.0"",""driver"":""unavailable"",""memory_bytes"":99996401664,""name"":""NVIDIA H100 NVL""}","{""cuda"":""13.0"",""git_head"":""unavailable"",""jax"":""0.11.2"",""jaxlib"":""0.11.2"",""nvalchemi_toolkit_ops"":""0.5.0"",""python"":""3.12.3"",""source_sha256"":""4dfd278da46af31f54f8b7671e891073f8b10f8fa2cb28e7cf92bfeddd543638"",""torch"":""2.14.0+cu130"",""warp"":""1.17.0""}","{""gpu_uuid"":""c0995d85-1dea-1b19-7e58-9baa33a5f384"",""host"":""a1u1g-mil-0576""}","{""JAX_DISABLE_JIT"":""<unset>"",""JAX_DISABLE_JIT_ACTUAL"":""<not-imported>"",""JAX_ENABLE_X64"":""1"",""JAX_ENABLE_X64_ACTUAL"":""<not-imported>"",""JAX_PLATFORMS"":""<unset>"",""TF_GPU_ALLOCATOR"":""<unset>"",""XLA_FLAGS"":""<unset>"",""XLA_PYTHON_CLIENT_ALLOCATOR"":""<unset>"",""XLA_PYTHON_CLIENT_MEM_FRACTION"":""0.95"",""XLA_PYTHON_CLIENT_PREALLOCATE"":""<unset>""}","{""artifacts"":{""nh3_pdb_1024"":{""bytes"":83199,""sha256"":""cb99e65c2024c8b1a80a7ea1f4ff5b23ef76a5d153a2caeb4a0e3077b5239135"",""state"":""file""},""nh3_pdb_128"":{""bytes"":10623,""sha256"":""4b48182856ba92449fa52b61bf2f95c6ce28937a3cb3da6aec4f131a1216c760"",""state"":""file""},""nh3_pdb_131072"":{""bytes"":10617087,""sha256"":""d454eb5e6e9fe717e1c12c22e3fc749189deae022de05b0f6f83f9f4501bbb52"",""state"":""file""},""nh3_pdb_16384"":{""bytes"":1327359,""sha256"":""07f5683974f6bdad6798104cf7de5ddb670704f71b7e28715d957805124196b8"",""state"":""file""},""nh3_pdb_2048"":{""bytes"":166143,""sha256"":""7171f9c4d6bf3c819f96ddd11877441961f43096057863d0607070d97c5e5a16"",""state"":""file""},""nh3_pdb_256"":{""bytes"":20991,""sha256"":""870d35ef9d654b395f8eefcd897e002ff41b1327475879ff5b955080ecb91ee0"",""state"":""file""},""nh3_pdb_32768"":{""bytes"":2654463,""sha256"":""a193ff7fc7793ae1c9121af48f694b9cff6974a63e67029053ab9312f86cb9cc"",""state"":""file""},""nh3_pdb_4096"":{""bytes"":332031,""sha256"":""e6d9ba2e0f95a04ebbeb61682dcf615982860aaa336140fee7ba55698f68175c"",""state"":""file""},""nh3_pdb_512"":{""bytes"":41727,""sha256"":""76e8d0d71fd3d49a1d14bb1fcd0689b08241620df41c90a904be29c85a67934e"",""state"":""file""},""nh3_pdb_65536"":{""bytes"":5308671,""sha256"":""a80e717b9abb39221c121bf3137135662e1b3c727e705e8f01e651720acd6dcc"",""state"":""file""},""nh3_pdb_8192"":{""bytes"":663807,""sha256"":""b0664469d3a8e84f71fbd848f1f0ffaca2cee3f4fd2100ed10f398e7c19a27e6"",""state"":""file""}},""metadata"":{""benchmark"":""el""}}",ec9f9176-c20b-4c6b-a2d3-efae9282f598,,,20,20,20,4400,5,ba63d8408eb720a65a434d20b6e6b847c5ebb10a71006382a2635a63bea55274,"{""batch_idx"":""int32"",""cell"":""float64"",""charges"":""float64"",""pbc"":""bool"",""positions"":""float64""}",capped_upstream_estimate,bounded_power_two_then_four_fft_snap,0.25,9.0,single_case,4e58a2e9fa72736adb36ec90791c46b626d69fb0e9c5ddf901d8cb4127b113f1,4.90283111500321,,
nh3,batch_scaling,pme,torch,256,64,16384,0.13051242101937532,7662105.968071379,524.62939453125,0.6986236572265625,10,3,torch_cuda_events,warmup_excluded,True,,,1e-06,5,arithmetic_mean,1.0612387044591187,"[0.0022112512588500976,0.0021624927520751953,0.002143177604675293,0.002083651161193848,0.002091004753112793]",,,,,not_measured,not_measured,shared_cell_k_squared,nan,nan,,energy_autograd,energy_forces_charge_gradients,True,True,False,0.09646306931972504,13.84500026702881,2.842170943040401e-14,0.4129913543166487,9.0,,592,2.0,319,4829952,2,"{""compute_capability"":""9.0"",""driver"":""unavailable"",""memory_bytes"":99996401664,""name"":""NVIDIA H100 NVL""}","{""cuda"":""13.0"",""git_head"":""unavailable"",""jax"":""0.11.2"",""jaxlib"":""0.11.2"",""nvalchemi_toolkit_ops"":""0.5.0"",""python"":""3.12.3"",""source_sha256"":""4dfd278da46af31f54f8b7671e891073f8b10f8fa2cb28e7cf92bfeddd543638"",""torch"":""2.14.0+cu130"",""warp"":""1.17.0""}","{""gpu_uuid"":""c0995d85-1dea-1b19-7e58-9baa33a5f384"",""host"":""a1u1g-mil-0576""}","{""JAX_DISABLE_JIT"":""<unset>"",""JAX_DISABLE_JIT_ACTUAL"":""<not-imported>"",""JAX_ENABLE_X64"":""1"",""JAX_ENABLE_X64_ACTUAL"":""<not-imported>"",""JAX_PLATFORMS"":""<unset>"",""TF_GPU_ALLOCATOR"":""<unset>"",""XLA_FLAGS"":""<unset>"",""XLA_PYTHON_CLIENT_ALLOCATOR"":""<unset>"",""XLA_PYTHON_CLIENT_MEM_FRACTION"":""0.95"",""XLA_PYTHON_CLIENT_PREALLOCATE"":""<unset>""}","{""artifacts"":{""nh3_pdb_1024"":{""bytes"":83199,""sha256"":""cb99e65c2024c8b1a80a7ea1f4ff5b23ef76a5d153a2caeb4a0e3077b5239135"",""state"":""file""},""nh3_pdb_128"":{""bytes"":10623,""sha256"":""4b48182856ba92449fa52b61bf2f95c6ce28937a3cb3da6aec4f131a1216c760"",""state"":""file""},""nh3_pdb_131072"":{""bytes"":10617087,""sha256"":""d454eb5e6e9fe717e1c12c22e3fc749189deae022de05b0f6f83f9f4501bbb52"",""state"":""file""},""nh3_pdb_16384"":{""bytes"":1327359,""sha256"":""07f5683974f6bdad6798104cf7de5ddb670704f71b7e28715d957805124196b8"",""state"":""file""},""nh3_pdb_2048"":{""bytes"":166143,""sha256"":""7171f9c4d6bf3c819f96ddd11877441961f43096057863d0607070d97c5e5a16"",""state"":""file""},""nh3_pdb_256"":{""bytes"":20991,""sha256"":""870d35ef9d654b395f8eefcd897e002ff41b1327475879ff5b955080ecb91ee0"",""state"":""file""},""nh3_pdb_32768"":{""bytes"":2654463,""sha256"":""a193ff7fc7793ae1c9121af48f694b9cff6974a63e67029053ab9312f86cb9cc"",""state"":""file""},""nh3_pdb_4096"":{""bytes"":332031,""sha256"":""e6d9ba2e0f95a04ebbeb61682dcf615982860aaa336140fee7ba55698f68175c"",""state"":""file""},""nh3_pdb_512"":{""bytes"":41727,""sha256"":""76e8d0d71fd3d49a1d14bb1fcd0689b08241620df41c90a904be29c85a67934e"",""state"":""file""},""nh3_pdb_65536"":{""bytes"":5308671,""sha256"":""a80e717b9abb39221c121bf3137135662e1b3c727e705e8f01e651720acd6dcc"",""state"":""file""},""nh3_pdb_8192"":{""bytes"":663807,""sha256"":""b0664469d3a8e84f71fbd848f1f0ffaca2cee3f4fd2100ed10f398e7c19a27e6"",""state"":""file""}},""metadata"":{""benchmark"":""el""}}",ec9f9176-c20b-4c6b-a2d3-efae9282f598,,,64,64,64,135168,5,ba63d8408eb720a65a434d20b6e6b847c5ebb10a71006382a2635a63bea55274,"{""batch_idx"":""int32"",""cell"":""float64"",""charges"":""float64"",""pbc"":""bool"",""positions"":""float64""}",capped_upstream_estimate,bounded_power_two_then_four_fft_snap,0.25,9.0,single_case,4e58a2e9fa72736adb36ec90791c46b626d69fb0e9c5ddf901d8cb4127b113f1,5.468459078983869,,
nh3,batch_scaling,pme,torch,256,128,32768,0.06543531315401196,15282268.11792507,34.8525390625,0.2509474754333496,10,3,torch_cuda_events,warmup_excluded,True,,,0.0001,5,arithmetic_mean,1.0572861754162892,"[0.002222956848144531,0.0021374368667602542,0.00214048957824707,0.0021025119781494144,0.002117526435852051]",,,,,not_measured,not_measured,shared_cell_k_squared,nan,nan,,energy_autograd,energy_forces_charge_gradients,True,True,False,0.09646306931972504,13.84500026702881,2.842170943040401e-14,0.3372060287522547,9.0,,592,2.0,319,9659904,2,"{""compute_capability"":""9.0"",""driver"":""unavailable"",""memory_bytes"":99996401664,""name"":""NVIDIA H100 NVL""}","{""cuda"":""13.0"",""git_head"":""unavailable"",""jax"":""0.11.2"",""jaxlib"":""0.11.2"",""nvalchemi_toolkit_ops"":""0.5.0"",""python"":""3.12.3"",""source_sha256"":""4dfd278da46af31f54f8b7671e891073f8b10f8fa2cb28e7cf92bfeddd543638"",""torch"":""2.14.0+cu130"",""warp"":""1.17.0""}","{""gpu_uuid"":""c0995d85-1dea-1b19-7e58-9baa33a5f384"",""host"":""a1u1g-mil-0576""}","{""JAX_DISABLE_JIT"":""<unset>"",""JAX_DISABLE_JIT_ACTUAL"":""<not-imported>"",""JAX_ENABLE_X64"":""1"",""JAX_ENABLE_X64_ACTUAL"":""<not-imported>"",""JAX_PLATFORMS"":""<unset>"",""TF_GPU_ALLOCATOR"":""<unset>"",""XLA_FLAGS"":""<unset>"",""XLA_PYTHON_CLIENT_ALLOCATOR"":""<unset>"",""XLA_PYTHON_CLIENT_MEM_FRACTION"":""0.95"",""XLA_PYTHON_CLIENT_PREALLOCATE"":""<unset>""}","{""artifacts"":{""nh3_pdb_1024"":{""bytes"":83199,""sha256"":""cb99e65c2024c8b1a80a7ea1f4ff5b23ef76a5d153a2caeb4a0e3077b5239135"",""state"":""file""},""nh3_pdb_128"":{""bytes"":10623,""sha256"":""4b48182856ba92449fa52b61bf2f95c6ce28937a3cb3da6aec4f131a1216c760"",""state"":""file""},""nh3_pdb_131072"":{""bytes"":10617087,""sha256"":""d454eb5e6e9fe717e1c12c22e3fc749189deae022de05b0f6f83f9f4501bbb52"",""state"":""file""},""nh3_pdb_16384"":{""bytes"":1327359,""sha256"":""07f5683974f6bdad6798104cf7de5ddb670704f71b7e28715d957805124196b8"",""state"":""file""},""nh3_pdb_2048"":{""bytes"":166143,""sha256"":""7171f9c4d6bf3c819f96ddd11877441961f43096057863d0607070d97c5e5a16"",""state"":""file""},""nh3_pdb_256"":{""bytes"":20991,""sha256"":""870d35ef9d654b395f8eefcd897e002ff41b1327475879ff5b955080ecb91ee0"",""state"":""file""},""nh3_pdb_32768"":{""bytes"":2654463,""sha256"":""a193ff7fc7793ae1c9121af48f694b9cff6974a63e67029053ab9312f86cb9cc"",""state"":""file""},""nh3_pdb_4096"":{""bytes"":332031,""sha256"":""e6d9ba2e0f95a04ebbeb61682dcf615982860aaa336140fee7ba55698f68175c"",""state"":""file""},""nh3_pdb_512"":{""bytes"":41727,""sha256"":""76e8d0d71fd3d49a1d14bb1fcd0689b08241620df41c90a904be29c85a67934e"",""state"":""file""},""nh3_pdb_65536"":{""bytes"":5308671,""sha256"":""a80e717b9abb39221c121bf3137135662e1b3c727e705e8f01e651720acd6dcc"",""state"":""file""},""nh3_pdb_8192"":{""bytes"":663807,""sha256"":""b0664469d3a8e84f71fbd848f1f0ffaca2cee3f4fd2100ed10f398e7c19a27e6"",""state"":""file""}},""metadata"":{""benchmark"":""el""}}",ec9f9176-c20b-4c6b-a2d3-efae9282f598,,,20,20,20,4400,5,c26977af5d9b4ed54e198b18c4a3b7e8d65c954b3e324483dad014a9d6f73761,"{""batch_idx"":""int32"",""cell"":""float64"",""charges"":""float64"",""pbc"":""bool"",""positions"":""float64""}",capped_upstream_estimate,bounded_power_two_then_four_fft_snap,0.25,9.0,single_case,4e58a2e9fa72736adb36ec90791c46b626d69fb0e9c5ddf901d8cb4127b113f1,4.8578096679993905,,
nh3,batch_scaling,pme,torch,256,128,32768,0.08629453019239008,11588219.992281567,1049.2587890625,1.366288661956787,10,3,torch_cuda_events,warmup_excluded,True,,,1e-06,5,arithmetic_mean,1.0313509508540832,"[0.0028132991790771485,0.0028849279403686525,0.002823494338989258,0.0028195423126220706,0.0027972320556640625]",,,,,not_measured,not_measured,shared_cell_k_squared,nan,nan,,energy_autograd,energy_forces_charge_gradients,True,True,False,0.09646306931972504,13.84500026702881,2.842170943040401e-14,0.4129913543166487,9.0,,592,2.0,319,9659904,2,"{""compute_capability"":""9.0"",""driver"":""unavailable"",""memory_bytes"":99996401664,""name"":""NVIDIA H100 NVL""}","{""cuda"":""13.0"",""git_head"":""unavailable"",""jax"":""0.11.2"",""jaxlib"":""0.11.2"",""nvalchemi_toolkit_ops"":""0.5.0"",""python"":""3.12.3"",""source_sha256"":""4dfd278da46af31f54f8b7671e891073f8b10f8fa2cb28e7cf92bfeddd543638"",""torch"":""2.14.0+cu130"",""warp"":""1.17.0""}","{""gpu_uuid"":""c0995d85-1dea-1b19-7e58-9baa33a5f384"",""host"":""a1u1g-mil-0576""}","{""JAX_DISABLE_JIT"":""<unset>"",""JAX_DISABLE_JIT_ACTUAL"":""<not-imported>"",""JAX_ENABLE_X64"":""1"",""JAX_ENABLE_X64_ACTUAL"":""<not-imported>"",""JAX_PLATFORMS"":""<unset>"",""TF_GPU_ALLOCATOR"":""<unset>"",""XLA_FLAGS"":""<unset>"",""XLA_PYTHON_CLIENT_ALLOCATOR"":""<unset>"",""XLA_PYTHON_CLIENT_MEM_FRACTION"":""0.95"",""XLA_PYTHON_CLIENT_PREALLOCATE"":""<unset>""}","{""artifacts"":{""nh3_pdb_1024"":{""bytes"":83199,""sha256"":""cb99e65c2024c8b1a80a7ea1f4ff5b23ef76a5d153a2caeb4a0e3077b5239135"",""state"":""file""},""nh3_pdb_128"":{""bytes"":10623,""sha256"":""4b48182856ba92449fa52b61bf2f95c6ce28937a3cb3da6aec4f131a1216c760"",""state"":""file""},""nh3_pdb_131072"":{""bytes"":10617087,""sha256"":""d454eb5e6e9fe717e1c12c22e3fc749189deae022de05b0f6f83f9f4501bbb52"",""state"":""file""},""nh3_pdb_16384"":{""bytes"":1327359,""sha256"":""07f5683974f6bdad6798104cf7de5ddb670704f71b7e28715d957805124196b8"",""state"":""file""},""nh3_pdb_2048"":{""bytes"":166143,""sha256"":""7171f9c4d6bf3c819f96ddd11877441961f43096057863d0607070d97c5e5a16"",""state"":""file""},""nh3_pdb_256"":{""bytes"":20991,""sha256"":""870d35ef9d654b395f8eefcd897e002ff41b1327475879ff5b955080ecb91ee0"",""state"":""file""},""nh3_pdb_32768"":{""bytes"":2654463,""sha256"":""a193ff7fc7793ae1c9121af48f694b9cff6974a63e67029053ab9312f86cb9cc"",""state"":""file""},""nh3_pdb_4096"":{""bytes"":332031,""sha256"":""e6d9ba2e0f95a04ebbeb61682dcf615982860aaa336140fee7ba55698f68175c"",""state"":""file""},""nh3_pdb_512"":{""bytes"":41727,""sha256"":""76e8d0d71fd3d49a1d14bb1fcd0689b08241620df41c90a904be29c85a67934e"",""state"":""file""},""nh3_pdb_65536"":{""bytes"":5308671,""sha256"":""a80e717b9abb39221c121bf3137135662e1b3c727e705e8f01e651720acd6dcc"",""state"":""file""},""nh3_pdb_8192"":{""bytes"":663807,""sha256"":""b0664469d3a8e84f71fbd848f1f0ffaca2cee3f4fd2100ed10f398e7c19a27e6"",""state"":""file""}},""metadata"":{""benchmark"":""el""}}",ec9f9176-c20b-4c6b-a2d3-efae9282f598,,,64,64,64,135168,5,c26977af5d9b4ed54e198b18c4a3b7e8d65c954b3e324483dad014a9d6f73761,"{""batch_idx"":""int32"",""cell"":""float64"",""charges"":""float64"",""pbc"":""bool"",""positions"":""float64""}",capped_upstream_estimate,bounded_power_two_then_four_fft_snap,0.25,9.0,single_case,4e58a2e9fa72736adb36ec90791c46b626d69fb0e9c5ddf901d8cb4127b113f1,4.9957548120000865,,
nh3,batch_scaling,pme,torch,256,256,65536,0.032457138877362006,30809862.93272675,69.705078125,0.4706430435180664,10,3,torch_cuda_events,warmup_excluded,True,,,0.0001,5,arithmetic_mean,1.0798923574151809,"[0.0022351871490478513,0.0021209119796752928,0.0021125600814819335,0.0020698240280151367,0.0020970720291137697]",,,,,not_measured,not_measured,shared_cell_k_squared,nan,nan,,energy_autograd,energy_forces_charge_gradients,True,True,False,0.09646306931972504,13.84500026702881,2.842170943040401e-14,0.3372060287522547,9.0,,592,2.0,319,19319808,2,"{""compute_capability"":""9.0"",""driver"":""unavailable"",""memory_bytes"":99996401664,""name"":""NVIDIA H100 NVL""}","{""cuda"":""13.0"",""git_head"":""unavailable"",""jax"":""0.11.2"",""jaxlib"":""0.11.2"",""nvalchemi_toolkit_ops"":""0.5.0"",""python"":""3.12.3"",""source_sha256"":""4dfd278da46af31f54f8b7671e891073f8b10f8fa2cb28e7cf92bfeddd543638"",""torch"":""2.14.0+cu130"",""warp"":""1.17.0""}","{""gpu_uuid"":""c0995d85-1dea-1b19-7e58-9baa33a5f384"",""host"":""a1u1g-mil-0576""}","{""JAX_DISABLE_JIT"":""<unset>"",""JAX_DISABLE_JIT_ACTUAL"":""<not-imported>"",""JAX_ENABLE_X64"":""1"",""JAX_ENABLE_X64_ACTUAL"":""<not-imported>"",""JAX_PLATFORMS"":""<unset>"",""TF_GPU_ALLOCATOR"":""<unset>"",""XLA_FLAGS"":""<unset>"",""XLA_PYTHON_CLIENT_ALLOCATOR"":""<unset>"",""XLA_PYTHON_CLIENT_MEM_FRACTION"":""0.95"",""XLA_PYTHON_CLIENT_PREALLOCATE"":""<unset>""}","{""artifacts"":{""nh3_pdb_1024"":{""bytes"":83199,""sha256"":""cb99e65c2024c8b1a80a7ea1f4ff5b23ef76a5d153a2caeb4a0e3077b5239135"",""state"":""file""},""nh3_pdb_128"":{""bytes"":10623,""sha256"":""4b48182856ba92449fa52b61bf2f95c6ce28937a3cb3da6aec4f131a1216c760"",""state"":""file""},""nh3_pdb_131072"":{""bytes"":10617087,""sha256"":""d454eb5e6e9fe717e1c12c22e3fc749189deae022de05b0f6f83f9f4501bbb52"",""state"":""file""},""nh3_pdb_16384"":{""bytes"":1327359,""sha256"":""07f5683974f6bdad6798104cf7de5ddb670704f71b7e28715d957805124196b8"",""state"":""file""},""nh3_pdb_2048"":{""bytes"":166143,""sha256"":""7171f9c4d6bf3c819f96ddd11877441961f43096057863d0607070d97c5e5a16"",""state"":""file""},""nh3_pdb_256"":{""bytes"":20991,""sha256"":""870d35ef9d654b395f8eefcd897e002ff41b1327475879ff5b955080ecb91ee0"",""state"":""file""},""nh3_pdb_32768"":{""bytes"":2654463,""sha256"":""a193ff7fc7793ae1c9121af48f694b9cff6974a63e67029053ab9312f86cb9cc"",""state"":""file""},""nh3_pdb_4096"":{""bytes"":332031,""sha256"":""e6d9ba2e0f95a04ebbeb61682dcf615982860aaa336140fee7ba55698f68175c"",""state"":""file""},""nh3_pdb_512"":{""bytes"":41727,""sha256"":""76e8d0d71fd3d49a1d14bb1fcd0689b08241620df41c90a904be29c85a67934e"",""state"":""file""},""nh3_pdb_65536"":{""bytes"":5308671,""sha256"":""a80e717b9abb39221c121bf3137135662e1b3c727e705e8f01e651720acd6dcc"",""state"":""file""},""nh3_pdb_8192"":{""bytes"":663807,""sha256"":""b0664469d3a8e84f71fbd848f1f0ffaca2cee3f4fd2100ed10f398e7c19a27e6"",""state"":""file""}},""metadata"":{""benchmark"":""el""}}",ec9f9176-c20b-4c6b-a2d3-efae9282f598,,,20,20,20,4400,5,a042b5e75f492c02cccdd1f99ad61097ce7ec142be52419de472e26ee50d09d8,"{""batch_idx"":""int32"",""cell"":""float64"",""charges"":""float64"",""pbc"":""bool"",""positions"":""float64""}",capped_upstream_estimate,bounded_power_two_then_four_fft_snap,0.25,9.0,single_case,4e58a2e9fa72736adb36ec90791c46b626d69fb0e9c5ddf901d8cb4127b113f1,4.974004279996734,,
nh3,batch_scaling,pme,torch,256,256,65536,0.08275441359728573,12083947.629263353,2098.517578125,2.7013254165649414,10,3,torch_cuda_events,warmup_excluded,True,,,1e-06,5,arithmetic_mean,1.020950936343286,"[0.005350697708129883,0.005424118423461914,0.005446239852905274,0.005433110427856445,0.005462799835205078]",,,,,not_measured,not_measured,shared_cell_k_squared,nan,nan,,energy_autograd,energy_forces_charge_gradients,True,True,False,0.09646306931972504,13.84500026702881,2.842170943040401e-14,0.4129913543166487,9.0,,592,2.0,319,19319808,2,"{""compute_capability"":""9.0"",""driver"":""unavailable"",""memory_bytes"":99996401664,""name"":""NVIDIA H100 NVL""}","{""cuda"":""13.0"",""git_head"":""unavailable"",""jax"":""0.11.2"",""jaxlib"":""0.11.2"",""nvalchemi_toolkit_ops"":""0.5.0"",""python"":""3.12.3"",""source_sha256"":""4dfd278da46af31f54f8b7671e891073f8b10f8fa2cb28e7cf92bfeddd543638"",""torch"":""2.14.0+cu130"",""warp"":""1.17.0""}","{""gpu_uuid"":""c0995d85-1dea-1b19-7e58-9baa33a5f384"",""host"":""a1u1g-mil-0576""}","{""JAX_DISABLE_JIT"":""<unset>"",""JAX_DISABLE_JIT_ACTUAL"":""<not-imported>"",""JAX_ENABLE_X64"":""1"",""JAX_ENABLE_X64_ACTUAL"":""<not-imported>"",""JAX_PLATFORMS"":""<unset>"",""TF_GPU_ALLOCATOR"":""<unset>"",""XLA_FLAGS"":""<unset>"",""XLA_PYTHON_CLIENT_ALLOCATOR"":""<unset>"",""XLA_PYTHON_CLIENT_MEM_FRACTION"":""0.95"",""XLA_PYTHON_CLIENT_PREALLOCATE"":""<unset>""}","{""artifacts"":{""nh3_pdb_1024"":{""bytes"":83199,""sha256"":""cb99e65c2024c8b1a80a7ea1f4ff5b23ef76a5d153a2caeb4a0e3077b5239135"",""state"":""file""},""nh3_pdb_128"":{""bytes"":10623,""sha256"":""4b48182856ba92449fa52b61bf2f95c6ce28937a3cb3da6aec4f131a1216c760"",""state"":""file""},""nh3_pdb_131072"":{""bytes"":10617087,""sha256"":""d454eb5e6e9fe717e1c12c22e3fc749189deae022de05b0f6f83f9f4501bbb52"",""state"":""file""},""nh3_pdb_16384"":{""bytes"":1327359,""sha256"":""07f5683974f6bdad6798104cf7de5ddb670704f71b7e28715d957805124196b8"",""state"":""file""},""nh3_pdb_2048"":{""bytes"":166143,""sha256"":""7171f9c4d6bf3c819f96ddd11877441961f43096057863d0607070d97c5e5a16"",""state"":""file""},""nh3_pdb_256"":{""bytes"":20991,""sha256"":""870d35ef9d654b395f8eefcd897e002ff41b1327475879ff5b955080ecb91ee0"",""state"":""file""},""nh3_pdb_32768"":{""bytes"":2654463,""sha256"":""a193ff7fc7793ae1c9121af48f694b9cff6974a63e67029053ab9312f86cb9cc"",""state"":""file""},""nh3_pdb_4096"":{""bytes"":332031,""sha256"":""e6d9ba2e0f95a04ebbeb61682dcf615982860aaa336140fee7ba55698f68175c"",""state"":""file""},""nh3_pdb_512"":{""bytes"":41727,""sha256"":""76e8d0d71fd3d49a1d14bb1fcd0689b08241620df41c90a904be29c85a67934e"",""state"":""file""},""nh3_pdb_65536"":{""bytes"":5308671,""sha256"":""a80e717b9abb39221c121bf3137135662e1b3c727e705e8f01e651720acd6dcc"",""state"":""file""},""nh3_pdb_8192"":{""bytes"":663807,""sha256"":""b0664469d3a8e84f71fbd848f1f0ffaca2cee3f4fd2100ed10f398e7c19a27e6"",""state"":""file""}},""metadata"":{""benchmark"":""el""}}",ec9f9176-c20b-4c6b-a2d3-efae9282f598,,,64,64,64,135168,5,a042b5e75f492c02cccdd1f99ad61097ce7ec142be52419de472e26ee50d09d8,"{""batch_idx"":""int32"",""cell"":""float64"",""charges"":""float64"",""pbc"":""bool"",""positions"":""float64""}",capped_upstream_estimate,bounded_power_two_then_four_fft_snap,0.25,9.0,single_case,4e58a2e9fa72736adb36ec90791c46b626d69fb0e9c5ddf901d8cb4127b113f1,5.637164762010798,,
nh3,batch_scaling,pme,torch,256,512,131072,0.024169755924958736,41374021.44666909,139.41015625,0.9088587760925293,10,3,torch_cuda_events,warmup_excluded,True,,,0.0001,5,arithmetic_mean,1.019356982808357,"[0.0031511743545532224,0.0031416543960571287,0.003188851165771484,0.003155743980407715,0.003202467346191406]",,,,,not_measured,not_measured,shared_cell_k_squared,nan,nan,,energy_autograd,energy_forces_charge_gradients,True,True,False,0.09646306931972504,13.84500026702881,2.842170943040401e-14,0.3372060287522547,9.0,,592,2.0,319,38639616,2,"{""compute_capability"":""9.0"",""driver"":""unavailable"",""memory_bytes"":99996401664,""name"":""NVIDIA H100 NVL""}","{""cuda"":""13.0"",""git_head"":""unavailable"",""jax"":""0.11.2"",""jaxlib"":""0.11.2"",""nvalchemi_toolkit_ops"":""0.5.0"",""python"":""3.12.3"",""source_sha256"":""4dfd278da46af31f54f8b7671e891073f8b10f8fa2cb28e7cf92bfeddd543638"",""torch"":""2.14.0+cu130"",""warp"":""1.17.0""}","{""gpu_uuid"":""c0995d85-1dea-1b19-7e58-9baa33a5f384"",""host"":""a1u1g-mil-0576""}","{""JAX_DISABLE_JIT"":""<unset>"",""JAX_DISABLE_JIT_ACTUAL"":""<not-imported>"",""JAX_ENABLE_X64"":""1"",""JAX_ENABLE_X64_ACTUAL"":""<not-imported>"",""JAX_PLATFORMS"":""<unset>"",""TF_GPU_ALLOCATOR"":""<unset>"",""XLA_FLAGS"":""<unset>"",""XLA_PYTHON_CLIENT_ALLOCATOR"":""<unset>"",""XLA_PYTHON_CLIENT_MEM_FRACTION"":""0.95"",""XLA_PYTHON_CLIENT_PREALLOCATE"":""<unset>""}","{""artifacts"":{""nh3_pdb_1024"":{""bytes"":83199,""sha256"":""cb99e65c2024c8b1a80a7ea1f4ff5b23ef76a5d153a2caeb4a0e3077b5239135"",""state"":""file""},""nh3_pdb_128"":{""bytes"":10623,""sha256"":""4b48182856ba92449fa52b61bf2f95c6ce28937a3cb3da6aec4f131a1216c760"",""state"":""file""},""nh3_pdb_131072"":{""bytes"":10617087,""sha256"":""d454eb5e6e9fe717e1c12c22e3fc749189deae022de05b0f6f83f9f4501bbb52"",""state"":""file""},""nh3_pdb_16384"":{""bytes"":1327359,""sha256"":""07f5683974f6bdad6798104cf7de5ddb670704f71b7e28715d957805124196b8"",""state"":""file""},""nh3_pdb_2048"":{""bytes"":166143,""sha256"":""7171f9c4d6bf3c819f96ddd11877441961f43096057863d0607070d97c5e5a16"",""state"":""file""},""nh3_pdb_256"":{""bytes"":20991,""sha256"":""870d35ef9d654b395f8eefcd897e002ff41b1327475879ff5b955080ecb91ee0"",""state"":""file""},""nh3_pdb_32768"":{""bytes"":2654463,""sha256"":""a193ff7fc7793ae1c9121af48f694b9cff6974a63e67029053ab9312f86cb9cc"",""state"":""file""},""nh3_pdb_4096"":{""bytes"":332031,""sha256"":""e6d9ba2e0f95a04ebbeb61682dcf615982860aaa336140fee7ba55698f68175c"",""state"":""file""},""nh3_pdb_512"":{""bytes"":41727,""sha256"":""76e8d0d71fd3d49a1d14bb1fcd0689b08241620df41c90a904be29c85a67934e"",""state"":""file""},""nh3_pdb_65536"":{""bytes"":5308671,""sha256"":""a80e717b9abb39221c121bf3137135662e1b3c727e705e8f01e651720acd6dcc"",""state"":""file""},""nh3_pdb_8192"":{""bytes"":663807,""sha256"":""b0664469d3a8e84f71fbd848f1f0ffaca2cee3f4fd2100ed10f398e7c19a27e6"",""state"":""file""}},""metadata"":{""benchmark"":""el""}}",ec9f9176-c20b-4c6b-a2d3-efae9282f598,,,20,20,20,4400,5,d5863d81a300d151817a7ce2a1e35b7a6d09f27a10c05f4ab866bb5fbfa039e6,"{""batch_idx"":""int32"",""cell"":""float64"",""charges"":""float64"",""pbc"":""bool"",""positions"":""float64""}",capped_upstream_estimate,bounded_power_two_then_four_fft_snap,0.25,9.0,single_case,4e58a2e9fa72736adb36ec90791c46b626d69fb0e9c5ddf901d8cb4127b113f1,5.026327762985602,,
nh3,batch_scaling,pme,torch,256,512,131072,0.0810518697835505,12337778.29765687,4197.03515625,5.370223522186279,10,3,torch_cuda_events,warmup_excluded,True,,,1e-06,5,arithmetic_mean,1.024212134486147,"[0.010478070068359376,0.010623075103759766,0.010569615936279298,0.010715625762939452,0.010731766510009766]",,,,,not_measured,not_measured,shared_cell_k_squared,nan,nan,,energy_autograd,energy_forces_charge_gradients,True,True,False,0.09646306931972504,13.84500026702881,2.842170943040401e-14,0.4129913543166487,9.0,,592,2.0,319,38639616,2,"{""compute_capability"":""9.0"",""driver"":""unavailable"",""memory_bytes"":99996401664,""name"":""NVIDIA H100 NVL""}","{""cuda"":""13.0"",""git_head"":""unavailable"",""jax"":""0.11.2"",""jaxlib"":""0.11.2"",""nvalchemi_toolkit_ops"":""0.5.0"",""python"":""3.12.3"",""source_sha256"":""4dfd278da46af31f54f8b7671e891073f8b10f8fa2cb28e7cf92bfeddd543638"",""torch"":""2.14.0+cu130"",""warp"":""1.17.0""}","{""gpu_uuid"":""c0995d85-1dea-1b19-7e58-9baa33a5f384"",""host"":""a1u1g-mil-0576""}","{""JAX_DISABLE_JIT"":""<unset>"",""JAX_DISABLE_JIT_ACTUAL"":""<not-imported>"",""JAX_ENABLE_X64"":""1"",""JAX_ENABLE_X64_ACTUAL"":""<not-imported>"",""JAX_PLATFORMS"":""<unset>"",""TF_GPU_ALLOCATOR"":""<unset>"",""XLA_FLAGS"":""<unset>"",""XLA_PYTHON_CLIENT_ALLOCATOR"":""<unset>"",""XLA_PYTHON_CLIENT_MEM_FRACTION"":""0.95"",""XLA_PYTHON_CLIENT_PREALLOCATE"":""<unset>""}","{""artifacts"":{""nh3_pdb_1024"":{""bytes"":83199,""sha256"":""cb99e65c2024c8b1a80a7ea1f4ff5b23ef76a5d153a2caeb4a0e3077b5239135"",""state"":""file""},""nh3_pdb_128"":{""bytes"":10623,""sha256"":""4b48182856ba92449fa52b61bf2f95c6ce28937a3cb3da6aec4f131a1216c760"",""state"":""file""},""nh3_pdb_131072"":{""bytes"":10617087,""sha256"":""d454eb5e6e9fe717e1c12c22e3fc749189deae022de05b0f6f83f9f4501bbb52"",""state"":""file""},""nh3_pdb_16384"":{""bytes"":1327359,""sha256"":""07f5683974f6bdad6798104cf7de5ddb670704f71b7e28715d957805124196b8"",""state"":""file""},""nh3_pdb_2048"":{""bytes"":166143,""sha256"":""7171f9c4d6bf3c819f96ddd11877441961f43096057863d0607070d97c5e5a16"",""state"":""file""},""nh3_pdb_256"":{""bytes"":20991,""sha256"":""870d35ef9d654b395f8eefcd897e002ff41b1327475879ff5b955080ecb91ee0"",""state"":""file""},""nh3_pdb_32768"":{""bytes"":2654463,""sha256"":""a193ff7fc7793ae1c9121af48f694b9cff6974a63e67029053ab9312f86cb9cc"",""state"":""file""},""nh3_pdb_4096"":{""bytes"":332031,""sha256"":""e6d9ba2e0f95a04ebbeb61682dcf615982860aaa336140fee7ba55698f68175c"",""state"":""file""},""nh3_pdb_512"":{""bytes"":41727,""sha256"":""76e8d0d71fd3d49a1d14bb1fcd0689b08241620df41c90a904be29c85a67934e"",""state"":""file""},""nh3_pdb_65536"":{""bytes"":5308671,""sha256"":""a80e717b9abb39221c121bf3137135662e1b3c727e705e8f01e651720acd6dcc"",""state"":""file""},""nh3_pdb_8192"":{""bytes"":663807,""sha256"":""b0664469d3a8e84f71fbd848f1f0ffaca2cee3f4fd2100ed10f398e7c19a27e6"",""state"":""file""}},""metadata"":{""benchmark"":""el""}}",ec9f9176-c20b-4c6b-a2d3-efae9282f598,,,64,64,64,135168,5,d5863d81a300d151817a7ce2a1e35b7a6d09f27a10c05f4ab866bb5fbfa039e6,"{""batch_idx"":""int32"",""cell"":""float64"",""charges"":""float64"",""pbc"":""bool"",""positions"":""float64""}",capped_upstream_estimate,bounded_power_two_then_four_fft_snap,0.25,9.0,single_case,4e58a2e9fa72736adb36ec90791c46b626d69fb0e9c5ddf901d8cb4127b113f1,5.373811230994761,,
nh3,batch_scaling,pme,torch,8192,1,8192,0.24839867372065783,4025786.3901663655,9.40673828125,0.08712339401245117,10,3,torch_cuda_events,warmup_excluded,True,,,0.0001,5,arithmetic_mean,1.082662519892875,"[0.002032271957397461,0.0021450368881225585,0.0020193920135498046,0.0019812608718872073,0.0019964479446411133]",,,,,not_measured,not_measured,k_squared_only,nan,nan,,energy_autograd,energy_forces_charge_gradients,True,True,False,0.09645736962556839,43.95600128173828,9.094947017729282e-13,0.3372060287522547,9.0,,592,2.0,384,2435788,2,"{""compute_capability"":""9.0"",""driver"":""unavailable"",""memory_bytes"":99996401664,""name"":""NVIDIA H100 NVL""}","{""cuda"":""13.0"",""git_head"":""unavailable"",""jax"":""0.11.2"",""jaxlib"":""0.11.2"",""nvalchemi_toolkit_ops"":""0.5.0"",""python"":""3.12.3"",""source_sha256"":""4dfd278da46af31f54f8b7671e891073f8b10f8fa2cb28e7cf92bfeddd543638"",""torch"":""2.14.0+cu130"",""warp"":""1.17.0""}","{""gpu_uuid"":""c0995d85-1dea-1b19-7e58-9baa33a5f384"",""host"":""a1u1g-mil-0576""}","{""JAX_DISABLE_JIT"":""<unset>"",""JAX_DISABLE_JIT_ACTUAL"":""<not-imported>"",""JAX_ENABLE_X64"":""1"",""JAX_ENABLE_X64_ACTUAL"":""<not-imported>"",""JAX_PLATFORMS"":""<unset>"",""TF_GPU_ALLOCATOR"":""<unset>"",""XLA_FLAGS"":""<unset>"",""XLA_PYTHON_CLIENT_ALLOCATOR"":""<unset>"",""XLA_PYTHON_CLIENT_MEM_FRACTION"":""0.95"",""XLA_PYTHON_CLIENT_PREALLOCATE"":""<unset>""}","{""artifacts"":{""nh3_pdb_1024"":{""bytes"":83199,""sha256"":""cb99e65c2024c8b1a80a7ea1f4ff5b23ef76a5d153a2caeb4a0e3077b5239135"",""state"":""file""},""nh3_pdb_128"":{""bytes"":10623,""sha256"":""4b48182856ba92449fa52b61bf2f95c6ce28937a3cb3da6aec4f131a1216c760"",""state"":""file""},""nh3_pdb_131072"":{""bytes"":10617087,""sha256"":""d454eb5e6e9fe717e1c12c22e3fc749189deae022de05b0f6f83f9f4501bbb52"",""state"":""file""},""nh3_pdb_16384"":{""bytes"":1327359,""sha256"":""07f5683974f6bdad6798104cf7de5ddb670704f71b7e28715d957805124196b8"",""state"":""file""},""nh3_pdb_2048"":{""bytes"":166143,""sha256"":""7171f9c4d6bf3c819f96ddd11877441961f43096057863d0607070d97c5e5a16"",""state"":""file""},""nh3_pdb_256"":{""bytes"":20991,""sha256"":""870d35ef9d654b395f8eefcd897e002ff41b1327475879ff5b955080ecb91ee0"",""state"":""file""},""nh3_pdb_32768"":{""bytes"":2654463,""sha256"":""a193ff7fc7793ae1c9121af48f694b9cff6974a63e67029053ab9312f86cb9cc"",""state"":""file""},""nh3_pdb_4096"":{""bytes"":332031,""sha256"":""e6d9ba2e0f95a04ebbeb61682dcf615982860aaa336140fee7ba55698f68175c"",""state"":""file""},""nh3_pdb_512"":{""bytes"":41727,""sha256"":""76e8d0d71fd3d49a1d14bb1fcd0689b08241620df41c90a904be29c85a67934e"",""state"":""file""},""nh3_pdb_65536"":{""bytes"":5308671,""sha256"":""a80e717b9abb39221c121bf3137135662e1b3c727e705e8f01e651720acd6dcc"",""state"":""file""},""nh3_pdb_8192"":{""bytes"":663807,""sha256"":""b0664469d3a8e84f71fbd848f1f0ffaca2cee3f4fd2100ed10f398e7c19a27e6"",""state"":""file""}},""metadata"":{""benchmark"":""el""}}",ec9f9176-c20b-4c6b-a2d3-efae9282f598,,,64,64,64,135168,5,21cfdd9a0538153c001920ae4dadba0160223a843dd79f4f874a121453a56129,"{""batch_idx"":""int32"",""cell"":""float64"",""charges"":""float64"",""pbc"":""bool"",""positions"":""float64""}",capped_upstream_estimate,bounded_power_two_then_four_fft_snap,0.25,9.0,single_case,4e58a2e9fa72736adb36ec90791c46b626d69fb0e9c5ddf901d8cb4127b113f1,4.864181092008948,,
nh3,batch_scaling,pme,torch,8192,1,8192,0.25262484326958656,3958438.873459718,218.00048828125,0.3164653778076172,10,3,torch_cuda_events,warmup_excluded,True,,,1e-06,5,arithmetic_mean,1.095355399120914,"[0.0020928319931030276,0.002183465576171875,0.002062585639953613,0.0020152448654174805,0.0019933855056762694]",,,,,not_measured,not_measured,k_squared_only,nan,nan,,energy_autograd,energy_forces_charge_gradients,True,True,False,0.09645736962556839,43.95600128173828,9.094947017729282e-13,0.4129913543166487,9.0,,592,2.0,384,2435788,2,"{""compute_capability"":""9.0"",""driver"":""unavailable"",""memory_bytes"":99996401664,""name"":""NVIDIA H100 NVL""}","{""cuda"":""13.0"",""git_head"":""unavailable"",""jax"":""0.11.2"",""jaxlib"":""0.11.2"",""nvalchemi_toolkit_ops"":""0.5.0"",""python"":""3.12.3"",""source_sha256"":""4dfd278da46af31f54f8b7671e891073f8b10f8fa2cb28e7cf92bfeddd543638"",""torch"":""2.14.0+cu130"",""warp"":""1.17.0""}","{""gpu_uuid"":""c0995d85-1dea-1b19-7e58-9baa33a5f384"",""host"":""a1u1g-mil-0576""}","{""JAX_DISABLE_JIT"":""<unset>"",""JAX_DISABLE_JIT_ACTUAL"":""<not-imported>"",""JAX_ENABLE_X64"":""1"",""JAX_ENABLE_X64_ACTUAL"":""<not-imported>"",""JAX_PLATFORMS"":""<unset>"",""TF_GPU_ALLOCATOR"":""<unset>"",""XLA_FLAGS"":""<unset>"",""XLA_PYTHON_CLIENT_ALLOCATOR"":""<unset>"",""XLA_PYTHON_CLIENT_MEM_FRACTION"":""0.95"",""XLA_PYTHON_CLIENT_PREALLOCATE"":""<unset>""}","{""artifacts"":{""nh3_pdb_1024"":{""bytes"":83199,""sha256"":""cb99e65c2024c8b1a80a7ea1f4ff5b23ef76a5d153a2caeb4a0e3077b5239135"",""state"":""file""},""nh3_pdb_128"":{""bytes"":10623,""sha256"":""4b48182856ba92449fa52b61bf2f95c6ce28937a3cb3da6aec4f131a1216c760"",""state"":""file""},""nh3_pdb_131072"":{""bytes"":10617087,""sha256"":""d454eb5e6e9fe717e1c12c22e3fc749189deae022de05b0f6f83f9f4501bbb52"",""state"":""file""},""nh3_pdb_16384"":{""bytes"":1327359,""sha256"":""07f5683974f6bdad6798104cf7de5ddb670704f71b7e28715d957805124196b8"",""state"":""file""},""nh3_pdb_2048"":{""bytes"":166143,""sha256"":""7171f9c4d6bf3c819f96ddd11877441961f43096057863d0607070d97c5e5a16"",""state"":""file""},""nh3_pdb_256"":{""bytes"":20991,""sha256"":""870d35ef9d654b395f8eefcd897e002ff41b1327475879ff5b955080ecb91ee0"",""state"":""file""},""nh3_pdb_32768"":{""bytes"":2654463,""sha256"":""a193ff7fc7793ae1c9121af48f694b9cff6974a63e67029053ab9312f86cb9cc"",""state"":""file""},""nh3_pdb_4096"":{""bytes"":332031,""sha256"":""e6d9ba2e0f95a04ebbeb61682dcf615982860aaa336140fee7ba55698f68175c"",""state"":""file""},""nh3_pdb_512"":{""bytes"":41727,""sha256"":""76e8d0d71fd3d49a1d14bb1fcd0689b08241620df41c90a904be29c85a67934e"",""state"":""file""},""nh3_pdb_65536"":{""bytes"":5308671,""sha256"":""a80e717b9abb39221c121bf3137135662e1b3c727e705e8f01e651720acd6dcc"",""state"":""file""},""nh3_pdb_8192"":{""bytes"":663807,""sha256"":""b0664469d3a8e84f71fbd848f1f0ffaca2cee3f4fd2100ed10f398e7c19a27e6"",""state"":""file""}},""metadata"":{""benchmark"":""el""}}",ec9f9176-c20b-4c6b-a2d3-efae9282f598,,,192,192,192,3575808,5,21cfdd9a0538153c001920ae4dadba0160223a843dd79f4f874a121453a56129,"{""batch_idx"":""int32"",""cell"":""float64"",""charges"":""float64"",""pbc"":""bool"",""positions"":""float64""}",capped_upstream_estimate,bounded_power_two_then_four_fft_snap,0.25,9.0,single_case,4e58a2e9fa72736adb36ec90791c46b626d69fb0e9c5ddf901d8cb4127b113f1,5.330453959002625,,
nh3,batch_scaling,pme,torch,8192,2,16384,0.13080335920676586,7645063.598246447,17.53173828125,0.14255332946777344,10,3,torch_cuda_events,warmup_excluded,True,,,0.0001,5,arithmetic_mean,1.0726354950229857,"[0.0021404287338256836,0.0022422304153442386,0.002148908805847168,0.00209039363861084,0.002093449592590332]",,,,,not_measured,not_measured,shared_cell_k_squared,nan,nan,,energy_autograd,energy_forces_charge_gradients,True,True,False,0.09645736962556839,43.95600128173828,9.094947017729282e-13,0.3372060287522547,9.0,,592,2.0,384,4871576,2,"{""compute_capability"":""9.0"",""driver"":""unavailable"",""memory_bytes"":99996401664,""name"":""NVIDIA H100 NVL""}","{""cuda"":""13.0"",""git_head"":""unavailable"",""jax"":""0.11.2"",""jaxlib"":""0.11.2"",""nvalchemi_toolkit_ops"":""0.5.0"",""python"":""3.12.3"",""source_sha256"":""4dfd278da46af31f54f8b7671e891073f8b10f8fa2cb28e7cf92bfeddd543638"",""torch"":""2.14.0+cu130"",""warp"":""1.17.0""}","{""gpu_uuid"":""c0995d85-1dea-1b19-7e58-9baa33a5f384"",""host"":""a1u1g-mil-0576""}","{""JAX_DISABLE_JIT"":""<unset>"",""JAX_DISABLE_JIT_ACTUAL"":""<not-imported>"",""JAX_ENABLE_X64"":""1"",""JAX_ENABLE_X64_ACTUAL"":""<not-imported>"",""JAX_PLATFORMS"":""<unset>"",""TF_GPU_ALLOCATOR"":""<unset>"",""XLA_FLAGS"":""<unset>"",""XLA_PYTHON_CLIENT_ALLOCATOR"":""<unset>"",""XLA_PYTHON_CLIENT_MEM_FRACTION"":""0.95"",""XLA_PYTHON_CLIENT_PREALLOCATE"":""<unset>""}","{""artifacts"":{""nh3_pdb_1024"":{""bytes"":83199,""sha256"":""cb99e65c2024c8b1a80a7ea1f4ff5b23ef76a5d153a2caeb4a0e3077b5239135"",""state"":""file""},""nh3_pdb_128"":{""bytes"":10623,""sha256"":""4b48182856ba92449fa52b61bf2f95c6ce28937a3cb3da6aec4f131a1216c760"",""state"":""file""},""nh3_pdb_131072"":{""bytes"":10617087,""sha256"":""d454eb5e6e9fe717e1c12c22e3fc749189deae022de05b0f6f83f9f4501bbb52"",""state"":""file""},""nh3_pdb_16384"":{""bytes"":1327359,""sha256"":""07f5683974f6bdad6798104cf7de5ddb670704f71b7e28715d957805124196b8"",""state"":""file""},""nh3_pdb_2048"":{""bytes"":166143,""sha256"":""7171f9c4d6bf3c819f96ddd11877441961f43096057863d0607070d97c5e5a16"",""state"":""file""},""nh3_pdb_256"":{""bytes"":20991,""sha256"":""870d35ef9d654b395f8eefcd897e002ff41b1327475879ff5b955080ecb91ee0"",""state"":""file""},""nh3_pdb_32768"":{""bytes"":2654463,""sha256"":""a193ff7fc7793ae1c9121af48f694b9cff6974a63e67029053ab9312f86cb9cc"",""state"":""file""},""nh3_pdb_4096"":{""bytes"":332031,""sha256"":""e6d9ba2e0f95a04ebbeb61682dcf615982860aaa336140fee7ba55698f68175c"",""state"":""file""},""nh3_pdb_512"":{""bytes"":41727,""sha256"":""76e8d0d71fd3d49a1d14bb1fcd0689b08241620df41c90a904be29c85a67934e"",""state"":""file""},""nh3_pdb_65536"":{""bytes"":5308671,""sha256"":""a80e717b9abb39221c121bf3137135662e1b3c727e705e8f01e651720acd6dcc"",""state"":""file""},""nh3_pdb_8192"":{""bytes"":663807,""sha256"":""b0664469d3a8e84f71fbd848f1f0ffaca2cee3f4fd2100ed10f398e7c19a27e6"",""state"":""file""}},""metadata"":{""benchmark"":""el""}}",ec9f9176-c20b-4c6b-a2d3-efae9282f598,,,64,64,64,135168,5,cc3ce147769e76d6ae5547ad662b930f78e1ba8cdb361cbd0054184d6cc22d33,"{""batch_idx"":""int32"",""cell"":""float64"",""charges"":""float64"",""pbc"":""bool"",""positions"":""float64""}",capped_upstream_estimate,bounded_power_two_then_four_fft_snap,0.25,9.0,single_case,4e58a2e9fa72736adb36ec90791c46b626d69fb0e9c5ddf901d8cb4127b113f1,4.862489727995126,,
nh3,batch_scaling,pme,torch,8192,2,16384,0.12926050927489993,7736314.869944443,437.75048828125,0.6041951179504395,10,3,torch_cuda_events,warmup_excluded,True,,,1e-06,5,arithmetic_mean,1.0577668034913235,"[0.002116755294799805,0.0021978464126586913,0.0021044864654541015,0.0020778175354003907,0.0020921152114868166]",,,,,not_measured,not_measured,shared_cell_k_squared,nan,nan,,energy_autograd,energy_forces_charge_gradients,True,True,False,0.09645736962556839,43.95600128173828,9.094947017729282e-13,0.4129913543166487,9.0,,592,2.0,384,4871576,2,"{""compute_capability"":""9.0"",""driver"":""unavailable"",""memory_bytes"":99996401664,""name"":""NVIDIA H100 NVL""}","{""cuda"":""13.0"",""git_head"":""unavailable"",""jax"":""0.11.2"",""jaxlib"":""0.11.2"",""nvalchemi_toolkit_ops"":""0.5.0"",""python"":""3.12.3"",""source_sha256"":""4dfd278da46af31f54f8b7671e891073f8b10f8fa2cb28e7cf92bfeddd543638"",""torch"":""2.14.0+cu130"",""warp"":""1.17.0""}","{""gpu_uuid"":""c0995d85-1dea-1b19-7e58-9baa33a5f384"",""host"":""a1u1g-mil-0576""}","{""JAX_DISABLE_JIT"":""<unset>"",""JAX_DISABLE_JIT_ACTUAL"":""<not-imported>"",""JAX_ENABLE_X64"":""1"",""JAX_ENABLE_X64_ACTUAL"":""<not-imported>"",""JAX_PLATFORMS"":""<unset>"",""TF_GPU_ALLOCATOR"":""<unset>"",""XLA_FLAGS"":""<unset>"",""XLA_PYTHON_CLIENT_ALLOCATOR"":""<unset>"",""XLA_PYTHON_CLIENT_MEM_FRACTION"":""0.95"",""XLA_PYTHON_CLIENT_PREALLOCATE"":""<unset>""}","{""artifacts"":{""nh3_pdb_1024"":{""bytes"":83199,""sha256"":""cb99e65c2024c8b1a80a7ea1f4ff5b23ef76a5d153a2caeb4a0e3077b5239135"",""state"":""file""},""nh3_pdb_128"":{""bytes"":10623,""sha256"":""4b48182856ba92449fa52b61bf2f95c6ce28937a3cb3da6aec4f131a1216c760"",""state"":""file""},""nh3_pdb_131072"":{""bytes"":10617087,""sha256"":""d454eb5e6e9fe717e1c12c22e3fc749189deae022de05b0f6f83f9f4501bbb52"",""state"":""file""},""nh3_pdb_16384"":{""bytes"":1327359,""sha256"":""07f5683974f6bdad6798104cf7de5ddb670704f71b7e28715d957805124196b8"",""state"":""file""},""nh3_pdb_2048"":{""bytes"":166143,""sha256"":""7171f9c4d6bf3c819f96ddd11877441961f43096057863d0607070d97c5e5a16"",""state"":""file""},""nh3_pdb_256"":{""bytes"":20991,""sha256"":""870d35ef9d654b395f8eefcd897e002ff41b1327475879ff5b955080ecb91ee0"",""state"":""file""},""nh3_pdb_32768"":{""bytes"":2654463,""sha256"":""a193ff7fc7793ae1c9121af48f694b9cff6974a63e67029053ab9312f86cb9cc"",""state"":""file""},""nh3_pdb_4096"":{""bytes"":332031,""sha256"":""e6d9ba2e0f95a04ebbeb61682dcf615982860aaa336140fee7ba55698f68175c"",""state"":""file""},""nh3_pdb_512"":{""bytes"":41727,""sha256"":""76e8d0d71fd3d49a1d14bb1fcd0689b08241620df41c90a904be29c85a67934e"",""state"":""file""},""nh3_pdb_65536"":{""bytes"":5308671,""sha256"":""a80e717b9abb39221c121bf3137135662e1b3c727e705e8f01e651720acd6dcc"",""state"":""file""},""nh3_pdb_8192"":{""bytes"":663807,""sha256"":""b0664469d3a8e84f71fbd848f1f0ffaca2cee3f4fd2100ed10f398e7c19a27e6"",""state"":""file""}},""metadata"":{""benchmark"":""el""}}",ec9f9176-c20b-4c6b-a2d3-efae9282f598,,,192,192,192,3575808,5,cc3ce147769e76d6ae5547ad662b930f78e1ba8cdb361cbd0054184d6cc22d33,"{""batch_idx"":""int32"",""cell"":""float64"",""charges"":""float64"",""pbc"":""bool"",""positions"":""float64""}",capped_upstream_estimate,bounded_power_two_then_four_fft_snap,0.25,9.0,single_case,4e58a2e9fa72736adb36ec90791c46b626d69fb0e9c5ddf901d8cb4127b113f1,4.967315562011208,,
nh3,batch_scaling,pme,torch,8192,4,32768,0.06493968889117241,15398903.460652938,34.00048828125,0.251187801361084,10,3,torch_cuda_events,warmup_excluded,True,,,0.0001,5,arithmetic_mean,1.0591469727003897,"[0.0021686176300048828,0.002205686378479004,0.0020897632598876953,0.002082512092590332,0.0020931392669677733]",,,,,not_measured,not_measured,shared_cell_k_squared,nan,nan,,energy_autograd,energy_forces_charge_gradients,True,True,False,0.09645736962556839,43.95600128173828,9.094947017729282e-13,0.3372060287522547,9.0,,592,2.0,384,9743152,2,"{""compute_capability"":""9.0"",""driver"":""unavailable"",""memory_bytes"":99996401664,""name"":""NVIDIA H100 NVL""}","{""cuda"":""13.0"",""git_head"":""unavailable"",""jax"":""0.11.2"",""jaxlib"":""0.11.2"",""nvalchemi_toolkit_ops"":""0.5.0"",""python"":""3.12.3"",""source_sha256"":""4dfd278da46af31f54f8b7671e891073f8b10f8fa2cb28e7cf92bfeddd543638"",""torch"":""2.14.0+cu130"",""warp"":""1.17.0""}","{""gpu_uuid"":""c0995d85-1dea-1b19-7e58-9baa33a5f384"",""host"":""a1u1g-mil-0576""}","{""JAX_DISABLE_JIT"":""<unset>"",""JAX_DISABLE_JIT_ACTUAL"":""<not-imported>"",""JAX_ENABLE_X64"":""1"",""JAX_ENABLE_X64_ACTUAL"":""<not-imported>"",""JAX_PLATFORMS"":""<unset>"",""TF_GPU_ALLOCATOR"":""<unset>"",""XLA_FLAGS"":""<unset>"",""XLA_PYTHON_CLIENT_ALLOCATOR"":""<unset>"",""XLA_PYTHON_CLIENT_MEM_FRACTION"":""0.95"",""XLA_PYTHON_CLIENT_PREALLOCATE"":""<unset>""}","{""artifacts"":{""nh3_pdb_1024"":{""bytes"":83199,""sha256"":""cb99e65c2024c8b1a80a7ea1f4ff5b23ef76a5d153a2caeb4a0e3077b5239135"",""state"":""file""},""nh3_pdb_128"":{""bytes"":10623,""sha256"":""4b48182856ba92449fa52b61bf2f95c6ce28937a3cb3da6aec4f131a1216c760"",""state"":""file""},""nh3_pdb_131072"":{""bytes"":10617087,""sha256"":""d454eb5e6e9fe717e1c12c22e3fc749189deae022de05b0f6f83f9f4501bbb52"",""state"":""file""},""nh3_pdb_16384"":{""bytes"":1327359,""sha256"":""07f5683974f6bdad6798104cf7de5ddb670704f71b7e28715d957805124196b8"",""state"":""file""},""nh3_pdb_2048"":{""bytes"":166143,""sha256"":""7171f9c4d6bf3c819f96ddd11877441961f43096057863d0607070d97c5e5a16"",""state"":""file""},""nh3_pdb_256"":{""bytes"":20991,""sha256"":""870d35ef9d654b395f8eefcd897e002ff41b1327475879ff5b955080ecb91ee0"",""state"":""file""},""nh3_pdb_32768"":{""bytes"":2654463,""sha256"":""a193ff7fc7793ae1c9121af48f694b9cff6974a63e67029053ab9312f86cb9cc"",""state"":""file""},""nh3_pdb_4096"":{""bytes"":332031,""sha256"":""e6d9ba2e0f95a04ebbeb61682dcf615982860aaa336140fee7ba55698f68175c"",""state"":""file""},""nh3_pdb_512"":{""bytes"":41727,""sha256"":""76e8d0d71fd3d49a1d14bb1fcd0689b08241620df41c90a904be29c85a67934e"",""state"":""file""},""nh3_pdb_65536"":{""bytes"":5308671,""sha256"":""a80e717b9abb39221c121bf3137135662e1b3c727e705e8f01e651720acd6dcc"",""state"":""file""},""nh3_pdb_8192"":{""bytes"":663807,""sha256"":""b0664469d3a8e84f71fbd848f1f0ffaca2cee3f4fd2100ed10f398e7c19a27e6"",""state"":""file""}},""metadata"":{""benchmark"":""el""}}",ec9f9176-c20b-4c6b-a2d3-efae9282f598,,,64,64,64,135168,5,0ccd818a90e168610d559492a3472d301d0037c7c9cfec3531227a2abea931e0,"{""batch_idx"":""int32"",""cell"":""float64"",""charges"":""float64"",""pbc"":""bool"",""positions"":""float64""}",capped_upstream_estimate,bounded_power_two_then_four_fft_snap,0.25,9.0,single_case,4e58a2e9fa72736adb36ec90791c46b626d69fb0e9c5ddf901d8cb4127b113f1,4.911389240005519,,
nh3,batch_scaling,pme,torch,8192,4,32768,0.08280332083813845,12076810.324488932,872.00048828125,1.172088623046875,10,3,torch_cuda_events,warmup_excluded,True,,,1e-06,5,arithmetic_mean,1.0032915105421503,"[0.002708732795715332,0.0027085248947143555,0.0027159040451049804,0.0027174400329589843,0.0027158943176269533]",,,,,not_measured,not_measured,shared_cell_k_squared,nan,nan,,energy_autograd,energy_forces_charge_gradients,True,True,False,0.09645736962556839,43.95600128173828,9.094947017729282e-13,0.4129913543166487,9.0,,592,2.0,384,9743152,2,"{""compute_capability"":""9.0"",""driver"":""unavailable"",""memory_bytes"":99996401664,""name"":""NVIDIA H100 NVL""}","{""cuda"":""13.0"",""git_head"":""unavailable"",""jax"":""0.11.2"",""jaxlib"":""0.11.2"",""nvalchemi_toolkit_ops"":""0.5.0"",""python"":""3.12.3"",""source_sha256"":""4dfd278da46af31f54f8b7671e891073f8b10f8fa2cb28e7cf92bfeddd543638"",""torch"":""2.14.0+cu130"",""warp"":""1.17.0""}","{""gpu_uuid"":""c0995d85-1dea-1b19-7e58-9baa33a5f384"",""host"":""a1u1g-mil-0576""}","{""JAX_DISABLE_JIT"":""<unset>"",""JAX_DISABLE_JIT_ACTUAL"":""<not-imported>"",""JAX_ENABLE_X64"":""1"",""JAX_ENABLE_X64_ACTUAL"":""<not-imported>"",""JAX_PLATFORMS"":""<unset>"",""TF_GPU_ALLOCATOR"":""<unset>"",""XLA_FLAGS"":""<unset>"",""XLA_PYTHON_CLIENT_ALLOCATOR"":""<unset>"",""XLA_PYTHON_CLIENT_MEM_FRACTION"":""0.95"",""XLA_PYTHON_CLIENT_PREALLOCATE"":""<unset>""}","{""artifacts"":{""nh3_pdb_1024"":{""bytes"":83199,""sha256"":""cb99e65c2024c8b1a80a7ea1f4ff5b23ef76a5d153a2caeb4a0e3077b5239135"",""state"":""file""},""nh3_pdb_128"":{""bytes"":10623,""sha256"":""4b48182856ba92449fa52b61bf2f95c6ce28937a3cb3da6aec4f131a1216c760"",""state"":""file""},""nh3_pdb_131072"":{""bytes"":10617087,""sha256"":""d454eb5e6e9fe717e1c12c22e3fc749189deae022de05b0f6f83f9f4501bbb52"",""state"":""file""},""nh3_pdb_16384"":{""bytes"":1327359,""sha256"":""07f5683974f6bdad6798104cf7de5ddb670704f71b7e28715d957805124196b8"",""state"":""file""},""nh3_pdb_2048"":{""bytes"":166143,""sha256"":""7171f9c4d6bf3c819f96ddd11877441961f43096057863d0607070d97c5e5a16"",""state"":""file""},""nh3_pdb_256"":{""bytes"":20991,""sha256"":""870d35ef9d654b395f8eefcd897e002ff41b1327475879ff5b955080ecb91ee0"",""state"":""file""},""nh3_pdb_32768"":{""bytes"":2654463,""sha256"":""a193ff7fc7793ae1c9121af48f694b9cff6974a63e67029053ab9312f86cb9cc"",""state"":""file""},""nh3_pdb_4096"":{""bytes"":332031,""sha256"":""e6d9ba2e0f95a04ebbeb61682dcf615982860aaa336140fee7ba55698f68175c"",""state"":""file""},""nh3_pdb_512"":{""bytes"":41727,""sha256"":""76e8d0d71fd3d49a1d14bb1fcd0689b08241620df41c90a904be29c85a67934e"",""state"":""file""},""nh3_pdb_65536"":{""bytes"":5308671,""sha256"":""a80e717b9abb39221c121bf3137135662e1b3c727e705e8f01e651720acd6dcc"",""state"":""file""},""nh3_pdb_8192"":{""bytes"":663807,""sha256"":""b0664469d3a8e84f71fbd848f1f0ffaca2cee3f4fd2100ed10f398e7c19a27e6"",""state"":""file""}},""metadata"":{""benchmark"":""el""}}",ec9f9176-c20b-4c6b-a2d3-efae9282f598,,,192,192,192,3575808,5,0ccd818a90e168610d559492a3472d301d0037c7c9cfec3531227a2abea931e0,"{""batch_idx"":""int32"",""cell"":""float64"",""charges"":""float64"",""pbc"":""bool"",""positions"":""float64""}",capped_upstream_estimate,bounded_power_two_then_four_fft_snap,0.25,9.0,single_case,4e58a2e9fa72736adb36ec90791c46b626d69fb0e9c5ddf901d8cb4127b113f1,5.431031084008282,,
nh3,batch_scaling,pme,torch,8192,8,65536,0.034120282507501536,29308080.898220707,68.0009765625,0.47112178802490234,10,3,torch_cuda_events,warmup_excluded,True,,,0.0001,5,arithmetic_mean,1.0278883536200372,"[0.0022166944503784177,0.0022776031494140627,0.002227903938293457,0.002215807914733887,0.0022425247192382814]",,,,,not_measured,not_measured,shared_cell_k_squared,nan,nan,,energy_autograd,energy_forces_charge_gradients,True,True,False,0.09645736962556839,43.95600128173828,9.094947017729282e-13,0.3372060287522547,9.0,,592,2.0,384,19486304,2,"{""compute_capability"":""9.0"",""driver"":""unavailable"",""memory_bytes"":99996401664,""name"":""NVIDIA H100 NVL""}","{""cuda"":""13.0"",""git_head"":""unavailable"",""jax"":""0.11.2"",""jaxlib"":""0.11.2"",""nvalchemi_toolkit_ops"":""0.5.0"",""python"":""3.12.3"",""source_sha256"":""4dfd278da46af31f54f8b7671e891073f8b10f8fa2cb28e7cf92bfeddd543638"",""torch"":""2.14.0+cu130"",""warp"":""1.17.0""}","{""gpu_uuid"":""c0995d85-1dea-1b19-7e58-9baa33a5f384"",""host"":""a1u1g-mil-0576""}","{""JAX_DISABLE_JIT"":""<unset>"",""JAX_DISABLE_JIT_ACTUAL"":""<not-imported>"",""JAX_ENABLE_X64"":""1"",""JAX_ENABLE_X64_ACTUAL"":""<not-imported>"",""JAX_PLATFORMS"":""<unset>"",""TF_GPU_ALLOCATOR"":""<unset>"",""XLA_FLAGS"":""<unset>"",""XLA_PYTHON_CLIENT_ALLOCATOR"":""<unset>"",""XLA_PYTHON_CLIENT_MEM_FRACTION"":""0.95"",""XLA_PYTHON_CLIENT_PREALLOCATE"":""<unset>""}","{""artifacts"":{""nh3_pdb_1024"":{""bytes"":83199,""sha256"":""cb99e65c2024c8b1a80a7ea1f4ff5b23ef76a5d153a2caeb4a0e3077b5239135"",""state"":""file""},""nh3_pdb_128"":{""bytes"":10623,""sha256"":""4b48182856ba92449fa52b61bf2f95c6ce28937a3cb3da6aec4f131a1216c760"",""state"":""file""},""nh3_pdb_131072"":{""bytes"":10617087,""sha256"":""d454eb5e6e9fe717e1c12c22e3fc749189deae022de05b0f6f83f9f4501bbb52"",""state"":""file""},""nh3_pdb_16384"":{""bytes"":1327359,""sha256"":""07f5683974f6bdad6798104cf7de5ddb670704f71b7e28715d957805124196b8"",""state"":""file""},""nh3_pdb_2048"":{""bytes"":166143,""sha256"":""7171f9c4d6bf3c819f96ddd11877441961f43096057863d0607070d97c5e5a16"",""state"":""file""},""nh3_pdb_256"":{""bytes"":20991,""sha256"":""870d35ef9d654b395f8eefcd897e002ff41b1327475879ff5b955080ecb91ee0"",""state"":""file""},""nh3_pdb_32768"":{""bytes"":2654463,""sha256"":""a193ff7fc7793ae1c9121af48f694b9cff6974a63e67029053ab9312f86cb9cc"",""state"":""file""},""nh3_pdb_4096"":{""bytes"":332031,""sha256"":""e6d9ba2e0f95a04ebbeb61682dcf615982860aaa336140fee7ba55698f68175c"",""state"":""file""},""nh3_pdb_512"":{""bytes"":41727,""sha256"":""76e8d0d71fd3d49a1d14bb1fcd0689b08241620df41c90a904be29c85a67934e"",""state"":""file""},""nh3_pdb_65536"":{""bytes"":5308671,""sha256"":""a80e717b9abb39221c121bf3137135662e1b3c727e705e8f01e651720acd6dcc"",""state"":""file""},""nh3_pdb_8192"":{""bytes"":663807,""sha256"":""b0664469d3a8e84f71fbd848f1f0ffaca2cee3f4fd2100ed10f398e7c19a27e6"",""state"":""file""}},""metadata"":{""benchmark"":""el""}}",ec9f9176-c20b-4c6b-a2d3-efae9282f598,,,64,64,64,135168,5,475f30334685b1f6443f84d64ca99d1f5a3450dfc60481e8f20e6c063940a7a6,"{""batch_idx"":""int32"",""cell"":""float64"",""charges"":""float64"",""pbc"":""bool"",""positions"":""float64""}",capped_upstream_estimate,bounded_power_two_then_four_fft_snap,0.25,9.0,single_case,4e58a2e9fa72736adb36ec90791c46b626d69fb0e9c5ddf901d8cb4127b113f1,4.93766484799562,,
nh3,batch_scaling,pme,torch,8192,8,65536,0.07749279262498023,12904425.89724976,1744.0009765625,2.3129210472106934,10,3,torch_cuda_events,warmup_excluded,True,,,1e-06,5,arithmetic_mean,1.0102930674057753,"[0.005044499206542969,0.005065177536010742,0.005091215896606445,0.005096422576904297,0.005095523071289063]",,,,,not_measured,not_measured,shared_cell_k_squared,nan,nan,,energy_autograd,energy_forces_charge_gradients,True,True,False,0.09645736962556839,43.95600128173828,9.094947017729282e-13,0.4129913543166487,9.0,,592,2.0,384,19486304,2,"{""compute_capability"":""9.0"",""driver"":""unavailable"",""memory_bytes"":99996401664,""name"":""NVIDIA H100 NVL""}","{""cuda"":""13.0"",""git_head"":""unavailable"",""jax"":""0.11.2"",""jaxlib"":""0.11.2"",""nvalchemi_toolkit_ops"":""0.5.0"",""python"":""3.12.3"",""source_sha256"":""4dfd278da46af31f54f8b7671e891073f8b10f8fa2cb28e7cf92bfeddd543638"",""torch"":""2.14.0+cu130"",""warp"":""1.17.0""}","{""gpu_uuid"":""c0995d85-1dea-1b19-7e58-9baa33a5f384"",""host"":""a1u1g-mil-0576""}","{""JAX_DISABLE_JIT"":""<unset>"",""JAX_DISABLE_JIT_ACTUAL"":""<not-imported>"",""JAX_ENABLE_X64"":""1"",""JAX_ENABLE_X64_ACTUAL"":""<not-imported>"",""JAX_PLATFORMS"":""<unset>"",""TF_GPU_ALLOCATOR"":""<unset>"",""XLA_FLAGS"":""<unset>"",""XLA_PYTHON_CLIENT_ALLOCATOR"":""<unset>"",""XLA_PYTHON_CLIENT_MEM_FRACTION"":""0.95"",""XLA_PYTHON_CLIENT_PREALLOCATE"":""<unset>""}","{""artifacts"":{""nh3_pdb_1024"":{""bytes"":83199,""sha256"":""cb99e65c2024c8b1a80a7ea1f4ff5b23ef76a5d153a2caeb4a0e3077b5239135"",""state"":""file""},""nh3_pdb_128"":{""bytes"":10623,""sha256"":""4b48182856ba92449fa52b61bf2f95c6ce28937a3cb3da6aec4f131a1216c760"",""state"":""file""},""nh3_pdb_131072"":{""bytes"":10617087,""sha256"":""d454eb5e6e9fe717e1c12c22e3fc749189deae022de05b0f6f83f9f4501bbb52"",""state"":""file""},""nh3_pdb_16384"":{""bytes"":1327359,""sha256"":""07f5683974f6bdad6798104cf7de5ddb670704f71b7e28715d957805124196b8"",""state"":""file""},""nh3_pdb_2048"":{""bytes"":166143,""sha256"":""7171f9c4d6bf3c819f96ddd11877441961f43096057863d0607070d97c5e5a16"",""state"":""file""},""nh3_pdb_256"":{""bytes"":20991,""sha256"":""870d35ef9d654b395f8eefcd897e002ff41b1327475879ff5b955080ecb91ee0"",""state"":""file""},""nh3_pdb_32768"":{""bytes"":2654463,""sha256"":""a193ff7fc7793ae1c9121af48f694b9cff6974a63e67029053ab9312f86cb9cc"",""state"":""file""},""nh3_pdb_4096"":{""bytes"":332031,""sha256"":""e6d9ba2e0f95a04ebbeb61682dcf615982860aaa336140fee7ba55698f68175c"",""state"":""file""},""nh3_pdb_512"":{""bytes"":41727,""sha256"":""76e8d0d71fd3d49a1d14bb1fcd0689b08241620df41c90a904be29c85a67934e"",""state"":""file""},""nh3_pdb_65536"":{""bytes"":5308671,""sha256"":""a80e717b9abb39221c121bf3137135662e1b3c727e705e8f01e651720acd6dcc"",""state"":""file""},""nh3_pdb_8192"":{""bytes"":663807,""sha256"":""b0664469d3a8e84f71fbd848f1f0ffaca2cee3f4fd2100ed10f398e7c19a27e6"",""state"":""file""}},""metadata"":{""benchmark"":""el""}}",ec9f9176-c20b-4c6b-a2d3-efae9282f598,,,192,192,192,3575808,5,475f30334685b1f6443f84d64ca99d1f5a3450dfc60481e8f20e6c063940a7a6,"{""batch_idx"":""int32"",""cell"":""float64"",""charges"":""float64"",""pbc"":""bool"",""positions"":""float64""}",capped_upstream_estimate,bounded_power_two_then_four_fft_snap,0.25,9.0,single_case,4e58a2e9fa72736adb36ec90791c46b626d69fb0e9c5ddf901d8cb4127b113f1,5.069075270992471,,
nh3,batch_scaling,pme,torch,8192,16,131072,0.029127344023436308,34332000.85786691,136.00146484375,0.9116349220275879,10,3,torch_cuda_events,warmup_excluded,True,,,0.0001,5,arithmetic_mean,1.0089036171320376,"[0.003808812713623047,0.003840700912475586,0.0038171424865722655,0.003806806564331055,0.0038154335021972656]",,,,,not_measured,not_measured,shared_cell_k_squared,nan,nan,,energy_autograd,energy_forces_charge_gradients,True,True,False,0.09645736962556839,43.95600128173828,9.094947017729282e-13,0.3372060287522547,9.0,,592,2.0,384,38972608,2,"{""compute_capability"":""9.0"",""driver"":""unavailable"",""memory_bytes"":99996401664,""name"":""NVIDIA H100 NVL""}","{""cuda"":""13.0"",""git_head"":""unavailable"",""jax"":""0.11.2"",""jaxlib"":""0.11.2"",""nvalchemi_toolkit_ops"":""0.5.0"",""python"":""3.12.3"",""source_sha256"":""4dfd278da46af31f54f8b7671e891073f8b10f8fa2cb28e7cf92bfeddd543638"",""torch"":""2.14.0+cu130"",""warp"":""1.17.0""}","{""gpu_uuid"":""c0995d85-1dea-1b19-7e58-9baa33a5f384"",""host"":""a1u1g-mil-0576""}","{""JAX_DISABLE_JIT"":""<unset>"",""JAX_DISABLE_JIT_ACTUAL"":""<not-imported>"",""JAX_ENABLE_X64"":""1"",""JAX_ENABLE_X64_ACTUAL"":""<not-imported>"",""JAX_PLATFORMS"":""<unset>"",""TF_GPU_ALLOCATOR"":""<unset>"",""XLA_FLAGS"":""<unset>"",""XLA_PYTHON_CLIENT_ALLOCATOR"":""<unset>"",""XLA_PYTHON_CLIENT_MEM_FRACTION"":""0.95"",""XLA_PYTHON_CLIENT_PREALLOCATE"":""<unset>""}","{""artifacts"":{""nh3_pdb_1024"":{""bytes"":83199,""sha256"":""cb99e65c2024c8b1a80a7ea1f4ff5b23ef76a5d153a2caeb4a0e3077b5239135"",""state"":""file""},""nh3_pdb_128"":{""bytes"":10623,""sha256"":""4b48182856ba92449fa52b61bf2f95c6ce28937a3cb3da6aec4f131a1216c760"",""state"":""file""},""nh3_pdb_131072"":{""bytes"":10617087,""sha256"":""d454eb5e6e9fe717e1c12c22e3fc749189deae022de05b0f6f83f9f4501bbb52"",""state"":""file""},""nh3_pdb_16384"":{""bytes"":1327359,""sha256"":""07f5683974f6bdad6798104cf7de5ddb670704f71b7e28715d957805124196b8"",""state"":""file""},""nh3_pdb_2048"":{""bytes"":166143,""sha256"":""7171f9c4d6bf3c819f96ddd11877441961f43096057863d0607070d97c5e5a16"",""state"":""file""},""nh3_pdb_256"":{""bytes"":20991,""sha256"":""870d35ef9d654b395f8eefcd897e002ff41b1327475879ff5b955080ecb91ee0"",""state"":""file""},""nh3_pdb_32768"":{""bytes"":2654463,""sha256"":""a193ff7fc7793ae1c9121af48f694b9cff6974a63e67029053ab9312f86cb9cc"",""state"":""file""},""nh3_pdb_4096"":{""bytes"":332031,""sha256"":""e6d9ba2e0f95a04ebbeb61682dcf615982860aaa336140fee7ba55698f68175c"",""state"":""file""},""nh3_pdb_512"":{""bytes"":41727,""sha256"":""76e8d0d71fd3d49a1d14bb1fcd0689b08241620df41c90a904be29c85a67934e"",""state"":""file""},""nh3_pdb_65536"":{""bytes"":5308671,""sha256"":""a80e717b9abb39221c121bf3137135662e1b3c727e705e8f01e651720acd6dcc"",""state"":""file""},""nh3_pdb_8192"":{""bytes"":663807,""sha256"":""b0664469d3a8e84f71fbd848f1f0ffaca2cee3f4fd2100ed10f398e7c19a27e6"",""state"":""file""}},""metadata"":{""benchmark"":""el""}}",ec9f9176-c20b-4c6b-a2d3-efae9282f598,,,64,64,64,135168,5,c82165d0d68c2784db3d6c1201cd5bb2f921335c3b0fa14449fb166407207696,"{""batch_idx"":""int32"",""cell"":""float64"",""charges"":""float64"",""pbc"":""bool"",""positions"":""float64""}",capped_upstream_estimate,bounded_power_two_then_four_fft_snap,0.25,9.0,single_case,4e58a2e9fa72736adb36ec90791c46b626d69fb0e9c5ddf901d8cb4127b113f1,5.022834233997855,,
nh3,batch_scaling,pme,torch,8192,16,131072,0.07498514256440102,13335975.178564869,3490.00146484375,4.597184181213379,10,3,torch_cuda_events,warmup_excluded,True,,,1e-06,5,arithmetic_mean,1.0061130276941426,"[0.009802098846435547,0.00986201934814453,0.00984487075805664,0.009827069091796875,0.009806204986572266]",,,,,not_measured,not_measured,shared_cell_k_squared,nan,nan,,energy_autograd,energy_forces_charge_gradients,True,True,False,0.09645736962556839,43.95600128173828,9.094947017729282e-13,0.4129913543166487,9.0,,592,2.0,384,38972608,2,"{""compute_capability"":""9.0"",""driver"":""unavailable"",""memory_bytes"":99996401664,""name"":""NVIDIA H100 NVL""}","{""cuda"":""13.0"",""git_head"":""unavailable"",""jax"":""0.11.2"",""jaxlib"":""0.11.2"",""nvalchemi_toolkit_ops"":""0.5.0"",""python"":""3.12.3"",""source_sha256"":""4dfd278da46af31f54f8b7671e891073f8b10f8fa2cb28e7cf92bfeddd543638"",""torch"":""2.14.0+cu130"",""warp"":""1.17.0""}","{""gpu_uuid"":""c0995d85-1dea-1b19-7e58-9baa33a5f384"",""host"":""a1u1g-mil-0576""}","{""JAX_DISABLE_JIT"":""<unset>"",""JAX_DISABLE_JIT_ACTUAL"":""<not-imported>"",""JAX_ENABLE_X64"":""1"",""JAX_ENABLE_X64_ACTUAL"":""<not-imported>"",""JAX_PLATFORMS"":""<unset>"",""TF_GPU_ALLOCATOR"":""<unset>"",""XLA_FLAGS"":""<unset>"",""XLA_PYTHON_CLIENT_ALLOCATOR"":""<unset>"",""XLA_PYTHON_CLIENT_MEM_FRACTION"":""0.95"",""XLA_PYTHON_CLIENT_PREALLOCATE"":""<unset>""}","{""artifacts"":{""nh3_pdb_1024"":{""bytes"":83199,""sha256"":""cb99e65c2024c8b1a80a7ea1f4ff5b23ef76a5d153a2caeb4a0e3077b5239135"",""state"":""file""},""nh3_pdb_128"":{""bytes"":10623,""sha256"":""4b48182856ba92449fa52b61bf2f95c6ce28937a3cb3da6aec4f131a1216c760"",""state"":""file""},""nh3_pdb_131072"":{""bytes"":10617087,""sha256"":""d454eb5e6e9fe717e1c12c22e3fc749189deae022de05b0f6f83f9f4501bbb52"",""state"":""file""},""nh3_pdb_16384"":{""bytes"":1327359,""sha256"":""07f5683974f6bdad6798104cf7de5ddb670704f71b7e28715d957805124196b8"",""state"":""file""},""nh3_pdb_2048"":{""bytes"":166143,""sha256"":""7171f9c4d6bf3c819f96ddd11877441961f43096057863d0607070d97c5e5a16"",""state"":""file""},""nh3_pdb_256"":{""bytes"":20991,""sha256"":""870d35ef9d654b395f8eefcd897e002ff41b1327475879ff5b955080ecb91ee0"",""state"":""file""},""nh3_pdb_32768"":{""bytes"":2654463,""sha256"":""a193ff7fc7793ae1c9121af48f694b9cff6974a63e67029053ab9312f86cb9cc"",""state"":""file""},""nh3_pdb_4096"":{""bytes"":332031,""sha256"":""e6d9ba2e0f95a04ebbeb61682dcf615982860aaa336140fee7ba55698f68175c"",""state"":""file""},""nh3_pdb_512"":{""bytes"":41727,""sha256"":""76e8d0d71fd3d49a1d14bb1fcd0689b08241620df41c90a904be29c85a67934e"",""state"":""file""},""nh3_pdb_65536"":{""bytes"":5308671,""sha256"":""a80e717b9abb39221c121bf3137135662e1b3c727e705e8f01e651720acd6dcc"",""state"":""file""},""nh3_pdb_8192"":{""bytes"":663807,""sha256"":""b0664469d3a8e84f71fbd848f1f0ffaca2cee3f4fd2100ed10f398e7c19a27e6"",""state"":""file""}},""metadata"":{""benchmark"":""el""}}",ec9f9176-c20b-4c6b-a2d3-efae9282f598,,,192,192,192,3575808,5,c82165d0d68c2784db3d6c1201cd5bb2f921335c3b0fa14449fb166407207696,"{""batch_idx"":""int32"",""cell"":""float64"",""charges"":""float64"",""pbc"":""bool"",""positions"":""float64""}",capped_upstream_estimate,bounded_power_two_then_four_fft_snap,0.25,9.0,single_case,4e58a2e9fa72736adb36ec90791c46b626d69fb0e9c5ddf901d8cb4127b113f1,5.924895323027158,,
nh3,batch_scaling,pme,jax,256,4,1024,1.7472094921799908,572341.2129316567,nan,nan,10,3,jax_wall_block_until_ready,warmup_excluded,True,,,1e-06,5,arithmetic_mean,1.0296205693944829,"[0.0017586799000127939,0.001810773000033805,0.001783431900003052,0.0018087508999087732,0.0017840769000031288]",,,,,not_measured,not_measured,shared_cell_k_squared,nan,nan,,energy_autograd,energy_forces_charge_gradients,True,True,False,0.09646306931972504,13.84500026702881,2.842170943040401e-14,0.4129913543166487,9.0,,592,2.0,319,301872,2,"{""compute_capability"":""9.0"",""driver"":""unavailable"",""memory_bytes"":99996401664,""name"":""NVIDIA H100 NVL""}","{""cuda"":""13.0"",""git_head"":""unavailable"",""jax"":""0.10.1"",""jaxlib"":""0.10.1"",""nvalchemi_toolkit_ops"":""0.5.0"",""python"":""3.12.3"",""source_sha256"":""4dfd278da46af31f54f8b7671e891073f8b10f8fa2cb28e7cf92bfeddd543638"",""torch"":""2.14.0+cu130"",""warp"":""1.17.0""}","{""gpu_uuid"":""b86b304e-698a-30bd-d46b-23da3dc3658e"",""host"":""ipp2-1738""}","{""JAX_DISABLE_JIT"":""<unset>"",""JAX_DISABLE_JIT_ACTUAL"":""False"",""JAX_ENABLE_X64"":""1"",""JAX_ENABLE_X64_ACTUAL"":""True"",""JAX_PLATFORMS"":""<unset>"",""TF_GPU_ALLOCATOR"":""<unset>"",""XLA_FLAGS"":""<unset>"",""XLA_PYTHON_CLIENT_ALLOCATOR"":""<unset>"",""XLA_PYTHON_CLIENT_MEM_FRACTION"":""0.95"",""XLA_PYTHON_CLIENT_PREALLOCATE"":""<unset>""}","{""artifacts"":{""nh3_pdb_1024"":{""bytes"":83199,""sha256"":""cb99e65c2024c8b1a80a7ea1f4ff5b23ef76a5d153a2caeb4a0e3077b5239135"",""state"":""file""},""nh3_pdb_128"":{""bytes"":10623,""sha256"":""4b48182856ba92449fa52b61bf2f95c6ce28937a3cb3da6aec4f131a1216c760"",""state"":""file""},""nh3_pdb_131072"":{""bytes"":10617087,""sha256"":""d454eb5e6e9fe717e1c12c22e3fc749189deae022de05b0f6f83f9f4501bbb52"",""state"":""file""},""nh3_pdb_16384"":{""bytes"":1327359,""sha256"":""07f5683974f6bdad6798104cf7de5ddb670704f71b7e28715d957805124196b8"",""state"":""file""},""nh3_pdb_2048"":{""bytes"":166143,""sha256"":""7171f9c4d6bf3c819f96ddd11877441961f43096057863d0607070d97c5e5a16"",""state"":""file""},""nh3_pdb_256"":{""bytes"":20991,""sha256"":""870d35ef9d654b395f8eefcd897e002ff41b1327475879ff5b955080ecb91ee0"",""state"":""file""},""nh3_pdb_32768"":{""bytes"":2654463,""sha256"":""a193ff7fc7793ae1c9121af48f694b9cff6974a63e67029053ab9312f86cb9cc"",""state"":""file""},""nh3_pdb_4096"":{""bytes"":332031,""sha256"":""e6d9ba2e0f95a04ebbeb61682dcf615982860aaa336140fee7ba55698f68175c"",""state"":""file""},""nh3_pdb_512"":{""bytes"":41727,""sha256"":""76e8d0d71fd3d49a1d14bb1fcd0689b08241620df41c90a904be29c85a67934e"",""state"":""file""},""nh3_pdb_65536"":{""bytes"":5308671,""sha256"":""a80e717b9abb39221c121bf3137135662e1b3c727e705e8f01e651720acd6dcc"",""state"":""file""},""nh3_pdb_8192"":{""bytes"":663807,""sha256"":""b0664469d3a8e84f71fbd848f1f0ffaca2cee3f4fd2100ed10f398e7c19a27e6"",""state"":""file""}},""metadata"":{""benchmark"":""el""}}",28ea42c8-c3b9-4a9c-96dc-b96a346325d0,,,64,64,64,135168,5,7f437afa936abb40e5f032ffdd45b4a2d3f8f9ec56b4784c9bf2aefde9f9074f,"{""batch_idx"":""int32"",""cell"":""float64"",""charges"":""float64"",""pbc"":""bool"",""positions"":""float64""}",capped_upstream_estimate,bounded_power_two_then_four_fft_snap,0.25,9.0,single_case,5779517f771cd31c95dc30de603249f8f59a1f8d3680da722ea0763b4d76684d,39.54694289299914,123,supported_jax_separate_collection
nh3,batch_scaling,pme,jax,256,128,32768,0.45518944091882396,2196887.5156274433,nan,nan,10,3,jax_wall_block_until_ready,warmup_excluded,True,,,1e-06,5,arithmetic_mean,1.003747021925725,"[0.014879016200029582,0.014912306200130843,0.014919425200059778,0.014932722199955607,0.01493476819996431]",,,,,not_measured,not_measured,shared_cell_k_squared,nan,nan,,energy_autograd,energy_forces_charge_gradients,True,True,False,0.09646306931972504,13.84500026702881,2.842170943040401e-14,0.4129913543166487,9.0,,592,2.0,319,9659904,2,"{""compute_capability"":""9.0"",""driver"":""unavailable"",""memory_bytes"":99996401664,""name"":""NVIDIA H100 NVL""}","{""cuda"":""13.0"",""git_head"":""unavailable"",""jax"":""0.10.1"",""jaxlib"":""0.10.1"",""nvalchemi_toolkit_ops"":""0.5.0"",""python"":""3.12.3"",""source_sha256"":""4dfd278da46af31f54f8b7671e891073f8b10f8fa2cb28e7cf92bfeddd543638"",""torch"":""2.14.0+cu130"",""warp"":""1.17.0""}","{""gpu_uuid"":""b86b304e-698a-30bd-d46b-23da3dc3658e"",""host"":""ipp2-1738""}","{""JAX_DISABLE_JIT"":""<unset>"",""JAX_DISABLE_JIT_ACTUAL"":""False"",""JAX_ENABLE_X64"":""1"",""JAX_ENABLE_X64_ACTUAL"":""True"",""JAX_PLATFORMS"":""<unset>"",""TF_GPU_ALLOCATOR"":""<unset>"",""XLA_FLAGS"":""<unset>"",""XLA_PYTHON_CLIENT_ALLOCATOR"":""<unset>"",""XLA_PYTHON_CLIENT_MEM_FRACTION"":""0.95"",""XLA_PYTHON_CLIENT_PREALLOCATE"":""<unset>""}","{""artifacts"":{""nh3_pdb_1024"":{""bytes"":83199,""sha256"":""cb99e65c2024c8b1a80a7ea1f4ff5b23ef76a5d153a2caeb4a0e3077b5239135"",""state"":""file""},""nh3_pdb_128"":{""bytes"":10623,""sha256"":""4b48182856ba92449fa52b61bf2f95c6ce28937a3cb3da6aec4f131a1216c760"",""state"":""file""},""nh3_pdb_131072"":{""bytes"":10617087,""sha256"":""d454eb5e6e9fe717e1c12c22e3fc749189deae022de05b0f6f83f9f4501bbb52"",""state"":""file""},""nh3_pdb_16384"":{""bytes"":1327359,""sha256"":""07f5683974f6bdad6798104cf7de5ddb670704f71b7e28715d957805124196b8"",""state"":""file""},""nh3_pdb_2048"":{""bytes"":166143,""sha256"":""7171f9c4d6bf3c819f96ddd11877441961f43096057863d0607070d97c5e5a16"",""state"":""file""},""nh3_pdb_256"":{""bytes"":20991,""sha256"":""870d35ef9d654b395f8eefcd897e002ff41b1327475879ff5b955080ecb91ee0"",""state"":""file""},""nh3_pdb_32768"":{""bytes"":2654463,""sha256"":""a193ff7fc7793ae1c9121af48f694b9cff6974a63e67029053ab9312f86cb9cc"",""state"":""file""},""nh3_pdb_4096"":{""bytes"":332031,""sha256"":""e6d9ba2e0f95a04ebbeb61682dcf615982860aaa336140fee7ba55698f68175c"",""state"":""file""},""nh3_pdb_512"":{""bytes"":41727,""sha256"":""76e8d0d71fd3d49a1d14bb1fcd0689b08241620df41c90a904be29c85a67934e"",""state"":""file""},""nh3_pdb_65536"":{""bytes"":5308671,""sha256"":""a80e717b9abb39221c121bf3137135662e1b3c727e705e8f01e651720acd6dcc"",""state"":""file""},""nh3_pdb_8192"":{""bytes"":663807,""sha256"":""b0664469d3a8e84f71fbd848f1f0ffaca2cee3f4fd2100ed10f398e7c19a27e6"",""state"":""file""}},""metadata"":{""benchmark"":""el""}}",28ea42c8-c3b9-4a9c-96dc-b96a346325d0,,,64,64,64,135168,5,c26977af5d9b4ed54e198b18c4a3b7e8d65c954b3e324483dad014a9d6f73761,"{""batch_idx"":""int32"",""cell"":""float64"",""charges"":""float64"",""pbc"":""bool"",""positions"":""float64""}",capped_upstream_estimate,bounded_power_two_then_four_fft_snap,0.25,9.0,single_case,5779517f771cd31c95dc30de603249f8f59a1f8d3680da722ea0763b4d76684d,43.27011541200045,133,supported_jax_separate_collection
nh3,batch_scaling,pme,jax,8192,2,16384,0.1773736157217876,5637817.078547413,nan,nan,10,3,jax_wall_block_until_ready,warmup_excluded,True,,,0.0001,5,arithmetic_mean,1.0057860927988953,"[0.002897827699962363,0.002908830700107501,0.002914594799949555,0.002902898600041226,0.002906294799868192]",,,,,not_measured,not_measured,shared_cell_k_squared,nan,nan,,energy_autograd,energy_forces_charge_gradients,True,True,False,0.09645736962556839,43.95600128173828,9.094947017729282e-13,0.3372060287522547,9.0,,592,2.0,384,4871576,2,"{""compute_capability"":""9.0"",""driver"":""unavailable"",""memory_bytes"":99996401664,""name"":""NVIDIA H100 NVL""}","{""cuda"":""13.0"",""git_head"":""unavailable"",""jax"":""0.10.1"",""jaxlib"":""0.10.1"",""nvalchemi_toolkit_ops"":""0.5.0"",""python"":""3.12.3"",""source_sha256"":""4dfd278da46af31f54f8b7671e891073f8b10f8fa2cb28e7cf92bfeddd543638"",""torch"":""2.14.0+cu130"",""warp"":""1.17.0""}","{""gpu_uuid"":""b86b304e-698a-30bd-d46b-23da3dc3658e"",""host"":""ipp2-1738""}","{""JAX_DISABLE_JIT"":""<unset>"",""JAX_DISABLE_JIT_ACTUAL"":""False"",""JAX_ENABLE_X64"":""1"",""JAX_ENABLE_X64_ACTUAL"":""True"",""JAX_PLATFORMS"":""<unset>"",""TF_GPU_ALLOCATOR"":""<unset>"",""XLA_FLAGS"":""<unset>"",""XLA_PYTHON_CLIENT_ALLOCATOR"":""<unset>"",""XLA_PYTHON_CLIENT_MEM_FRACTION"":""0.95"",""XLA_PYTHON_CLIENT_PREALLOCATE"":""<unset>""}","{""artifacts"":{""nh3_pdb_1024"":{""bytes"":83199,""sha256"":""cb99e65c2024c8b1a80a7ea1f4ff5b23ef76a5d153a2caeb4a0e3077b5239135"",""state"":""file""},""nh3_pdb_128"":{""bytes"":10623,""sha256"":""4b48182856ba92449fa52b61bf2f95c6ce28937a3cb3da6aec4f131a1216c760"",""state"":""file""},""nh3_pdb_131072"":{""bytes"":10617087,""sha256"":""d454eb5e6e9fe717e1c12c22e3fc749189deae022de05b0f6f83f9f4501bbb52"",""state"":""file""},""nh3_pdb_16384"":{""bytes"":1327359,""sha256"":""07f5683974f6bdad6798104cf7de5ddb670704f71b7e28715d957805124196b8"",""state"":""file""},""nh3_pdb_2048"":{""bytes"":166143,""sha256"":""7171f9c4d6bf3c819f96ddd11877441961f43096057863d0607070d97c5e5a16"",""state"":""file""},""nh3_pdb_256"":{""bytes"":20991,""sha256"":""870d35ef9d654b395f8eefcd897e002ff41b1327475879ff5b955080ecb91ee0"",""state"":""file""},""nh3_pdb_32768"":{""bytes"":2654463,""sha256"":""a193ff7fc7793ae1c9121af48f694b9cff6974a63e67029053ab9312f86cb9cc"",""state"":""file""},""nh3_pdb_4096"":{""bytes"":332031,""sha256"":""e6d9ba2e0f95a04ebbeb61682dcf615982860aaa336140fee7ba55698f68175c"",""state"":""file""},""nh3_pdb_512"":{""bytes"":41727,""sha256"":""76e8d0d71fd3d49a1d14bb1fcd0689b08241620df41c90a904be29c85a67934e"",""state"":""file""},""nh3_pdb_65536"":{""bytes"":5308671,""sha256"":""a80e717b9abb39221c121bf3137135662e1b3c727e705e8f01e651720acd6dcc"",""state"":""file""},""nh3_pdb_8192"":{""bytes"":663807,""sha256"":""b0664469d3a8e84f71fbd848f1f0ffaca2cee3f4fd2100ed10f398e7c19a27e6"",""state"":""file""}},""metadata"":{""benchmark"":""el""}}",28ea42c8-c3b9-4a9c-96dc-b96a346325d0,,,64,64,64,135168,5,cc3ce147769e76d6ae5547ad662b930f78e1ba8cdb361cbd0054184d6cc22d33,"{""batch_idx"":""int32"",""cell"":""float64"",""charges"":""float64"",""pbc"":""bool"",""positions"":""float64""}",capped_upstream_estimate,bounded_power_two_then_four_fft_snap,0.25,9.0,single_case,5779517f771cd31c95dc30de603249f8f59a1f8d3680da722ea0763b4d76684d,42.01777938600026,140,supported_jax_separate_collection
nh3,batch_scaling,ewald,jax,256,32,8192,0.28799763672093803,3472250.714921571,nan,nan,10,3,jax_wall_block_until_ready,warmup_excluded,True,,,0.0001,5,arithmetic_mean,1.0070293722895098,"[0.0023682488999838824,0.002360674800002016,0.0023558859000331724,0.0023517178000474815,0.0023598558000230696]",,,,,not_measured,not_measured,,nan,nan,665,energy_autograd,energy_forces_charge_gradients,True,True,False,0.09646306931972504,13.84500026702881,2.842170943040401e-14,0.32259326452181164,9.40768017357379,1.9580470853692633,688,2.0,362,2756544,2,"{""compute_capability"":""9.0"",""driver"":""unavailable"",""memory_bytes"":99996401664,""name"":""NVIDIA H100 NVL""}","{""cuda"":""13.0"",""git_head"":""unavailable"",""jax"":""0.10.1"",""jaxlib"":""0.10.1"",""nvalchemi_toolkit_ops"":""0.5.0"",""python"":""3.12.3"",""source_sha256"":""4dfd278da46af31f54f8b7671e891073f8b10f8fa2cb28e7cf92bfeddd543638"",""torch"":""2.14.0+cu130"",""warp"":""1.17.0""}","{""gpu_uuid"":""b86b304e-698a-30bd-d46b-23da3dc3658e"",""host"":""ipp2-1738""}","{""JAX_DISABLE_JIT"":""<unset>"",""JAX_DISABLE_JIT_ACTUAL"":""False"",""JAX_ENABLE_X64"":""1"",""JAX_ENABLE_X64_ACTUAL"":""True"",""JAX_PLATFORMS"":""<unset>"",""TF_GPU_ALLOCATOR"":""<unset>"",""XLA_FLAGS"":""<unset>"",""XLA_PYTHON_CLIENT_ALLOCATOR"":""<unset>"",""XLA_PYTHON_CLIENT_MEM_FRACTION"":""0.95"",""XLA_PYTHON_CLIENT_PREALLOCATE"":""<unset>""}","{""artifacts"":{""nh3_pdb_1024"":{""bytes"":83199,""sha256"":""cb99e65c2024c8b1a80a7ea1f4ff5b23ef76a5d153a2caeb4a0e3077b5239135"",""state"":""file""},""nh3_pdb_128"":{""bytes"":10623,""sha256"":""4b48182856ba92449fa52b61bf2f95c6ce28937a3cb3da6aec4f131a1216c760"",""state"":""file""},""nh3_pdb_131072"":{""bytes"":10617087,""sha256"":""d454eb5e6e9fe717e1c12c22e3fc749189deae022de05b0f6f83f9f4501bbb52"",""state"":""file""},""nh3_pdb_16384"":{""bytes"":1327359,""sha256"":""07f5683974f6bdad6798104cf7de5ddb670704f71b7e28715d957805124196b8"",""state"":""file""},""nh3_pdb_2048"":{""bytes"":166143,""sha256"":""7171f9c4d6bf3c819f96ddd11877441961f43096057863d0607070d97c5e5a16"",""state"":""file""},""nh3_pdb_256"":{""bytes"":20991,""sha256"":""870d35ef9d654b395f8eefcd897e002ff41b1327475879ff5b955080ecb91ee0"",""state"":""file""},""nh3_pdb_32768"":{""bytes"":2654463,""sha256"":""a193ff7fc7793ae1c9121af48f694b9cff6974a63e67029053ab9312f86cb9cc"",""state"":""file""},""nh3_pdb_4096"":{""bytes"":332031,""sha256"":""e6d9ba2e0f95a04ebbeb61682dcf615982860aaa336140fee7ba55698f68175c"",""state"":""file""},""nh3_pdb_512"":{""bytes"":41727,""sha256"":""76e8d0d71fd3d49a1d14bb1fcd0689b08241620df41c90a904be29c85a67934e"",""state"":""file""},""nh3_pdb_65536"":{""bytes"":5308671,""sha256"":""a80e717b9abb39221c121bf3137135662e1b3c727e705e8f01e651720acd6dcc"",""state"":""file""},""nh3_pdb_8192"":{""bytes"":663807,""sha256"":""b0664469d3a8e84f71fbd848f1f0ffaca2cee3f4fd2100ed10f398e7c19a27e6"",""state"":""file""}},""metadata"":{""benchmark"":""el""}}",28ea42c8-c3b9-4a9c-96dc-b96a346325d0,,,,,,,,,,,,,,single_case,5779517f771cd31c95dc30de603249f8f59a1f8d3680da722ea0763b4d76684d,12.466712583000117,276,supported_jax_separate_collection
nh3,batch_scaling,ewald,jax,256,512,131072,0.42788184997560874,2337093.756271748,nan,nan,10,3,jax_wall_block_until_ready,warmup_excluded,True,,,1e-06,5,arithmetic_mean,1.0010973370261025,"[0.05605014550001215,0.05605548040002759,0.05608945040003164,0.05610992149995582,0.05611165139998775]",,,,,not_measured,not_measured,,nan,nan,1098,energy_autograd,energy_forces_charge_gradients,True,True,False,0.09646306931972504,13.84500026702881,2.842170943040401e-14,0.32259326452181164,11.522008044276834,2.3981081257492542,1248,2.0,647,80516096,2,"{""compute_capability"":""9.0"",""driver"":""unavailable"",""memory_bytes"":99996401664,""name"":""NVIDIA H100 NVL""}","{""cuda"":""13.0"",""git_head"":""unavailable"",""jax"":""0.10.1"",""jaxlib"":""0.10.1"",""nvalchemi_toolkit_ops"":""0.5.0"",""python"":""3.12.3"",""source_sha256"":""4dfd278da46af31f54f8b7671e891073f8b10f8fa2cb28e7cf92bfeddd543638"",""torch"":""2.14.0+cu130"",""warp"":""1.17.0""}","{""gpu_uuid"":""b86b304e-698a-30bd-d46b-23da3dc3658e"",""host"":""ipp2-1738""}","{""JAX_DISABLE_JIT"":""<unset>"",""JAX_DISABLE_JIT_ACTUAL"":""False"",""JAX_ENABLE_X64"":""1"",""JAX_ENABLE_X64_ACTUAL"":""True"",""JAX_PLATFORMS"":""<unset>"",""TF_GPU_ALLOCATOR"":""<unset>"",""XLA_FLAGS"":""<unset>"",""XLA_PYTHON_CLIENT_ALLOCATOR"":""<unset>"",""XLA_PYTHON_CLIENT_MEM_FRACTION"":""0.95"",""XLA_PYTHON_CLIENT_PREALLOCATE"":""<unset>""}","{""artifacts"":{""nh3_pdb_1024"":{""bytes"":83199,""sha256"":""cb99e65c2024c8b1a80a7ea1f4ff5b23ef76a5d153a2caeb4a0e3077b5239135"",""state"":""file""},""nh3_pdb_128"":{""bytes"":10623,""sha256"":""4b48182856ba92449fa52b61bf2f95c6ce28937a3cb3da6aec4f131a1216c760"",""state"":""file""},""nh3_pdb_131072"":{""bytes"":10617087,""sha256"":""d454eb5e6e9fe717e1c12c22e3fc749189deae022de05b0f6f83f9f4501bbb52"",""state"":""file""},""nh3_pdb_16384"":{""bytes"":1327359,""sha256"":""07f5683974f6bdad6798104cf7de5ddb670704f71b7e28715d957805124196b8"",""state"":""file""},""nh3_pdb_2048"":{""bytes"":166143,""sha256"":""7171f9c4d6bf3c819f96ddd11877441961f43096057863d0607070d97c5e5a16"",""state"":""file""},""nh3_pdb_256"":{""bytes"":20991,""sha256"":""870d35ef9d654b395f8eefcd897e002ff41b1327475879ff5b955080ecb91ee0"",""state"":""file""},""nh3_pdb_32768"":{""bytes"":2654463,""sha256"":""a193ff7fc7793ae1c9121af48f694b9cff6974a63e67029053ab9312f86cb9cc"",""state"":""file""},""nh3_pdb_4096"":{""bytes"":332031,""sha256"":""e6d9ba2e0f95a04ebbeb61682dcf615982860aaa336140fee7ba55698f68175c"",""state"":""file""},""nh3_pdb_512"":{""bytes"":41727,""sha256"":""76e8d0d71fd3d49a1d14bb1fcd0689b08241620df41c90a904be29c85a67934e"",""state"":""file""},""nh3_pdb_65536"":{""bytes"":5308671,""sha256"":""a80e717b9abb39221c121bf3137135662e1b3c727e705e8f01e651720acd6dcc"",""state"":""file""},""nh3_pdb_8192"":{""bytes"":663807,""sha256"":""b0664469d3a8e84f71fbd848f1f0ffaca2cee3f4fd2100ed10f398e7c19a27e6"",""state"":""file""}},""metadata"":{""benchmark"":""el""}}",28ea42c8-c3b9-4a9c-96dc-b96a346325d0,,,,,,,,,,,,,,single_case,5779517f771cd31c95dc30de603249f8f59a1f8d3680da722ea0763b4d76684d,20.34202285399988,285,supported_jax_separate_collection
nh3,batch_scaling,ewald,jax,8192,2,16384,4.138419621579903,241638.13519186707,nan,nan,10,3,jax_wall_block_until_ready,warmup_excluded,True,,,1e-06,5,arithmetic_mean,1.0015665947259023,"[0.06786406920000446,0.0678011220999906,0.06776883099992119,0.06775791999989451,0.06782739310001488]",,,,,not_measured,not_measured,,nan,nan,4630,energy_autograd,energy_forces_charge_gradients,True,True,False,0.09645736962556839,43.95600128173828,9.094947017729282e-13,0.18104578414850428,20.5302885473489,1.345866184598588,7008,2.0,3752,57375248,2,"{""compute_capability"":""9.0"",""driver"":""unavailable"",""memory_bytes"":99996401664,""name"":""NVIDIA H100 NVL""}","{""cuda"":""13.0"",""git_head"":""unavailable"",""jax"":""0.10.1"",""jaxlib"":""0.10.1"",""nvalchemi_toolkit_ops"":""0.5.0"",""python"":""3.12.3"",""source_sha256"":""4dfd278da46af31f54f8b7671e891073f8b10f8fa2cb28e7cf92bfeddd543638"",""torch"":""2.14.0+cu130"",""warp"":""1.17.0""}","{""gpu_uuid"":""b86b304e-698a-30bd-d46b-23da3dc3658e"",""host"":""ipp2-1738""}","{""JAX_DISABLE_JIT"":""<unset>"",""JAX_DISABLE_JIT_ACTUAL"":""False"",""JAX_ENABLE_X64"":""1"",""JAX_ENABLE_X64_ACTUAL"":""True"",""JAX_PLATFORMS"":""<unset>"",""TF_GPU_ALLOCATOR"":""<unset>"",""XLA_FLAGS"":""<unset>"",""XLA_PYTHON_CLIENT_ALLOCATOR"":""<unset>"",""XLA_PYTHON_CLIENT_MEM_FRACTION"":""0.95"",""XLA_PYTHON_CLIENT_PREALLOCATE"":""<unset>""}","{""artifacts"":{""nh3_pdb_1024"":{""bytes"":83199,""sha256"":""cb99e65c2024c8b1a80a7ea1f4ff5b23ef76a5d153a2caeb4a0e3077b5239135"",""state"":""file""},""nh3_pdb_128"":{""bytes"":10623,""sha256"":""4b48182856ba92449fa52b61bf2f95c6ce28937a3cb3da6aec4f131a1216c760"",""state"":""file""},""nh3_pdb_131072"":{""bytes"":10617087,""sha256"":""d454eb5e6e9fe717e1c12c22e3fc749189deae022de05b0f6f83f9f4501bbb52"",""state"":""file""},""nh3_pdb_16384"":{""bytes"":1327359,""sha256"":""07f5683974f6bdad6798104cf7de5ddb670704f71b7e28715d957805124196b8"",""state"":""file""},""nh3_pdb_2048"":{""bytes"":166143,""sha256"":""7171f9c4d6bf3c819f96ddd11877441961f43096057863d0607070d97c5e5a16"",""state"":""file""},""nh3_pdb_256"":{""bytes"":20991,""sha256"":""870d35ef9d654b395f8eefcd897e002ff41b1327475879ff5b955080ecb91ee0"",""state"":""file""},""nh3_pdb_32768"":{""bytes"":2654463,""sha256"":""a193ff7fc7793ae1c9121af48f694b9cff6974a63e67029053ab9312f86cb9cc"",""state"":""file""},""nh3_pdb_4096"":{""bytes"":332031,""sha256"":""e6d9ba2e0f95a04ebbeb61682dcf615982860aaa336140fee7ba55698f68175c"",""state"":""file""},""nh3_pdb_512"":{""bytes"":41727,""sha256"":""76e8d0d71fd3d49a1d14bb1fcd0689b08241620df41c90a904be29c85a67934e"",""state"":""file""},""nh3_pdb_65536"":{""bytes"":5308671,""sha256"":""a80e717b9abb39221c121bf3137135662e1b3c727e705e8f01e651720acd6dcc"",""state"":""file""},""nh3_pdb_8192"":{""bytes"":663807,""sha256"":""b0664469d3a8e84f71fbd848f1f0ffaca2cee3f4fd2100ed10f398e7c19a27e6"",""state"":""file""}},""metadata"":{""benchmark"":""el""}}",28ea42c8-c3b9-4a9c-96dc-b96a346325d0,,,,,,,,,,,,,,single_case,5779517f771cd31c95dc30de603249f8f59a1f8d3680da722ea0763b4d76684d,18.418551579999985,289,supported_jax_separate_collection
nh3,batch_scaling,pme,jax,256,4,1024,1.0436664462076806,958160.5345593421,nan,nan,10,3,jax_wall_block_until_ready,warmup_excluded,True,,,0.0001,5,arithmetic_mean,1.0120517664929933,"[0.0010778240015497432,0.0010672791016986594,0.0010649890027707443,0.0010668450995581225,0.0010666349990060553]",,,,,not_measured,not_measured,shared_cell_k_squared,nan,nan,,energy_autograd,energy_forces_charge_gradients,True,True,False,0.09646306931972504,13.84500026702881,2.842170943040401e-14,0.3372060287522547,9.0,,592,2.0,319,301872,2,"{""compute_capability"":""9.0"",""driver"":""unavailable"",""memory_bytes"":99996401664,""name"":""NVIDIA H100 NVL""}","{""cuda"":""13.0"",""git_head"":""unavailable"",""jax"":""0.10.1"",""jaxlib"":""0.10.1"",""nvalchemi_toolkit_ops"":""0.5.0"",""python"":""3.12.3"",""source_sha256"":""4dfd278da46af31f54f8b7671e891073f8b10f8fa2cb28e7cf92bfeddd543638"",""torch"":""2.14.0+cu130"",""warp"":""1.17.0""}","{""gpu_uuid"":""557cda80-d2b2-7630-d3a3-99bf87d35067"",""host"":""ipp2-1716""}","{""JAX_DISABLE_JIT"":""<unset>"",""JAX_DISABLE_JIT_ACTUAL"":""False"",""JAX_ENABLE_X64"":""1"",""JAX_ENABLE_X64_ACTUAL"":""True"",""JAX_PLATFORMS"":""<unset>"",""TF_GPU_ALLOCATOR"":""<unset>"",""XLA_FLAGS"":""<unset>"",""XLA_PYTHON_CLIENT_ALLOCATOR"":""<unset>"",""XLA_PYTHON_CLIENT_MEM_FRACTION"":""0.95"",""XLA_PYTHON_CLIENT_PREALLOCATE"":""<unset>""}","{""artifacts"":{""nh3_pdb_1024"":{""bytes"":83199,""sha256"":""cb99e65c2024c8b1a80a7ea1f4ff5b23ef76a5d153a2caeb4a0e3077b5239135"",""state"":""file""},""nh3_pdb_128"":{""bytes"":10623,""sha256"":""4b48182856ba92449fa52b61bf2f95c6ce28937a3cb3da6aec4f131a1216c760"",""state"":""file""},""nh3_pdb_131072"":{""bytes"":10617087,""sha256"":""d454eb5e6e9fe717e1c12c22e3fc749189deae022de05b0f6f83f9f4501bbb52"",""state"":""file""},""nh3_pdb_16384"":{""bytes"":1327359,""sha256"":""07f5683974f6bdad6798104cf7de5ddb670704f71b7e28715d957805124196b8"",""state"":""file""},""nh3_pdb_2048"":{""bytes"":166143,""sha256"":""7171f9c4d6bf3c819f96ddd11877441961f43096057863d0607070d97c5e5a16"",""state"":""file""},""nh3_pdb_256"":{""bytes"":20991,""sha256"":""870d35ef9d654b395f8eefcd897e002ff41b1327475879ff5b955080ecb91ee0"",""state"":""file""},""nh3_pdb_32768"":{""bytes"":2654463,""sha256"":""a193ff7fc7793ae1c9121af48f694b9cff6974a63e67029053ab9312f86cb9cc"",""state"":""file""},""nh3_pdb_4096"":{""bytes"":332031,""sha256"":""e6d9ba2e0f95a04ebbeb61682dcf615982860aaa336140fee7ba55698f68175c"",""state"":""file""},""nh3_pdb_512"":{""bytes"":41727,""sha256"":""76e8d0d71fd3d49a1d14bb1fcd0689b08241620df41c90a904be29c85a67934e"",""state"":""file""},""nh3_pdb_65536"":{""bytes"":5308671,""sha256"":""a80e717b9abb39221c121bf3137135662e1b3c727e705e8f01e651720acd6dcc"",""state"":""file""},""nh3_pdb_8192"":{""bytes"":663807,""sha256"":""b0664469d3a8e84f71fbd848f1f0ffaca2cee3f4fd2100ed10f398e7c19a27e6"",""state"":""file""}},""metadata"":{""benchmark"":""el""}}",28ea42c8-c3b9-4a9c-96dc-b96a346325d0,,,20,20,20,4400,5,7f437afa936abb40e5f032ffdd45b4a2d3f8f9ec56b4784c9bf2aefde9f9074f,"{""batch_idx"":""int32"",""cell"":""float64"",""charges"":""float64"",""pbc"":""bool"",""positions"":""float64""}",capped_upstream_estimate,bounded_power_two_then_four_fft_snap,0.25,9.0,single_case,5779517f771cd31c95dc30de603249f8f59a1f8d3680da722ea0763b4d76684d,39.621013604977634,122,supported_jax_separate_collection
nh3,batch_scaling,pme,jax,256,32,8192,0.5652269091172001,1769200.9772886615,nan,nan,10,3,jax_wall_block_until_ready,warmup_excluded,True,,,1e-06,5,arithmetic_mean,1.0095083167931782,"[0.0046045059978496285,0.004630131999147124,0.004633246100274846,0.004635523000615649,0.004648287099553272]",,,,,not_measured,not_measured,shared_cell_k_squared,nan,nan,,energy_autograd,energy_forces_charge_gradients,True,True,False,0.09646306931972504,13.84500026702881,2.842170943040401e-14,0.4129913543166487,9.0,,592,2.0,319,2414976,2,"{""compute_capability"":""9.0"",""driver"":""unavailable"",""memory_bytes"":99996401664,""name"":""NVIDIA H100 NVL""}","{""cuda"":""13.0"",""git_head"":""unavailable"",""jax"":""0.10.1"",""jaxlib"":""0.10.1"",""nvalchemi_toolkit_ops"":""0.5.0"",""python"":""3.12.3"",""source_sha256"":""4dfd278da46af31f54f8b7671e891073f8b10f8fa2cb28e7cf92bfeddd543638"",""torch"":""2.14.0+cu130"",""warp"":""1.17.0""}","{""gpu_uuid"":""557cda80-d2b2-7630-d3a3-99bf87d35067"",""host"":""ipp2-1716""}","{""JAX_DISABLE_JIT"":""<unset>"",""JAX_DISABLE_JIT_ACTUAL"":""False"",""JAX_ENABLE_X64"":""1"",""JAX_ENABLE_X64_ACTUAL"":""True"",""JAX_PLATFORMS"":""<unset>"",""TF_GPU_ALLOCATOR"":""<unset>"",""XLA_FLAGS"":""<unset>"",""XLA_PYTHON_CLIENT_ALLOCATOR"":""<unset>"",""XLA_PYTHON_CLIENT_MEM_FRACTION"":""0.95"",""XLA_PYTHON_CLIENT_PREALLOCATE"":""<unset>""}","{""artifacts"":{""nh3_pdb_1024"":{""bytes"":83199,""sha256"":""cb99e65c2024c8b1a80a7ea1f4ff5b23ef76a5d153a2caeb4a0e3077b5239135"",""state"":""file""},""nh3_pdb_128"":{""bytes"":10623,""sha256"":""4b48182856ba92449fa52b61bf2f95c6ce28937a3cb3da6aec4f131a1216c760"",""state"":""file""},""nh3_pdb_131072"":{""bytes"":10617087,""sha256"":""d454eb5e6e9fe717e1c12c22e3fc749189deae022de05b0f6f83f9f4501bbb52"",""state"":""file""},""nh3_pdb_16384"":{""bytes"":1327359,""sha256"":""07f5683974f6bdad6798104cf7de5ddb670704f71b7e28715d957805124196b8"",""state"":""file""},""nh3_pdb_2048"":{""bytes"":166143,""sha256"":""7171f9c4d6bf3c819f96ddd11877441961f43096057863d0607070d97c5e5a16"",""state"":""file""},""nh3_pdb_256"":{""bytes"":20991,""sha256"":""870d35ef9d654b395f8eefcd897e002ff41b1327475879ff5b955080ecb91ee0"",""state"":""file""},""nh3_pdb_32768"":{""bytes"":2654463,""sha256"":""a193ff7fc7793ae1c9121af48f694b9cff6974a63e67029053ab9312f86cb9cc"",""state"":""file""},""nh3_pdb_4096"":{""bytes"":332031,""sha256"":""e6d9ba2e0f95a04ebbeb61682dcf615982860aaa336140fee7ba55698f68175c"",""state"":""file""},""nh3_pdb_512"":{""bytes"":41727,""sha256"":""76e8d0d71fd3d49a1d14bb1fcd0689b08241620df41c90a904be29c85a67934e"",""state"":""file""},""nh3_pdb_65536"":{""bytes"":5308671,""sha256"":""a80e717b9abb39221c121bf3137135662e1b3c727e705e8f01e651720acd6dcc"",""state"":""file""},""nh3_pdb_8192"":{""bytes"":663807,""sha256"":""b0664469d3a8e84f71fbd848f1f0ffaca2cee3f4fd2100ed10f398e7c19a27e6"",""state"":""file""}},""metadata"":{""benchmark"":""el""}}",28ea42c8-c3b9-4a9c-96dc-b96a346325d0,,,64,64,64,135168,5,1a9e834e765c7138ce279a84e6bbbbd929fec016b867439c2ca4c1444c780f96,"{""batch_idx"":""int32"",""cell"":""float64"",""charges"":""float64"",""pbc"":""bool"",""positions"":""float64""}",capped_upstream_estimate,bounded_power_two_then_four_fft_snap,0.25,9.0,single_case,5779517f771cd31c95dc30de603249f8f59a1f8d3680da722ea0763b4d76684d,43.087415061017964,129,supported_jax_separate_collection
nh3,batch_scaling,pme,jax,256,64,16384,0.18088804807803172,5528281.224907788,nan,nan,10,3,jax_wall_block_until_ready,warmup_excluded,True,,,0.0001,5,arithmetic_mean,1.0041971951453317,"[0.0029564740019850434,0.002960721999988891,0.0029688829003134743,0.002964649998466484,0.0029676199977984653]",,,,,not_measured,not_measured,shared_cell_k_squared,nan,nan,,energy_autograd,energy_forces_charge_gradients,True,True,False,0.09646306931972504,13.84500026702881,2.842170943040401e-14,0.3372060287522547,9.0,,592,2.0,319,4829952,2,"{""compute_capability"":""9.0"",""driver"":""unavailable"",""memory_bytes"":99996401664,""name"":""NVIDIA H100 NVL""}","{""cuda"":""13.0"",""git_head"":""unavailable"",""jax"":""0.10.1"",""jaxlib"":""0.10.1"",""nvalchemi_toolkit_ops"":""0.5.0"",""python"":""3.12.3"",""source_sha256"":""4dfd278da46af31f54f8b7671e891073f8b10f8fa2cb28e7cf92bfeddd543638"",""torch"":""2.14.0+cu130"",""warp"":""1.17.0""}","{""gpu_uuid"":""557cda80-d2b2-7630-d3a3-99bf87d35067"",""host"":""ipp2-1716""}","{""JAX_DISABLE_JIT"":""<unset>"",""JAX_DISABLE_JIT_ACTUAL"":""False"",""JAX_ENABLE_X64"":""1"",""JAX_ENABLE_X64_ACTUAL"":""True"",""JAX_PLATFORMS"":""<unset>"",""TF_GPU_ALLOCATOR"":""<unset>"",""XLA_FLAGS"":""<unset>"",""XLA_PYTHON_CLIENT_ALLOCATOR"":""<unset>"",""XLA_PYTHON_CLIENT_MEM_FRACTION"":""0.95"",""XLA_PYTHON_CLIENT_PREALLOCATE"":""<unset>""}","{""artifacts"":{""nh3_pdb_1024"":{""bytes"":83199,""sha256"":""cb99e65c2024c8b1a80a7ea1f4ff5b23ef76a5d153a2caeb4a0e3077b5239135"",""state"":""file""},""nh3_pdb_128"":{""bytes"":10623,""sha256"":""4b48182856ba92449fa52b61bf2f95c6ce28937a3cb3da6aec4f131a1216c760"",""state"":""file""},""nh3_pdb_131072"":{""bytes"":10617087,""sha256"":""d454eb5e6e9fe717e1c12c22e3fc749189deae022de05b0f6f83f9f4501bbb52"",""state"":""file""},""nh3_pdb_16384"":{""bytes"":1327359,""sha256"":""07f5683974f6bdad6798104cf7de5ddb670704f71b7e28715d957805124196b8"",""state"":""file""},""nh3_pdb_2048"":{""bytes"":166143,""sha256"":""7171f9c4d6bf3c819f96ddd11877441961f43096057863d0607070d97c5e5a16"",""state"":""file""},""nh3_pdb_256"":{""bytes"":20991,""sha256"":""870d35ef9d654b395f8eefcd897e002ff41b1327475879ff5b955080ecb91ee0"",""state"":""file""},""nh3_pdb_32768"":{""bytes"":2654463,""sha256"":""a193ff7fc7793ae1c9121af48f694b9cff6974a63e67029053ab9312f86cb9cc"",""state"":""file""},""nh3_pdb_4096"":{""bytes"":332031,""sha256"":""e6d9ba2e0f95a04ebbeb61682dcf615982860aaa336140fee7ba55698f68175c"",""state"":""file""},""nh3_pdb_512"":{""bytes"":41727,""sha256"":""76e8d0d71fd3d49a1d14bb1fcd0689b08241620df41c90a904be29c85a67934e"",""state"":""file""},""nh3_pdb_65536"":{""bytes"":5308671,""sha256"":""a80e717b9abb39221c121bf3137135662e1b3c727e705e8f01e651720acd6dcc"",""state"":""file""},""nh3_pdb_8192"":{""bytes"":663807,""sha256"":""b0664469d3a8e84f71fbd848f1f0ffaca2cee3f4fd2100ed10f398e7c19a27e6"",""state"":""file""}},""metadata"":{""benchmark"":""el""}}",28ea42c8-c3b9-4a9c-96dc-b96a346325d0,,,20,20,20,4400,5,ba63d8408eb720a65a434d20b6e6b847c5ebb10a71006382a2635a63bea55274,"{""batch_idx"":""int32"",""cell"":""float64"",""charges"":""float64"",""pbc"":""bool"",""positions"":""float64""}",capped_upstream_estimate,bounded_power_two_then_four_fft_snap,0.25,9.0,single_case,5779517f771cd31c95dc30de603249f8f59a1f8d3680da722ea0763b4d76684d,42.33638330100803,130,supported_jax_separate_collection
nh3,batch_scaling,pme,jax,256,512,131072,0.13014474991024372,7683752.135139258,nan,nan,10,3,jax_wall_block_until_ready,warmup_excluded,True,,,0.0001,5,arithmetic_mean,1.0029748983051656,"[0.017020784597843886,0.017058129701763392,0.017071419701096602,0.01707001859904267,0.017071310701430774]",,,,,not_measured,not_measured,shared_cell_k_squared,nan,nan,,energy_autograd,energy_forces_charge_gradients,True,True,False,0.09646306931972504,13.84500026702881,2.842170943040401e-14,0.3372060287522548,9.0,,592,2.0,319,38639616,2,"{""compute_capability"":""9.0"",""driver"":""unavailable"",""memory_bytes"":99996401664,""name"":""NVIDIA H100 NVL""}","{""cuda"":""13.0"",""git_head"":""unavailable"",""jax"":""0.10.1"",""jaxlib"":""0.10.1"",""nvalchemi_toolkit_ops"":""0.5.0"",""python"":""3.12.3"",""source_sha256"":""4dfd278da46af31f54f8b7671e891073f8b10f8fa2cb28e7cf92bfeddd543638"",""torch"":""2.14.0+cu130"",""warp"":""1.17.0""}","{""gpu_uuid"":""557cda80-d2b2-7630-d3a3-99bf87d35067"",""host"":""ipp2-1716""}","{""JAX_DISABLE_JIT"":""<unset>"",""JAX_DISABLE_JIT_ACTUAL"":""False"",""JAX_ENABLE_X64"":""1"",""JAX_ENABLE_X64_ACTUAL"":""True"",""JAX_PLATFORMS"":""<unset>"",""TF_GPU_ALLOCATOR"":""<unset>"",""XLA_FLAGS"":""<unset>"",""XLA_PYTHON_CLIENT_ALLOCATOR"":""<unset>"",""XLA_PYTHON_CLIENT_MEM_FRACTION"":""0.95"",""XLA_PYTHON_CLIENT_PREALLOCATE"":""<unset>""}","{""artifacts"":{""nh3_pdb_1024"":{""bytes"":83199,""sha256"":""cb99e65c2024c8b1a80a7ea1f4ff5b23ef76a5d153a2caeb4a0e3077b5239135"",""state"":""file""},""nh3_pdb_128"":{""bytes"":10623,""sha256"":""4b48182856ba92449fa52b61bf2f95c6ce28937a3cb3da6aec4f131a1216c760"",""state"":""file""},""nh3_pdb_131072"":{""bytes"":10617087,""sha256"":""d454eb5e6e9fe717e1c12c22e3fc749189deae022de05b0f6f83f9f4501bbb52"",""state"":""file""},""nh3_pdb_16384"":{""bytes"":1327359,""sha256"":""07f5683974f6bdad6798104cf7de5ddb670704f71b7e28715d957805124196b8"",""state"":""file""},""nh3_pdb_2048"":{""bytes"":166143,""sha256"":""7171f9c4d6bf3c819f96ddd11877441961f43096057863d0607070d97c5e5a16"",""state"":""file""},""nh3_pdb_256"":{""bytes"":20991,""sha256"":""870d35ef9d654b395f8eefcd897e002ff41b1327475879ff5b955080ecb91ee0"",""state"":""file""},""nh3_pdb_32768"":{""bytes"":2654463,""sha256"":""a193ff7fc7793ae1c9121af48f694b9cff6974a63e67029053ab9312f86cb9cc"",""state"":""file""},""nh3_pdb_4096"":{""bytes"":332031,""sha256"":""e6d9ba2e0f95a04ebbeb61682dcf615982860aaa336140fee7ba55698f68175c"",""state"":""file""},""nh3_pdb_512"":{""bytes"":41727,""sha256"":""76e8d0d71fd3d49a1d14bb1fcd0689b08241620df41c90a904be29c85a67934e"",""state"":""file""},""nh3_pdb_65536"":{""bytes"":5308671,""sha256"":""a80e717b9abb39221c121bf3137135662e1b3c727e705e8f01e651720acd6dcc"",""state"":""file""},""nh3_pdb_8192"":{""bytes"":663807,""sha256"":""b0664469d3a8e84f71fbd848f1f0ffaca2cee3f4fd2100ed10f398e7c19a27e6"",""state"":""file""}},""metadata"":{""benchmark"":""el""}}",28ea42c8-c3b9-4a9c-96dc-b96a346325d0,,,20,20,20,4400,5,d5863d81a300d151817a7ce2a1e35b7a6d09f27a10c05f4ab866bb5fbfa039e6,"{""batch_idx"":""int32"",""cell"":""float64"",""charges"":""float64"",""pbc"":""bool"",""positions"":""float64""}",capped_upstream_estimate,bounded_power_two_then_four_fft_snap,0.25,9.0,single_case,5779517f771cd31c95dc30de603249f8f59a1f8d3680da722ea0763b4d76684d,42.76786633202573,136,supported_jax_separate_collection
nh3,batch_scaling,ewald,jax,8192,8,65536,1.7579743798634695,568836.5037934532,nan,nan,10,3,jax_wall_block_until_ready,warmup_excluded,True,,,0.0001,5,arithmetic_mean,1.0006798219470179,"[0.11526302209822462,0.11519417589879595,0.11521475699846633,0.1151963727985276,0.1151847169996472]",,,,,not_measured,not_measured,,nan,nan,2456,energy_autograd,energy_forces_charge_gradients,True,True,False,0.09645736962556839,43.95600128173828,9.094947017729282e-13,0.18104578414850428,16.762910404370025,1.0988951381109908,3808,2.0,2132,125014288,2,"{""compute_capability"":""9.0"",""driver"":""unavailable"",""memory_bytes"":99996401664,""name"":""NVIDIA H100 NVL""}","{""cuda"":""13.0"",""git_head"":""unavailable"",""jax"":""0.10.1"",""jaxlib"":""0.10.1"",""nvalchemi_toolkit_ops"":""0.5.0"",""python"":""3.12.3"",""source_sha256"":""4dfd278da46af31f54f8b7671e891073f8b10f8fa2cb28e7cf92bfeddd543638"",""torch"":""2.14.0+cu130"",""warp"":""1.17.0""}","{""gpu_uuid"":""557cda80-d2b2-7630-d3a3-99bf87d35067"",""host"":""ipp2-1716""}","{""JAX_DISABLE_JIT"":""<unset>"",""JAX_DISABLE_JIT_ACTUAL"":""False"",""JAX_ENABLE_X64"":""1"",""JAX_ENABLE_X64_ACTUAL"":""True"",""JAX_PLATFORMS"":""<unset>"",""TF_GPU_ALLOCATOR"":""<unset>"",""XLA_FLAGS"":""<unset>"",""XLA_PYTHON_CLIENT_ALLOCATOR"":""<unset>"",""XLA_PYTHON_CLIENT_MEM_FRACTION"":""0.95"",""XLA_PYTHON_CLIENT_PREALLOCATE"":""<unset>""}","{""artifacts"":{""nh3_pdb_1024"":{""bytes"":83199,""sha256"":""cb99e65c2024c8b1a80a7ea1f4ff5b23ef76a5d153a2caeb4a0e3077b5239135"",""state"":""file""},""nh3_pdb_128"":{""bytes"":10623,""sha256"":""4b48182856ba92449fa52b61bf2f95c6ce28937a3cb3da6aec4f131a1216c760"",""state"":""file""},""nh3_pdb_131072"":{""bytes"":10617087,""sha256"":""d454eb5e6e9fe717e1c12c22e3fc749189deae022de05b0f6f83f9f4501bbb52"",""state"":""file""},""nh3_pdb_16384"":{""bytes"":1327359,""sha256"":""07f5683974f6bdad6798104cf7de5ddb670704f71b7e28715d957805124196b8"",""state"":""file""},""nh3_pdb_2048"":{""bytes"":166143,""sha256"":""7171f9c4d6bf3c819f96ddd11877441961f43096057863d0607070d97c5e5a16"",""state"":""file""},""nh3_pdb_256"":{""bytes"":20991,""sha256"":""870d35ef9d654b395f8eefcd897e002ff41b1327475879ff5b955080ecb91ee0"",""state"":""file""},""nh3_pdb_32768"":{""bytes"":2654463,""sha256"":""a193ff7fc7793ae1c9121af48f694b9cff6974a63e67029053ab9312f86cb9cc"",""state"":""file""},""nh3_pdb_4096"":{""bytes"":332031,""sha256"":""e6d9ba2e0f95a04ebbeb61682dcf615982860aaa336140fee7ba55698f68175c"",""state"":""file""},""nh3_pdb_512"":{""bytes"":41727,""sha256"":""76e8d0d71fd3d49a1d14bb1fcd0689b08241620df41c90a904be29c85a67934e"",""state"":""file""},""nh3_pdb_65536"":{""bytes"":5308671,""sha256"":""a80e717b9abb39221c121bf3137135662e1b3c727e705e8f01e651720acd6dcc"",""state"":""file""},""nh3_pdb_8192"":{""bytes"":663807,""sha256"":""b0664469d3a8e84f71fbd848f1f0ffaca2cee3f4fd2100ed10f398e7c19a27e6"",""state"":""file""}},""metadata"":{""benchmark"":""el""}}",28ea42c8-c3b9-4a9c-96dc-b96a346325d0,,,,,,,,,,,,,,single_case,5779517f771cd31c95dc30de603249f8f59a1f8d3680da722ea0763b4d76684d,25.34955266598263,292,supported_jax_separate_collection
nh3,batch_scaling,ewald,jax,256,256,65536,0.19637920928516905,5092188.748697248,nan,nan,10,3,jax_wall_block_until_ready,warmup_excluded,True,,,0.0001,5,arithmetic_mean,1.001772537993085,"[0.012885656200523954,0.012870414300414268,0.012864768199506216,0.01286285629903432,0.012865844299085438]",,,,,not_measured,not_measured,,nan,nan,665,energy_autograd,energy_forces_charge_gradients,True,True,False,0.09646306931972504,13.84500026702881,2.842170943040401e-14,0.32259326452181164,9.40768017357379,1.9580470853692633,688,2.0,362,22052352,2,"{""compute_capability"":""9.0"",""driver"":""unavailable"",""memory_bytes"":99996401664,""name"":""NVIDIA H100 NVL""}","{""cuda"":""13.0"",""git_head"":""unavailable"",""jax"":""0.10.1"",""jaxlib"":""0.10.1"",""nvalchemi_toolkit_ops"":""0.5.0"",""python"":""3.12.3"",""source_sha256"":""4dfd278da46af31f54f8b7671e891073f8b10f8fa2cb28e7cf92bfeddd543638"",""torch"":""2.14.0+cu130"",""warp"":""1.17.0""}","{""gpu_uuid"":""23074f79-c31a-f283-5a26-fe763902683e"",""host"":""a1u1g-mil-0678""}","{""JAX_DISABLE_JIT"":""<unset>"",""JAX_DISABLE_JIT_ACTUAL"":""False"",""JAX_ENABLE_X64"":""1"",""JAX_ENABLE_X64_ACTUAL"":""True"",""JAX_PLATFORMS"":""<unset>"",""TF_GPU_ALLOCATOR"":""<unset>"",""XLA_FLAGS"":""<unset>"",""XLA_PYTHON_CLIENT_ALLOCATOR"":""<unset>"",""XLA_PYTHON_CLIENT_MEM_FRACTION"":""0.95"",""XLA_PYTHON_CLIENT_PREALLOCATE"":""<unset>""}","{""artifacts"":{""nh3_pdb_1024"":{""bytes"":83199,""sha256"":""cb99e65c2024c8b1a80a7ea1f4ff5b23ef76a5d153a2caeb4a0e3077b5239135"",""state"":""file""},""nh3_pdb_128"":{""bytes"":10623,""sha256"":""4b48182856ba92449fa52b61bf2f95c6ce28937a3cb3da6aec4f131a1216c760"",""state"":""file""},""nh3_pdb_131072"":{""bytes"":10617087,""sha256"":""d454eb5e6e9fe717e1c12c22e3fc749189deae022de05b0f6f83f9f4501bbb52"",""state"":""file""},""nh3_pdb_16384"":{""bytes"":1327359,""sha256"":""07f5683974f6bdad6798104cf7de5ddb670704f71b7e28715d957805124196b8"",""state"":""file""},""nh3_pdb_2048"":{""bytes"":166143,""sha256"":""7171f9c4d6bf3c819f96ddd11877441961f43096057863d0607070d97c5e5a16"",""state"":""file""},""nh3_pdb_256"":{""bytes"":20991,""sha256"":""870d35ef9d654b395f8eefcd897e002ff41b1327475879ff5b955080ecb91ee0"",""state"":""file""},""nh3_pdb_32768"":{""bytes"":2654463,""sha256"":""a193ff7fc7793ae1c9121af48f694b9cff6974a63e67029053ab9312f86cb9cc"",""state"":""file""},""nh3_pdb_4096"":{""bytes"":332031,""sha256"":""e6d9ba2e0f95a04ebbeb61682dcf615982860aaa336140fee7ba55698f68175c"",""state"":""file""},""nh3_pdb_512"":{""bytes"":41727,""sha256"":""76e8d0d71fd3d49a1d14bb1fcd0689b08241620df41c90a904be29c85a67934e"",""state"":""file""},""nh3_pdb_65536"":{""bytes"":5308671,""sha256"":""a80e717b9abb39221c121bf3137135662e1b3c727e705e8f01e651720acd6dcc"",""state"":""file""},""nh3_pdb_8192"":{""bytes"":663807,""sha256"":""b0664469d3a8e84f71fbd848f1f0ffaca2cee3f4fd2100ed10f398e7c19a27e6"",""state"":""file""}},""metadata"":{""benchmark"":""el""}}",28ea42c8-c3b9-4a9c-96dc-b96a346325d0,,,,,,,,,,,,,,single_case,5779517f771cd31c95dc30de603249f8f59a1f8d3680da722ea0763b4d76684d,14.297806916001718,282,supported_jax_separate_collection
nh3,batch_scaling,ewald,jax,8192,1,8192,2.1626619458103846,462393.1178597974,nan,nan,10,3,jax_wall_block_until_ready,warmup_excluded,True,,,0.0001,5,arithmetic_mean,1.0014053510002794,"[0.017731421400094406,0.017718339500424916,0.017708439499256202,0.017717895400710403,0.017706537499907426]",,,,,not_measured,not_measured,,nan,nan,2456,energy_autograd,energy_forces_charge_gradients,True,True,False,0.09645736962556839,43.95600128173828,9.094947017729282e-13,0.18104578414850428,16.762910404370025,1.0988951381109908,3808,2.0,2132,15626786,2,"{""compute_capability"":""9.0"",""driver"":""unavailable"",""memory_bytes"":99996401664,""name"":""NVIDIA H100 NVL""}","{""cuda"":""13.0"",""git_head"":""unavailable"",""jax"":""0.10.1"",""jaxlib"":""0.10.1"",""nvalchemi_toolkit_ops"":""0.5.0"",""python"":""3.12.3"",""source_sha256"":""4dfd278da46af31f54f8b7671e891073f8b10f8fa2cb28e7cf92bfeddd543638"",""torch"":""2.14.0+cu130"",""warp"":""1.17.0""}","{""gpu_uuid"":""23074f79-c31a-f283-5a26-fe763902683e"",""host"":""a1u1g-mil-0678""}","{""JAX_DISABLE_JIT"":""<unset>"",""JAX_DISABLE_JIT_ACTUAL"":""False"",""JAX_ENABLE_X64"":""1"",""JAX_ENABLE_X64_ACTUAL"":""True"",""JAX_PLATFORMS"":""<unset>"",""TF_GPU_ALLOCATOR"":""<unset>"",""XLA_FLAGS"":""<unset>"",""XLA_PYTHON_CLIENT_ALLOCATOR"":""<unset>"",""XLA_PYTHON_CLIENT_MEM_FRACTION"":""0.95"",""XLA_PYTHON_CLIENT_PREALLOCATE"":""<unset>""}","{""artifacts"":{""nh3_pdb_1024"":{""bytes"":83199,""sha256"":""cb99e65c2024c8b1a80a7ea1f4ff5b23ef76a5d153a2caeb4a0e3077b5239135"",""state"":""file""},""nh3_pdb_128"":{""bytes"":10623,""sha256"":""4b48182856ba92449fa52b61bf2f95c6ce28937a3cb3da6aec4f131a1216c760"",""state"":""file""},""nh3_pdb_131072"":{""bytes"":10617087,""sha256"":""d454eb5e6e9fe717e1c12c22e3fc749189deae022de05b0f6f83f9f4501bbb52"",""state"":""file""},""nh3_pdb_16384"":{""bytes"":1327359,""sha256"":""07f5683974f6bdad6798104cf7de5ddb670704f71b7e28715d957805124196b8"",""state"":""file""},""nh3_pdb_2048"":{""bytes"":166143,""sha256"":""7171f9c4d6bf3c819f96ddd11877441961f43096057863d0607070d97c5e5a16"",""state"":""file""},""nh3_pdb_256"":{""bytes"":20991,""sha256"":""870d35ef9d654b395f8eefcd897e002ff41b1327475879ff5b955080ecb91ee0"",""state"":""file""},""nh3_pdb_32768"":{""bytes"":2654463,""sha256"":""a193ff7fc7793ae1c9121af48f694b9cff6974a63e67029053ab9312f86cb9cc"",""state"":""file""},""nh3_pdb_4096"":{""bytes"":332031,""sha256"":""e6d9ba2e0f95a04ebbeb61682dcf615982860aaa336140fee7ba55698f68175c"",""state"":""file""},""nh3_pdb_512"":{""bytes"":41727,""sha256"":""76e8d0d71fd3d49a1d14bb1fcd0689b08241620df41c90a904be29c85a67934e"",""state"":""file""},""nh3_pdb_65536"":{""bytes"":5308671,""sha256"":""a80e717b9abb39221c121bf3137135662e1b3c727e705e8f01e651720acd6dcc"",""state"":""file""},""nh3_pdb_8192"":{""bytes"":663807,""sha256"":""b0664469d3a8e84f71fbd848f1f0ffaca2cee3f4fd2100ed10f398e7c19a27e6"",""state"":""file""}},""metadata"":{""benchmark"":""el""}}",28ea42c8-c3b9-4a9c-96dc-b96a346325d0,,,,,,,,,,,,,,single_case,5779517f771cd31c95dc30de603249f8f59a1f8d3680da722ea0763b4d76684d,13.33319694000238,286,supported_jax_separate_collection
nh3,batch_scaling,pme,jax,8192,8,65536,0.3831105676255219,2610212.519581207,nan,nan,10,3,jax_wall_block_until_ready,warmup_excluded,True,,,1e-06,5,arithmetic_mean,1.0204451720300538,"[0.024986614700173958,0.024959985600435174,0.024968585500027986,0.025470296799903737,0.025152188198990188]",,,,,not_measured,not_measured,shared_cell_k_squared,nan,nan,,energy_autograd,energy_forces_charge_gradients,True,True,False,0.09645736962556839,43.95600128173828,9.094947017729282e-13,0.4129913543166487,9.0,,592,2.0,384,19486304,2,"{""compute_capability"":""9.0"",""driver"":""unavailable"",""memory_bytes"":99996401664,""name"":""NVIDIA H100 NVL""}","{""cuda"":""13.0"",""git_head"":""unavailable"",""jax"":""0.10.1"",""jaxlib"":""0.10.1"",""nvalchemi_toolkit_ops"":""0.5.0"",""python"":""3.12.3"",""source_sha256"":""4dfd278da46af31f54f8b7671e891073f8b10f8fa2cb28e7cf92bfeddd543638"",""torch"":""2.14.0+cu130"",""warp"":""1.17.0""}","{""gpu_uuid"":""c0995d85-1dea-1b19-7e58-9baa33a5f384"",""host"":""a1u1g-mil-0576""}","{""JAX_DISABLE_JIT"":""<unset>"",""JAX_DISABLE_JIT_ACTUAL"":""False"",""JAX_ENABLE_X64"":""1"",""JAX_ENABLE_X64_ACTUAL"":""True"",""JAX_PLATFORMS"":""<unset>"",""TF_GPU_ALLOCATOR"":""<unset>"",""XLA_FLAGS"":""<unset>"",""XLA_PYTHON_CLIENT_ALLOCATOR"":""<unset>"",""XLA_PYTHON_CLIENT_MEM_FRACTION"":""0.95"",""XLA_PYTHON_CLIENT_PREALLOCATE"":""<unset>""}","{""artifacts"":{""nh3_pdb_1024"":{""bytes"":83199,""sha256"":""cb99e65c2024c8b1a80a7ea1f4ff5b23ef76a5d153a2caeb4a0e3077b5239135"",""state"":""file""},""nh3_pdb_128"":{""bytes"":10623,""sha256"":""4b48182856ba92449fa52b61bf2f95c6ce28937a3cb3da6aec4f131a1216c760"",""state"":""file""},""nh3_pdb_131072"":{""bytes"":10617087,""sha256"":""d454eb5e6e9fe717e1c12c22e3fc749189deae022de05b0f6f83f9f4501bbb52"",""state"":""file""},""nh3_pdb_16384"":{""bytes"":1327359,""sha256"":""07f5683974f6bdad6798104cf7de5ddb670704f71b7e28715d957805124196b8"",""state"":""file""},""nh3_pdb_2048"":{""bytes"":166143,""sha256"":""7171f9c4d6bf3c819f96ddd11877441961f43096057863d0607070d97c5e5a16"",""state"":""file""},""nh3_pdb_256"":{""bytes"":20991,""sha256"":""870d35ef9d654b395f8eefcd897e002ff41b1327475879ff5b955080ecb91ee0"",""state"":""file""},""nh3_pdb_32768"":{""bytes"":2654463,""sha256"":""a193ff7fc7793ae1c9121af48f694b9cff6974a63e67029053ab9312f86cb9cc"",""state"":""file""},""nh3_pdb_4096"":{""bytes"":332031,""sha256"":""e6d9ba2e0f95a04ebbeb61682dcf615982860aaa336140fee7ba55698f68175c"",""state"":""file""},""nh3_pdb_512"":{""bytes"":41727,""sha256"":""76e8d0d71fd3d49a1d14bb1fcd0689b08241620df41c90a904be29c85a67934e"",""state"":""file""},""nh3_pdb_65536"":{""bytes"":5308671,""sha256"":""a80e717b9abb39221c121bf3137135662e1b3c727e705e8f01e651720acd6dcc"",""state"":""file""},""nh3_pdb_8192"":{""bytes"":663807,""sha256"":""b0664469d3a8e84f71fbd848f1f0ffaca2cee3f4fd2100ed10f398e7c19a27e6"",""state"":""file""}},""metadata"":{""benchmark"":""el""}}",28ea42c8-c3b9-4a9c-96dc-b96a346325d0,,,192,192,192,3575808,5,475f30334685b1f6443f84d64ca99d1f5a3450dfc60481e8f20e6c063940a7a6,"{""batch_idx"":""int32"",""cell"":""float64"",""charges"":""float64"",""pbc"":""bool"",""positions"":""float64""}",capped_upstream_estimate,bounded_power_two_then_four_fft_snap,0.25,9.0,single_case,5779517f771cd31c95dc30de603249f8f59a1f8d3680da722ea0763b4d76684d,44.78455796401249,145,supported_jax_separate_collection
nh3,batch_scaling,ewald,jax,256,8,2048,0.49183294862586985,2033210.6720257276,nan,nan,10,3,jax_wall_block_until_ready,warmup_excluded,True,,,0.0001,5,arithmetic_mean,1.0152900374067022,"[0.0010186673986027016,0.0010057254985440522,0.0010043844988103956,0.0010033264989033341,0.001004265499068424]",,,,,not_measured,not_measured,,nan,nan,665,energy_autograd,energy_forces_charge_gradients,True,True,False,0.09646306931972504,13.84500026702881,2.842170943040401e-14,0.32259326452181164,9.40768017357379,1.9580470853692633,688,2.0,362,689136,2,"{""compute_capability"":""9.0"",""driver"":""unavailable"",""memory_bytes"":99996401664,""name"":""NVIDIA H100 NVL""}","{""cuda"":""13.0"",""git_head"":""unavailable"",""jax"":""0.10.1"",""jaxlib"":""0.10.1"",""nvalchemi_toolkit_ops"":""0.5.0"",""python"":""3.12.3"",""source_sha256"":""4dfd278da46af31f54f8b7671e891073f8b10f8fa2cb28e7cf92bfeddd543638"",""torch"":""2.14.0+cu130"",""warp"":""1.17.0""}","{""gpu_uuid"":""c0995d85-1dea-1b19-7e58-9baa33a5f384"",""host"":""a1u1g-mil-0576""}","{""JAX_DISABLE_JIT"":""<unset>"",""JAX_DISABLE_JIT_ACTUAL"":""False"",""JAX_ENABLE_X64"":""1"",""JAX_ENABLE_X64_ACTUAL"":""True"",""JAX_PLATFORMS"":""<unset>"",""TF_GPU_ALLOCATOR"":""<unset>"",""XLA_FLAGS"":""<unset>"",""XLA_PYTHON_CLIENT_ALLOCATOR"":""<unset>"",""XLA_PYTHON_CLIENT_MEM_FRACTION"":""0.95"",""XLA_PYTHON_CLIENT_PREALLOCATE"":""<unset>""}","{""artifacts"":{""nh3_pdb_1024"":{""bytes"":83199,""sha256"":""cb99e65c2024c8b1a80a7ea1f4ff5b23ef76a5d153a2caeb4a0e3077b5239135"",""state"":""file""},""nh3_pdb_128"":{""bytes"":10623,""sha256"":""4b48182856ba92449fa52b61bf2f95c6ce28937a3cb3da6aec4f131a1216c760"",""state"":""file""},""nh3_pdb_131072"":{""bytes"":10617087,""sha256"":""d454eb5e6e9fe717e1c12c22e3fc749189deae022de05b0f6f83f9f4501bbb52"",""state"":""file""},""nh3_pdb_16384"":{""bytes"":1327359,""sha256"":""07f5683974f6bdad6798104cf7de5ddb670704f71b7e28715d957805124196b8"",""state"":""file""},""nh3_pdb_2048"":{""bytes"":166143,""sha256"":""7171f9c4d6bf3c819f96ddd11877441961f43096057863d0607070d97c5e5a16"",""state"":""file""},""nh3_pdb_256"":{""bytes"":20991,""sha256"":""870d35ef9d654b395f8eefcd897e002ff41b1327475879ff5b955080ecb91ee0"",""state"":""file""},""nh3_pdb_32768"":{""bytes"":2654463,""sha256"":""a193ff7fc7793ae1c9121af48f694b9cff6974a63e67029053ab9312f86cb9cc"",""state"":""file""},""nh3_pdb_4096"":{""bytes"":332031,""sha256"":""e6d9ba2e0f95a04ebbeb61682dcf615982860aaa336140fee7ba55698f68175c"",""state"":""file""},""nh3_pdb_512"":{""bytes"":41727,""sha256"":""76e8d0d71fd3d49a1d14bb1fcd0689b08241620df41c90a904be29c85a67934e"",""state"":""file""},""nh3_pdb_65536"":{""bytes"":5308671,""sha256"":""a80e717b9abb39221c121bf3137135662e1b3c727e705e8f01e651720acd6dcc"",""state"":""file""},""nh3_pdb_8192"":{""bytes"":663807,""sha256"":""b0664469d3a8e84f71fbd848f1f0ffaca2cee3f4fd2100ed10f398e7c19a27e6"",""state"":""file""}},""metadata"":{""benchmark"":""el""}}",28ea42c8-c3b9-4a9c-96dc-b96a346325d0,,,,,,,,,,,,,,single_case,5779517f771cd31c95dc30de603249f8f59a1f8d3680da722ea0763b4d76684d,12.393143830995541,272,supported_jax_separate_collection
nh3,batch_scaling,ewald,jax,256,16,4096,0.3543219824564403,2822291.727617939,nan,nan,10,3,jax_wall_block_until_ready,warmup_excluded,True,,,0.0001,5,arithmetic_mean,1.0049108935425535,"[0.0014528401981806383,0.001447170300525613,0.0014542771998094395,0.0014524362020893022,0.0014497903001029044]",,,,,not_measured,not_measured,,nan,nan,665,energy_autograd,energy_forces_charge_gradients,True,True,False,0.09646306931972504,13.84500026702881,2.842170943040401e-14,0.32259326452181164,9.40768017357379,1.9580470853692633,688,2.0,362,1378272,2,"{""compute_capability"":""9.0"",""driver"":""unavailable"",""memory_bytes"":99996401664,""name"":""NVIDIA H100 NVL""}","{""cuda"":""13.0"",""git_head"":""unavailable"",""jax"":""0.10.1"",""jaxlib"":""0.10.1"",""nvalchemi_toolkit_ops"":""0.5.0"",""python"":""3.12.3"",""source_sha256"":""4dfd278da46af31f54f8b7671e891073f8b10f8fa2cb28e7cf92bfeddd543638"",""torch"":""2.14.0+cu130"",""warp"":""1.17.0""}","{""gpu_uuid"":""c0995d85-1dea-1b19-7e58-9baa33a5f384"",""host"":""a1u1g-mil-0576""}","{""JAX_DISABLE_JIT"":""<unset>"",""JAX_DISABLE_JIT_ACTUAL"":""False"",""JAX_ENABLE_X64"":""1"",""JAX_ENABLE_X64_ACTUAL"":""True"",""JAX_PLATFORMS"":""<unset>"",""TF_GPU_ALLOCATOR"":""<unset>"",""XLA_FLAGS"":""<unset>"",""XLA_PYTHON_CLIENT_ALLOCATOR"":""<unset>"",""XLA_PYTHON_CLIENT_MEM_FRACTION"":""0.95"",""XLA_PYTHON_CLIENT_PREALLOCATE"":""<unset>""}","{""artifacts"":{""nh3_pdb_1024"":{""bytes"":83199,""sha256"":""cb99e65c2024c8b1a80a7ea1f4ff5b23ef76a5d153a2caeb4a0e3077b5239135"",""state"":""file""},""nh3_pdb_128"":{""bytes"":10623,""sha256"":""4b48182856ba92449fa52b61bf2f95c6ce28937a3cb3da6aec4f131a1216c760"",""state"":""file""},""nh3_pdb_131072"":{""bytes"":10617087,""sha256"":""d454eb5e6e9fe717e1c12c22e3fc749189deae022de05b0f6f83f9f4501bbb52"",""state"":""file""},""nh3_pdb_16384"":{""bytes"":1327359,""sha256"":""07f5683974f6bdad6798104cf7de5ddb670704f71b7e28715d957805124196b8"",""state"":""file""},""nh3_pdb_2048"":{""bytes"":166143,""sha256"":""7171f9c4d6bf3c819f96ddd11877441961f43096057863d0607070d97c5e5a16"",""state"":""file""},""nh3_pdb_256"":{""bytes"":20991,""sha256"":""870d35ef9d654b395f8eefcd897e002ff41b1327475879ff5b955080ecb91ee0"",""state"":""file""},""nh3_pdb_32768"":{""bytes"":2654463,""sha256"":""a193ff7fc7793ae1c9121af48f694b9cff6974a63e67029053ab9312f86cb9cc"",""state"":""file""},""nh3_pdb_4096"":{""bytes"":332031,""sha256"":""e6d9ba2e0f95a04ebbeb61682dcf615982860aaa336140fee7ba55698f68175c"",""state"":""file""},""nh3_pdb_512"":{""bytes"":41727,""sha256"":""76e8d0d71fd3d49a1d14bb1fcd0689b08241620df41c90a904be29c85a67934e"",""state"":""file""},""nh3_pdb_65536"":{""bytes"":5308671,""sha256"":""a80e717b9abb39221c121bf3137135662e1b3c727e705e8f01e651720acd6dcc"",""state"":""file""},""nh3_pdb_8192"":{""bytes"":663807,""sha256"":""b0664469d3a8e84f71fbd848f1f0ffaca2cee3f4fd2100ed10f398e7c19a27e6"",""state"":""file""}},""metadata"":{""benchmark"":""el""}}",28ea42c8-c3b9-4a9c-96dc-b96a346325d0,,,,,,,,,,,,,,single_case,5779517f771cd31c95dc30de603249f8f59a1f8d3680da722ea0763b4d76684d,12.106468448007945,274,supported_jax_separate_collection
nh3,batch_scaling,pme,jax,256,16,4096,0.662012988277283,1510544.3816174066,nan,nan,10,3,jax_wall_block_until_ready,warmup_excluded,True,,,1e-06,5,arithmetic_mean,1.0109423433494364,"[0.0027046971999880043,0.0027127512999868485,0.0027319161999912467,0.0027063150999310894,0.0027023462000215657]",,,,,not_measured,not_measured,shared_cell_k_squared,nan,nan,,energy_autograd,energy_forces_charge_gradients,True,True,False,0.09646306931972504,13.84500026702881,2.842170943040401e-14,0.4129913543166487,9.0,,592,2.0,319,1207488,2,"{""compute_capability"":""9.0"",""driver"":""unavailable"",""memory_bytes"":99996401664,""name"":""NVIDIA H100 NVL""}","{""cuda"":""13.0"",""git_head"":""unavailable"",""jax"":""0.10.1"",""jaxlib"":""0.10.1"",""nvalchemi_toolkit_ops"":""0.5.0"",""python"":""3.12.3"",""source_sha256"":""4dfd278da46af31f54f8b7671e891073f8b10f8fa2cb28e7cf92bfeddd543638"",""torch"":""2.14.0+cu130"",""warp"":""1.17.0""}","{""gpu_uuid"":""b86b304e-698a-30bd-d46b-23da3dc3658e"",""host"":""ipp2-1738""}","{""JAX_DISABLE_JIT"":""<unset>"",""JAX_DISABLE_JIT_ACTUAL"":""False"",""JAX_ENABLE_X64"":""1"",""JAX_ENABLE_X64_ACTUAL"":""True"",""JAX_PLATFORMS"":""<unset>"",""TF_GPU_ALLOCATOR"":""<unset>"",""XLA_FLAGS"":""<unset>"",""XLA_PYTHON_CLIENT_ALLOCATOR"":""<unset>"",""XLA_PYTHON_CLIENT_MEM_FRACTION"":""0.95"",""XLA_PYTHON_CLIENT_PREALLOCATE"":""<unset>""}","{""artifacts"":{""nh3_pdb_1024"":{""bytes"":83199,""sha256"":""cb99e65c2024c8b1a80a7ea1f4ff5b23ef76a5d153a2caeb4a0e3077b5239135"",""state"":""file""},""nh3_pdb_128"":{""bytes"":10623,""sha256"":""4b48182856ba92449fa52b61bf2f95c6ce28937a3cb3da6aec4f131a1216c760"",""state"":""file""},""nh3_pdb_131072"":{""bytes"":10617087,""sha256"":""d454eb5e6e9fe717e1c12c22e3fc749189deae022de05b0f6f83f9f4501bbb52"",""state"":""file""},""nh3_pdb_16384"":{""bytes"":1327359,""sha256"":""07f5683974f6bdad6798104cf7de5ddb670704f71b7e28715d957805124196b8"",""state"":""file""},""nh3_pdb_2048"":{""bytes"":166143,""sha256"":""7171f9c4d6bf3c819f96ddd11877441961f43096057863d0607070d97c5e5a16"",""state"":""file""},""nh3_pdb_256"":{""bytes"":20991,""sha256"":""870d35ef9d654b395f8eefcd897e002ff41b1327475879ff5b955080ecb91ee0"",""state"":""file""},""nh3_pdb_32768"":{""bytes"":2654463,""sha256"":""a193ff7fc7793ae1c9121af48f694b9cff6974a63e67029053ab9312f86cb9cc"",""state"":""file""},""nh3_pdb_4096"":{""bytes"":332031,""sha256"":""e6d9ba2e0f95a04ebbeb61682dcf615982860aaa336140fee7ba55698f68175c"",""state"":""file""},""nh3_pdb_512"":{""bytes"":41727,""sha256"":""76e8d0d71fd3d49a1d14bb1fcd0689b08241620df41c90a904be29c85a67934e"",""state"":""file""},""nh3_pdb_65536"":{""bytes"":5308671,""sha256"":""a80e717b9abb39221c121bf3137135662e1b3c727e705e8f01e651720acd6dcc"",""state"":""file""},""nh3_pdb_8192"":{""bytes"":663807,""sha256"":""b0664469d3a8e84f71fbd848f1f0ffaca2cee3f4fd2100ed10f398e7c19a27e6"",""state"":""file""}},""metadata"":{""benchmark"":""el""}}",28ea42c8-c3b9-4a9c-96dc-b96a346325d0,,,64,64,64,135168,5,6525accd98cdd6b4869b196c84c7f504ed1cb1e4e3177809d266a7e0669583aa,"{""batch_idx"":""int32"",""cell"":""float64"",""charges"":""float64"",""pbc"":""bool"",""positions"":""float64""}",capped_upstream_estimate,bounded_power_two_then_four_fft_snap,0.25,9.0,single_case,5779517f771cd31c95dc30de603249f8f59a1f8d3680da722ea0763b4d76684d,44.49572407300002,127,supported_jax_separate_collection
nh3,batch_scaling,pme,jax,256,512,131072,0.4478769030763497,2232756.3514243774,nan,nan,10,3,jax_wall_block_until_ready,warmup_excluded,True,,,1e-06,5,arithmetic_mean,1.0111722471881701,"[0.05839239760007331,0.05847714089995861,0.05866701410013775,0.058939282699975594,0.05904477189997124]",,,,,not_measured,not_measured,shared_cell_k_squared,nan,nan,,energy_autograd,energy_forces_charge_gradients,True,True,False,0.09646306931972504,13.84500026702881,2.842170943040401e-14,0.4129913543166487,9.0,,592,2.0,319,38639616,2,"{""compute_capability"":""9.0"",""driver"":""unavailable"",""memory_bytes"":99996401664,""name"":""NVIDIA H100 NVL""}","{""cuda"":""13.0"",""git_head"":""unavailable"",""jax"":""0.10.1"",""jaxlib"":""0.10.1"",""nvalchemi_toolkit_ops"":""0.5.0"",""python"":""3.12.3"",""source_sha256"":""4dfd278da46af31f54f8b7671e891073f8b10f8fa2cb28e7cf92bfeddd543638"",""torch"":""2.14.0+cu130"",""warp"":""1.17.0""}","{""gpu_uuid"":""b86b304e-698a-30bd-d46b-23da3dc3658e"",""host"":""ipp2-1738""}","{""JAX_DISABLE_JIT"":""<unset>"",""JAX_DISABLE_JIT_ACTUAL"":""False"",""JAX_ENABLE_X64"":""1"",""JAX_ENABLE_X64_ACTUAL"":""True"",""JAX_PLATFORMS"":""<unset>"",""TF_GPU_ALLOCATOR"":""<unset>"",""XLA_FLAGS"":""<unset>"",""XLA_PYTHON_CLIENT_ALLOCATOR"":""<unset>"",""XLA_PYTHON_CLIENT_MEM_FRACTION"":""0.95"",""XLA_PYTHON_CLIENT_PREALLOCATE"":""<unset>""}","{""artifacts"":{""nh3_pdb_1024"":{""bytes"":83199,""sha256"":""cb99e65c2024c8b1a80a7ea1f4ff5b23ef76a5d153a2caeb4a0e3077b5239135"",""state"":""file""},""nh3_pdb_128"":{""bytes"":10623,""sha256"":""4b48182856ba92449fa52b61bf2f95c6ce28937a3cb3da6aec4f131a1216c760"",""state"":""file""},""nh3_pdb_131072"":{""bytes"":10617087,""sha256"":""d454eb5e6e9fe717e1c12c22e3fc749189deae022de05b0f6f83f9f4501bbb52"",""state"":""file""},""nh3_pdb_16384"":{""bytes"":1327359,""sha256"":""07f5683974f6bdad6798104cf7de5ddb670704f71b7e28715d957805124196b8"",""state"":""file""},""nh3_pdb_2048"":{""bytes"":166143,""sha256"":""7171f9c4d6bf3c819f96ddd11877441961f43096057863d0607070d97c5e5a16"",""state"":""file""},""nh3_pdb_256"":{""bytes"":20991,""sha256"":""870d35ef9d654b395f8eefcd897e002ff41b1327475879ff5b955080ecb91ee0"",""state"":""file""},""nh3_pdb_32768"":{""bytes"":2654463,""sha256"":""a193ff7fc7793ae1c9121af48f694b9cff6974a63e67029053ab9312f86cb9cc"",""state"":""file""},""nh3_pdb_4096"":{""bytes"":332031,""sha256"":""e6d9ba2e0f95a04ebbeb61682dcf615982860aaa336140fee7ba55698f68175c"",""state"":""file""},""nh3_pdb_512"":{""bytes"":41727,""sha256"":""76e8d0d71fd3d49a1d14bb1fcd0689b08241620df41c90a904be29c85a67934e"",""state"":""file""},""nh3_pdb_65536"":{""bytes"":5308671,""sha256"":""a80e717b9abb39221c121bf3137135662e1b3c727e705e8f01e651720acd6dcc"",""state"":""file""},""nh3_pdb_8192"":{""bytes"":663807,""sha256"":""b0664469d3a8e84f71fbd848f1f0ffaca2cee3f4fd2100ed10f398e7c19a27e6"",""state"":""file""}},""metadata"":{""benchmark"":""el""}}",28ea42c8-c3b9-4a9c-96dc-b96a346325d0,,,64,64,64,135168,5,d5863d81a300d151817a7ce2a1e35b7a6d09f27a10c05f4ab866bb5fbfa039e6,"{""batch_idx"":""int32"",""cell"":""float64"",""charges"":""float64"",""pbc"":""bool"",""positions"":""float64""}",capped_upstream_estimate,bounded_power_two_then_four_fft_snap,0.25,9.0,single_case,5779517f771cd31c95dc30de603249f8f59a1f8d3680da722ea0763b4d76684d,45.223230133999095,137,supported_jax_separate_collection
nh3,batch_scaling,pme,jax,8192,1,8192,0.49408879638779274,2023927.6974318104,nan,nan,10,3,jax_wall_block_until_ready,warmup_excluded,True,,,1e-06,5,arithmetic_mean,1.0054466352455764,"[0.004035518999990018,0.004044557999986864,0.0040484870000000225,0.004051814100057527,0.004057499000009557]",,,,,not_measured,not_measured,k_squared_only,nan,nan,,energy_autograd,energy_forces_charge_gradients,True,True,False,0.09645736962556839,43.95600128173828,9.094947017729282e-13,0.4129913543166487,9.0,,592,2.0,384,2435788,2,"{""compute_capability"":""9.0"",""driver"":""unavailable"",""memory_bytes"":99996401664,""name"":""NVIDIA H100 NVL""}","{""cuda"":""13.0"",""git_head"":""unavailable"",""jax"":""0.10.1"",""jaxlib"":""0.10.1"",""nvalchemi_toolkit_ops"":""0.5.0"",""python"":""3.12.3"",""source_sha256"":""4dfd278da46af31f54f8b7671e891073f8b10f8fa2cb28e7cf92bfeddd543638"",""torch"":""2.14.0+cu130"",""warp"":""1.17.0""}","{""gpu_uuid"":""b86b304e-698a-30bd-d46b-23da3dc3658e"",""host"":""ipp2-1738""}","{""JAX_DISABLE_JIT"":""<unset>"",""JAX_DISABLE_JIT_ACTUAL"":""False"",""JAX_ENABLE_X64"":""1"",""JAX_ENABLE_X64_ACTUAL"":""True"",""JAX_PLATFORMS"":""<unset>"",""TF_GPU_ALLOCATOR"":""<unset>"",""XLA_FLAGS"":""<unset>"",""XLA_PYTHON_CLIENT_ALLOCATOR"":""<unset>"",""XLA_PYTHON_CLIENT_MEM_FRACTION"":""0.95"",""XLA_PYTHON_CLIENT_PREALLOCATE"":""<unset>""}","{""artifacts"":{""nh3_pdb_1024"":{""bytes"":83199,""sha256"":""cb99e65c2024c8b1a80a7ea1f4ff5b23ef76a5d153a2caeb4a0e3077b5239135"",""state"":""file""},""nh3_pdb_128"":{""bytes"":10623,""sha256"":""4b48182856ba92449fa52b61bf2f95c6ce28937a3cb3da6aec4f131a1216c760"",""state"":""file""},""nh3_pdb_131072"":{""bytes"":10617087,""sha256"":""d454eb5e6e9fe717e1c12c22e3fc749189deae022de05b0f6f83f9f4501bbb52"",""state"":""file""},""nh3_pdb_16384"":{""bytes"":1327359,""sha256"":""07f5683974f6bdad6798104cf7de5ddb670704f71b7e28715d957805124196b8"",""state"":""file""},""nh3_pdb_2048"":{""bytes"":166143,""sha256"":""7171f9c4d6bf3c819f96ddd11877441961f43096057863d0607070d97c5e5a16"",""state"":""file""},""nh3_pdb_256"":{""bytes"":20991,""sha256"":""870d35ef9d654b395f8eefcd897e002ff41b1327475879ff5b955080ecb91ee0"",""state"":""file""},""nh3_pdb_32768"":{""bytes"":2654463,""sha256"":""a193ff7fc7793ae1c9121af48f694b9cff6974a63e67029053ab9312f86cb9cc"",""state"":""file""},""nh3_pdb_4096"":{""bytes"":332031,""sha256"":""e6d9ba2e0f95a04ebbeb61682dcf615982860aaa336140fee7ba55698f68175c"",""state"":""file""},""nh3_pdb_512"":{""bytes"":41727,""sha256"":""76e8d0d71fd3d49a1d14bb1fcd0689b08241620df41c90a904be29c85a67934e"",""state"":""file""},""nh3_pdb_65536"":{""bytes"":5308671,""sha256"":""a80e717b9abb39221c121bf3137135662e1b3c727e705e8f01e651720acd6dcc"",""state"":""file""},""nh3_pdb_8192"":{""bytes"":663807,""sha256"":""b0664469d3a8e84f71fbd848f1f0ffaca2cee3f4fd2100ed10f398e7c19a27e6"",""state"":""file""}},""metadata"":{""benchmark"":""el""}}",28ea42c8-c3b9-4a9c-96dc-b96a346325d0,,,192,192,192,3575808,5,21cfdd9a0538153c001920ae4dadba0160223a843dd79f4f874a121453a56129,"{""batch_idx"":""int32"",""cell"":""float64"",""charges"":""float64"",""pbc"":""bool"",""positions"":""float64""}",capped_upstream_estimate,bounded_power_two_then_four_fft_snap,0.25,9.0,single_case,5779517f771cd31c95dc30de603249f8f59a1f8d3680da722ea0763b4d76684d,43.16437173099985,139,supported_jax_separate_collection
nh3,batch_scaling,pme,jax,256,256,65536,0.13099017273088265,7634160.480530742,nan,nan,10,3,jax_wall_block_until_ready,warmup_excluded,True,,,0.0001,5,arithmetic_mean,1.0049510271248403,"[0.008563677599886433,0.008575229499547277,0.008585345601022708,0.008606076599971858,0.00859253050002735]",,,,,not_measured,not_measured,shared_cell_k_squared,nan,nan,,energy_autograd,energy_forces_charge_gradients,True,True,False,0.09646306931972504,13.84500026702881,2.842170943040401e-14,0.3372060287522547,9.0,,592,2.0,319,19319808,2,"{""compute_capability"":""9.0"",""driver"":""unavailable"",""memory_bytes"":99996401664,""name"":""NVIDIA H100 NVL""}","{""cuda"":""13.0"",""git_head"":""unavailable"",""jax"":""0.10.1"",""jaxlib"":""0.10.1"",""nvalchemi_toolkit_ops"":""0.5.0"",""python"":""3.12.3"",""source_sha256"":""4dfd278da46af31f54f8b7671e891073f8b10f8fa2cb28e7cf92bfeddd543638"",""torch"":""2.14.0+cu130"",""warp"":""1.17.0""}","{""gpu_uuid"":""23074f79-c31a-f283-5a26-fe763902683e"",""host"":""a1u1g-mil-0678""}","{""JAX_DISABLE_JIT"":""<unset>"",""JAX_DISABLE_JIT_ACTUAL"":""False"",""JAX_ENABLE_X64"":""1"",""JAX_ENABLE_X64_ACTUAL"":""True"",""JAX_PLATFORMS"":""<unset>"",""TF_GPU_ALLOCATOR"":""<unset>"",""XLA_FLAGS"":""<unset>"",""XLA_PYTHON_CLIENT_ALLOCATOR"":""<unset>"",""XLA_PYTHON_CLIENT_MEM_FRACTION"":""0.95"",""XLA_PYTHON_CLIENT_PREALLOCATE"":""<unset>""}","{""artifacts"":{""nh3_pdb_1024"":{""bytes"":83199,""sha256"":""cb99e65c2024c8b1a80a7ea1f4ff5b23ef76a5d153a2caeb4a0e3077b5239135"",""state"":""file""},""nh3_pdb_128"":{""bytes"":10623,""sha256"":""4b48182856ba92449fa52b61bf2f95c6ce28937a3cb3da6aec4f131a1216c760"",""state"":""file""},""nh3_pdb_131072"":{""bytes"":10617087,""sha256"":""d454eb5e6e9fe717e1c12c22e3fc749189deae022de05b0f6f83f9f4501bbb52"",""state"":""file""},""nh3_pdb_16384"":{""bytes"":1327359,""sha256"":""07f5683974f6bdad6798104cf7de5ddb670704f71b7e28715d957805124196b8"",""state"":""file""},""nh3_pdb_2048"":{""bytes"":166143,""sha256"":""7171f9c4d6bf3c819f96ddd11877441961f43096057863d0607070d97c5e5a16"",""state"":""file""},""nh3_pdb_256"":{""bytes"":20991,""sha256"":""870d35ef9d654b395f8eefcd897e002ff41b1327475879ff5b955080ecb91ee0"",""state"":""file""},""nh3_pdb_32768"":{""bytes"":2654463,""sha256"":""a193ff7fc7793ae1c9121af48f694b9cff6974a63e67029053ab9312f86cb9cc"",""state"":""file""},""nh3_pdb_4096"":{""bytes"":332031,""sha256"":""e6d9ba2e0f95a04ebbeb61682dcf615982860aaa336140fee7ba55698f68175c"",""state"":""file""},""nh3_pdb_512"":{""bytes"":41727,""sha256"":""76e8d0d71fd3d49a1d14bb1fcd0689b08241620df41c90a904be29c85a67934e"",""state"":""file""},""nh3_pdb_65536"":{""bytes"":5308671,""sha256"":""a80e717b9abb39221c121bf3137135662e1b3c727e705e8f01e651720acd6dcc"",""state"":""file""},""nh3_pdb_8192"":{""bytes"":663807,""sha256"":""b0664469d3a8e84f71fbd848f1f0ffaca2cee3f4fd2100ed10f398e7c19a27e6"",""state"":""file""}},""metadata"":{""benchmark"":""el""}}",28ea42c8-c3b9-4a9c-96dc-b96a346325d0,,,20,20,20,4400,5,a042b5e75f492c02cccdd1f99ad61097ce7ec142be52419de472e26ee50d09d8,"{""batch_idx"":""int32"",""cell"":""float64"",""charges"":""float64"",""pbc"":""bool"",""positions"":""float64""}",capped_upstream_estimate,bounded_power_two_then_four_fft_snap,0.25,9.0,single_case,5779517f771cd31c95dc30de603249f8f59a1f8d3680da722ea0763b4d76684d,43.61788644200715,134,supported_jax_separate_collection
nh3,batch_scaling,pme,jax,256,256,65536,0.447606053146643,2234107.409786042,nan,nan,10,3,jax_wall_block_until_ready,warmup_excluded,True,,,1e-06,5,arithmetic_mean,1.0074216234412219,"[0.029277297700173222,0.02925983780005481,0.029356141199241393,0.02947699329815805,0.029301281497464516]",,,,,not_measured,not_measured,shared_cell_k_squared,nan,nan,,energy_autograd,energy_forces_charge_gradients,True,True,False,0.09646306931972504,13.84500026702881,2.842170943040401e-14,0.41299135431664874,9.0,,592,2.0,319,19319808,2,"{""compute_capability"":""9.0"",""driver"":""unavailable"",""memory_bytes"":99996401664,""name"":""NVIDIA H100 NVL""}","{""cuda"":""13.0"",""git_head"":""unavailable"",""jax"":""0.10.1"",""jaxlib"":""0.10.1"",""nvalchemi_toolkit_ops"":""0.5.0"",""python"":""3.12.3"",""source_sha256"":""4dfd278da46af31f54f8b7671e891073f8b10f8fa2cb28e7cf92bfeddd543638"",""torch"":""2.14.0+cu130"",""warp"":""1.17.0""}","{""gpu_uuid"":""c0995d85-1dea-1b19-7e58-9baa33a5f384"",""host"":""a1u1g-mil-0576""}","{""JAX_DISABLE_JIT"":""<unset>"",""JAX_DISABLE_JIT_ACTUAL"":""False"",""JAX_ENABLE_X64"":""1"",""JAX_ENABLE_X64_ACTUAL"":""True"",""JAX_PLATFORMS"":""<unset>"",""TF_GPU_ALLOCATOR"":""<unset>"",""XLA_FLAGS"":""<unset>"",""XLA_PYTHON_CLIENT_ALLOCATOR"":""<unset>"",""XLA_PYTHON_CLIENT_MEM_FRACTION"":""0.95"",""XLA_PYTHON_CLIENT_PREALLOCATE"":""<unset>""}","{""artifacts"":{""nh3_pdb_1024"":{""bytes"":83199,""sha256"":""cb99e65c2024c8b1a80a7ea1f4ff5b23ef76a5d153a2caeb4a0e3077b5239135"",""state"":""file""},""nh3_pdb_128"":{""bytes"":10623,""sha256"":""4b48182856ba92449fa52b61bf2f95c6ce28937a3cb3da6aec4f131a1216c760"",""state"":""file""},""nh3_pdb_131072"":{""bytes"":10617087,""sha256"":""d454eb5e6e9fe717e1c12c22e3fc749189deae022de05b0f6f83f9f4501bbb52"",""state"":""file""},""nh3_pdb_16384"":{""bytes"":1327359,""sha256"":""07f5683974f6bdad6798104cf7de5ddb670704f71b7e28715d957805124196b8"",""state"":""file""},""nh3_pdb_2048"":{""bytes"":166143,""sha256"":""7171f9c4d6bf3c819f96ddd11877441961f43096057863d0607070d97c5e5a16"",""state"":""file""},""nh3_pdb_256"":{""bytes"":20991,""sha256"":""870d35ef9d654b395f8eefcd897e002ff41b1327475879ff5b955080ecb91ee0"",""state"":""file""},""nh3_pdb_32768"":{""bytes"":2654463,""sha256"":""a193ff7fc7793ae1c9121af48f694b9cff6974a63e67029053ab9312f86cb9cc"",""state"":""file""},""nh3_pdb_4096"":{""bytes"":332031,""sha256"":""e6d9ba2e0f95a04ebbeb61682dcf615982860aaa336140fee7ba55698f68175c"",""state"":""file""},""nh3_pdb_512"":{""bytes"":41727,""sha256"":""76e8d0d71fd3d49a1d14bb1fcd0689b08241620df41c90a904be29c85a67934e"",""state"":""file""},""nh3_pdb_65536"":{""bytes"":5308671,""sha256"":""a80e717b9abb39221c121bf3137135662e1b3c727e705e8f01e651720acd6dcc"",""state"":""file""},""nh3_pdb_8192"":{""bytes"":663807,""sha256"":""b0664469d3a8e84f71fbd848f1f0ffaca2cee3f4fd2100ed10f398e7c19a27e6"",""state"":""file""}},""metadata"":{""benchmark"":""el""}}",28ea42c8-c3b9-4a9c-96dc-b96a346325d0,,,64,64,64,135168,5,a042b5e75f492c02cccdd1f99ad61097ce7ec142be52419de472e26ee50d09d8,"{""batch_idx"":""int32"",""cell"":""float64"",""charges"":""float64"",""pbc"":""bool"",""positions"":""float64""}",capped_upstream_estimate,bounded_power_two_then_four_fft_snap,0.25,9.0,single_case,5779517f771cd31c95dc30de603249f8f59a1f8d3680da722ea0763b4d76684d,45.823569372005295,135,supported_jax_separate_collection
nh3,batch_scaling,ewald,jax,256,1,256,4.048133673677512,247027.4157452794,nan,nan,10,3,jax_wall_block_until_ready,warmup_excluded,True,,,1e-06,5,arithmetic_mean,1.0095194775508705,"[0.0010435104020871222,0.001034895400516689,0.0010336703999200836,0.0010341385001083835,0.001035396399674937]",,,,,not_measured,not_measured,,nan,nan,1098,energy_autograd,energy_forces_charge_gradients,True,True,False,0.09646306931972504,13.84500026702881,2.842170943040401e-14,0.32259326452181164,11.522008044276834,2.3981081257492542,1248,2.0,647,157258,2,"{""compute_capability"":""9.0"",""driver"":""unavailable"",""memory_bytes"":99996401664,""name"":""NVIDIA H100 NVL""}","{""cuda"":""13.0"",""git_head"":""unavailable"",""jax"":""0.10.1"",""jaxlib"":""0.10.1"",""nvalchemi_toolkit_ops"":""0.5.0"",""python"":""3.12.3"",""source_sha256"":""4dfd278da46af31f54f8b7671e891073f8b10f8fa2cb28e7cf92bfeddd543638"",""torch"":""2.14.0+cu130"",""warp"":""1.17.0""}","{""gpu_uuid"":""c0995d85-1dea-1b19-7e58-9baa33a5f384"",""host"":""a1u1g-mil-0576""}","{""JAX_DISABLE_JIT"":""<unset>"",""JAX_DISABLE_JIT_ACTUAL"":""False"",""JAX_ENABLE_X64"":""1"",""JAX_ENABLE_X64_ACTUAL"":""True"",""JAX_PLATFORMS"":""<unset>"",""TF_GPU_ALLOCATOR"":""<unset>"",""XLA_FLAGS"":""<unset>"",""XLA_PYTHON_CLIENT_ALLOCATOR"":""<unset>"",""XLA_PYTHON_CLIENT_MEM_FRACTION"":""0.95"",""XLA_PYTHON_CLIENT_PREALLOCATE"":""<unset>""}","{""artifacts"":{""nh3_pdb_1024"":{""bytes"":83199,""sha256"":""cb99e65c2024c8b1a80a7ea1f4ff5b23ef76a5d153a2caeb4a0e3077b5239135"",""state"":""file""},""nh3_pdb_128"":{""bytes"":10623,""sha256"":""4b48182856ba92449fa52b61bf2f95c6ce28937a3cb3da6aec4f131a1216c760"",""state"":""file""},""nh3_pdb_131072"":{""bytes"":10617087,""sha256"":""d454eb5e6e9fe717e1c12c22e3fc749189deae022de05b0f6f83f9f4501bbb52"",""state"":""file""},""nh3_pdb_16384"":{""bytes"":1327359,""sha256"":""07f5683974f6bdad6798104cf7de5ddb670704f71b7e28715d957805124196b8"",""state"":""file""},""nh3_pdb_2048"":{""bytes"":166143,""sha256"":""7171f9c4d6bf3c819f96ddd11877441961f43096057863d0607070d97c5e5a16"",""state"":""file""},""nh3_pdb_256"":{""bytes"":20991,""sha256"":""870d35ef9d654b395f8eefcd897e002ff41b1327475879ff5b955080ecb91ee0"",""state"":""file""},""nh3_pdb_32768"":{""bytes"":2654463,""sha256"":""a193ff7fc7793ae1c9121af48f694b9cff6974a63e67029053ab9312f86cb9cc"",""state"":""file""},""nh3_pdb_4096"":{""bytes"":332031,""sha256"":""e6d9ba2e0f95a04ebbeb61682dcf615982860aaa336140fee7ba55698f68175c"",""state"":""file""},""nh3_pdb_512"":{""bytes"":41727,""sha256"":""76e8d0d71fd3d49a1d14bb1fcd0689b08241620df41c90a904be29c85a67934e"",""state"":""file""},""nh3_pdb_65536"":{""bytes"":5308671,""sha256"":""a80e717b9abb39221c121bf3137135662e1b3c727e705e8f01e651720acd6dcc"",""state"":""file""},""nh3_pdb_8192"":{""bytes"":663807,""sha256"":""b0664469d3a8e84f71fbd848f1f0ffaca2cee3f4fd2100ed10f398e7c19a27e6"",""state"":""file""}},""metadata"":{""benchmark"":""el""}}",28ea42c8-c3b9-4a9c-96dc-b96a346325d0,,,,,,,,,,,,,,single_case,5779517f771cd31c95dc30de603249f8f59a1f8d3680da722ea0763b4d76684d,13.066657131974353,267,supported_jax_separate_collection
nh3,batch_scaling,ewald,jax,256,4,1024,1.425845703124651,701338.1586861489,nan,nan,10,3,jax_wall_block_until_ready,warmup_excluded,True,,,1e-06,5,arithmetic_mean,1.0050692050608265,"[0.0014566386002115906,0.001461644598748535,0.0014586236007744446,0.0014594006002880632,0.0014640225999755785]",,,,,not_measured,not_measured,,nan,nan,1098,energy_autograd,energy_forces_charge_gradients,True,True,False,0.09646306931972504,13.84500026702881,2.842170943040401e-14,0.32259326452181164,11.522008044276834,2.3981081257492542,1248,2.0,647,629032,2,"{""compute_capability"":""9.0"",""driver"":""unavailable"",""memory_bytes"":99996401664,""name"":""NVIDIA H100 NVL""}","{""cuda"":""13.0"",""git_head"":""unavailable"",""jax"":""0.10.1"",""jaxlib"":""0.10.1"",""nvalchemi_toolkit_ops"":""0.5.0"",""python"":""3.12.3"",""source_sha256"":""4dfd278da46af31f54f8b7671e891073f8b10f8fa2cb28e7cf92bfeddd543638"",""torch"":""2.14.0+cu130"",""warp"":""1.17.0""}","{""gpu_uuid"":""c0995d85-1dea-1b19-7e58-9baa33a5f384"",""host"":""a1u1g-mil-0576""}","{""JAX_DISABLE_JIT"":""<unset>"",""JAX_DISABLE_JIT_ACTUAL"":""False"",""JAX_ENABLE_X64"":""1"",""JAX_ENABLE_X64_ACTUAL"":""True"",""JAX_PLATFORMS"":""<unset>"",""TF_GPU_ALLOCATOR"":""<unset>"",""XLA_FLAGS"":""<unset>"",""XLA_PYTHON_CLIENT_ALLOCATOR"":""<unset>"",""XLA_PYTHON_CLIENT_MEM_FRACTION"":""0.95"",""XLA_PYTHON_CLIENT_PREALLOCATE"":""<unset>""}","{""artifacts"":{""nh3_pdb_1024"":{""bytes"":83199,""sha256"":""cb99e65c2024c8b1a80a7ea1f4ff5b23ef76a5d153a2caeb4a0e3077b5239135"",""state"":""file""},""nh3_pdb_128"":{""bytes"":10623,""sha256"":""4b48182856ba92449fa52b61bf2f95c6ce28937a3cb3da6aec4f131a1216c760"",""state"":""file""},""nh3_pdb_131072"":{""bytes"":10617087,""sha256"":""d454eb5e6e9fe717e1c12c22e3fc749189deae022de05b0f6f83f9f4501bbb52"",""state"":""file""},""nh3_pdb_16384"":{""bytes"":1327359,""sha256"":""07f5683974f6bdad6798104cf7de5ddb670704f71b7e28715d957805124196b8"",""state"":""file""},""nh3_pdb_2048"":{""bytes"":166143,""sha256"":""7171f9c4d6bf3c819f96ddd11877441961f43096057863d0607070d97c5e5a16"",""state"":""file""},""nh3_pdb_256"":{""bytes"":20991,""sha256"":""870d35ef9d654b395f8eefcd897e002ff41b1327475879ff5b955080ecb91ee0"",""state"":""file""},""nh3_pdb_32768"":{""bytes"":2654463,""sha256"":""a193ff7fc7793ae1c9121af48f694b9cff6974a63e67029053ab9312f86cb9cc"",""state"":""file""},""nh3_pdb_4096"":{""bytes"":332031,""sha256"":""e6d9ba2e0f95a04ebbeb61682dcf615982860aaa336140fee7ba55698f68175c"",""state"":""file""},""nh3_pdb_512"":{""bytes"":41727,""sha256"":""76e8d0d71fd3d49a1d14bb1fcd0689b08241620df41c90a904be29c85a67934e"",""state"":""file""},""nh3_pdb_65536"":{""bytes"":5308671,""sha256"":""a80e717b9abb39221c121bf3137135662e1b3c727e705e8f01e651720acd6dcc"",""state"":""file""},""nh3_pdb_8192"":{""bytes"":663807,""sha256"":""b0664469d3a8e84f71fbd848f1f0ffaca2cee3f4fd2100ed10f398e7c19a27e6"",""state"":""file""}},""metadata"":{""benchmark"":""el""}}",28ea42c8-c3b9-4a9c-96dc-b96a346325d0,,,,,,,,,,,,,,single_case,5779517f771cd31c95dc30de603249f8f59a1f8d3680da722ea0763b4d76684d,12.353391418000683,271,supported_jax_separate_collection
nh3,batch_scaling,ewald,jax,256,8,2048,0.9565677243017489,1045404.2872186125,nan,nan,10,3,jax_wall_block_until_ready,warmup_excluded,True,,,1e-06,5,arithmetic_mean,1.005936530505807,"[0.0019650944974273442,0.0019585724978242068,0.001961930500692688,0.0019561585009796544,0.0019534974999260157]",,,,,not_measured,not_measured,,nan,nan,1098,energy_autograd,energy_forces_charge_gradients,True,True,False,0.09646306931972504,13.84500026702881,2.842170943040401e-14,0.32259326452181164,11.522008044276834,2.3981081257492542,1248,2.0,647,1258064,2,"{""compute_capability"":""9.0"",""driver"":""unavailable"",""memory_bytes"":99996401664,""name"":""NVIDIA H100 NVL""}","{""cuda"":""13.0"",""git_head"":""unavailable"",""jax"":""0.10.1"",""jaxlib"":""0.10.1"",""nvalchemi_toolkit_ops"":""0.5.0"",""python"":""3.12.3"",""source_sha256"":""4dfd278da46af31f54f8b7671e891073f8b10f8fa2cb28e7cf92bfeddd543638"",""torch"":""2.14.0+cu130"",""warp"":""1.17.0""}","{""gpu_uuid"":""c0995d85-1dea-1b19-7e58-9baa33a5f384"",""host"":""a1u1g-mil-0576""}","{""JAX_DISABLE_JIT"":""<unset>"",""JAX_DISABLE_JIT_ACTUAL"":""False"",""JAX_ENABLE_X64"":""1"",""JAX_ENABLE_X64_ACTUAL"":""True"",""JAX_PLATFORMS"":""<unset>"",""TF_GPU_ALLOCATOR"":""<unset>"",""XLA_FLAGS"":""<unset>"",""XLA_PYTHON_CLIENT_ALLOCATOR"":""<unset>"",""XLA_PYTHON_CLIENT_MEM_FRACTION"":""0.95"",""XLA_PYTHON_CLIENT_PREALLOCATE"":""<unset>""}","{""artifacts"":{""nh3_pdb_1024"":{""bytes"":83199,""sha256"":""cb99e65c2024c8b1a80a7ea1f4ff5b23ef76a5d153a2caeb4a0e3077b5239135"",""state"":""file""},""nh3_pdb_128"":{""bytes"":10623,""sha256"":""4b48182856ba92449fa52b61bf2f95c6ce28937a3cb3da6aec4f131a1216c760"",""state"":""file""},""nh3_pdb_131072"":{""bytes"":10617087,""sha256"":""d454eb5e6e9fe717e1c12c22e3fc749189deae022de05b0f6f83f9f4501bbb52"",""state"":""file""},""nh3_pdb_16384"":{""bytes"":1327359,""sha256"":""07f5683974f6bdad6798104cf7de5ddb670704f71b7e28715d957805124196b8"",""state"":""file""},""nh3_pdb_2048"":{""bytes"":166143,""sha256"":""7171f9c4d6bf3c819f96ddd11877441961f43096057863d0607070d97c5e5a16"",""state"":""file""},""nh3_pdb_256"":{""bytes"":20991,""sha256"":""870d35ef9d654b395f8eefcd897e002ff41b1327475879ff5b955080ecb91ee0"",""state"":""file""},""nh3_pdb_32768"":{""bytes"":2654463,""sha256"":""a193ff7fc7793ae1c9121af48f694b9cff6974a63e67029053ab9312f86cb9cc"",""state"":""file""},""nh3_pdb_4096"":{""bytes"":332031,""sha256"":""e6d9ba2e0f95a04ebbeb61682dcf615982860aaa336140fee7ba55698f68175c"",""state"":""file""},""nh3_pdb_512"":{""bytes"":41727,""sha256"":""76e8d0d71fd3d49a1d14bb1fcd0689b08241620df41c90a904be29c85a67934e"",""state"":""file""},""nh3_pdb_65536"":{""bytes"":5308671,""sha256"":""a80e717b9abb39221c121bf3137135662e1b3c727e705e8f01e651720acd6dcc"",""state"":""file""},""nh3_pdb_8192"":{""bytes"":663807,""sha256"":""b0664469d3a8e84f71fbd848f1f0ffaca2cee3f4fd2100ed10f398e7c19a27e6"",""state"":""file""}},""metadata"":{""benchmark"":""el""}}",28ea42c8-c3b9-4a9c-96dc-b96a346325d0,,,,,,,,,,,,,,single_case,5779517f771cd31c95dc30de603249f8f59a1f8d3680da722ea0763b4d76684d,12.062691953993635,273,supported_jax_separate_collection
nh3,batch_scaling,pme,jax,256,8,2048,0.6272087992442722,1594365.3871006055,nan,nan,10,3,jax_wall_block_until_ready,warmup_excluded,True,,,0.0001,5,arithmetic_mean,1.0040605262742575,"[0.0012831297994125635,0.0012818289018468932,0.001287033801781945,0.0012840228009736165,0.0012866028002463282]",,,,,not_measured,not_measured,shared_cell_k_squared,nan,nan,,energy_autograd,energy_forces_charge_gradients,True,True,False,0.09646306931972504,13.84500026702881,2.842170943040401e-14,0.3372060287522547,9.0,,592,2.0,319,603744,2,"{""compute_capability"":""9.0"",""driver"":""unavailable"",""memory_bytes"":99996401664,""name"":""NVIDIA H100 NVL""}","{""cuda"":""13.0"",""git_head"":""unavailable"",""jax"":""0.10.1"",""jaxlib"":""0.10.1"",""nvalchemi_toolkit_ops"":""0.5.0"",""python"":""3.12.3"",""source_sha256"":""4dfd278da46af31f54f8b7671e891073f8b10f8fa2cb28e7cf92bfeddd543638"",""torch"":""2.14.0+cu130"",""warp"":""1.17.0""}","{""gpu_uuid"":""557cda80-d2b2-7630-d3a3-99bf87d35067"",""host"":""ipp2-1716""}","{""JAX_DISABLE_JIT"":""<unset>"",""JAX_DISABLE_JIT_ACTUAL"":""False"",""JAX_ENABLE_X64"":""1"",""JAX_ENABLE_X64_ACTUAL"":""True"",""JAX_PLATFORMS"":""<unset>"",""TF_GPU_ALLOCATOR"":""<unset>"",""XLA_FLAGS"":""<unset>"",""XLA_PYTHON_CLIENT_ALLOCATOR"":""<unset>"",""XLA_PYTHON_CLIENT_MEM_FRACTION"":""0.95"",""XLA_PYTHON_CLIENT_PREALLOCATE"":""<unset>""}","{""artifacts"":{""nh3_pdb_1024"":{""bytes"":83199,""sha256"":""cb99e65c2024c8b1a80a7ea1f4ff5b23ef76a5d153a2caeb4a0e3077b5239135"",""state"":""file""},""nh3_pdb_128"":{""bytes"":10623,""sha256"":""4b48182856ba92449fa52b61bf2f95c6ce28937a3cb3da6aec4f131a1216c760"",""state"":""file""},""nh3_pdb_131072"":{""bytes"":10617087,""sha256"":""d454eb5e6e9fe717e1c12c22e3fc749189deae022de05b0f6f83f9f4501bbb52"",""state"":""file""},""nh3_pdb_16384"":{""bytes"":1327359,""sha256"":""07f5683974f6bdad6798104cf7de5ddb670704f71b7e28715d957805124196b8"",""state"":""file""},""nh3_pdb_2048"":{""bytes"":166143,""sha256"":""7171f9c4d6bf3c819f96ddd11877441961f43096057863d0607070d97c5e5a16"",""state"":""file""},""nh3_pdb_256"":{""bytes"":20991,""sha256"":""870d35ef9d654b395f8eefcd897e002ff41b1327475879ff5b955080ecb91ee0"",""state"":""file""},""nh3_pdb_32768"":{""bytes"":2654463,""sha256"":""a193ff7fc7793ae1c9121af48f694b9cff6974a63e67029053ab9312f86cb9cc"",""state"":""file""},""nh3_pdb_4096"":{""bytes"":332031,""sha256"":""e6d9ba2e0f95a04ebbeb61682dcf615982860aaa336140fee7ba55698f68175c"",""state"":""file""},""nh3_pdb_512"":{""bytes"":41727,""sha256"":""76e8d0d71fd3d49a1d14bb1fcd0689b08241620df41c90a904be29c85a67934e"",""state"":""file""},""nh3_pdb_65536"":{""bytes"":5308671,""sha256"":""a80e717b9abb39221c121bf3137135662e1b3c727e705e8f01e651720acd6dcc"",""state"":""file""},""nh3_pdb_8192"":{""bytes"":663807,""sha256"":""b0664469d3a8e84f71fbd848f1f0ffaca2cee3f4fd2100ed10f398e7c19a27e6"",""state"":""file""}},""metadata"":{""benchmark"":""el""}}",28ea42c8-c3b9-4a9c-96dc-b96a346325d0,,,20,20,20,4400,5,9c20b65a987c353db522f015050723f47f665c2ac3c8fc22f4a735264a4db5d6,"{""batch_idx"":""int32"",""cell"":""float64"",""charges"":""float64"",""pbc"":""bool"",""positions"":""float64""}",capped_upstream_estimate,bounded_power_two_then_four_fft_snap,0.25,9.0,single_case,5779517f771cd31c95dc30de603249f8f59a1f8d3680da722ea0763b4d76684d,39.78399317400181,124,supported_jax_separate_collection
nh3,batch_scaling,ewald,jax,256,2,512,2.2568367990061233,443098.05673160986,nan,nan,10,3,jax_wall_block_until_ready,warmup_excluded,True,,,1e-06,5,arithmetic_mean,1.0198096154078446,"[0.0011732878017937764,0.001151390900486149,0.0011505908012622967,0.0011504969006637111,0.0011517358012497424]",,,,,not_measured,not_measured,,nan,nan,1098,energy_autograd,energy_forces_charge_gradients,True,True,False,0.09646306931972504,13.84500026702881,2.842170943040401e-14,0.32259326452181164,11.522008044276834,2.3981081257492542,1248,2.0,647,314516,2,"{""compute_capability"":""9.0"",""driver"":""unavailable"",""memory_bytes"":99996401664,""name"":""NVIDIA H100 NVL""}","{""cuda"":""13.0"",""git_head"":""unavailable"",""jax"":""0.10.1"",""jaxlib"":""0.10.1"",""nvalchemi_toolkit_ops"":""0.5.0"",""python"":""3.12.3"",""source_sha256"":""4dfd278da46af31f54f8b7671e891073f8b10f8fa2cb28e7cf92bfeddd543638"",""torch"":""2.14.0+cu130"",""warp"":""1.17.0""}","{""gpu_uuid"":""557cda80-d2b2-7630-d3a3-99bf87d35067"",""host"":""ipp2-1716""}","{""JAX_DISABLE_JIT"":""<unset>"",""JAX_DISABLE_JIT_ACTUAL"":""False"",""JAX_ENABLE_X64"":""1"",""JAX_ENABLE_X64_ACTUAL"":""True"",""JAX_PLATFORMS"":""<unset>"",""TF_GPU_ALLOCATOR"":""<unset>"",""XLA_FLAGS"":""<unset>"",""XLA_PYTHON_CLIENT_ALLOCATOR"":""<unset>"",""XLA_PYTHON_CLIENT_MEM_FRACTION"":""0.95"",""XLA_PYTHON_CLIENT_PREALLOCATE"":""<unset>""}","{""artifacts"":{""nh3_pdb_1024"":{""bytes"":83199,""sha256"":""cb99e65c2024c8b1a80a7ea1f4ff5b23ef76a5d153a2caeb4a0e3077b5239135"",""state"":""file""},""nh3_pdb_128"":{""bytes"":10623,""sha256"":""4b48182856ba92449fa52b61bf2f95c6ce28937a3cb3da6aec4f131a1216c760"",""state"":""file""},""nh3_pdb_131072"":{""bytes"":10617087,""sha256"":""d454eb5e6e9fe717e1c12c22e3fc749189deae022de05b0f6f83f9f4501bbb52"",""state"":""file""},""nh3_pdb_16384"":{""bytes"":1327359,""sha256"":""07f5683974f6bdad6798104cf7de5ddb670704f71b7e28715d957805124196b8"",""state"":""file""},""nh3_pdb_2048"":{""bytes"":166143,""sha256"":""7171f9c4d6bf3c819f96ddd11877441961f43096057863d0607070d97c5e5a16"",""state"":""file""},""nh3_pdb_256"":{""bytes"":20991,""sha256"":""870d35ef9d654b395f8eefcd897e002ff41b1327475879ff5b955080ecb91ee0"",""state"":""file""},""nh3_pdb_32768"":{""bytes"":2654463,""sha256"":""a193ff7fc7793ae1c9121af48f694b9cff6974a63e67029053ab9312f86cb9cc"",""state"":""file""},""nh3_pdb_4096"":{""bytes"":332031,""sha256"":""e6d9ba2e0f95a04ebbeb61682dcf615982860aaa336140fee7ba55698f68175c"",""state"":""file""},""nh3_pdb_512"":{""bytes"":41727,""sha256"":""76e8d0d71fd3d49a1d14bb1fcd0689b08241620df41c90a904be29c85a67934e"",""state"":""file""},""nh3_pdb_65536"":{""bytes"":5308671,""sha256"":""a80e717b9abb39221c121bf3137135662e1b3c727e705e8f01e651720acd6dcc"",""state"":""file""},""nh3_pdb_8192"":{""bytes"":663807,""sha256"":""b0664469d3a8e84f71fbd848f1f0ffaca2cee3f4fd2100ed10f398e7c19a27e6"",""state"":""file""}},""metadata"":{""benchmark"":""el""}}",28ea42c8-c3b9-4a9c-96dc-b96a346325d0,,,,,,,,,,,,,,single_case,5779517f771cd31c95dc30de603249f8f59a1f8d3680da722ea0763b4d76684d,12.624798695003847,269,supported_jax_separate_collection
nh3,batch_scaling,ewald,jax,256,64,16384,0.49630805420974866,2014877.638027172,nan,nan,10,3,jax_wall_block_until_ready,warmup_excluded,True,,,1e-06,5,arithmetic_mean,1.0033785883987743,"[0.00812435680127237,0.008120846800738945,0.008138001698534935,0.008148283799528144,0.008126066700788215]",,,,,not_measured,not_measured,,nan,nan,1098,energy_autograd,energy_forces_charge_gradients,True,True,False,0.09646306931972504,13.84500026702881,2.842170943040401e-14,0.32259326452181164,11.522008044276834,2.3981081257492542,1248,2.0,647,10064512,2,"{""compute_capability"":""9.0"",""driver"":""unavailable"",""memory_bytes"":99996401664,""name"":""NVIDIA H100 NVL""}","{""cuda"":""13.0"",""git_head"":""unavailable"",""jax"":""0.10.1"",""jaxlib"":""0.10.1"",""nvalchemi_toolkit_ops"":""0.5.0"",""python"":""3.12.3"",""source_sha256"":""4dfd278da46af31f54f8b7671e891073f8b10f8fa2cb28e7cf92bfeddd543638"",""torch"":""2.14.0+cu130"",""warp"":""1.17.0""}","{""gpu_uuid"":""557cda80-d2b2-7630-d3a3-99bf87d35067"",""host"":""ipp2-1716""}","{""JAX_DISABLE_JIT"":""<unset>"",""JAX_DISABLE_JIT_ACTUAL"":""False"",""JAX_ENABLE_X64"":""1"",""JAX_ENABLE_X64_ACTUAL"":""True"",""JAX_PLATFORMS"":""<unset>"",""TF_GPU_ALLOCATOR"":""<unset>"",""XLA_FLAGS"":""<unset>"",""XLA_PYTHON_CLIENT_ALLOCATOR"":""<unset>"",""XLA_PYTHON_CLIENT_MEM_FRACTION"":""0.95"",""XLA_PYTHON_CLIENT_PREALLOCATE"":""<unset>""}","{""artifacts"":{""nh3_pdb_1024"":{""bytes"":83199,""sha256"":""cb99e65c2024c8b1a80a7ea1f4ff5b23ef76a5d153a2caeb4a0e3077b5239135"",""state"":""file""},""nh3_pdb_128"":{""bytes"":10623,""sha256"":""4b48182856ba92449fa52b61bf2f95c6ce28937a3cb3da6aec4f131a1216c760"",""state"":""file""},""nh3_pdb_131072"":{""bytes"":10617087,""sha256"":""d454eb5e6e9fe717e1c12c22e3fc749189deae022de05b0f6f83f9f4501bbb52"",""state"":""file""},""nh3_pdb_16384"":{""bytes"":1327359,""sha256"":""07f5683974f6bdad6798104cf7de5ddb670704f71b7e28715d957805124196b8"",""state"":""file""},""nh3_pdb_2048"":{""bytes"":166143,""sha256"":""7171f9c4d6bf3c819f96ddd11877441961f43096057863d0607070d97c5e5a16"",""state"":""file""},""nh3_pdb_256"":{""bytes"":20991,""sha256"":""870d35ef9d654b395f8eefcd897e002ff41b1327475879ff5b955080ecb91ee0"",""state"":""file""},""nh3_pdb_32768"":{""bytes"":2654463,""sha256"":""a193ff7fc7793ae1c9121af48f694b9cff6974a63e67029053ab9312f86cb9cc"",""state"":""file""},""nh3_pdb_4096"":{""bytes"":332031,""sha256"":""e6d9ba2e0f95a04ebbeb61682dcf615982860aaa336140fee7ba55698f68175c"",""state"":""file""},""nh3_pdb_512"":{""bytes"":41727,""sha256"":""76e8d0d71fd3d49a1d14bb1fcd0689b08241620df41c90a904be29c85a67934e"",""state"":""file""},""nh3_pdb_65536"":{""bytes"":5308671,""sha256"":""a80e717b9abb39221c121bf3137135662e1b3c727e705e8f01e651720acd6dcc"",""state"":""file""},""nh3_pdb_8192"":{""bytes"":663807,""sha256"":""b0664469d3a8e84f71fbd848f1f0ffaca2cee3f4fd2100ed10f398e7c19a27e6"",""state"":""file""}},""metadata"":{""benchmark"":""el""}}",28ea42c8-c3b9-4a9c-96dc-b96a346325d0,,,,,,,,,,,,,,single_case,5779517f771cd31c95dc30de603249f8f59a1f8d3680da722ea0763b4d76684d,13.287651412014384,279,supported_jax_separate_collection
nh3,batch_scaling,ewald,jax,256,128,32768,0.45392520080511645,2203006.1301428596,nan,nan,10,3,jax_wall_block_until_ready,warmup_excluded,True,,,1e-06,5,arithmetic_mean,1.0033404884613495,"[0.014907009500893765,0.01485737859911751,0.01485753860033583,0.014877179497852921,0.014871998701710253]",,,,,not_measured,not_measured,,nan,nan,1098,energy_autograd,energy_forces_charge_gradients,True,True,False,0.09646306931972504,13.84500026702881,2.842170943040401e-14,0.32259326452181164,11.522008044276834,2.3981081257492542,1248,2.0,647,20129024,2,"{""compute_capability"":""9.0"",""driver"":""unavailable"",""memory_bytes"":99996401664,""name"":""NVIDIA H100 NVL""}","{""cuda"":""13.0"",""git_head"":""unavailable"",""jax"":""0.10.1"",""jaxlib"":""0.10.1"",""nvalchemi_toolkit_ops"":""0.5.0"",""python"":""3.12.3"",""source_sha256"":""4dfd278da46af31f54f8b7671e891073f8b10f8fa2cb28e7cf92bfeddd543638"",""torch"":""2.14.0+cu130"",""warp"":""1.17.0""}","{""gpu_uuid"":""557cda80-d2b2-7630-d3a3-99bf87d35067"",""host"":""ipp2-1716""}","{""JAX_DISABLE_JIT"":""<unset>"",""JAX_DISABLE_JIT_ACTUAL"":""False"",""JAX_ENABLE_X64"":""1"",""JAX_ENABLE_X64_ACTUAL"":""True"",""JAX_PLATFORMS"":""<unset>"",""TF_GPU_ALLOCATOR"":""<unset>"",""XLA_FLAGS"":""<unset>"",""XLA_PYTHON_CLIENT_ALLOCATOR"":""<unset>"",""XLA_PYTHON_CLIENT_MEM_FRACTION"":""0.95"",""XLA_PYTHON_CLIENT_PREALLOCATE"":""<unset>""}","{""artifacts"":{""nh3_pdb_1024"":{""bytes"":83199,""sha256"":""cb99e65c2024c8b1a80a7ea1f4ff5b23ef76a5d153a2caeb4a0e3077b5239135"",""state"":""file""},""nh3_pdb_128"":{""bytes"":10623,""sha256"":""4b48182856ba92449fa52b61bf2f95c6ce28937a3cb3da6aec4f131a1216c760"",""state"":""file""},""nh3_pdb_131072"":{""bytes"":10617087,""sha256"":""d454eb5e6e9fe717e1c12c22e3fc749189deae022de05b0f6f83f9f4501bbb52"",""state"":""file""},""nh3_pdb_16384"":{""bytes"":1327359,""sha256"":""07f5683974f6bdad6798104cf7de5ddb670704f71b7e28715d957805124196b8"",""state"":""file""},""nh3_pdb_2048"":{""bytes"":166143,""sha256"":""7171f9c4d6bf3c819f96ddd11877441961f43096057863d0607070d97c5e5a16"",""state"":""file""},""nh3_pdb_256"":{""bytes"":20991,""sha256"":""870d35ef9d654b395f8eefcd897e002ff41b1327475879ff5b955080ecb91ee0"",""state"":""file""},""nh3_pdb_32768"":{""bytes"":2654463,""sha256"":""a193ff7fc7793ae1c9121af48f694b9cff6974a63e67029053ab9312f86cb9cc"",""state"":""file""},""nh3_pdb_4096"":{""bytes"":332031,""sha256"":""e6d9ba2e0f95a04ebbeb61682dcf615982860aaa336140fee7ba55698f68175c"",""state"":""file""},""nh3_pdb_512"":{""bytes"":41727,""sha256"":""76e8d0d71fd3d49a1d14bb1fcd0689b08241620df41c90a904be29c85a67934e"",""state"":""file""},""nh3_pdb_65536"":{""bytes"":5308671,""sha256"":""a80e717b9abb39221c121bf3137135662e1b3c727e705e8f01e651720acd6dcc"",""state"":""file""},""nh3_pdb_8192"":{""bytes"":663807,""sha256"":""b0664469d3a8e84f71fbd848f1f0ffaca2cee3f4fd2100ed10f398e7c19a27e6"",""state"":""file""}},""metadata"":{""benchmark"":""el""}}",28ea42c8-c3b9-4a9c-96dc-b96a346325d0,,,,,,,,,,,,,,single_case,5779517f771cd31c95dc30de603249f8f59a1f8d3680da722ea0763b4d76684d,14.090086463984335,281,supported_jax_separate_collection
nh3,batch_scaling,ewald,jax,8192,4,32768,3.9388622759872765,253880.41772781961,nan,nan,10,3,jax_wall_block_until_ready,warmup_excluded,True,,,1e-06,5,arithmetic_mean,1.0010101956338826,"[0.12913018139952329,0.12905259590188506,0.1289998662978178,0.129058218098362,0.12910233360016718]",,,,,not_measured,not_measured,,nan,nan,4630,energy_autograd,energy_forces_charge_gradients,True,True,False,0.09645736962556839,43.95600128173828,9.094947017729282e-13,0.18104578414850428,20.5302885473489,1.345866184598588,7008,2.0,3752,114750496,2,"{""compute_capability"":""9.0"",""driver"":""unavailable"",""memory_bytes"":99996401664,""name"":""NVIDIA H100 NVL""}","{""cuda"":""13.0"",""git_head"":""unavailable"",""jax"":""0.10.1"",""jaxlib"":""0.10.1"",""nvalchemi_toolkit_ops"":""0.5.0"",""python"":""3.12.3"",""source_sha256"":""4dfd278da46af31f54f8b7671e891073f8b10f8fa2cb28e7cf92bfeddd543638"",""torch"":""2.14.0+cu130"",""warp"":""1.17.0""}","{""gpu_uuid"":""557cda80-d2b2-7630-d3a3-99bf87d35067"",""host"":""ipp2-1716""}","{""JAX_DISABLE_JIT"":""<unset>"",""JAX_DISABLE_JIT_ACTUAL"":""False"",""JAX_ENABLE_X64"":""1"",""JAX_ENABLE_X64_ACTUAL"":""True"",""JAX_PLATFORMS"":""<unset>"",""TF_GPU_ALLOCATOR"":""<unset>"",""XLA_FLAGS"":""<unset>"",""XLA_PYTHON_CLIENT_ALLOCATOR"":""<unset>"",""XLA_PYTHON_CLIENT_MEM_FRACTION"":""0.95"",""XLA_PYTHON_CLIENT_PREALLOCATE"":""<unset>""}","{""artifacts"":{""nh3_pdb_1024"":{""bytes"":83199,""sha256"":""cb99e65c2024c8b1a80a7ea1f4ff5b23ef76a5d153a2caeb4a0e3077b5239135"",""state"":""file""},""nh3_pdb_128"":{""bytes"":10623,""sha256"":""4b48182856ba92449fa52b61bf2f95c6ce28937a3cb3da6aec4f131a1216c760"",""state"":""file""},""nh3_pdb_131072"":{""bytes"":10617087,""sha256"":""d454eb5e6e9fe717e1c12c22e3fc749189deae022de05b0f6f83f9f4501bbb52"",""state"":""file""},""nh3_pdb_16384"":{""bytes"":1327359,""sha256"":""07f5683974f6bdad6798104cf7de5ddb670704f71b7e28715d957805124196b8"",""state"":""file""},""nh3_pdb_2048"":{""bytes"":166143,""sha256"":""7171f9c4d6bf3c819f96ddd11877441961f43096057863d0607070d97c5e5a16"",""state"":""file""},""nh3_pdb_256"":{""bytes"":20991,""sha256"":""870d35ef9d654b395f8eefcd897e002ff41b1327475879ff5b955080ecb91ee0"",""state"":""file""},""nh3_pdb_32768"":{""bytes"":2654463,""sha256"":""a193ff7fc7793ae1c9121af48f694b9cff6974a63e67029053ab9312f86cb9cc"",""state"":""file""},""nh3_pdb_4096"":{""bytes"":332031,""sha256"":""e6d9ba2e0f95a04ebbeb61682dcf615982860aaa336140fee7ba55698f68175c"",""state"":""file""},""nh3_pdb_512"":{""bytes"":41727,""sha256"":""76e8d0d71fd3d49a1d14bb1fcd0689b08241620df41c90a904be29c85a67934e"",""state"":""file""},""nh3_pdb_65536"":{""bytes"":5308671,""sha256"":""a80e717b9abb39221c121bf3137135662e1b3c727e705e8f01e651720acd6dcc"",""state"":""file""},""nh3_pdb_8192"":{""bytes"":663807,""sha256"":""b0664469d3a8e84f71fbd848f1f0ffaca2cee3f4fd2100ed10f398e7c19a27e6"",""state"":""file""}},""metadata"":{""benchmark"":""el""}}",28ea42c8-c3b9-4a9c-96dc-b96a346325d0,,,,,,,,,,,,,,single_case,5779517f771cd31c95dc30de603249f8f59a1f8d3680da722ea0763b4d76684d,24.515200740017463,291,supported_jax_separate_collection
nh3,batch_scaling,pme,jax,256,128,32768,0.14613335695301544,6843064.5873790365,nan,nan,10,3,jax_wall_block_until_ready,warmup_excluded,True,,,0.0001,5,arithmetic_mean,1.0024973790881175,"[0.004792682800325565,0.004785988898947835,0.004792912802076899,0.004780972900334746,0.004789931801497005]",,,,,not_measured,not_measured,shared_cell_k_squared,nan,nan,,energy_autograd,energy_forces_charge_gradients,True,True,False,0.09646306931972504,13.84500026702881,2.842170943040401e-14,0.3372060287522547,9.0,,592,2.0,319,9659904,2,"{""compute_capability"":""9.0"",""driver"":""unavailable"",""memory_bytes"":99996401664,""name"":""NVIDIA H100 NVL""}","{""cuda"":""13.0"",""git_head"":""unavailable"",""jax"":""0.10.1"",""jaxlib"":""0.10.1"",""nvalchemi_toolkit_ops"":""0.5.0"",""python"":""3.12.3"",""source_sha256"":""4dfd278da46af31f54f8b7671e891073f8b10f8fa2cb28e7cf92bfeddd543638"",""torch"":""2.14.0+cu130"",""warp"":""1.17.0""}","{""gpu_uuid"":""c0995d85-1dea-1b19-7e58-9baa33a5f384"",""host"":""a1u1g-mil-0576""}","{""JAX_DISABLE_JIT"":""<unset>"",""JAX_DISABLE_JIT_ACTUAL"":""False"",""JAX_ENABLE_X64"":""1"",""JAX_ENABLE_X64_ACTUAL"":""True"",""JAX_PLATFORMS"":""<unset>"",""TF_GPU_ALLOCATOR"":""<unset>"",""XLA_FLAGS"":""<unset>"",""XLA_PYTHON_CLIENT_ALLOCATOR"":""<unset>"",""XLA_PYTHON_CLIENT_MEM_FRACTION"":""0.95"",""XLA_PYTHON_CLIENT_PREALLOCATE"":""<unset>""}","{""artifacts"":{""nh3_pdb_1024"":{""bytes"":83199,""sha256"":""cb99e65c2024c8b1a80a7ea1f4ff5b23ef76a5d153a2caeb4a0e3077b5239135"",""state"":""file""},""nh3_pdb_128"":{""bytes"":10623,""sha256"":""4b48182856ba92449fa52b61bf2f95c6ce28937a3cb3da6aec4f131a1216c760"",""state"":""file""},""nh3_pdb_131072"":{""bytes"":10617087,""sha256"":""d454eb5e6e9fe717e1c12c22e3fc749189deae022de05b0f6f83f9f4501bbb52"",""state"":""file""},""nh3_pdb_16384"":{""bytes"":1327359,""sha256"":""07f5683974f6bdad6798104cf7de5ddb670704f71b7e28715d957805124196b8"",""state"":""file""},""nh3_pdb_2048"":{""bytes"":166143,""sha256"":""7171f9c4d6bf3c819f96ddd11877441961f43096057863d0607070d97c5e5a16"",""state"":""file""},""nh3_pdb_256"":{""bytes"":20991,""sha256"":""870d35ef9d654b395f8eefcd897e002ff41b1327475879ff5b955080ecb91ee0"",""state"":""file""},""nh3_pdb_32768"":{""bytes"":2654463,""sha256"":""a193ff7fc7793ae1c9121af48f694b9cff6974a63e67029053ab9312f86cb9cc"",""state"":""file""},""nh3_pdb_4096"":{""bytes"":332031,""sha256"":""e6d9ba2e0f95a04ebbeb61682dcf615982860aaa336140fee7ba55698f68175c"",""state"":""file""},""nh3_pdb_512"":{""bytes"":41727,""sha256"":""76e8d0d71fd3d49a1d14bb1fcd0689b08241620df41c90a904be29c85a67934e"",""state"":""file""},""nh3_pdb_65536"":{""bytes"":5308671,""sha256"":""a80e717b9abb39221c121bf3137135662e1b3c727e705e8f01e651720acd6dcc"",""state"":""file""},""nh3_pdb_8192"":{""bytes"":663807,""sha256"":""b0664469d3a8e84f71fbd848f1f0ffaca2cee3f4fd2100ed10f398e7c19a27e6"",""state"":""file""}},""metadata"":{""benchmark"":""el""}}",28ea42c8-c3b9-4a9c-96dc-b96a346325d0,,,20,20,20,4400,5,c26977af5d9b4ed54e198b18c4a3b7e8d65c954b3e324483dad014a9d6f73761,"{""batch_idx"":""int32"",""cell"":""float64"",""charges"":""float64"",""pbc"":""bool"",""positions"":""float64""}",capped_upstream_estimate,bounded_power_two_then_four_fft_snap,0.25,9.0,single_case,5779517f771cd31c95dc30de603249f8f59a1f8d3680da722ea0763b4d76684d,44.03215253399685,132,supported_jax_separate_collection
nh3,batch_scaling,pme,jax,8192,16,131072,0.3908903810101449,2558261.9797800723,nan,nan,10,3,jax_wall_block_until_ready,warmup_excluded,True,,,1e-06,5,arithmetic_mean,1.0085759563307632,"[0.05100051649787929,0.05143789470021147,0.051197974500246345,0.05129686220025178,0.0512406722002197]",,,,,not_measured,not_measured,shared_cell_k_squared,nan,nan,,energy_autograd,energy_forces_charge_gradients,True,True,False,0.09645736962556839,43.95600128173828,9.094947017729282e-13,0.4129913543166487,9.0,,592,2.0,384,38972608,2,"{""compute_capability"":""9.0"",""driver"":""unavailable"",""memory_bytes"":99996401664,""name"":""NVIDIA H100 NVL""}","{""cuda"":""13.0"",""git_head"":""unavailable"",""jax"":""0.10.1"",""jaxlib"":""0.10.1"",""nvalchemi_toolkit_ops"":""0.5.0"",""python"":""3.12.3"",""source_sha256"":""4dfd278da46af31f54f8b7671e891073f8b10f8fa2cb28e7cf92bfeddd543638"",""torch"":""2.14.0+cu130"",""warp"":""1.17.0""}","{""gpu_uuid"":""c0995d85-1dea-1b19-7e58-9baa33a5f384"",""host"":""a1u1g-mil-0576""}","{""JAX_DISABLE_JIT"":""<unset>"",""JAX_DISABLE_JIT_ACTUAL"":""False"",""JAX_ENABLE_X64"":""1"",""JAX_ENABLE_X64_ACTUAL"":""True"",""JAX_PLATFORMS"":""<unset>"",""TF_GPU_ALLOCATOR"":""<unset>"",""XLA_FLAGS"":""<unset>"",""XLA_PYTHON_CLIENT_ALLOCATOR"":""<unset>"",""XLA_PYTHON_CLIENT_MEM_FRACTION"":""0.95"",""XLA_PYTHON_CLIENT_PREALLOCATE"":""<unset>""}","{""artifacts"":{""nh3_pdb_1024"":{""bytes"":83199,""sha256"":""cb99e65c2024c8b1a80a7ea1f4ff5b23ef76a5d153a2caeb4a0e3077b5239135"",""state"":""file""},""nh3_pdb_128"":{""bytes"":10623,""sha256"":""4b48182856ba92449fa52b61bf2f95c6ce28937a3cb3da6aec4f131a1216c760"",""state"":""file""},""nh3_pdb_131072"":{""bytes"":10617087,""sha256"":""d454eb5e6e9fe717e1c12c22e3fc749189deae022de05b0f6f83f9f4501bbb52"",""state"":""file""},""nh3_pdb_16384"":{""bytes"":1327359,""sha256"":""07f5683974f6bdad6798104cf7de5ddb670704f71b7e28715d957805124196b8"",""state"":""file""},""nh3_pdb_2048"":{""bytes"":166143,""sha256"":""7171f9c4d6bf3c819f96ddd11877441961f43096057863d0607070d97c5e5a16"",""state"":""file""},""nh3_pdb_256"":{""bytes"":20991,""sha256"":""870d35ef9d654b395f8eefcd897e002ff41b1327475879ff5b955080ecb91ee0"",""state"":""file""},""nh3_pdb_32768"":{""bytes"":2654463,""sha256"":""a193ff7fc7793ae1c9121af48f694b9cff6974a63e67029053ab9312f86cb9cc"",""state"":""file""},""nh3_pdb_4096"":{""bytes"":332031,""sha256"":""e6d9ba2e0f95a04ebbeb61682dcf615982860aaa336140fee7ba55698f68175c"",""state"":""file""},""nh3_pdb_512"":{""bytes"":41727,""sha256"":""76e8d0d71fd3d49a1d14bb1fcd0689b08241620df41c90a904be29c85a67934e"",""state"":""file""},""nh3_pdb_65536"":{""bytes"":5308671,""sha256"":""a80e717b9abb39221c121bf3137135662e1b3c727e705e8f01e651720acd6dcc"",""state"":""file""},""nh3_pdb_8192"":{""bytes"":663807,""sha256"":""b0664469d3a8e84f71fbd848f1f0ffaca2cee3f4fd2100ed10f398e7c19a27e6"",""state"":""file""}},""metadata"":{""benchmark"":""el""}}",28ea42c8-c3b9-4a9c-96dc-b96a346325d0,,,192,192,192,3575808,5,c82165d0d68c2784db3d6c1201cd5bb2f921335c3b0fa14449fb166407207696,"{""batch_idx"":""int32"",""cell"":""float64"",""charges"":""float64"",""pbc"":""bool"",""positions"":""float64""}",capped_upstream_estimate,bounded_power_two_then_four_fft_snap,0.25,9.0,single_case,5779517f771cd31c95dc30de603249f8f59a1f8d3680da722ea0763b4d76684d,45.0672241729917,147,supported_jax_separate_collection
nh3,batch_scaling,pme,jax,256,16,4096,0.39405458977626034,2537719.4580268394,nan,nan,10,3,jax_wall_block_until_ready,warmup_excluded,True,,,0.0001,5,arithmetic_mean,1.0040061328203103,"[0.0016100314009236173,0.0016148653987329454,0.0016151363990502432,0.0016164814005605876,0.0016137233993504196]",,,,,not_measured,not_measured,shared_cell_k_squared,nan,nan,,energy_autograd,energy_forces_charge_gradients,True,True,False,0.09646306931972504,13.84500026702881,2.842170943040401e-14,0.3372060287522547,9.0,,592,2.0,319,1207488,2,"{""compute_capability"":""9.0"",""driver"":""unavailable"",""memory_bytes"":99996401664,""name"":""NVIDIA H100 NVL""}","{""cuda"":""13.0"",""git_head"":""unavailable"",""jax"":""0.10.1"",""jaxlib"":""0.10.1"",""nvalchemi_toolkit_ops"":""0.5.0"",""python"":""3.12.3"",""source_sha256"":""4dfd278da46af31f54f8b7671e891073f8b10f8fa2cb28e7cf92bfeddd543638"",""torch"":""2.14.0+cu130"",""warp"":""1.17.0""}","{""gpu_uuid"":""557cda80-d2b2-7630-d3a3-99bf87d35067"",""host"":""ipp2-1716""}","{""JAX_DISABLE_JIT"":""<unset>"",""JAX_DISABLE_JIT_ACTUAL"":""False"",""JAX_ENABLE_X64"":""1"",""JAX_ENABLE_X64_ACTUAL"":""True"",""JAX_PLATFORMS"":""<unset>"",""TF_GPU_ALLOCATOR"":""<unset>"",""XLA_FLAGS"":""<unset>"",""XLA_PYTHON_CLIENT_ALLOCATOR"":""<unset>"",""XLA_PYTHON_CLIENT_MEM_FRACTION"":""0.95"",""XLA_PYTHON_CLIENT_PREALLOCATE"":""<unset>""}","{""artifacts"":{""nh3_pdb_1024"":{""bytes"":83199,""sha256"":""cb99e65c2024c8b1a80a7ea1f4ff5b23ef76a5d153a2caeb4a0e3077b5239135"",""state"":""file""},""nh3_pdb_128"":{""bytes"":10623,""sha256"":""4b48182856ba92449fa52b61bf2f95c6ce28937a3cb3da6aec4f131a1216c760"",""state"":""file""},""nh3_pdb_131072"":{""bytes"":10617087,""sha256"":""d454eb5e6e9fe717e1c12c22e3fc749189deae022de05b0f6f83f9f4501bbb52"",""state"":""file""},""nh3_pdb_16384"":{""bytes"":1327359,""sha256"":""07f5683974f6bdad6798104cf7de5ddb670704f71b7e28715d957805124196b8"",""state"":""file""},""nh3_pdb_2048"":{""bytes"":166143,""sha256"":""7171f9c4d6bf3c819f96ddd11877441961f43096057863d0607070d97c5e5a16"",""state"":""file""},""nh3_pdb_256"":{""bytes"":20991,""sha256"":""870d35ef9d654b395f8eefcd897e002ff41b1327475879ff5b955080ecb91ee0"",""state"":""file""},""nh3_pdb_32768"":{""bytes"":2654463,""sha256"":""a193ff7fc7793ae1c9121af48f694b9cff6974a63e67029053ab9312f86cb9cc"",""state"":""file""},""nh3_pdb_4096"":{""bytes"":332031,""sha256"":""e6d9ba2e0f95a04ebbeb61682dcf615982860aaa336140fee7ba55698f68175c"",""state"":""file""},""nh3_pdb_512"":{""bytes"":41727,""sha256"":""76e8d0d71fd3d49a1d14bb1fcd0689b08241620df41c90a904be29c85a67934e"",""state"":""file""},""nh3_pdb_65536"":{""bytes"":5308671,""sha256"":""a80e717b9abb39221c121bf3137135662e1b3c727e705e8f01e651720acd6dcc"",""state"":""file""},""nh3_pdb_8192"":{""bytes"":663807,""sha256"":""b0664469d3a8e84f71fbd848f1f0ffaca2cee3f4fd2100ed10f398e7c19a27e6"",""state"":""file""}},""metadata"":{""benchmark"":""el""}}",28ea42c8-c3b9-4a9c-96dc-b96a346325d0,,,20,20,20,4400,5,6525accd98cdd6b4869b196c84c7f504ed1cb1e4e3177809d266a7e0669583aa,"{""batch_idx"":""int32"",""cell"":""float64"",""charges"":""float64"",""pbc"":""bool"",""positions"":""float64""}",capped_upstream_estimate,bounded_power_two_then_four_fft_snap,0.25,9.0,single_case,5779517f771cd31c95dc30de603249f8f59a1f8d3680da722ea0763b4d76684d,43.0856126449944,126,supported_jax_separate_collection
nh3,batch_scaling,pme,jax,8192,4,32768,0.140161899437885,7134606.5086908005,nan,nan,10,3,jax_wall_block_until_ready,warmup_excluded,True,,,0.0001,5,arithmetic_mean,1.005832784255713,"[0.004575859699980356,0.004597169801127165,0.0046025497023947535,0.004591587700997479,0.00459695869940333]",,,,,not_measured,not_measured,shared_cell_k_squared,nan,nan,,energy_autograd,energy_forces_charge_gradients,True,True,False,0.09645736962556839,43.95600128173828,9.094947017729282e-13,0.3372060287522547,9.0,,592,2.0,384,9743152,2,"{""compute_capability"":""9.0"",""driver"":""unavailable"",""memory_bytes"":99996401664,""name"":""NVIDIA H100 NVL""}","{""cuda"":""13.0"",""git_head"":""unavailable"",""jax"":""0.10.1"",""jaxlib"":""0.10.1"",""nvalchemi_toolkit_ops"":""0.5.0"",""python"":""3.12.3"",""source_sha256"":""4dfd278da46af31f54f8b7671e891073f8b10f8fa2cb28e7cf92bfeddd543638"",""torch"":""2.14.0+cu130"",""warp"":""1.17.0""}","{""gpu_uuid"":""557cda80-d2b2-7630-d3a3-99bf87d35067"",""host"":""ipp2-1716""}","{""JAX_DISABLE_JIT"":""<unset>"",""JAX_DISABLE_JIT_ACTUAL"":""False"",""JAX_ENABLE_X64"":""1"",""JAX_ENABLE_X64_ACTUAL"":""True"",""JAX_PLATFORMS"":""<unset>"",""TF_GPU_ALLOCATOR"":""<unset>"",""XLA_FLAGS"":""<unset>"",""XLA_PYTHON_CLIENT_ALLOCATOR"":""<unset>"",""XLA_PYTHON_CLIENT_MEM_FRACTION"":""0.95"",""XLA_PYTHON_CLIENT_PREALLOCATE"":""<unset>""}","{""artifacts"":{""nh3_pdb_1024"":{""bytes"":83199,""sha256"":""cb99e65c2024c8b1a80a7ea1f4ff5b23ef76a5d153a2caeb4a0e3077b5239135"",""state"":""file""},""nh3_pdb_128"":{""bytes"":10623,""sha256"":""4b48182856ba92449fa52b61bf2f95c6ce28937a3cb3da6aec4f131a1216c760"",""state"":""file""},""nh3_pdb_131072"":{""bytes"":10617087,""sha256"":""d454eb5e6e9fe717e1c12c22e3fc749189deae022de05b0f6f83f9f4501bbb52"",""state"":""file""},""nh3_pdb_16384"":{""bytes"":1327359,""sha256"":""07f5683974f6bdad6798104cf7de5ddb670704f71b7e28715d957805124196b8"",""state"":""file""},""nh3_pdb_2048"":{""bytes"":166143,""sha256"":""7171f9c4d6bf3c819f96ddd11877441961f43096057863d0607070d97c5e5a16"",""state"":""file""},""nh3_pdb_256"":{""bytes"":20991,""sha256"":""870d35ef9d654b395f8eefcd897e002ff41b1327475879ff5b955080ecb91ee0"",""state"":""file""},""nh3_pdb_32768"":{""bytes"":2654463,""sha256"":""a193ff7fc7793ae1c9121af48f694b9cff6974a63e67029053ab9312f86cb9cc"",""state"":""file""},""nh3_pdb_4096"":{""bytes"":332031,""sha256"":""e6d9ba2e0f95a04ebbeb61682dcf615982860aaa336140fee7ba55698f68175c"",""state"":""file""},""nh3_pdb_512"":{""bytes"":41727,""sha256"":""76e8d0d71fd3d49a1d14bb1fcd0689b08241620df41c90a904be29c85a67934e"",""state"":""file""},""nh3_pdb_65536"":{""bytes"":5308671,""sha256"":""a80e717b9abb39221c121bf3137135662e1b3c727e705e8f01e651720acd6dcc"",""state"":""file""},""nh3_pdb_8192"":{""bytes"":663807,""sha256"":""b0664469d3a8e84f71fbd848f1f0ffaca2cee3f4fd2100ed10f398e7c19a27e6"",""state"":""file""}},""metadata"":{""benchmark"":""el""}}",28ea42c8-c3b9-4a9c-96dc-b96a346325d0,,,64,64,64,135168,5,0ccd818a90e168610d559492a3472d301d0037c7c9cfec3531227a2abea931e0,"{""batch_idx"":""int32"",""cell"":""float64"",""charges"":""float64"",""pbc"":""bool"",""positions"":""float64""}",capped_upstream_estimate,bounded_power_two_then_four_fft_snap,0.25,9.0,single_case,5779517f771cd31c95dc30de603249f8f59a1f8d3680da722ea0763b4d76684d,42.23150985001121,142,supported_jax_separate_collection
nh3,batch_scaling,pme,jax,8192,8,65536,0.12565225005367608,7958472.686106459,nan,nan,10,3,jax_wall_block_until_ready,warmup_excluded,True,,,0.0001,5,arithmetic_mean,1.0033471367511873,"[0.008218098999350332,0.008245606100535952,0.008237384099629708,0.008236152998870238,0.00823648709920235]",,,,,not_measured,not_measured,shared_cell_k_squared,nan,nan,,energy_autograd,energy_forces_charge_gradients,True,True,False,0.09645736962556839,43.95600128173828,9.094947017729282e-13,0.3372060287522547,9.0,,592,2.0,384,19486304,2,"{""compute_capability"":""9.0"",""driver"":""unavailable"",""memory_bytes"":99996401664,""name"":""NVIDIA H100 NVL""}","{""cuda"":""13.0"",""git_head"":""unavailable"",""jax"":""0.10.1"",""jaxlib"":""0.10.1"",""nvalchemi_toolkit_ops"":""0.5.0"",""python"":""3.12.3"",""source_sha256"":""4dfd278da46af31f54f8b7671e891073f8b10f8fa2cb28e7cf92bfeddd543638"",""torch"":""2.14.0+cu130"",""warp"":""1.17.0""}","{""gpu_uuid"":""557cda80-d2b2-7630-d3a3-99bf87d35067"",""host"":""ipp2-1716""}","{""JAX_DISABLE_JIT"":""<unset>"",""JAX_DISABLE_JIT_ACTUAL"":""False"",""JAX_ENABLE_X64"":""1"",""JAX_ENABLE_X64_ACTUAL"":""True"",""JAX_PLATFORMS"":""<unset>"",""TF_GPU_ALLOCATOR"":""<unset>"",""XLA_FLAGS"":""<unset>"",""XLA_PYTHON_CLIENT_ALLOCATOR"":""<unset>"",""XLA_PYTHON_CLIENT_MEM_FRACTION"":""0.95"",""XLA_PYTHON_CLIENT_PREALLOCATE"":""<unset>""}","{""artifacts"":{""nh3_pdb_1024"":{""bytes"":83199,""sha256"":""cb99e65c2024c8b1a80a7ea1f4ff5b23ef76a5d153a2caeb4a0e3077b5239135"",""state"":""file""},""nh3_pdb_128"":{""bytes"":10623,""sha256"":""4b48182856ba92449fa52b61bf2f95c6ce28937a3cb3da6aec4f131a1216c760"",""state"":""file""},""nh3_pdb_131072"":{""bytes"":10617087,""sha256"":""d454eb5e6e9fe717e1c12c22e3fc749189deae022de05b0f6f83f9f4501bbb52"",""state"":""file""},""nh3_pdb_16384"":{""bytes"":1327359,""sha256"":""07f5683974f6bdad6798104cf7de5ddb670704f71b7e28715d957805124196b8"",""state"":""file""},""nh3_pdb_2048"":{""bytes"":166143,""sha256"":""7171f9c4d6bf3c819f96ddd11877441961f43096057863d0607070d97c5e5a16"",""state"":""file""},""nh3_pdb_256"":{""bytes"":20991,""sha256"":""870d35ef9d654b395f8eefcd897e002ff41b1327475879ff5b955080ecb91ee0"",""state"":""file""},""nh3_pdb_32768"":{""bytes"":2654463,""sha256"":""a193ff7fc7793ae1c9121af48f694b9cff6974a63e67029053ab9312f86cb9cc"",""state"":""file""},""nh3_pdb_4096"":{""bytes"":332031,""sha256"":""e6d9ba2e0f95a04ebbeb61682dcf615982860aaa336140fee7ba55698f68175c"",""state"":""file""},""nh3_pdb_512"":{""bytes"":41727,""sha256"":""76e8d0d71fd3d49a1d14bb1fcd0689b08241620df41c90a904be29c85a67934e"",""state"":""file""},""nh3_pdb_65536"":{""bytes"":5308671,""sha256"":""a80e717b9abb39221c121bf3137135662e1b3c727e705e8f01e651720acd6dcc"",""state"":""file""},""nh3_pdb_8192"":{""bytes"":663807,""sha256"":""b0664469d3a8e84f71fbd848f1f0ffaca2cee3f4fd2100ed10f398e7c19a27e6"",""state"":""file""}},""metadata"":{""benchmark"":""el""}}",28ea42c8-c3b9-4a9c-96dc-b96a346325d0,,,64,64,64,135168,5,475f30334685b1f6443f84d64ca99d1f5a3450dfc60481e8f20e6c063940a7a6,"{""batch_idx"":""int32"",""cell"":""float64"",""charges"":""float64"",""pbc"":""bool"",""positions"":""float64""}",capped_upstream_estimate,bounded_power_two_then_four_fft_snap,0.25,9.0,single_case,5779517f771cd31c95dc30de603249f8f59a1f8d3680da722ea0763b4d76684d,43.26181435701437,144,supported_jax_separate_collection
nh3,batch_scaling,ewald,jax,256,64,16384,0.2347841064676004,4259232.087918172,nan,nan,10,3,jax_wall_block_until_ready,warmup_excluded,True,,,0.0001,5,arithmetic_mean,1.0056380302043195,"[0.0038612867996562273,0.003847240802133456,0.0038396388001274316,0.003841284802183509,0.0038440627977252007]",,,,,not_measured,not_measured,,nan,nan,665,energy_autograd,energy_forces_charge_gradients,True,True,False,0.09646306931972504,13.84500026702881,2.842170943040401e-14,0.32259326452181164,9.40768017357379,1.9580470853692633,688,2.0,362,5513088,2,"{""compute_capability"":""9.0"",""driver"":""unavailable"",""memory_bytes"":99996401664,""name"":""NVIDIA H100 NVL""}","{""cuda"":""13.0"",""git_head"":""unavailable"",""jax"":""0.10.1"",""jaxlib"":""0.10.1"",""nvalchemi_toolkit_ops"":""0.5.0"",""python"":""3.12.3"",""source_sha256"":""4dfd278da46af31f54f8b7671e891073f8b10f8fa2cb28e7cf92bfeddd543638"",""torch"":""2.14.0+cu130"",""warp"":""1.17.0""}","{""gpu_uuid"":""557cda80-d2b2-7630-d3a3-99bf87d35067"",""host"":""ipp2-1716""}","{""JAX_DISABLE_JIT"":""<unset>"",""JAX_DISABLE_JIT_ACTUAL"":""False"",""JAX_ENABLE_X64"":""1"",""JAX_ENABLE_X64_ACTUAL"":""True"",""JAX_PLATFORMS"":""<unset>"",""TF_GPU_ALLOCATOR"":""<unset>"",""XLA_FLAGS"":""<unset>"",""XLA_PYTHON_CLIENT_ALLOCATOR"":""<unset>"",""XLA_PYTHON_CLIENT_MEM_FRACTION"":""0.95"",""XLA_PYTHON_CLIENT_PREALLOCATE"":""<unset>""}","{""artifacts"":{""nh3_pdb_1024"":{""bytes"":83199,""sha256"":""cb99e65c2024c8b1a80a7ea1f4ff5b23ef76a5d153a2caeb4a0e3077b5239135"",""state"":""file""},""nh3_pdb_128"":{""bytes"":10623,""sha256"":""4b48182856ba92449fa52b61bf2f95c6ce28937a3cb3da6aec4f131a1216c760"",""state"":""file""},""nh3_pdb_131072"":{""bytes"":10617087,""sha256"":""d454eb5e6e9fe717e1c12c22e3fc749189deae022de05b0f6f83f9f4501bbb52"",""state"":""file""},""nh3_pdb_16384"":{""bytes"":1327359,""sha256"":""07f5683974f6bdad6798104cf7de5ddb670704f71b7e28715d957805124196b8"",""state"":""file""},""nh3_pdb_2048"":{""bytes"":166143,""sha256"":""7171f9c4d6bf3c819f96ddd11877441961f43096057863d0607070d97c5e5a16"",""state"":""file""},""nh3_pdb_256"":{""bytes"":20991,""sha256"":""870d35ef9d654b395f8eefcd897e002ff41b1327475879ff5b955080ecb91ee0"",""state"":""file""},""nh3_pdb_32768"":{""bytes"":2654463,""sha256"":""a193ff7fc7793ae1c9121af48f694b9cff6974a63e67029053ab9312f86cb9cc"",""state"":""file""},""nh3_pdb_4096"":{""bytes"":332031,""sha256"":""e6d9ba2e0f95a04ebbeb61682dcf615982860aaa336140fee7ba55698f68175c"",""state"":""file""},""nh3_pdb_512"":{""bytes"":41727,""sha256"":""76e8d0d71fd3d49a1d14bb1fcd0689b08241620df41c90a904be29c85a67934e"",""state"":""file""},""nh3_pdb_65536"":{""bytes"":5308671,""sha256"":""a80e717b9abb39221c121bf3137135662e1b3c727e705e8f01e651720acd6dcc"",""state"":""file""},""nh3_pdb_8192"":{""bytes"":663807,""sha256"":""b0664469d3a8e84f71fbd848f1f0ffaca2cee3f4fd2100ed10f398e7c19a27e6"",""state"":""file""}},""metadata"":{""benchmark"":""el""}}",28ea42c8-c3b9-4a9c-96dc-b96a346325d0,,,,,,,,,,,,,,single_case,5779517f771cd31c95dc30de603249f8f59a1f8d3680da722ea0763b4d76684d,12.796446880995063,278,supported_jax_separate_collection
nh3,batch_scaling,ewald,jax,8192,4,32768,1.7859880523651839,559914.1599383602,nan,nan,10,3,jax_wall_block_until_ready,warmup_excluded,True,,,0.0001,5,arithmetic_mean,1.001011266093516,"[0.05856008249975275,0.058501263498328626,0.0585009225003887,0.05853939460066613,0.05851461940037552]",,,,,not_measured,not_measured,,nan,nan,2456,energy_autograd,energy_forces_charge_gradients,True,True,False,0.09645736962556839,43.95600128173828,9.094947017729282e-13,0.18104578414850428,16.762910404370025,1.0988951381109908,3808,2.0,2132,62507144,2,"{""compute_capability"":""9.0"",""driver"":""unavailable"",""memory_bytes"":99996401664,""name"":""NVIDIA H100 NVL""}","{""cuda"":""13.0"",""git_head"":""unavailable"",""jax"":""0.10.1"",""jaxlib"":""0.10.1"",""nvalchemi_toolkit_ops"":""0.5.0"",""python"":""3.12.3"",""source_sha256"":""4dfd278da46af31f54f8b7671e891073f8b10f8fa2cb28e7cf92bfeddd543638"",""torch"":""2.14.0+cu130"",""warp"":""1.17.0""}","{""gpu_uuid"":""557cda80-d2b2-7630-d3a3-99bf87d35067"",""host"":""ipp2-1716""}","{""JAX_DISABLE_JIT"":""<unset>"",""JAX_DISABLE_JIT_ACTUAL"":""False"",""JAX_ENABLE_X64"":""1"",""JAX_ENABLE_X64_ACTUAL"":""True"",""JAX_PLATFORMS"":""<unset>"",""TF_GPU_ALLOCATOR"":""<unset>"",""XLA_FLAGS"":""<unset>"",""XLA_PYTHON_CLIENT_ALLOCATOR"":""<unset>"",""XLA_PYTHON_CLIENT_MEM_FRACTION"":""0.95"",""XLA_PYTHON_CLIENT_PREALLOCATE"":""<unset>""}","{""artifacts"":{""nh3_pdb_1024"":{""bytes"":83199,""sha256"":""cb99e65c2024c8b1a80a7ea1f4ff5b23ef76a5d153a2caeb4a0e3077b5239135"",""state"":""file""},""nh3_pdb_128"":{""bytes"":10623,""sha256"":""4b48182856ba92449fa52b61bf2f95c6ce28937a3cb3da6aec4f131a1216c760"",""state"":""file""},""nh3_pdb_131072"":{""bytes"":10617087,""sha256"":""d454eb5e6e9fe717e1c12c22e3fc749189deae022de05b0f6f83f9f4501bbb52"",""state"":""file""},""nh3_pdb_16384"":{""bytes"":1327359,""sha256"":""07f5683974f6bdad6798104cf7de5ddb670704f71b7e28715d957805124196b8"",""state"":""file""},""nh3_pdb_2048"":{""bytes"":166143,""sha256"":""7171f9c4d6bf3c819f96ddd11877441961f43096057863d0607070d97c5e5a16"",""state"":""file""},""nh3_pdb_256"":{""bytes"":20991,""sha256"":""870d35ef9d654b395f8eefcd897e002ff41b1327475879ff5b955080ecb91ee0"",""state"":""file""},""nh3_pdb_32768"":{""bytes"":2654463,""sha256"":""a193ff7fc7793ae1c9121af48f694b9cff6974a63e67029053ab9312f86cb9cc"",""state"":""file""},""nh3_pdb_4096"":{""bytes"":332031,""sha256"":""e6d9ba2e0f95a04ebbeb61682dcf615982860aaa336140fee7ba55698f68175c"",""state"":""file""},""nh3_pdb_512"":{""bytes"":41727,""sha256"":""76e8d0d71fd3d49a1d14bb1fcd0689b08241620df41c90a904be29c85a67934e"",""state"":""file""},""nh3_pdb_65536"":{""bytes"":5308671,""sha256"":""a80e717b9abb39221c121bf3137135662e1b3c727e705e8f01e651720acd6dcc"",""state"":""file""},""nh3_pdb_8192"":{""bytes"":663807,""sha256"":""b0664469d3a8e84f71fbd848f1f0ffaca2cee3f4fd2100ed10f398e7c19a27e6"",""state"":""file""}},""metadata"":{""benchmark"":""el""}}",28ea42c8-c3b9-4a9c-96dc-b96a346325d0,,,,,,,,,,,,,,single_case,5779517f771cd31c95dc30de603249f8f59a1f8d3680da722ea0763b4d76684d,18.71980920099304,290,supported_jax_separate_collection
nh3,batch_scaling,pme,jax,8192,4,32768,0.38937270507855004,2568233.435361796,nan,nan,10,3,jax_wall_block_until_ready,warmup_excluded,True,,,1e-06,5,arithmetic_mean,1.0039899263761265,"[0.012736575800227001,0.012755826800275826,0.012745708799775457,0.012769318799837493,0.012787393799953861]",,,,,not_measured,not_measured,shared_cell_k_squared,nan,nan,,energy_autograd,energy_forces_charge_gradients,True,True,False,0.09645736962556839,43.95600128173828,9.094947017729282e-13,0.4129913543166487,9.0,,592,2.0,384,9743152,2,"{""compute_capability"":""9.0"",""driver"":""unavailable"",""memory_bytes"":99996401664,""name"":""NVIDIA H100 NVL""}","{""cuda"":""13.0"",""git_head"":""unavailable"",""jax"":""0.10.1"",""jaxlib"":""0.10.1"",""nvalchemi_toolkit_ops"":""0.5.0"",""python"":""3.12.3"",""source_sha256"":""4dfd278da46af31f54f8b7671e891073f8b10f8fa2cb28e7cf92bfeddd543638"",""torch"":""2.14.0+cu130"",""warp"":""1.17.0""}","{""gpu_uuid"":""b86b304e-698a-30bd-d46b-23da3dc3658e"",""host"":""ipp2-1738""}","{""JAX_DISABLE_JIT"":""<unset>"",""JAX_DISABLE_JIT_ACTUAL"":""False"",""JAX_ENABLE_X64"":""1"",""JAX_ENABLE_X64_ACTUAL"":""True"",""JAX_PLATFORMS"":""<unset>"",""TF_GPU_ALLOCATOR"":""<unset>"",""XLA_FLAGS"":""<unset>"",""XLA_PYTHON_CLIENT_ALLOCATOR"":""<unset>"",""XLA_PYTHON_CLIENT_MEM_FRACTION"":""0.95"",""XLA_PYTHON_CLIENT_PREALLOCATE"":""<unset>""}","{""artifacts"":{""nh3_pdb_1024"":{""bytes"":83199,""sha256"":""cb99e65c2024c8b1a80a7ea1f4ff5b23ef76a5d153a2caeb4a0e3077b5239135"",""state"":""file""},""nh3_pdb_128"":{""bytes"":10623,""sha256"":""4b48182856ba92449fa52b61bf2f95c6ce28937a3cb3da6aec4f131a1216c760"",""state"":""file""},""nh3_pdb_131072"":{""bytes"":10617087,""sha256"":""d454eb5e6e9fe717e1c12c22e3fc749189deae022de05b0f6f83f9f4501bbb52"",""state"":""file""},""nh3_pdb_16384"":{""bytes"":1327359,""sha256"":""07f5683974f6bdad6798104cf7de5ddb670704f71b7e28715d957805124196b8"",""state"":""file""},""nh3_pdb_2048"":{""bytes"":166143,""sha256"":""7171f9c4d6bf3c819f96ddd11877441961f43096057863d0607070d97c5e5a16"",""state"":""file""},""nh3_pdb_256"":{""bytes"":20991,""sha256"":""870d35ef9d654b395f8eefcd897e002ff41b1327475879ff5b955080ecb91ee0"",""state"":""file""},""nh3_pdb_32768"":{""bytes"":2654463,""sha256"":""a193ff7fc7793ae1c9121af48f694b9cff6974a63e67029053ab9312f86cb9cc"",""state"":""file""},""nh3_pdb_4096"":{""bytes"":332031,""sha256"":""e6d9ba2e0f95a04ebbeb61682dcf615982860aaa336140fee7ba55698f68175c"",""state"":""file""},""nh3_pdb_512"":{""bytes"":41727,""sha256"":""76e8d0d71fd3d49a1d14bb1fcd0689b08241620df41c90a904be29c85a67934e"",""state"":""file""},""nh3_pdb_65536"":{""bytes"":5308671,""sha256"":""a80e717b9abb39221c121bf3137135662e1b3c727e705e8f01e651720acd6dcc"",""state"":""file""},""nh3_pdb_8192"":{""bytes"":663807,""sha256"":""b0664469d3a8e84f71fbd848f1f0ffaca2cee3f4fd2100ed10f398e7c19a27e6"",""state"":""file""}},""metadata"":{""benchmark"":""el""}}",28ea42c8-c3b9-4a9c-96dc-b96a346325d0,,,192,192,192,3575808,5,0ccd818a90e168610d559492a3472d301d0037c7c9cfec3531227a2abea931e0,"{""batch_idx"":""int32"",""cell"":""float64"",""charges"":""float64"",""pbc"":""bool"",""positions"":""float64""}",capped_upstream_estimate,bounded_power_two_then_four_fft_snap,0.25,9.0,single_case,5779517f771cd31c95dc30de603249f8f59a1f8d3680da722ea0763b4d76684d,42.81598577100158,143,supported_jax_separate_collection
nh3,batch_scaling,ewald,jax,8192,2,16384,1.8740878942891115,533592.9030048641,nan,nan,10,3,jax_wall_block_until_ready,warmup_excluded,True,,,0.0001,5,arithmetic_mean,1.002044083597281,"[0.030696019099923432,0.030706292999821017,0.030731690100219568,0.0307222780000302,0.030669000100169798]",,,,,not_measured,not_measured,,nan,nan,2456,energy_autograd,energy_forces_charge_gradients,True,True,False,0.09645736962556839,43.95600128173828,9.094947017729282e-13,0.18104578414850428,16.762910404370025,1.0988951381109908,3808,2.0,2132,31253572,2,"{""compute_capability"":""9.0"",""driver"":""unavailable"",""memory_bytes"":99996401664,""name"":""NVIDIA H100 NVL""}","{""cuda"":""13.0"",""git_head"":""unavailable"",""jax"":""0.10.1"",""jaxlib"":""0.10.1"",""nvalchemi_toolkit_ops"":""0.5.0"",""python"":""3.12.3"",""source_sha256"":""4dfd278da46af31f54f8b7671e891073f8b10f8fa2cb28e7cf92bfeddd543638"",""torch"":""2.14.0+cu130"",""warp"":""1.17.0""}","{""gpu_uuid"":""b86b304e-698a-30bd-d46b-23da3dc3658e"",""host"":""ipp2-1738""}","{""JAX_DISABLE_JIT"":""<unset>"",""JAX_DISABLE_JIT_ACTUAL"":""False"",""JAX_ENABLE_X64"":""1"",""JAX_ENABLE_X64_ACTUAL"":""True"",""JAX_PLATFORMS"":""<unset>"",""TF_GPU_ALLOCATOR"":""<unset>"",""XLA_FLAGS"":""<unset>"",""XLA_PYTHON_CLIENT_ALLOCATOR"":""<unset>"",""XLA_PYTHON_CLIENT_MEM_FRACTION"":""0.95"",""XLA_PYTHON_CLIENT_PREALLOCATE"":""<unset>""}","{""artifacts"":{""nh3_pdb_1024"":{""bytes"":83199,""sha256"":""cb99e65c2024c8b1a80a7ea1f4ff5b23ef76a5d153a2caeb4a0e3077b5239135"",""state"":""file""},""nh3_pdb_128"":{""bytes"":10623,""sha256"":""4b48182856ba92449fa52b61bf2f95c6ce28937a3cb3da6aec4f131a1216c760"",""state"":""file""},""nh3_pdb_131072"":{""bytes"":10617087,""sha256"":""d454eb5e6e9fe717e1c12c22e3fc749189deae022de05b0f6f83f9f4501bbb52"",""state"":""file""},""nh3_pdb_16384"":{""bytes"":1327359,""sha256"":""07f5683974f6bdad6798104cf7de5ddb670704f71b7e28715d957805124196b8"",""state"":""file""},""nh3_pdb_2048"":{""bytes"":166143,""sha256"":""7171f9c4d6bf3c819f96ddd11877441961f43096057863d0607070d97c5e5a16"",""state"":""file""},""nh3_pdb_256"":{""bytes"":20991,""sha256"":""870d35ef9d654b395f8eefcd897e002ff41b1327475879ff5b955080ecb91ee0"",""state"":""file""},""nh3_pdb_32768"":{""bytes"":2654463,""sha256"":""a193ff7fc7793ae1c9121af48f694b9cff6974a63e67029053ab9312f86cb9cc"",""state"":""file""},""nh3_pdb_4096"":{""bytes"":332031,""sha256"":""e6d9ba2e0f95a04ebbeb61682dcf615982860aaa336140fee7ba55698f68175c"",""state"":""file""},""nh3_pdb_512"":{""bytes"":41727,""sha256"":""76e8d0d71fd3d49a1d14bb1fcd0689b08241620df41c90a904be29c85a67934e"",""state"":""file""},""nh3_pdb_65536"":{""bytes"":5308671,""sha256"":""a80e717b9abb39221c121bf3137135662e1b3c727e705e8f01e651720acd6dcc"",""state"":""file""},""nh3_pdb_8192"":{""bytes"":663807,""sha256"":""b0664469d3a8e84f71fbd848f1f0ffaca2cee3f4fd2100ed10f398e7c19a27e6"",""state"":""file""}},""metadata"":{""benchmark"":""el""}}",28ea42c8-c3b9-4a9c-96dc-b96a346325d0,,,,,,,,,,,,,,single_case,5779517f771cd31c95dc30de603249f8f59a1f8d3680da722ea0763b4d76684d,15.256505410998216,288,supported_jax_separate_collection
nh3,batch_scaling,ewald,jax,8192,16,131072,1.7365560285959036,575852.4248760071,nan,nan,10,3,jax_wall_block_until_ready,warmup_excluded,True,,,0.0001,5,arithmetic_mean,1.002012735275747,"[0.22733854050020455,0.22746861690029618,0.22767239829991012,0.22779369039999436,0.22779611280020617]",,,,,not_measured,not_measured,,nan,nan,2456,energy_autograd,energy_forces_charge_gradients,True,True,False,0.09645736962556839,43.95600128173828,9.094947017729282e-13,0.18104578414850428,16.762910404370025,1.0988951381109908,3808,2.0,2132,250028576,2,"{""compute_capability"":""9.0"",""driver"":""unavailable"",""memory_bytes"":99996401664,""name"":""NVIDIA H100 NVL""}","{""cuda"":""13.0"",""git_head"":""unavailable"",""jax"":""0.10.1"",""jaxlib"":""0.10.1"",""nvalchemi_toolkit_ops"":""0.5.0"",""python"":""3.12.3"",""source_sha256"":""4dfd278da46af31f54f8b7671e891073f8b10f8fa2cb28e7cf92bfeddd543638"",""torch"":""2.14.0+cu130"",""warp"":""1.17.0""}","{""gpu_uuid"":""b86b304e-698a-30bd-d46b-23da3dc3658e"",""host"":""ipp2-1738""}","{""JAX_DISABLE_JIT"":""<unset>"",""JAX_DISABLE_JIT_ACTUAL"":""False"",""JAX_ENABLE_X64"":""1"",""JAX_ENABLE_X64_ACTUAL"":""True"",""JAX_PLATFORMS"":""<unset>"",""TF_GPU_ALLOCATOR"":""<unset>"",""XLA_FLAGS"":""<unset>"",""XLA_PYTHON_CLIENT_ALLOCATOR"":""<unset>"",""XLA_PYTHON_CLIENT_MEM_FRACTION"":""0.95"",""XLA_PYTHON_CLIENT_PREALLOCATE"":""<unset>""}","{""artifacts"":{""nh3_pdb_1024"":{""bytes"":83199,""sha256"":""cb99e65c2024c8b1a80a7ea1f4ff5b23ef76a5d153a2caeb4a0e3077b5239135"",""state"":""file""},""nh3_pdb_128"":{""bytes"":10623,""sha256"":""4b48182856ba92449fa52b61bf2f95c6ce28937a3cb3da6aec4f131a1216c760"",""state"":""file""},""nh3_pdb_131072"":{""bytes"":10617087,""sha256"":""d454eb5e6e9fe717e1c12c22e3fc749189deae022de05b0f6f83f9f4501bbb52"",""state"":""file""},""nh3_pdb_16384"":{""bytes"":1327359,""sha256"":""07f5683974f6bdad6798104cf7de5ddb670704f71b7e28715d957805124196b8"",""state"":""file""},""nh3_pdb_2048"":{""bytes"":166143,""sha256"":""7171f9c4d6bf3c819f96ddd11877441961f43096057863d0607070d97c5e5a16"",""state"":""file""},""nh3_pdb_256"":{""bytes"":20991,""sha256"":""870d35ef9d654b395f8eefcd897e002ff41b1327475879ff5b955080ecb91ee0"",""state"":""file""},""nh3_pdb_32768"":{""bytes"":2654463,""sha256"":""a193ff7fc7793ae1c9121af48f694b9cff6974a63e67029053ab9312f86cb9cc"",""state"":""file""},""nh3_pdb_4096"":{""bytes"":332031,""sha256"":""e6d9ba2e0f95a04ebbeb61682dcf615982860aaa336140fee7ba55698f68175c"",""state"":""file""},""nh3_pdb_512"":{""bytes"":41727,""sha256"":""76e8d0d71fd3d49a1d14bb1fcd0689b08241620df41c90a904be29c85a67934e"",""state"":""file""},""nh3_pdb_65536"":{""bytes"":5308671,""sha256"":""a80e717b9abb39221c121bf3137135662e1b3c727e705e8f01e651720acd6dcc"",""state"":""file""},""nh3_pdb_8192"":{""bytes"":663807,""sha256"":""b0664469d3a8e84f71fbd848f1f0ffaca2cee3f4fd2100ed10f398e7c19a27e6"",""state"":""file""}},""metadata"":{""benchmark"":""el""}}",28ea42c8-c3b9-4a9c-96dc-b96a346325d0,,,,,,,,,,,,,,single_case,5779517f771cd31c95dc30de603249f8f59a1f8d3680da722ea0763b4d76684d,39.089203021001595,294,supported_jax_separate_collection
nh3,batch_scaling,pme,jax,256,64,16384,0.48832325440173463,2047823.835924304,nan,nan,10,3,jax_wall_block_until_ready,warmup_excluded,True,,,1e-06,5,arithmetic_mean,1.0006391578556497,"[0.007998024999687913,0.008000281000568066,0.008003137000196147,0.008000790000369306,0.008001207999768667]",,,,,not_measured,not_measured,shared_cell_k_squared,nan,nan,,energy_autograd,energy_forces_charge_gradients,True,True,False,0.09646306931972504,13.84500026702881,2.842170943040401e-14,0.4129913543166487,9.0,,592,2.0,319,4829952,2,"{""compute_capability"":""9.0"",""driver"":""unavailable"",""memory_bytes"":99996401664,""name"":""NVIDIA H100 NVL""}","{""cuda"":""13.0"",""git_head"":""unavailable"",""jax"":""0.10.1"",""jaxlib"":""0.10.1"",""nvalchemi_toolkit_ops"":""0.5.0"",""python"":""3.12.3"",""source_sha256"":""4dfd278da46af31f54f8b7671e891073f8b10f8fa2cb28e7cf92bfeddd543638"",""torch"":""2.14.0+cu130"",""warp"":""1.17.0""}","{""gpu_uuid"":""23074f79-c31a-f283-5a26-fe763902683e"",""host"":""a1u1g-mil-0678""}","{""JAX_DISABLE_JIT"":""<unset>"",""JAX_DISABLE_JIT_ACTUAL"":""False"",""JAX_ENABLE_X64"":""1"",""JAX_ENABLE_X64_ACTUAL"":""True"",""JAX_PLATFORMS"":""<unset>"",""TF_GPU_ALLOCATOR"":""<unset>"",""XLA_FLAGS"":""<unset>"",""XLA_PYTHON_CLIENT_ALLOCATOR"":""<unset>"",""XLA_PYTHON_CLIENT_MEM_FRACTION"":""0.95"",""XLA_PYTHON_CLIENT_PREALLOCATE"":""<unset>""}","{""artifacts"":{""nh3_pdb_1024"":{""bytes"":83199,""sha256"":""cb99e65c2024c8b1a80a7ea1f4ff5b23ef76a5d153a2caeb4a0e3077b5239135"",""state"":""file""},""nh3_pdb_128"":{""bytes"":10623,""sha256"":""4b48182856ba92449fa52b61bf2f95c6ce28937a3cb3da6aec4f131a1216c760"",""state"":""file""},""nh3_pdb_131072"":{""bytes"":10617087,""sha256"":""d454eb5e6e9fe717e1c12c22e3fc749189deae022de05b0f6f83f9f4501bbb52"",""state"":""file""},""nh3_pdb_16384"":{""bytes"":1327359,""sha256"":""07f5683974f6bdad6798104cf7de5ddb670704f71b7e28715d957805124196b8"",""state"":""file""},""nh3_pdb_2048"":{""bytes"":166143,""sha256"":""7171f9c4d6bf3c819f96ddd11877441961f43096057863d0607070d97c5e5a16"",""state"":""file""},""nh3_pdb_256"":{""bytes"":20991,""sha256"":""870d35ef9d654b395f8eefcd897e002ff41b1327475879ff5b955080ecb91ee0"",""state"":""file""},""nh3_pdb_32768"":{""bytes"":2654463,""sha256"":""a193ff7fc7793ae1c9121af48f694b9cff6974a63e67029053ab9312f86cb9cc"",""state"":""file""},""nh3_pdb_4096"":{""bytes"":332031,""sha256"":""e6d9ba2e0f95a04ebbeb61682dcf615982860aaa336140fee7ba55698f68175c"",""state"":""file""},""nh3_pdb_512"":{""bytes"":41727,""sha256"":""76e8d0d71fd3d49a1d14bb1fcd0689b08241620df41c90a904be29c85a67934e"",""state"":""file""},""nh3_pdb_65536"":{""bytes"":5308671,""sha256"":""a80e717b9abb39221c121bf3137135662e1b3c727e705e8f01e651720acd6dcc"",""state"":""file""},""nh3_pdb_8192"":{""bytes"":663807,""sha256"":""b0664469d3a8e84f71fbd848f1f0ffaca2cee3f4fd2100ed10f398e7c19a27e6"",""state"":""file""}},""metadata"":{""benchmark"":""el""}}",28ea42c8-c3b9-4a9c-96dc-b96a346325d0,,,64,64,64,135168,5,ba63d8408eb720a65a434d20b6e6b847c5ebb10a71006382a2635a63bea55274,"{""batch_idx"":""int32"",""cell"":""float64"",""charges"":""float64"",""pbc"":""bool"",""positions"":""float64""}",capped_upstream_estimate,bounded_power_two_then_four_fft_snap,0.25,9.0,single_case,5779517f771cd31c95dc30de603249f8f59a1f8d3680da722ea0763b4d76684d,42.2521831280028,131,supported_jax_separate_collection
nh3,batch_scaling,pme,jax,8192,1,8192,0.2537227098997618,3941310.576396846,nan,nan,10,3,jax_wall_block_until_ready,warmup_excluded,True,,,0.0001,5,arithmetic_mean,1.0174404022747032,"[0.0020536166994133964,0.002086567599326372,0.0020894326007692143,0.0020823785991524344,0.0020804866988328287]",,,,,not_measured,not_measured,k_squared_only,nan,nan,,energy_autograd,energy_forces_charge_gradients,True,True,False,0.09645736962556839,43.95600128173828,9.094947017729282e-13,0.3372060287522547,9.0,,592,2.0,384,2435788,2,"{""compute_capability"":""9.0"",""driver"":""unavailable"",""memory_bytes"":99996401664,""name"":""NVIDIA H100 NVL""}","{""cuda"":""13.0"",""git_head"":""unavailable"",""jax"":""0.10.1"",""jaxlib"":""0.10.1"",""nvalchemi_toolkit_ops"":""0.5.0"",""python"":""3.12.3"",""source_sha256"":""4dfd278da46af31f54f8b7671e891073f8b10f8fa2cb28e7cf92bfeddd543638"",""torch"":""2.14.0+cu130"",""warp"":""1.17.0""}","{""gpu_uuid"":""23074f79-c31a-f283-5a26-fe763902683e"",""host"":""a1u1g-mil-0678""}","{""JAX_DISABLE_JIT"":""<unset>"",""JAX_DISABLE_JIT_ACTUAL"":""False"",""JAX_ENABLE_X64"":""1"",""JAX_ENABLE_X64_ACTUAL"":""True"",""JAX_PLATFORMS"":""<unset>"",""TF_GPU_ALLOCATOR"":""<unset>"",""XLA_FLAGS"":""<unset>"",""XLA_PYTHON_CLIENT_ALLOCATOR"":""<unset>"",""XLA_PYTHON_CLIENT_MEM_FRACTION"":""0.95"",""XLA_PYTHON_CLIENT_PREALLOCATE"":""<unset>""}","{""artifacts"":{""nh3_pdb_1024"":{""bytes"":83199,""sha256"":""cb99e65c2024c8b1a80a7ea1f4ff5b23ef76a5d153a2caeb4a0e3077b5239135"",""state"":""file""},""nh3_pdb_128"":{""bytes"":10623,""sha256"":""4b48182856ba92449fa52b61bf2f95c6ce28937a3cb3da6aec4f131a1216c760"",""state"":""file""},""nh3_pdb_131072"":{""bytes"":10617087,""sha256"":""d454eb5e6e9fe717e1c12c22e3fc749189deae022de05b0f6f83f9f4501bbb52"",""state"":""file""},""nh3_pdb_16384"":{""bytes"":1327359,""sha256"":""07f5683974f6bdad6798104cf7de5ddb670704f71b7e28715d957805124196b8"",""state"":""file""},""nh3_pdb_2048"":{""bytes"":166143,""sha256"":""7171f9c4d6bf3c819f96ddd11877441961f43096057863d0607070d97c5e5a16"",""state"":""file""},""nh3_pdb_256"":{""bytes"":20991,""sha256"":""870d35ef9d654b395f8eefcd897e002ff41b1327475879ff5b955080ecb91ee0"",""state"":""file""},""nh3_pdb_32768"":{""bytes"":2654463,""sha256"":""a193ff7fc7793ae1c9121af48f694b9cff6974a63e67029053ab9312f86cb9cc"",""state"":""file""},""nh3_pdb_4096"":{""bytes"":332031,""sha256"":""e6d9ba2e0f95a04ebbeb61682dcf615982860aaa336140fee7ba55698f68175c"",""state"":""file""},""nh3_pdb_512"":{""bytes"":41727,""sha256"":""76e8d0d71fd3d49a1d14bb1fcd0689b08241620df41c90a904be29c85a67934e"",""state"":""file""},""nh3_pdb_65536"":{""bytes"":5308671,""sha256"":""a80e717b9abb39221c121bf3137135662e1b3c727e705e8f01e651720acd6dcc"",""state"":""file""},""nh3_pdb_8192"":{""bytes"":663807,""sha256"":""b0664469d3a8e84f71fbd848f1f0ffaca2cee3f4fd2100ed10f398e7c19a27e6"",""state"":""file""}},""metadata"":{""benchmark"":""el""}}",28ea42c8-c3b9-4a9c-96dc-b96a346325d0,,,64,64,64,135168,5,21cfdd9a0538153c001920ae4dadba0160223a843dd79f4f874a121453a56129,"{""batch_idx"":""int32"",""cell"":""float64"",""charges"":""float64"",""pbc"":""bool"",""positions"":""float64""}",capped_upstream_estimate,bounded_power_two_then_four_fft_snap,0.25,9.0,single_case,5779517f771cd31c95dc30de603249f8f59a1f8d3680da722ea0763b4d76684d,42.04714712599525,138,supported_jax_separate_collection
nh3,batch_scaling,ewald,jax,256,2,512,1.313751797056284,761178.7875310193,nan,nan,10,3,jax_wall_block_until_ready,warmup_excluded,True,,,0.0001,5,arithmetic_mean,1.0068861181492545,"[0.0006698840006720275,0.0006744969010469504,0.0006727079002303071,0.0006734518989105709,0.0006726638996042312]",,,,,not_measured,not_measured,,nan,nan,665,energy_autograd,energy_forces_charge_gradients,True,True,False,0.09646306931972504,13.84500026702881,2.842170943040401e-14,0.32259326452181164,9.40768017357379,1.9580470853692633,688,2.0,362,172284,2,"{""compute_capability"":""9.0"",""driver"":""unavailable"",""memory_bytes"":99996401664,""name"":""NVIDIA H100 NVL""}","{""cuda"":""13.0"",""git_head"":""unavailable"",""jax"":""0.10.1"",""jaxlib"":""0.10.1"",""nvalchemi_toolkit_ops"":""0.5.0"",""python"":""3.12.3"",""source_sha256"":""4dfd278da46af31f54f8b7671e891073f8b10f8fa2cb28e7cf92bfeddd543638"",""torch"":""2.14.0+cu130"",""warp"":""1.17.0""}","{""gpu_uuid"":""23074f79-c31a-f283-5a26-fe763902683e"",""host"":""a1u1g-mil-0678""}","{""JAX_DISABLE_JIT"":""<unset>"",""JAX_DISABLE_JIT_ACTUAL"":""False"",""JAX_ENABLE_X64"":""1"",""JAX_ENABLE_X64_ACTUAL"":""True"",""JAX_PLATFORMS"":""<unset>"",""TF_GPU_ALLOCATOR"":""<unset>"",""XLA_FLAGS"":""<unset>"",""XLA_PYTHON_CLIENT_ALLOCATOR"":""<unset>"",""XLA_PYTHON_CLIENT_MEM_FRACTION"":""0.95"",""XLA_PYTHON_CLIENT_PREALLOCATE"":""<unset>""}","{""artifacts"":{""nh3_pdb_1024"":{""bytes"":83199,""sha256"":""cb99e65c2024c8b1a80a7ea1f4ff5b23ef76a5d153a2caeb4a0e3077b5239135"",""state"":""file""},""nh3_pdb_128"":{""bytes"":10623,""sha256"":""4b48182856ba92449fa52b61bf2f95c6ce28937a3cb3da6aec4f131a1216c760"",""state"":""file""},""nh3_pdb_131072"":{""bytes"":10617087,""sha256"":""d454eb5e6e9fe717e1c12c22e3fc749189deae022de05b0f6f83f9f4501bbb52"",""state"":""file""},""nh3_pdb_16384"":{""bytes"":1327359,""sha256"":""07f5683974f6bdad6798104cf7de5ddb670704f71b7e28715d957805124196b8"",""state"":""file""},""nh3_pdb_2048"":{""bytes"":166143,""sha256"":""7171f9c4d6bf3c819f96ddd11877441961f43096057863d0607070d97c5e5a16"",""state"":""file""},""nh3_pdb_256"":{""bytes"":20991,""sha256"":""870d35ef9d654b395f8eefcd897e002ff41b1327475879ff5b955080ecb91ee0"",""state"":""file""},""nh3_pdb_32768"":{""bytes"":2654463,""sha256"":""a193ff7fc7793ae1c9121af48f694b9cff6974a63e67029053ab9312f86cb9cc"",""state"":""file""},""nh3_pdb_4096"":{""bytes"":332031,""sha256"":""e6d9ba2e0f95a04ebbeb61682dcf615982860aaa336140fee7ba55698f68175c"",""state"":""file""},""nh3_pdb_512"":{""bytes"":41727,""sha256"":""76e8d0d71fd3d49a1d14bb1fcd0689b08241620df41c90a904be29c85a67934e"",""state"":""file""},""nh3_pdb_65536"":{""bytes"":5308671,""sha256"":""a80e717b9abb39221c121bf3137135662e1b3c727e705e8f01e651720acd6dcc"",""state"":""file""},""nh3_pdb_8192"":{""bytes"":663807,""sha256"":""b0664469d3a8e84f71fbd848f1f0ffaca2cee3f4fd2100ed10f398e7c19a27e6"",""state"":""file""}},""metadata"":{""benchmark"":""el""}}",28ea42c8-c3b9-4a9c-96dc-b96a346325d0,,,,,,,,,,,,,,single_case,5779517f771cd31c95dc30de603249f8f59a1f8d3680da722ea0763b4d76684d,11.706235713994829,268,supported_jax_separate_collection
nh3,batch_scaling,ewald,jax,256,128,32768,0.2079316381919938,4809272.935543601,nan,nan,10,3,jax_wall_block_until_ready,warmup_excluded,True,,,0.0001,5,arithmetic_mean,1.005646446410158,"[0.00683092690014746,0.006792573000711855,0.0068075439005042425,0.006819328900019172,0.006817146899993532]",,,,,not_measured,not_measured,,nan,nan,665,energy_autograd,energy_forces_charge_gradients,True,True,False,0.09646306931972504,13.84500026702881,2.842170943040401e-14,0.32259326452181164,9.40768017357379,1.9580470853692633,688,2.0,362,11026176,2,"{""compute_capability"":""9.0"",""driver"":""unavailable"",""memory_bytes"":99996401664,""name"":""NVIDIA H100 NVL""}","{""cuda"":""13.0"",""git_head"":""unavailable"",""jax"":""0.10.1"",""jaxlib"":""0.10.1"",""nvalchemi_toolkit_ops"":""0.5.0"",""python"":""3.12.3"",""source_sha256"":""4dfd278da46af31f54f8b7671e891073f8b10f8fa2cb28e7cf92bfeddd543638"",""torch"":""2.14.0+cu130"",""warp"":""1.17.0""}","{""gpu_uuid"":""23074f79-c31a-f283-5a26-fe763902683e"",""host"":""a1u1g-mil-0678""}","{""JAX_DISABLE_JIT"":""<unset>"",""JAX_DISABLE_JIT_ACTUAL"":""False"",""JAX_ENABLE_X64"":""1"",""JAX_ENABLE_X64_ACTUAL"":""True"",""JAX_PLATFORMS"":""<unset>"",""TF_GPU_ALLOCATOR"":""<unset>"",""XLA_FLAGS"":""<unset>"",""XLA_PYTHON_CLIENT_ALLOCATOR"":""<unset>"",""XLA_PYTHON_CLIENT_MEM_FRACTION"":""0.95"",""XLA_PYTHON_CLIENT_PREALLOCATE"":""<unset>""}","{""artifacts"":{""nh3_pdb_1024"":{""bytes"":83199,""sha256"":""cb99e65c2024c8b1a80a7ea1f4ff5b23ef76a5d153a2caeb4a0e3077b5239135"",""state"":""file""},""nh3_pdb_128"":{""bytes"":10623,""sha256"":""4b48182856ba92449fa52b61bf2f95c6ce28937a3cb3da6aec4f131a1216c760"",""state"":""file""},""nh3_pdb_131072"":{""bytes"":10617087,""sha256"":""d454eb5e6e9fe717e1c12c22e3fc749189deae022de05b0f6f83f9f4501bbb52"",""state"":""file""},""nh3_pdb_16384"":{""bytes"":1327359,""sha256"":""07f5683974f6bdad6798104cf7de5ddb670704f71b7e28715d957805124196b8"",""state"":""file""},""nh3_pdb_2048"":{""bytes"":166143,""sha256"":""7171f9c4d6bf3c819f96ddd11877441961f43096057863d0607070d97c5e5a16"",""state"":""file""},""nh3_pdb_256"":{""bytes"":20991,""sha256"":""870d35ef9d654b395f8eefcd897e002ff41b1327475879ff5b955080ecb91ee0"",""state"":""file""},""nh3_pdb_32768"":{""bytes"":2654463,""sha256"":""a193ff7fc7793ae1c9121af48f694b9cff6974a63e67029053ab9312f86cb9cc"",""state"":""file""},""nh3_pdb_4096"":{""bytes"":332031,""sha256"":""e6d9ba2e0f95a04ebbeb61682dcf615982860aaa336140fee7ba55698f68175c"",""state"":""file""},""nh3_pdb_512"":{""bytes"":41727,""sha256"":""76e8d0d71fd3d49a1d14bb1fcd0689b08241620df41c90a904be29c85a67934e"",""state"":""file""},""nh3_pdb_65536"":{""bytes"":5308671,""sha256"":""a80e717b9abb39221c121bf3137135662e1b3c727e705e8f01e651720acd6dcc"",""state"":""file""},""nh3_pdb_8192"":{""bytes"":663807,""sha256"":""b0664469d3a8e84f71fbd848f1f0ffaca2cee3f4fd2100ed10f398e7c19a27e6"",""state"":""file""}},""metadata"":{""benchmark"":""el""}}",28ea42c8-c3b9-4a9c-96dc-b96a346325d0,,,,,,,,,,,,,,single_case,5779517f771cd31c95dc30de603249f8f59a1f8d3680da722ea0763b4d76684d,13.399455835999106,280,supported_jax_separate_collection
nh3,batch_scaling,pme,jax,256,8,2048,1.0250777634723816,975535.7453200112,nan,nan,10,3,jax_wall_block_until_ready,warmup_excluded,True,,,1e-06,5,arithmetic_mean,1.0135605003037365,"[0.0020910980994813142,0.0020901881012832745,0.0020924629992805422,0.002118532097665593,0.002104515000246465]",,,,,not_measured,not_measured,shared_cell_k_squared,nan,nan,,energy_autograd,energy_forces_charge_gradients,True,True,False,0.09646306931972504,13.84500026702881,2.842170943040401e-14,0.4129913543166487,9.0,,592,2.0,319,603744,2,"{""compute_capability"":""9.0"",""driver"":""unavailable"",""memory_bytes"":99996401664,""name"":""NVIDIA H100 NVL""}","{""cuda"":""13.0"",""git_head"":""unavailable"",""jax"":""0.10.1"",""jaxlib"":""0.10.1"",""nvalchemi_toolkit_ops"":""0.5.0"",""python"":""3.12.3"",""source_sha256"":""4dfd278da46af31f54f8b7671e891073f8b10f8fa2cb28e7cf92bfeddd543638"",""torch"":""2.14.0+cu130"",""warp"":""1.17.0""}","{""gpu_uuid"":""557cda80-d2b2-7630-d3a3-99bf87d35067"",""host"":""ipp2-1716""}","{""JAX_DISABLE_JIT"":""<unset>"",""JAX_DISABLE_JIT_ACTUAL"":""False"",""JAX_ENABLE_X64"":""1"",""JAX_ENABLE_X64_ACTUAL"":""True"",""JAX_PLATFORMS"":""<unset>"",""TF_GPU_ALLOCATOR"":""<unset>"",""XLA_FLAGS"":""<unset>"",""XLA_PYTHON_CLIENT_ALLOCATOR"":""<unset>"",""XLA_PYTHON_CLIENT_MEM_FRACTION"":""0.95"",""XLA_PYTHON_CLIENT_PREALLOCATE"":""<unset>""}","{""artifacts"":{""nh3_pdb_1024"":{""bytes"":83199,""sha256"":""cb99e65c2024c8b1a80a7ea1f4ff5b23ef76a5d153a2caeb4a0e3077b5239135"",""state"":""file""},""nh3_pdb_128"":{""bytes"":10623,""sha256"":""4b48182856ba92449fa52b61bf2f95c6ce28937a3cb3da6aec4f131a1216c760"",""state"":""file""},""nh3_pdb_131072"":{""bytes"":10617087,""sha256"":""d454eb5e6e9fe717e1c12c22e3fc749189deae022de05b0f6f83f9f4501bbb52"",""state"":""file""},""nh3_pdb_16384"":{""bytes"":1327359,""sha256"":""07f5683974f6bdad6798104cf7de5ddb670704f71b7e28715d957805124196b8"",""state"":""file""},""nh3_pdb_2048"":{""bytes"":166143,""sha256"":""7171f9c4d6bf3c819f96ddd11877441961f43096057863d0607070d97c5e5a16"",""state"":""file""},""nh3_pdb_256"":{""bytes"":20991,""sha256"":""870d35ef9d654b395f8eefcd897e002ff41b1327475879ff5b955080ecb91ee0"",""state"":""file""},""nh3_pdb_32768"":{""bytes"":2654463,""sha256"":""a193ff7fc7793ae1c9121af48f694b9cff6974a63e67029053ab9312f86cb9cc"",""state"":""file""},""nh3_pdb_4096"":{""bytes"":332031,""sha256"":""e6d9ba2e0f95a04ebbeb61682dcf615982860aaa336140fee7ba55698f68175c"",""state"":""file""},""nh3_pdb_512"":{""bytes"":41727,""sha256"":""76e8d0d71fd3d49a1d14bb1fcd0689b08241620df41c90a904be29c85a67934e"",""state"":""file""},""nh3_pdb_65536"":{""bytes"":5308671,""sha256"":""a80e717b9abb39221c121bf3137135662e1b3c727e705e8f01e651720acd6dcc"",""state"":""file""},""nh3_pdb_8192"":{""bytes"":663807,""sha256"":""b0664469d3a8e84f71fbd848f1f0ffaca2cee3f4fd2100ed10f398e7c19a27e6"",""state"":""file""}},""metadata"":{""benchmark"":""el""}}",28ea42c8-c3b9-4a9c-96dc-b96a346325d0,,,64,64,64,135168,5,9c20b65a987c353db522f015050723f47f665c2ac3c8fc22f4a735264a4db5d6,"{""batch_idx"":""int32"",""cell"":""float64"",""charges"":""float64"",""pbc"":""bool"",""positions"":""float64""}",capped_upstream_estimate,bounded_power_two_then_four_fft_snap,0.25,9.0,single_case,5779517f771cd31c95dc30de603249f8f59a1f8d3680da722ea0763b4d76684d,39.08164093300002,125,supported_jax_separate_collection
nh3,batch_scaling,pme,jax,256,1,256,4.335866326528048,230634.4164444644,nan,nan,10,3,jax_wall_block_until_ready,warmup_excluded,True,,,0.0001,5,arithmetic_mean,1.0136849172968305,"[0.001114892098121345,0.0011020092002581804,0.0011146592005388811,0.0011016362986993045,0.0011167121003381908]",,,,,not_measured,not_measured,k_squared_only,nan,nan,,energy_autograd,energy_forces_charge_gradients,True,True,False,0.09646306931972504,13.84500026702881,2.842170943040401e-14,0.3372060287522547,9.0,,592,2.0,319,75468,2,"{""compute_capability"":""9.0"",""driver"":""unavailable"",""memory_bytes"":99996401664,""name"":""NVIDIA H100 NVL""}","{""cuda"":""13.0"",""git_head"":""unavailable"",""jax"":""0.10.1"",""jaxlib"":""0.10.1"",""nvalchemi_toolkit_ops"":""0.5.0"",""python"":""3.12.3"",""source_sha256"":""4dfd278da46af31f54f8b7671e891073f8b10f8fa2cb28e7cf92bfeddd543638"",""torch"":""2.14.0+cu130"",""warp"":""1.17.0""}","{""gpu_uuid"":""c0995d85-1dea-1b19-7e58-9baa33a5f384"",""host"":""a1u1g-mil-0576""}","{""JAX_DISABLE_JIT"":""<unset>"",""JAX_DISABLE_JIT_ACTUAL"":""False"",""JAX_ENABLE_X64"":""1"",""JAX_ENABLE_X64_ACTUAL"":""True"",""JAX_PLATFORMS"":""<unset>"",""TF_GPU_ALLOCATOR"":""<unset>"",""XLA_FLAGS"":""<unset>"",""XLA_PYTHON_CLIENT_ALLOCATOR"":""<unset>"",""XLA_PYTHON_CLIENT_MEM_FRACTION"":""0.95"",""XLA_PYTHON_CLIENT_PREALLOCATE"":""<unset>""}","{""artifacts"":{""nh3_pdb_1024"":{""bytes"":83199,""sha256"":""cb99e65c2024c8b1a80a7ea1f4ff5b23ef76a5d153a2caeb4a0e3077b5239135"",""state"":""file""},""nh3_pdb_128"":{""bytes"":10623,""sha256"":""4b48182856ba92449fa52b61bf2f95c6ce28937a3cb3da6aec4f131a1216c760"",""state"":""file""},""nh3_pdb_131072"":{""bytes"":10617087,""sha256"":""d454eb5e6e9fe717e1c12c22e3fc749189deae022de05b0f6f83f9f4501bbb52"",""state"":""file""},""nh3_pdb_16384"":{""bytes"":1327359,""sha256"":""07f5683974f6bdad6798104cf7de5ddb670704f71b7e28715d957805124196b8"",""state"":""file""},""nh3_pdb_2048"":{""bytes"":166143,""sha256"":""7171f9c4d6bf3c819f96ddd11877441961f43096057863d0607070d97c5e5a16"",""state"":""file""},""nh3_pdb_256"":{""bytes"":20991,""sha256"":""870d35ef9d654b395f8eefcd897e002ff41b1327475879ff5b955080ecb91ee0"",""state"":""file""},""nh3_pdb_32768"":{""bytes"":2654463,""sha256"":""a193ff7fc7793ae1c9121af48f694b9cff6974a63e67029053ab9312f86cb9cc"",""state"":""file""},""nh3_pdb_4096"":{""bytes"":332031,""sha256"":""e6d9ba2e0f95a04ebbeb61682dcf615982860aaa336140fee7ba55698f68175c"",""state"":""file""},""nh3_pdb_512"":{""bytes"":41727,""sha256"":""76e8d0d71fd3d49a1d14bb1fcd0689b08241620df41c90a904be29c85a67934e"",""state"":""file""},""nh3_pdb_65536"":{""bytes"":5308671,""sha256"":""a80e717b9abb39221c121bf3137135662e1b3c727e705e8f01e651720acd6dcc"",""state"":""file""},""nh3_pdb_8192"":{""bytes"":663807,""sha256"":""b0664469d3a8e84f71fbd848f1f0ffaca2cee3f4fd2100ed10f398e7c19a27e6"",""state"":""file""}},""metadata"":{""benchmark"":""el""}}",28ea42c8-c3b9-4a9c-96dc-b96a346325d0,,,20,20,20,4400,5,f3f5cdbe96483ca313d4ae3e3d1d1dd88fc1d6343793b6aa57305a628e5ead56,"{""batch_idx"":""int32"",""cell"":""float64"",""charges"":""float64"",""pbc"":""bool"",""positions"":""float64""}",capped_upstream_estimate,bounded_power_two_then_four_fft_snap,0.25,9.0,single_case,5779517f771cd31c95dc30de603249f8f59a1f8d3680da722ea0763b4d76684d,41.27351672499208,118,supported_jax_separate_collection
nh3,batch_scaling,ewald,jax,256,1,256,2.4468502329000326,408688.6833342429,nan,nan,10,3,jax_wall_block_until_ready,warmup_excluded,True,,,0.0001,5,arithmetic_mean,1.0388494354352067,"[0.0006455026014009491,0.0006218788999831304,0.0006213629996636883,0.0006213658984052017,0.0006218578986590728]",,,,,not_measured,not_measured,,nan,nan,665,energy_autograd,energy_forces_charge_gradients,True,True,False,0.09646306931972504,13.84500026702881,2.842170943040401e-14,0.32259326452181164,9.40768017357379,1.9580470853692633,688,2.0,362,86142,2,"{""compute_capability"":""9.0"",""driver"":""unavailable"",""memory_bytes"":99996401664,""name"":""NVIDIA H100 NVL""}","{""cuda"":""13.0"",""git_head"":""unavailable"",""jax"":""0.10.1"",""jaxlib"":""0.10.1"",""nvalchemi_toolkit_ops"":""0.5.0"",""python"":""3.12.3"",""source_sha256"":""4dfd278da46af31f54f8b7671e891073f8b10f8fa2cb28e7cf92bfeddd543638"",""torch"":""2.14.0+cu130"",""warp"":""1.17.0""}","{""gpu_uuid"":""c0995d85-1dea-1b19-7e58-9baa33a5f384"",""host"":""a1u1g-mil-0576""}","{""JAX_DISABLE_JIT"":""<unset>"",""JAX_DISABLE_JIT_ACTUAL"":""False"",""JAX_ENABLE_X64"":""1"",""JAX_ENABLE_X64_ACTUAL"":""True"",""JAX_PLATFORMS"":""<unset>"",""TF_GPU_ALLOCATOR"":""<unset>"",""XLA_FLAGS"":""<unset>"",""XLA_PYTHON_CLIENT_ALLOCATOR"":""<unset>"",""XLA_PYTHON_CLIENT_MEM_FRACTION"":""0.95"",""XLA_PYTHON_CLIENT_PREALLOCATE"":""<unset>""}","{""artifacts"":{""nh3_pdb_1024"":{""bytes"":83199,""sha256"":""cb99e65c2024c8b1a80a7ea1f4ff5b23ef76a5d153a2caeb4a0e3077b5239135"",""state"":""file""},""nh3_pdb_128"":{""bytes"":10623,""sha256"":""4b48182856ba92449fa52b61bf2f95c6ce28937a3cb3da6aec4f131a1216c760"",""state"":""file""},""nh3_pdb_131072"":{""bytes"":10617087,""sha256"":""d454eb5e6e9fe717e1c12c22e3fc749189deae022de05b0f6f83f9f4501bbb52"",""state"":""file""},""nh3_pdb_16384"":{""bytes"":1327359,""sha256"":""07f5683974f6bdad6798104cf7de5ddb670704f71b7e28715d957805124196b8"",""state"":""file""},""nh3_pdb_2048"":{""bytes"":166143,""sha256"":""7171f9c4d6bf3c819f96ddd11877441961f43096057863d0607070d97c5e5a16"",""state"":""file""},""nh3_pdb_256"":{""bytes"":20991,""sha256"":""870d35ef9d654b395f8eefcd897e002ff41b1327475879ff5b955080ecb91ee0"",""state"":""file""},""nh3_pdb_32768"":{""bytes"":2654463,""sha256"":""a193ff7fc7793ae1c9121af48f694b9cff6974a63e67029053ab9312f86cb9cc"",""state"":""file""},""nh3_pdb_4096"":{""bytes"":332031,""sha256"":""e6d9ba2e0f95a04ebbeb61682dcf615982860aaa336140fee7ba55698f68175c"",""state"":""file""},""nh3_pdb_512"":{""bytes"":41727,""sha256"":""76e8d0d71fd3d49a1d14bb1fcd0689b08241620df41c90a904be29c85a67934e"",""state"":""file""},""nh3_pdb_65536"":{""bytes"":5308671,""sha256"":""a80e717b9abb39221c121bf3137135662e1b3c727e705e8f01e651720acd6dcc"",""state"":""file""},""nh3_pdb_8192"":{""bytes"":663807,""sha256"":""b0664469d3a8e84f71fbd848f1f0ffaca2cee3f4fd2100ed10f398e7c19a27e6"",""state"":""file""}},""metadata"":{""benchmark"":""el""}}",28ea42c8-c3b9-4a9c-96dc-b96a346325d0,,,,,,,,,,,,,,single_case,5779517f771cd31c95dc30de603249f8f59a1f8d3680da722ea0763b4d76684d,12.58687208997435,266,supported_jax_separate_collection
nh3,batch_scaling,ewald,jax,256,4,1024,0.7545350780446823,1325319.4305974753,nan,nan,10,3,jax_wall_block_until_ready,warmup_excluded,True,,,0.0001,5,arithmetic_mean,1.0111854685136918,"[0.0007663424010388553,0.0007749142998363823,0.0007735173014225439,0.0007742922985926271,0.0007741532986983657]",,,,,not_measured,not_measured,,nan,nan,665,energy_autograd,energy_forces_charge_gradients,True,True,False,0.09646306931972504,13.84500026702881,2.842170943040401e-14,0.32259326452181164,9.40768017357379,1.9580470853692633,688,2.0,362,344568,2,"{""compute_capability"":""9.0"",""driver"":""unavailable"",""memory_bytes"":99996401664,""name"":""NVIDIA H100 NVL""}","{""cuda"":""13.0"",""git_head"":""unavailable"",""jax"":""0.10.1"",""jaxlib"":""0.10.1"",""nvalchemi_toolkit_ops"":""0.5.0"",""python"":""3.12.3"",""source_sha256"":""4dfd278da46af31f54f8b7671e891073f8b10f8fa2cb28e7cf92bfeddd543638"",""torch"":""2.14.0+cu130"",""warp"":""1.17.0""}","{""gpu_uuid"":""c0995d85-1dea-1b19-7e58-9baa33a5f384"",""host"":""a1u1g-mil-0576""}","{""JAX_DISABLE_JIT"":""<unset>"",""JAX_DISABLE_JIT_ACTUAL"":""False"",""JAX_ENABLE_X64"":""1"",""JAX_ENABLE_X64_ACTUAL"":""True"",""JAX_PLATFORMS"":""<unset>"",""TF_GPU_ALLOCATOR"":""<unset>"",""XLA_FLAGS"":""<unset>"",""XLA_PYTHON_CLIENT_ALLOCATOR"":""<unset>"",""XLA_PYTHON_CLIENT_MEM_FRACTION"":""0.95"",""XLA_PYTHON_CLIENT_PREALLOCATE"":""<unset>""}","{""artifacts"":{""nh3_pdb_1024"":{""bytes"":83199,""sha256"":""cb99e65c2024c8b1a80a7ea1f4ff5b23ef76a5d153a2caeb4a0e3077b5239135"",""state"":""file""},""nh3_pdb_128"":{""bytes"":10623,""sha256"":""4b48182856ba92449fa52b61bf2f95c6ce28937a3cb3da6aec4f131a1216c760"",""state"":""file""},""nh3_pdb_131072"":{""bytes"":10617087,""sha256"":""d454eb5e6e9fe717e1c12c22e3fc749189deae022de05b0f6f83f9f4501bbb52"",""state"":""file""},""nh3_pdb_16384"":{""bytes"":1327359,""sha256"":""07f5683974f6bdad6798104cf7de5ddb670704f71b7e28715d957805124196b8"",""state"":""file""},""nh3_pdb_2048"":{""bytes"":166143,""sha256"":""7171f9c4d6bf3c819f96ddd11877441961f43096057863d0607070d97c5e5a16"",""state"":""file""},""nh3_pdb_256"":{""bytes"":20991,""sha256"":""870d35ef9d654b395f8eefcd897e002ff41b1327475879ff5b955080ecb91ee0"",""state"":""file""},""nh3_pdb_32768"":{""bytes"":2654463,""sha256"":""a193ff7fc7793ae1c9121af48f694b9cff6974a63e67029053ab9312f86cb9cc"",""state"":""file""},""nh3_pdb_4096"":{""bytes"":332031,""sha256"":""e6d9ba2e0f95a04ebbeb61682dcf615982860aaa336140fee7ba55698f68175c"",""state"":""file""},""nh3_pdb_512"":{""bytes"":41727,""sha256"":""76e8d0d71fd3d49a1d14bb1fcd0689b08241620df41c90a904be29c85a67934e"",""state"":""file""},""nh3_pdb_65536"":{""bytes"":5308671,""sha256"":""a80e717b9abb39221c121bf3137135662e1b3c727e705e8f01e651720acd6dcc"",""state"":""file""},""nh3_pdb_8192"":{""bytes"":663807,""sha256"":""b0664469d3a8e84f71fbd848f1f0ffaca2cee3f4fd2100ed10f398e7c19a27e6"",""state"":""file""}},""metadata"":{""benchmark"":""el""}}",28ea42c8-c3b9-4a9c-96dc-b96a346325d0,,,,,,,,,,,,,,single_case,5779517f771cd31c95dc30de603249f8f59a1f8d3680da722ea0763b4d76684d,12.108158918999834,270,supported_jax_separate_collection
nh3,batch_scaling,ewald,jax,256,32,8192,0.5772704319895183,1732290.352293944,nan,nan,10,3,jax_wall_block_until_ready,warmup_excluded,True,,,1e-06,5,arithmetic_mean,1.0056600332994892,"[0.004745550398365594,0.004723455701605417,0.004718841597787104,0.004723946697777137,0.004733202498755418]",,,,,not_measured,not_measured,,nan,nan,1098,energy_autograd,energy_forces_charge_gradients,True,True,False,0.09646306931972504,13.84500026702881,2.842170943040401e-14,0.32259326452181164,11.522008044276834,2.3981081257492542,1248,2.0,647,5032256,2,"{""compute_capability"":""9.0"",""driver"":""unavailable"",""memory_bytes"":99996401664,""name"":""NVIDIA H100 NVL""}","{""cuda"":""13.0"",""git_head"":""unavailable"",""jax"":""0.10.1"",""jaxlib"":""0.10.1"",""nvalchemi_toolkit_ops"":""0.5.0"",""python"":""3.12.3"",""source_sha256"":""4dfd278da46af31f54f8b7671e891073f8b10f8fa2cb28e7cf92bfeddd543638"",""torch"":""2.14.0+cu130"",""warp"":""1.17.0""}","{""gpu_uuid"":""c0995d85-1dea-1b19-7e58-9baa33a5f384"",""host"":""a1u1g-mil-0576""}","{""JAX_DISABLE_JIT"":""<unset>"",""JAX_DISABLE_JIT_ACTUAL"":""False"",""JAX_ENABLE_X64"":""1"",""JAX_ENABLE_X64_ACTUAL"":""True"",""JAX_PLATFORMS"":""<unset>"",""TF_GPU_ALLOCATOR"":""<unset>"",""XLA_FLAGS"":""<unset>"",""XLA_PYTHON_CLIENT_ALLOCATOR"":""<unset>"",""XLA_PYTHON_CLIENT_MEM_FRACTION"":""0.95"",""XLA_PYTHON_CLIENT_PREALLOCATE"":""<unset>""}","{""artifacts"":{""nh3_pdb_1024"":{""bytes"":83199,""sha256"":""cb99e65c2024c8b1a80a7ea1f4ff5b23ef76a5d153a2caeb4a0e3077b5239135"",""state"":""file""},""nh3_pdb_128"":{""bytes"":10623,""sha256"":""4b48182856ba92449fa52b61bf2f95c6ce28937a3cb3da6aec4f131a1216c760"",""state"":""file""},""nh3_pdb_131072"":{""bytes"":10617087,""sha256"":""d454eb5e6e9fe717e1c12c22e3fc749189deae022de05b0f6f83f9f4501bbb52"",""state"":""file""},""nh3_pdb_16384"":{""bytes"":1327359,""sha256"":""07f5683974f6bdad6798104cf7de5ddb670704f71b7e28715d957805124196b8"",""state"":""file""},""nh3_pdb_2048"":{""bytes"":166143,""sha256"":""7171f9c4d6bf3c819f96ddd11877441961f43096057863d0607070d97c5e5a16"",""state"":""file""},""nh3_pdb_256"":{""bytes"":20991,""sha256"":""870d35ef9d654b395f8eefcd897e002ff41b1327475879ff5b955080ecb91ee0"",""state"":""file""},""nh3_pdb_32768"":{""bytes"":2654463,""sha256"":""a193ff7fc7793ae1c9121af48f694b9cff6974a63e67029053ab9312f86cb9cc"",""state"":""file""},""nh3_pdb_4096"":{""bytes"":332031,""sha256"":""e6d9ba2e0f95a04ebbeb61682dcf615982860aaa336140fee7ba55698f68175c"",""state"":""file""},""nh3_pdb_512"":{""bytes"":41727,""sha256"":""76e8d0d71fd3d49a1d14bb1fcd0689b08241620df41c90a904be29c85a67934e"",""state"":""file""},""nh3_pdb_65536"":{""bytes"":5308671,""sha256"":""a80e717b9abb39221c121bf3137135662e1b3c727e705e8f01e651720acd6dcc"",""state"":""file""},""nh3_pdb_8192"":{""bytes"":663807,""sha256"":""b0664469d3a8e84f71fbd848f1f0ffaca2cee3f4fd2100ed10f398e7c19a27e6"",""state"":""file""}},""metadata"":{""benchmark"":""el""}}",28ea42c8-c3b9-4a9c-96dc-b96a346325d0,,,,,,,,,,,,,,single_case,5779517f771cd31c95dc30de603249f8f59a1f8d3680da722ea0763b4d76684d,12.943352104979567,277,supported_jax_separate_collection
nh3,batch_scaling,ewald,jax,8192,16,131072,3.873221712797914,258182.99961910164,nan,nan,10,3,jax_wall_block_until_ready,warmup_excluded,True,,,1e-06,5,arithmetic_mean,1.0020273446625354,"[0.5077381000010064,0.5076000001994544,0.5072552868005005,0.5074775265995413,0.5082836680987384]",,,,,not_measured,not_measured,,nan,nan,4630,energy_autograd,energy_forces_charge_gradients,True,True,False,0.09645736962556839,43.95600128173828,9.094947017729282e-13,0.18104578414850428,20.5302885473489,1.345866184598588,7008,2.0,3752,459001984,2,"{""compute_capability"":""9.0"",""driver"":""unavailable"",""memory_bytes"":99996401664,""name"":""NVIDIA H100 NVL""}","{""cuda"":""13.0"",""git_head"":""unavailable"",""jax"":""0.10.1"",""jaxlib"":""0.10.1"",""nvalchemi_toolkit_ops"":""0.5.0"",""python"":""3.12.3"",""source_sha256"":""4dfd278da46af31f54f8b7671e891073f8b10f8fa2cb28e7cf92bfeddd543638"",""torch"":""2.14.0+cu130"",""warp"":""1.17.0""}","{""gpu_uuid"":""23074f79-c31a-f283-5a26-fe763902683e"",""host"":""a1u1g-mil-0678""}","{""JAX_DISABLE_JIT"":""<unset>"",""JAX_DISABLE_JIT_ACTUAL"":""False"",""JAX_ENABLE_X64"":""1"",""JAX_ENABLE_X64_ACTUAL"":""True"",""JAX_PLATFORMS"":""<unset>"",""TF_GPU_ALLOCATOR"":""<unset>"",""XLA_FLAGS"":""<unset>"",""XLA_PYTHON_CLIENT_ALLOCATOR"":""<unset>"",""XLA_PYTHON_CLIENT_MEM_FRACTION"":""0.95"",""XLA_PYTHON_CLIENT_PREALLOCATE"":""<unset>""}","{""artifacts"":{""nh3_pdb_1024"":{""bytes"":83199,""sha256"":""cb99e65c2024c8b1a80a7ea1f4ff5b23ef76a5d153a2caeb4a0e3077b5239135"",""state"":""file""},""nh3_pdb_128"":{""bytes"":10623,""sha256"":""4b48182856ba92449fa52b61bf2f95c6ce28937a3cb3da6aec4f131a1216c760"",""state"":""file""},""nh3_pdb_131072"":{""bytes"":10617087,""sha256"":""d454eb5e6e9fe717e1c12c22e3fc749189deae022de05b0f6f83f9f4501bbb52"",""state"":""file""},""nh3_pdb_16384"":{""bytes"":1327359,""sha256"":""07f5683974f6bdad6798104cf7de5ddb670704f71b7e28715d957805124196b8"",""state"":""file""},""nh3_pdb_2048"":{""bytes"":166143,""sha256"":""7171f9c4d6bf3c819f96ddd11877441961f43096057863d0607070d97c5e5a16"",""state"":""file""},""nh3_pdb_256"":{""bytes"":20991,""sha256"":""870d35ef9d654b395f8eefcd897e002ff41b1327475879ff5b955080ecb91ee0"",""state"":""file""},""nh3_pdb_32768"":{""bytes"":2654463,""sha256"":""a193ff7fc7793ae1c9121af48f694b9cff6974a63e67029053ab9312f86cb9cc"",""state"":""file""},""nh3_pdb_4096"":{""bytes"":332031,""sha256"":""e6d9ba2e0f95a04ebbeb61682dcf615982860aaa336140fee7ba55698f68175c"",""state"":""file""},""nh3_pdb_512"":{""bytes"":41727,""sha256"":""76e8d0d71fd3d49a1d14bb1fcd0689b08241620df41c90a904be29c85a67934e"",""state"":""file""},""nh3_pdb_65536"":{""bytes"":5308671,""sha256"":""a80e717b9abb39221c121bf3137135662e1b3c727e705e8f01e651720acd6dcc"",""state"":""file""},""nh3_pdb_8192"":{""bytes"":663807,""sha256"":""b0664469d3a8e84f71fbd848f1f0ffaca2cee3f4fd2100ed10f398e7c19a27e6"",""state"":""file""}},""metadata"":{""benchmark"":""el""}}",28ea42c8-c3b9-4a9c-96dc-b96a346325d0,,,,,,,,,,,,,,single_case,5779517f771cd31c95dc30de603249f8f59a1f8d3680da722ea0763b4d76684d,62.87120678299107,295,supported_jax_separate_collection
nh3,batch_scaling,ewald,jax,256,512,131072,0.19265582031469106,5190603.628618971,nan,nan,10,3,jax_wall_block_until_ready,warmup_excluded,True,,,0.0001,5,arithmetic_mean,1.0008911782204004,"[0.025266493600793184,0.02524832870112732,0.025251254698378033,0.025248844700399786,0.025243996700737625]",,,,,not_measured,not_measured,,nan,nan,665,energy_autograd,energy_forces_charge_gradients,True,True,False,0.09646306931972504,13.84500026702881,2.842170943040401e-14,0.32259326452181164,9.40768017357379,1.9580470853692633,688,2.0,362,44104704,2,"{""compute_capability"":""9.0"",""driver"":""unavailable"",""memory_bytes"":99996401664,""name"":""NVIDIA H100 NVL""}","{""cuda"":""13.0"",""git_head"":""unavailable"",""jax"":""0.10.1"",""jaxlib"":""0.10.1"",""nvalchemi_toolkit_ops"":""0.5.0"",""python"":""3.12.3"",""source_sha256"":""4dfd278da46af31f54f8b7671e891073f8b10f8fa2cb28e7cf92bfeddd543638"",""torch"":""2.14.0+cu130"",""warp"":""1.17.0""}","{""gpu_uuid"":""c0995d85-1dea-1b19-7e58-9baa33a5f384"",""host"":""a1u1g-mil-0576""}","{""JAX_DISABLE_JIT"":""<unset>"",""JAX_DISABLE_JIT_ACTUAL"":""False"",""JAX_ENABLE_X64"":""1"",""JAX_ENABLE_X64_ACTUAL"":""True"",""JAX_PLATFORMS"":""<unset>"",""TF_GPU_ALLOCATOR"":""<unset>"",""XLA_FLAGS"":""<unset>"",""XLA_PYTHON_CLIENT_ALLOCATOR"":""<unset>"",""XLA_PYTHON_CLIENT_MEM_FRACTION"":""0.95"",""XLA_PYTHON_CLIENT_PREALLOCATE"":""<unset>""}","{""artifacts"":{""nh3_pdb_1024"":{""bytes"":83199,""sha256"":""cb99e65c2024c8b1a80a7ea1f4ff5b23ef76a5d153a2caeb4a0e3077b5239135"",""state"":""file""},""nh3_pdb_128"":{""bytes"":10623,""sha256"":""4b48182856ba92449fa52b61bf2f95c6ce28937a3cb3da6aec4f131a1216c760"",""state"":""file""},""nh3_pdb_131072"":{""bytes"":10617087,""sha256"":""d454eb5e6e9fe717e1c12c22e3fc749189deae022de05b0f6f83f9f4501bbb52"",""state"":""file""},""nh3_pdb_16384"":{""bytes"":1327359,""sha256"":""07f5683974f6bdad6798104cf7de5ddb670704f71b7e28715d957805124196b8"",""state"":""file""},""nh3_pdb_2048"":{""bytes"":166143,""sha256"":""7171f9c4d6bf3c819f96ddd11877441961f43096057863d0607070d97c5e5a16"",""state"":""file""},""nh3_pdb_256"":{""bytes"":20991,""sha256"":""870d35ef9d654b395f8eefcd897e002ff41b1327475879ff5b955080ecb91ee0"",""state"":""file""},""nh3_pdb_32768"":{""bytes"":2654463,""sha256"":""a193ff7fc7793ae1c9121af48f694b9cff6974a63e67029053ab9312f86cb9cc"",""state"":""file""},""nh3_pdb_4096"":{""bytes"":332031,""sha256"":""e6d9ba2e0f95a04ebbeb61682dcf615982860aaa336140fee7ba55698f68175c"",""state"":""file""},""nh3_pdb_512"":{""bytes"":41727,""sha256"":""76e8d0d71fd3d49a1d14bb1fcd0689b08241620df41c90a904be29c85a67934e"",""state"":""file""},""nh3_pdb_65536"":{""bytes"":5308671,""sha256"":""a80e717b9abb39221c121bf3137135662e1b3c727e705e8f01e651720acd6dcc"",""state"":""file""},""nh3_pdb_8192"":{""bytes"":663807,""sha256"":""b0664469d3a8e84f71fbd848f1f0ffaca2cee3f4fd2100ed10f398e7c19a27e6"",""state"":""file""}},""metadata"":{""benchmark"":""el""}}",28ea42c8-c3b9-4a9c-96dc-b96a346325d0,,,,,,,,,,,,,,single_case,5779517f771cd31c95dc30de603249f8f59a1f8d3680da722ea0763b4d76684d,18.30604514697916,284,supported_jax_separate_collection
nh3,batch_scaling,pme,jax,256,1,256,4.648046250110838,215144.15868304967,nan,nan,10,3,jax_wall_block_until_ready,warmup_excluded,True,,,1e-06,5,arithmetic_mean,1.0125229787552867,"[0.0011956653001107044,0.0011808772000222235,0.001190260200019111,0.0011922112998945522,0.0011904852000952815]",,,,,not_measured,not_measured,k_squared_only,nan,nan,,energy_autograd,energy_forces_charge_gradients,True,True,False,0.09646306931972504,13.84500026702881,2.842170943040401e-14,0.4129913543166487,9.0,,592,2.0,319,75468,2,"{""compute_capability"":""9.0"",""driver"":""unavailable"",""memory_bytes"":99996401664,""name"":""NVIDIA H100 NVL""}","{""cuda"":""13.0"",""git_head"":""unavailable"",""jax"":""0.10.1"",""jaxlib"":""0.10.1"",""nvalchemi_toolkit_ops"":""0.5.0"",""python"":""3.12.3"",""source_sha256"":""4dfd278da46af31f54f8b7671e891073f8b10f8fa2cb28e7cf92bfeddd543638"",""torch"":""2.14.0+cu130"",""warp"":""1.17.0""}","{""gpu_uuid"":""b86b304e-698a-30bd-d46b-23da3dc3658e"",""host"":""ipp2-1738""}","{""JAX_DISABLE_JIT"":""<unset>"",""JAX_DISABLE_JIT_ACTUAL"":""False"",""JAX_ENABLE_X64"":""1"",""JAX_ENABLE_X64_ACTUAL"":""True"",""JAX_PLATFORMS"":""<unset>"",""TF_GPU_ALLOCATOR"":""<unset>"",""XLA_FLAGS"":""<unset>"",""XLA_PYTHON_CLIENT_ALLOCATOR"":""<unset>"",""XLA_PYTHON_CLIENT_MEM_FRACTION"":""0.95"",""XLA_PYTHON_CLIENT_PREALLOCATE"":""<unset>""}","{""artifacts"":{""nh3_pdb_1024"":{""bytes"":83199,""sha256"":""cb99e65c2024c8b1a80a7ea1f4ff5b23ef76a5d153a2caeb4a0e3077b5239135"",""state"":""file""},""nh3_pdb_128"":{""bytes"":10623,""sha256"":""4b48182856ba92449fa52b61bf2f95c6ce28937a3cb3da6aec4f131a1216c760"",""state"":""file""},""nh3_pdb_131072"":{""bytes"":10617087,""sha256"":""d454eb5e6e9fe717e1c12c22e3fc749189deae022de05b0f6f83f9f4501bbb52"",""state"":""file""},""nh3_pdb_16384"":{""bytes"":1327359,""sha256"":""07f5683974f6bdad6798104cf7de5ddb670704f71b7e28715d957805124196b8"",""state"":""file""},""nh3_pdb_2048"":{""bytes"":166143,""sha256"":""7171f9c4d6bf3c819f96ddd11877441961f43096057863d0607070d97c5e5a16"",""state"":""file""},""nh3_pdb_256"":{""bytes"":20991,""sha256"":""870d35ef9d654b395f8eefcd897e002ff41b1327475879ff5b955080ecb91ee0"",""state"":""file""},""nh3_pdb_32768"":{""bytes"":2654463,""sha256"":""a193ff7fc7793ae1c9121af48f694b9cff6974a63e67029053ab9312f86cb9cc"",""state"":""file""},""nh3_pdb_4096"":{""bytes"":332031,""sha256"":""e6d9ba2e0f95a04ebbeb61682dcf615982860aaa336140fee7ba55698f68175c"",""state"":""file""},""nh3_pdb_512"":{""bytes"":41727,""sha256"":""76e8d0d71fd3d49a1d14bb1fcd0689b08241620df41c90a904be29c85a67934e"",""state"":""file""},""nh3_pdb_65536"":{""bytes"":5308671,""sha256"":""a80e717b9abb39221c121bf3137135662e1b3c727e705e8f01e651720acd6dcc"",""state"":""file""},""nh3_pdb_8192"":{""bytes"":663807,""sha256"":""b0664469d3a8e84f71fbd848f1f0ffaca2cee3f4fd2100ed10f398e7c19a27e6"",""state"":""file""}},""metadata"":{""benchmark"":""el""}}",28ea42c8-c3b9-4a9c-96dc-b96a346325d0,,,64,64,64,135168,5,f3f5cdbe96483ca313d4ae3e3d1d1dd88fc1d6343793b6aa57305a628e5ead56,"{""batch_idx"":""int32"",""cell"":""float64"",""charges"":""float64"",""pbc"":""bool"",""positions"":""float64""}",capped_upstream_estimate,bounded_power_two_then_four_fft_snap,0.25,9.0,single_case,5779517f771cd31c95dc30de603249f8f59a1f8d3680da722ea0763b4d76684d,39.29837337200115,119,supported_jax_separate_collection
nh3,batch_scaling,pme,jax,8192,2,16384,0.4297654687479558,2326850.509682222,nan,nan,10,3,jax_wall_block_until_ready,warmup_excluded,True,,,1e-06,5,arithmetic_mean,1.0067671461949452,"[0.007020403999922565,0.007028618999902392,0.0070442670999909755,0.007067912100137619,0.007045184999878984]",,,,,not_measured,not_measured,shared_cell_k_squared,nan,nan,,energy_autograd,energy_forces_charge_gradients,True,True,False,0.09645736962556839,43.95600128173828,9.094947017729282e-13,0.4129913543166487,9.0,,592,2.0,384,4871576,2,"{""compute_capability"":""9.0"",""driver"":""unavailable"",""memory_bytes"":99996401664,""name"":""NVIDIA H100 NVL""}","{""cuda"":""13.0"",""git_head"":""unavailable"",""jax"":""0.10.1"",""jaxlib"":""0.10.1"",""nvalchemi_toolkit_ops"":""0.5.0"",""python"":""3.12.3"",""source_sha256"":""4dfd278da46af31f54f8b7671e891073f8b10f8fa2cb28e7cf92bfeddd543638"",""torch"":""2.14.0+cu130"",""warp"":""1.17.0""}","{""gpu_uuid"":""b86b304e-698a-30bd-d46b-23da3dc3658e"",""host"":""ipp2-1738""}","{""JAX_DISABLE_JIT"":""<unset>"",""JAX_DISABLE_JIT_ACTUAL"":""False"",""JAX_ENABLE_X64"":""1"",""JAX_ENABLE_X64_ACTUAL"":""True"",""JAX_PLATFORMS"":""<unset>"",""TF_GPU_ALLOCATOR"":""<unset>"",""XLA_FLAGS"":""<unset>"",""XLA_PYTHON_CLIENT_ALLOCATOR"":""<unset>"",""XLA_PYTHON_CLIENT_MEM_FRACTION"":""0.95"",""XLA_PYTHON_CLIENT_PREALLOCATE"":""<unset>""}","{""artifacts"":{""nh3_pdb_1024"":{""bytes"":83199,""sha256"":""cb99e65c2024c8b1a80a7ea1f4ff5b23ef76a5d153a2caeb4a0e3077b5239135"",""state"":""file""},""nh3_pdb_128"":{""bytes"":10623,""sha256"":""4b48182856ba92449fa52b61bf2f95c6ce28937a3cb3da6aec4f131a1216c760"",""state"":""file""},""nh3_pdb_131072"":{""bytes"":10617087,""sha256"":""d454eb5e6e9fe717e1c12c22e3fc749189deae022de05b0f6f83f9f4501bbb52"",""state"":""file""},""nh3_pdb_16384"":{""bytes"":1327359,""sha256"":""07f5683974f6bdad6798104cf7de5ddb670704f71b7e28715d957805124196b8"",""state"":""file""},""nh3_pdb_2048"":{""bytes"":166143,""sha256"":""7171f9c4d6bf3c819f96ddd11877441961f43096057863d0607070d97c5e5a16"",""state"":""file""},""nh3_pdb_256"":{""bytes"":20991,""sha256"":""870d35ef9d654b395f8eefcd897e002ff41b1327475879ff5b955080ecb91ee0"",""state"":""file""},""nh3_pdb_32768"":{""bytes"":2654463,""sha256"":""a193ff7fc7793ae1c9121af48f694b9cff6974a63e67029053ab9312f86cb9cc"",""state"":""file""},""nh3_pdb_4096"":{""bytes"":332031,""sha256"":""e6d9ba2e0f95a04ebbeb61682dcf615982860aaa336140fee7ba55698f68175c"",""state"":""file""},""nh3_pdb_512"":{""bytes"":41727,""sha256"":""76e8d0d71fd3d49a1d14bb1fcd0689b08241620df41c90a904be29c85a67934e"",""state"":""file""},""nh3_pdb_65536"":{""bytes"":5308671,""sha256"":""a80e717b9abb39221c121bf3137135662e1b3c727e705e8f01e651720acd6dcc"",""state"":""file""},""nh3_pdb_8192"":{""bytes"":663807,""sha256"":""b0664469d3a8e84f71fbd848f1f0ffaca2cee3f4fd2100ed10f398e7c19a27e6"",""state"":""file""}},""metadata"":{""benchmark"":""el""}}",28ea42c8-c3b9-4a9c-96dc-b96a346325d0,,,192,192,192,3575808,5,cc3ce147769e76d6ae5547ad662b930f78e1ba8cdb361cbd0054184d6cc22d33,"{""batch_idx"":""int32"",""cell"":""float64"",""charges"":""float64"",""pbc"":""bool"",""positions"":""float64""}",capped_upstream_estimate,bounded_power_two_then_four_fft_snap,0.25,9.0,single_case,5779517f771cd31c95dc30de603249f8f59a1f8d3680da722ea0763b4d76684d,41.734025638001185,141,supported_jax_separate_collection
nh3,batch_scaling,ewald,jax,256,16,4096,0.7355998974656331,1359434.6647481956,nan,nan,10,3,jax_wall_block_until_ready,warmup_excluded,True,,,1e-06,5,arithmetic_mean,1.0050436244165575,"[0.00302075559993682,0.0030178146000253035,0.0030114916000457013,0.0030094276000454554,0.003005596500042884]",,,,,not_measured,not_measured,,nan,nan,1098,energy_autograd,energy_forces_charge_gradients,True,True,False,0.09646306931972504,13.84500026702881,2.842170943040401e-14,0.32259326452181164,11.522008044276834,2.3981081257492542,1248,2.0,647,2516128,2,"{""compute_capability"":""9.0"",""driver"":""unavailable"",""memory_bytes"":99996401664,""name"":""NVIDIA H100 NVL""}","{""cuda"":""13.0"",""git_head"":""unavailable"",""jax"":""0.10.1"",""jaxlib"":""0.10.1"",""nvalchemi_toolkit_ops"":""0.5.0"",""python"":""3.12.3"",""source_sha256"":""4dfd278da46af31f54f8b7671e891073f8b10f8fa2cb28e7cf92bfeddd543638"",""torch"":""2.14.0+cu130"",""warp"":""1.17.0""}","{""gpu_uuid"":""b86b304e-698a-30bd-d46b-23da3dc3658e"",""host"":""ipp2-1738""}","{""JAX_DISABLE_JIT"":""<unset>"",""JAX_DISABLE_JIT_ACTUAL"":""False"",""JAX_ENABLE_X64"":""1"",""JAX_ENABLE_X64_ACTUAL"":""True"",""JAX_PLATFORMS"":""<unset>"",""TF_GPU_ALLOCATOR"":""<unset>"",""XLA_FLAGS"":""<unset>"",""XLA_PYTHON_CLIENT_ALLOCATOR"":""<unset>"",""XLA_PYTHON_CLIENT_MEM_FRACTION"":""0.95"",""XLA_PYTHON_CLIENT_PREALLOCATE"":""<unset>""}","{""artifacts"":{""nh3_pdb_1024"":{""bytes"":83199,""sha256"":""cb99e65c2024c8b1a80a7ea1f4ff5b23ef76a5d153a2caeb4a0e3077b5239135"",""state"":""file""},""nh3_pdb_128"":{""bytes"":10623,""sha256"":""4b48182856ba92449fa52b61bf2f95c6ce28937a3cb3da6aec4f131a1216c760"",""state"":""file""},""nh3_pdb_131072"":{""bytes"":10617087,""sha256"":""d454eb5e6e9fe717e1c12c22e3fc749189deae022de05b0f6f83f9f4501bbb52"",""state"":""file""},""nh3_pdb_16384"":{""bytes"":1327359,""sha256"":""07f5683974f6bdad6798104cf7de5ddb670704f71b7e28715d957805124196b8"",""state"":""file""},""nh3_pdb_2048"":{""bytes"":166143,""sha256"":""7171f9c4d6bf3c819f96ddd11877441961f43096057863d0607070d97c5e5a16"",""state"":""file""},""nh3_pdb_256"":{""bytes"":20991,""sha256"":""870d35ef9d654b395f8eefcd897e002ff41b1327475879ff5b955080ecb91ee0"",""state"":""file""},""nh3_pdb_32768"":{""bytes"":2654463,""sha256"":""a193ff7fc7793ae1c9121af48f694b9cff6974a63e67029053ab9312f86cb9cc"",""state"":""file""},""nh3_pdb_4096"":{""bytes"":332031,""sha256"":""e6d9ba2e0f95a04ebbeb61682dcf615982860aaa336140fee7ba55698f68175c"",""state"":""file""},""nh3_pdb_512"":{""bytes"":41727,""sha256"":""76e8d0d71fd3d49a1d14bb1fcd0689b08241620df41c90a904be29c85a67934e"",""state"":""file""},""nh3_pdb_65536"":{""bytes"":5308671,""sha256"":""a80e717b9abb39221c121bf3137135662e1b3c727e705e8f01e651720acd6dcc"",""state"":""file""},""nh3_pdb_8192"":{""bytes"":663807,""sha256"":""b0664469d3a8e84f71fbd848f1f0ffaca2cee3f4fd2100ed10f398e7c19a27e6"",""state"":""file""}},""metadata"":{""benchmark"":""el""}}",28ea42c8-c3b9-4a9c-96dc-b96a346325d0,,,,,,,,,,,,,,single_case,5779517f771cd31c95dc30de603249f8f59a1f8d3680da722ea0763b4d76684d,12.43166548299996,275,supported_jax_separate_collection
nh3,batch_scaling,ewald,jax,256,256,65536,0.4358096487427909,2294579.761794551,nan,nan,10,3,jax_wall_block_until_ready,warmup_excluded,True,,,1e-06,5,arithmetic_mean,1.0010595072446995,"[0.02856345729996974,0.02854912040002091,0.02855625730007887,0.02857936839991453,0.028557902300053683]",,,,,not_measured,not_measured,,nan,nan,1098,energy_autograd,energy_forces_charge_gradients,True,True,False,0.09646306931972504,13.84500026702881,2.842170943040401e-14,0.32259326452181164,11.522008044276834,2.3981081257492542,1248,2.0,647,40258048,2,"{""compute_capability"":""9.0"",""driver"":""unavailable"",""memory_bytes"":99996401664,""name"":""NVIDIA H100 NVL""}","{""cuda"":""13.0"",""git_head"":""unavailable"",""jax"":""0.10.1"",""jaxlib"":""0.10.1"",""nvalchemi_toolkit_ops"":""0.5.0"",""python"":""3.12.3"",""source_sha256"":""4dfd278da46af31f54f8b7671e891073f8b10f8fa2cb28e7cf92bfeddd543638"",""torch"":""2.14.0+cu130"",""warp"":""1.17.0""}","{""gpu_uuid"":""b86b304e-698a-30bd-d46b-23da3dc3658e"",""host"":""ipp2-1738""}","{""JAX_DISABLE_JIT"":""<unset>"",""JAX_DISABLE_JIT_ACTUAL"":""False"",""JAX_ENABLE_X64"":""1"",""JAX_ENABLE_X64_ACTUAL"":""True"",""JAX_PLATFORMS"":""<unset>"",""TF_GPU_ALLOCATOR"":""<unset>"",""XLA_FLAGS"":""<unset>"",""XLA_PYTHON_CLIENT_ALLOCATOR"":""<unset>"",""XLA_PYTHON_CLIENT_MEM_FRACTION"":""0.95"",""XLA_PYTHON_CLIENT_PREALLOCATE"":""<unset>""}","{""artifacts"":{""nh3_pdb_1024"":{""bytes"":83199,""sha256"":""cb99e65c2024c8b1a80a7ea1f4ff5b23ef76a5d153a2caeb4a0e3077b5239135"",""state"":""file""},""nh3_pdb_128"":{""bytes"":10623,""sha256"":""4b48182856ba92449fa52b61bf2f95c6ce28937a3cb3da6aec4f131a1216c760"",""state"":""file""},""nh3_pdb_131072"":{""bytes"":10617087,""sha256"":""d454eb5e6e9fe717e1c12c22e3fc749189deae022de05b0f6f83f9f4501bbb52"",""state"":""file""},""nh3_pdb_16384"":{""bytes"":1327359,""sha256"":""07f5683974f6bdad6798104cf7de5ddb670704f71b7e28715d957805124196b8"",""state"":""file""},""nh3_pdb_2048"":{""bytes"":166143,""sha256"":""7171f9c4d6bf3c819f96ddd11877441961f43096057863d0607070d97c5e5a16"",""state"":""file""},""nh3_pdb_256"":{""bytes"":20991,""sha256"":""870d35ef9d654b395f8eefcd897e002ff41b1327475879ff5b955080ecb91ee0"",""state"":""file""},""nh3_pdb_32768"":{""bytes"":2654463,""sha256"":""a193ff7fc7793ae1c9121af48f694b9cff6974a63e67029053ab9312f86cb9cc"",""state"":""file""},""nh3_pdb_4096"":{""bytes"":332031,""sha256"":""e6d9ba2e0f95a04ebbeb61682dcf615982860aaa336140fee7ba55698f68175c"",""state"":""file""},""nh3_pdb_512"":{""bytes"":41727,""sha256"":""76e8d0d71fd3d49a1d14bb1fcd0689b08241620df41c90a904be29c85a67934e"",""state"":""file""},""nh3_pdb_65536"":{""bytes"":5308671,""sha256"":""a80e717b9abb39221c121bf3137135662e1b3c727e705e8f01e651720acd6dcc"",""state"":""file""},""nh3_pdb_8192"":{""bytes"":663807,""sha256"":""b0664469d3a8e84f71fbd848f1f0ffaca2cee3f4fd2100ed10f398e7c19a27e6"",""state"":""file""}},""metadata"":{""benchmark"":""el""}}",28ea42c8-c3b9-4a9c-96dc-b96a346325d0,,,,,,,,,,,,,,single_case,5779517f771cd31c95dc30de603249f8f59a1f8d3680da722ea0763b4d76684d,16.439917445999527,283,supported_jax_separate_collection
nh3,batch_scaling,pme,jax,256,2,512,2.2593853918806417,442598.2409170271,nan,nan,10,3,jax_wall_block_until_ready,warmup_excluded,True,,,0.0001,5,arithmetic_mean,1.0241530669427,"[0.0011777325009461493,0.0011509895004564897,0.0011499575004563667,0.001153873601288069,0.0011514735000673682]",,,,,not_measured,not_measured,shared_cell_k_squared,nan,nan,,energy_autograd,energy_forces_charge_gradients,True,True,False,0.09646306931972504,13.84500026702881,2.842170943040401e-14,0.3372060287522547,9.0,,592,2.0,319,150936,2,"{""compute_capability"":""9.0"",""driver"":""unavailable"",""memory_bytes"":99996401664,""name"":""NVIDIA H100 NVL""}","{""cuda"":""13.0"",""git_head"":""unavailable"",""jax"":""0.10.1"",""jaxlib"":""0.10.1"",""nvalchemi_toolkit_ops"":""0.5.0"",""python"":""3.12.3"",""source_sha256"":""4dfd278da46af31f54f8b7671e891073f8b10f8fa2cb28e7cf92bfeddd543638"",""torch"":""2.14.0+cu130"",""warp"":""1.17.0""}","{""gpu_uuid"":""23074f79-c31a-f283-5a26-fe763902683e"",""host"":""a1u1g-mil-0678""}","{""JAX_DISABLE_JIT"":""<unset>"",""JAX_DISABLE_JIT_ACTUAL"":""False"",""JAX_ENABLE_X64"":""1"",""JAX_ENABLE_X64_ACTUAL"":""True"",""JAX_PLATFORMS"":""<unset>"",""TF_GPU_ALLOCATOR"":""<unset>"",""XLA_FLAGS"":""<unset>"",""XLA_PYTHON_CLIENT_ALLOCATOR"":""<unset>"",""XLA_PYTHON_CLIENT_MEM_FRACTION"":""0.95"",""XLA_PYTHON_CLIENT_PREALLOCATE"":""<unset>""}","{""artifacts"":{""nh3_pdb_1024"":{""bytes"":83199,""sha256"":""cb99e65c2024c8b1a80a7ea1f4ff5b23ef76a5d153a2caeb4a0e3077b5239135"",""state"":""file""},""nh3_pdb_128"":{""bytes"":10623,""sha256"":""4b48182856ba92449fa52b61bf2f95c6ce28937a3cb3da6aec4f131a1216c760"",""state"":""file""},""nh3_pdb_131072"":{""bytes"":10617087,""sha256"":""d454eb5e6e9fe717e1c12c22e3fc749189deae022de05b0f6f83f9f4501bbb52"",""state"":""file""},""nh3_pdb_16384"":{""bytes"":1327359,""sha256"":""07f5683974f6bdad6798104cf7de5ddb670704f71b7e28715d957805124196b8"",""state"":""file""},""nh3_pdb_2048"":{""bytes"":166143,""sha256"":""7171f9c4d6bf3c819f96ddd11877441961f43096057863d0607070d97c5e5a16"",""state"":""file""},""nh3_pdb_256"":{""bytes"":20991,""sha256"":""870d35ef9d654b395f8eefcd897e002ff41b1327475879ff5b955080ecb91ee0"",""state"":""file""},""nh3_pdb_32768"":{""bytes"":2654463,""sha256"":""a193ff7fc7793ae1c9121af48f694b9cff6974a63e67029053ab9312f86cb9cc"",""state"":""file""},""nh3_pdb_4096"":{""bytes"":332031,""sha256"":""e6d9ba2e0f95a04ebbeb61682dcf615982860aaa336140fee7ba55698f68175c"",""state"":""file""},""nh3_pdb_512"":{""bytes"":41727,""sha256"":""76e8d0d71fd3d49a1d14bb1fcd0689b08241620df41c90a904be29c85a67934e"",""state"":""file""},""nh3_pdb_65536"":{""bytes"":5308671,""sha256"":""a80e717b9abb39221c121bf3137135662e1b3c727e705e8f01e651720acd6dcc"",""state"":""file""},""nh3_pdb_8192"":{""bytes"":663807,""sha256"":""b0664469d3a8e84f71fbd848f1f0ffaca2cee3f4fd2100ed10f398e7c19a27e6"",""state"":""file""}},""metadata"":{""benchmark"":""el""}}",28ea42c8-c3b9-4a9c-96dc-b96a346325d0,,,20,20,20,4400,5,2ea885803eac9b4a97a7280c553809c7525d3f6ed823bd7d0ff0d04178e53e63,"{""batch_idx"":""int32"",""cell"":""float64"",""charges"":""float64"",""pbc"":""bool"",""positions"":""float64""}",capped_upstream_estimate,bounded_power_two_then_four_fft_snap,0.25,9.0,single_case,5779517f771cd31c95dc30de603249f8f59a1f8d3680da722ea0763b4d76684d,41.55318146600621,120,supported_jax_separate_collection
nh3,batch_scaling,pme,jax,256,2,512,2.7233557813133307,367194.0357046382,nan,nan,10,3,jax_wall_block_until_ready,warmup_excluded,True,,,1e-06,5,arithmetic_mean,1.0317400087432056,"[0.001377501200477127,0.0013784101989585905,0.001387108200287912,0.0014212231006240472,0.0014075480998144486]",,,,,not_measured,not_measured,shared_cell_k_squared,nan,nan,,energy_autograd,energy_forces_charge_gradients,True,True,False,0.09646306931972504,13.84500026702881,2.842170943040401e-14,0.4129913543166487,9.0,,592,2.0,319,150936,2,"{""compute_capability"":""9.0"",""driver"":""unavailable"",""memory_bytes"":99996401664,""name"":""NVIDIA H100 NVL""}","{""cuda"":""13.0"",""git_head"":""unavailable"",""jax"":""0.10.1"",""jaxlib"":""0.10.1"",""nvalchemi_toolkit_ops"":""0.5.0"",""python"":""3.12.3"",""source_sha256"":""4dfd278da46af31f54f8b7671e891073f8b10f8fa2cb28e7cf92bfeddd543638"",""torch"":""2.14.0+cu130"",""warp"":""1.17.0""}","{""gpu_uuid"":""23074f79-c31a-f283-5a26-fe763902683e"",""host"":""a1u1g-mil-0678""}","{""JAX_DISABLE_JIT"":""<unset>"",""JAX_DISABLE_JIT_ACTUAL"":""False"",""JAX_ENABLE_X64"":""1"",""JAX_ENABLE_X64_ACTUAL"":""True"",""JAX_PLATFORMS"":""<unset>"",""TF_GPU_ALLOCATOR"":""<unset>"",""XLA_FLAGS"":""<unset>"",""XLA_PYTHON_CLIENT_ALLOCATOR"":""<unset>"",""XLA_PYTHON_CLIENT_MEM_FRACTION"":""0.95"",""XLA_PYTHON_CLIENT_PREALLOCATE"":""<unset>""}","{""artifacts"":{""nh3_pdb_1024"":{""bytes"":83199,""sha256"":""cb99e65c2024c8b1a80a7ea1f4ff5b23ef76a5d153a2caeb4a0e3077b5239135"",""state"":""file""},""nh3_pdb_128"":{""bytes"":10623,""sha256"":""4b48182856ba92449fa52b61bf2f95c6ce28937a3cb3da6aec4f131a1216c760"",""state"":""file""},""nh3_pdb_131072"":{""bytes"":10617087,""sha256"":""d454eb5e6e9fe717e1c12c22e3fc749189deae022de05b0f6f83f9f4501bbb52"",""state"":""file""},""nh3_pdb_16384"":{""bytes"":1327359,""sha256"":""07f5683974f6bdad6798104cf7de5ddb670704f71b7e28715d957805124196b8"",""state"":""file""},""nh3_pdb_2048"":{""bytes"":166143,""sha256"":""7171f9c4d6bf3c819f96ddd11877441961f43096057863d0607070d97c5e5a16"",""state"":""file""},""nh3_pdb_256"":{""bytes"":20991,""sha256"":""870d35ef9d654b395f8eefcd897e002ff41b1327475879ff5b955080ecb91ee0"",""state"":""file""},""nh3_pdb_32768"":{""bytes"":2654463,""sha256"":""a193ff7fc7793ae1c9121af48f694b9cff6974a63e67029053ab9312f86cb9cc"",""state"":""file""},""nh3_pdb_4096"":{""bytes"":332031,""sha256"":""e6d9ba2e0f95a04ebbeb61682dcf615982860aaa336140fee7ba55698f68175c"",""state"":""file""},""nh3_pdb_512"":{""bytes"":41727,""sha256"":""76e8d0d71fd3d49a1d14bb1fcd0689b08241620df41c90a904be29c85a67934e"",""state"":""file""},""nh3_pdb_65536"":{""bytes"":5308671,""sha256"":""a80e717b9abb39221c121bf3137135662e1b3c727e705e8f01e651720acd6dcc"",""state"":""file""},""nh3_pdb_8192"":{""bytes"":663807,""sha256"":""b0664469d3a8e84f71fbd848f1f0ffaca2cee3f4fd2100ed10f398e7c19a27e6"",""state"":""file""}},""metadata"":{""benchmark"":""el""}}",28ea42c8-c3b9-4a9c-96dc-b96a346325d0,,,64,64,64,135168,5,2ea885803eac9b4a97a7280c553809c7525d3f6ed823bd7d0ff0d04178e53e63,"{""batch_idx"":""int32"",""cell"":""float64"",""charges"":""float64"",""pbc"":""bool"",""positions"":""float64""}",capped_upstream_estimate,bounded_power_two_then_four_fft_snap,0.25,9.0,single_case,5779517f771cd31c95dc30de603249f8f59a1f8d3680da722ea0763b4d76684d,40.06832101799955,121,supported_jax_separate_collection
nh3,batch_scaling,pme,jax,256,32,8192,0.2533001855198336,3947884.988507832,nan,nan,10,3,jax_wall_block_until_ready,warmup_excluded,True,,,0.0001,5,arithmetic_mean,1.004199301682028,"[0.002077421100693755,0.0020749641000293194,0.002079301199410111,0.0020728830990265124,0.0020706060997326857]",,,,,not_measured,not_measured,shared_cell_k_squared,nan,nan,,energy_autograd,energy_forces_charge_gradients,True,True,False,0.09646306931972504,13.84500026702881,2.842170943040401e-14,0.3372060287522547,9.0,,592,2.0,319,2414976,2,"{""compute_capability"":""9.0"",""driver"":""unavailable"",""memory_bytes"":99996401664,""name"":""NVIDIA H100 NVL""}","{""cuda"":""13.0"",""git_head"":""unavailable"",""jax"":""0.10.1"",""jaxlib"":""0.10.1"",""nvalchemi_toolkit_ops"":""0.5.0"",""python"":""3.12.3"",""source_sha256"":""4dfd278da46af31f54f8b7671e891073f8b10f8fa2cb28e7cf92bfeddd543638"",""torch"":""2.14.0+cu130"",""warp"":""1.17.0""}","{""gpu_uuid"":""23074f79-c31a-f283-5a26-fe763902683e"",""host"":""a1u1g-mil-0678""}","{""JAX_DISABLE_JIT"":""<unset>"",""JAX_DISABLE_JIT_ACTUAL"":""False"",""JAX_ENABLE_X64"":""1"",""JAX_ENABLE_X64_ACTUAL"":""True"",""JAX_PLATFORMS"":""<unset>"",""TF_GPU_ALLOCATOR"":""<unset>"",""XLA_FLAGS"":""<unset>"",""XLA_PYTHON_CLIENT_ALLOCATOR"":""<unset>"",""XLA_PYTHON_CLIENT_MEM_FRACTION"":""0.95"",""XLA_PYTHON_CLIENT_PREALLOCATE"":""<unset>""}","{""artifacts"":{""nh3_pdb_1024"":{""bytes"":83199,""sha256"":""cb99e65c2024c8b1a80a7ea1f4ff5b23ef76a5d153a2caeb4a0e3077b5239135"",""state"":""file""},""nh3_pdb_128"":{""bytes"":10623,""sha256"":""4b48182856ba92449fa52b61bf2f95c6ce28937a3cb3da6aec4f131a1216c760"",""state"":""file""},""nh3_pdb_131072"":{""bytes"":10617087,""sha256"":""d454eb5e6e9fe717e1c12c22e3fc749189deae022de05b0f6f83f9f4501bbb52"",""state"":""file""},""nh3_pdb_16384"":{""bytes"":1327359,""sha256"":""07f5683974f6bdad6798104cf7de5ddb670704f71b7e28715d957805124196b8"",""state"":""file""},""nh3_pdb_2048"":{""bytes"":166143,""sha256"":""7171f9c4d6bf3c819f96ddd11877441961f43096057863d0607070d97c5e5a16"",""state"":""file""},""nh3_pdb_256"":{""bytes"":20991,""sha256"":""870d35ef9d654b395f8eefcd897e002ff41b1327475879ff5b955080ecb91ee0"",""state"":""file""},""nh3_pdb_32768"":{""bytes"":2654463,""sha256"":""a193ff7fc7793ae1c9121af48f694b9cff6974a63e67029053ab9312f86cb9cc"",""state"":""file""},""nh3_pdb_4096"":{""bytes"":332031,""sha256"":""e6d9ba2e0f95a04ebbeb61682dcf615982860aaa336140fee7ba55698f68175c"",""state"":""file""},""nh3_pdb_512"":{""bytes"":41727,""sha256"":""76e8d0d71fd3d49a1d14bb1fcd0689b08241620df41c90a904be29c85a67934e"",""state"":""file""},""nh3_pdb_65536"":{""bytes"":5308671,""sha256"":""a80e717b9abb39221c121bf3137135662e1b3c727e705e8f01e651720acd6dcc"",""state"":""file""},""nh3_pdb_8192"":{""bytes"":663807,""sha256"":""b0664469d3a8e84f71fbd848f1f0ffaca2cee3f4fd2100ed10f398e7c19a27e6"",""state"":""file""}},""metadata"":{""benchmark"":""el""}}",28ea42c8-c3b9-4a9c-96dc-b96a346325d0,,,20,20,20,4400,5,1a9e834e765c7138ce279a84e6bbbbd929fec016b867439c2ca4c1444c780f96,"{""batch_idx"":""int32"",""cell"":""float64"",""charges"":""float64"",""pbc"":""bool"",""positions"":""float64""}",capped_upstream_estimate,bounded_power_two_then_four_fft_snap,0.25,9.0,single_case,5779517f771cd31c95dc30de603249f8f59a1f8d3680da722ea0763b4d76684d,41.69745457499812,128,supported_jax_separate_collection
nh3,batch_scaling,pme,jax,8192,16,131072,0.12828850418200588,7794930.702296417,nan,nan,10,3,jax_wall_block_until_ready,warmup_excluded,True,,,0.0001,5,arithmetic_mean,1.0034634416774997,"[0.01677721310115885,0.016826365000451916,0.0168353200002457,0.016826388100162147,0.01680986789870076]",,,,,not_measured,not_measured,shared_cell_k_squared,nan,nan,,energy_autograd,energy_forces_charge_gradients,True,True,False,0.09645736962556839,43.95600128173828,9.094947017729282e-13,0.3372060287522547,9.0,,592,2.0,384,38972608,2,"{""compute_capability"":""9.0"",""driver"":""unavailable"",""memory_bytes"":99996401664,""name"":""NVIDIA H100 NVL""}","{""cuda"":""13.0"",""git_head"":""unavailable"",""jax"":""0.10.1"",""jaxlib"":""0.10.1"",""nvalchemi_toolkit_ops"":""0.5.0"",""python"":""3.12.3"",""source_sha256"":""4dfd278da46af31f54f8b7671e891073f8b10f8fa2cb28e7cf92bfeddd543638"",""torch"":""2.14.0+cu130"",""warp"":""1.17.0""}","{""gpu_uuid"":""23074f79-c31a-f283-5a26-fe763902683e"",""host"":""a1u1g-mil-0678""}","{""JAX_DISABLE_JIT"":""<unset>"",""JAX_DISABLE_JIT_ACTUAL"":""False"",""JAX_ENABLE_X64"":""1"",""JAX_ENABLE_X64_ACTUAL"":""True"",""JAX_PLATFORMS"":""<unset>"",""TF_GPU_ALLOCATOR"":""<unset>"",""XLA_FLAGS"":""<unset>"",""XLA_PYTHON_CLIENT_ALLOCATOR"":""<unset>"",""XLA_PYTHON_CLIENT_MEM_FRACTION"":""0.95"",""XLA_PYTHON_CLIENT_PREALLOCATE"":""<unset>""}","{""artifacts"":{""nh3_pdb_1024"":{""bytes"":83199,""sha256"":""cb99e65c2024c8b1a80a7ea1f4ff5b23ef76a5d153a2caeb4a0e3077b5239135"",""state"":""file""},""nh3_pdb_128"":{""bytes"":10623,""sha256"":""4b48182856ba92449fa52b61bf2f95c6ce28937a3cb3da6aec4f131a1216c760"",""state"":""file""},""nh3_pdb_131072"":{""bytes"":10617087,""sha256"":""d454eb5e6e9fe717e1c12c22e3fc749189deae022de05b0f6f83f9f4501bbb52"",""state"":""file""},""nh3_pdb_16384"":{""bytes"":1327359,""sha256"":""07f5683974f6bdad6798104cf7de5ddb670704f71b7e28715d957805124196b8"",""state"":""file""},""nh3_pdb_2048"":{""bytes"":166143,""sha256"":""7171f9c4d6bf3c819f96ddd11877441961f43096057863d0607070d97c5e5a16"",""state"":""file""},""nh3_pdb_256"":{""bytes"":20991,""sha256"":""870d35ef9d654b395f8eefcd897e002ff41b1327475879ff5b955080ecb91ee0"",""state"":""file""},""nh3_pdb_32768"":{""bytes"":2654463,""sha256"":""a193ff7fc7793ae1c9121af48f694b9cff6974a63e67029053ab9312f86cb9cc"",""state"":""file""},""nh3_pdb_4096"":{""bytes"":332031,""sha256"":""e6d9ba2e0f95a04ebbeb61682dcf615982860aaa336140fee7ba55698f68175c"",""state"":""file""},""nh3_pdb_512"":{""bytes"":41727,""sha256"":""76e8d0d71fd3d49a1d14bb1fcd0689b08241620df41c90a904be29c85a67934e"",""state"":""file""},""nh3_pdb_65536"":{""bytes"":5308671,""sha256"":""a80e717b9abb39221c121bf3137135662e1b3c727e705e8f01e651720acd6dcc"",""state"":""file""},""nh3_pdb_8192"":{""bytes"":663807,""sha256"":""b0664469d3a8e84f71fbd848f1f0ffaca2cee3f4fd2100ed10f398e7c19a27e6"",""state"":""file""}},""metadata"":{""benchmark"":""el""}}",28ea42c8-c3b9-4a9c-96dc-b96a346325d0,,,64,64,64,135168,5,c82165d0d68c2784db3d6c1201cd5bb2f921335c3b0fa14449fb166407207696,"{""batch_idx"":""int32"",""cell"":""float64"",""charges"":""float64"",""pbc"":""bool"",""positions"":""float64""}",capped_upstream_estimate,bounded_power_two_then_four_fft_snap,0.25,9.0,single_case,5779517f771cd31c95dc30de603249f8f59a1f8d3680da722ea0763b4d76684d,41.93020594900008,146,supported_jax_separate_collection
nh3,batch_scaling,ewald,jax,8192,1,8192,4.542855837392779,220125.84942028817,nan,nan,10,3,jax_wall_block_until_ready,warmup_excluded,True,,,1e-06,5,arithmetic_mean,1.002751563124583,"[0.03728801849938464,0.037185699699330145,0.03720208070008084,0.037213124500704,0.03718645170010859]",,,,,not_measured,not_measured,,nan,nan,4630,energy_autograd,energy_forces_charge_gradients,True,True,False,0.09645736962556839,43.95600128173828,9.094947017729282e-13,0.18104578414850428,20.5302885473489,1.345866184598588,7008,2.0,3752,28687624,2,"{""compute_capability"":""9.0"",""driver"":""unavailable"",""memory_bytes"":99996401664,""name"":""NVIDIA H100 NVL""}","{""cuda"":""13.0"",""git_head"":""unavailable"",""jax"":""0.10.1"",""jaxlib"":""0.10.1"",""nvalchemi_toolkit_ops"":""0.5.0"",""python"":""3.12.3"",""source_sha256"":""4dfd278da46af31f54f8b7671e891073f8b10f8fa2cb28e7cf92bfeddd543638"",""torch"":""2.14.0+cu130"",""warp"":""1.17.0""}","{""gpu_uuid"":""23074f79-c31a-f283-5a26-fe763902683e"",""host"":""a1u1g-mil-0678""}","{""JAX_DISABLE_JIT"":""<unset>"",""JAX_DISABLE_JIT_ACTUAL"":""False"",""JAX_ENABLE_X64"":""1"",""JAX_ENABLE_X64_ACTUAL"":""True"",""JAX_PLATFORMS"":""<unset>"",""TF_GPU_ALLOCATOR"":""<unset>"",""XLA_FLAGS"":""<unset>"",""XLA_PYTHON_CLIENT_ALLOCATOR"":""<unset>"",""XLA_PYTHON_CLIENT_MEM_FRACTION"":""0.95"",""XLA_PYTHON_CLIENT_PREALLOCATE"":""<unset>""}","{""artifacts"":{""nh3_pdb_1024"":{""bytes"":83199,""sha256"":""cb99e65c2024c8b1a80a7ea1f4ff5b23ef76a5d153a2caeb4a0e3077b5239135"",""state"":""file""},""nh3_pdb_128"":{""bytes"":10623,""sha256"":""4b48182856ba92449fa52b61bf2f95c6ce28937a3cb3da6aec4f131a1216c760"",""state"":""file""},""nh3_pdb_131072"":{""bytes"":10617087,""sha256"":""d454eb5e6e9fe717e1c12c22e3fc749189deae022de05b0f6f83f9f4501bbb52"",""state"":""file""},""nh3_pdb_16384"":{""bytes"":1327359,""sha256"":""07f5683974f6bdad6798104cf7de5ddb670704f71b7e28715d957805124196b8"",""state"":""file""},""nh3_pdb_2048"":{""bytes"":166143,""sha256"":""7171f9c4d6bf3c819f96ddd11877441961f43096057863d0607070d97c5e5a16"",""state"":""file""},""nh3_pdb_256"":{""bytes"":20991,""sha256"":""870d35ef9d654b395f8eefcd897e002ff41b1327475879ff5b955080ecb91ee0"",""state"":""file""},""nh3_pdb_32768"":{""bytes"":2654463,""sha256"":""a193ff7fc7793ae1c9121af48f694b9cff6974a63e67029053ab9312f86cb9cc"",""state"":""file""},""nh3_pdb_4096"":{""bytes"":332031,""sha256"":""e6d9ba2e0f95a04ebbeb61682dcf615982860aaa336140fee7ba55698f68175c"",""state"":""file""},""nh3_pdb_512"":{""bytes"":41727,""sha256"":""76e8d0d71fd3d49a1d14bb1fcd0689b08241620df41c90a904be29c85a67934e"",""state"":""file""},""nh3_pdb_65536"":{""bytes"":5308671,""sha256"":""a80e717b9abb39221c121bf3137135662e1b3c727e705e8f01e651720acd6dcc"",""state"":""file""},""nh3_pdb_8192"":{""bytes"":663807,""sha256"":""b0664469d3a8e84f71fbd848f1f0ffaca2cee3f4fd2100ed10f398e7c19a27e6"",""state"":""file""}},""metadata"":{""benchmark"":""el""}}",28ea42c8-c3b9-4a9c-96dc-b96a346325d0,,,,,,,,,,,,,,single_case,5779517f771cd31c95dc30de603249f8f59a1f8d3680da722ea0763b4d76684d,15.068246670009103,287,supported_jax_separate_collection
nh3,batch_scaling,ewald,jax,8192,8,65536,3.879446394043917,257768.73770837302,nan,nan,10,3,jax_wall_block_until_ready,warmup_excluded,True,,,1e-06,5,arithmetic_mean,1.0014226351958886,"[0.25408614890038733,0.25421518030052537,0.25444762079860084,0.25424294990079943,0.2542250944999978]",,,,,not_measured,not_measured,,nan,nan,4630,energy_autograd,energy_forces_charge_gradients,True,True,False,0.09645736962556839,43.95600128173828,9.094947017729282e-13,0.18104578414850428,20.5302885473489,1.345866184598588,7008,2.0,3752,229500992,2,"{""compute_capability"":""9.0"",""driver"":""unavailable"",""memory_bytes"":99996401664,""name"":""NVIDIA H100 NVL""}","{""cuda"":""13.0"",""git_head"":""unavailable"",""jax"":""0.10.1"",""jaxlib"":""0.10.1"",""nvalchemi_toolkit_ops"":""0.5.0"",""python"":""3.12.3"",""source_sha256"":""4dfd278da46af31f54f8b7671e891073f8b10f8fa2cb28e7cf92bfeddd543638"",""torch"":""2.14.0+cu130"",""warp"":""1.17.0""}","{""gpu_uuid"":""23074f79-c31a-f283-5a26-fe763902683e"",""host"":""a1u1g-mil-0678""}","{""JAX_DISABLE_JIT"":""<unset>"",""JAX_DISABLE_JIT_ACTUAL"":""False"",""JAX_ENABLE_X64"":""1"",""JAX_ENABLE_X64_ACTUAL"":""True"",""JAX_PLATFORMS"":""<unset>"",""TF_GPU_ALLOCATOR"":""<unset>"",""XLA_FLAGS"":""<unset>"",""XLA_PYTHON_CLIENT_ALLOCATOR"":""<unset>"",""XLA_PYTHON_CLIENT_MEM_FRACTION"":""0.95"",""XLA_PYTHON_CLIENT_PREALLOCATE"":""<unset>""}","{""artifacts"":{""nh3_pdb_1024"":{""bytes"":83199,""sha256"":""cb99e65c2024c8b1a80a7ea1f4ff5b23ef76a5d153a2caeb4a0e3077b5239135"",""state"":""file""},""nh3_pdb_128"":{""bytes"":10623,""sha256"":""4b48182856ba92449fa52b61bf2f95c6ce28937a3cb3da6aec4f131a1216c760"",""state"":""file""},""nh3_pdb_131072"":{""bytes"":10617087,""sha256"":""d454eb5e6e9fe717e1c12c22e3fc749189deae022de05b0f6f83f9f4501bbb52"",""state"":""file""},""nh3_pdb_16384"":{""bytes"":1327359,""sha256"":""07f5683974f6bdad6798104cf7de5ddb670704f71b7e28715d957805124196b8"",""state"":""file""},""nh3_pdb_2048"":{""bytes"":166143,""sha256"":""7171f9c4d6bf3c819f96ddd11877441961f43096057863d0607070d97c5e5a16"",""state"":""file""},""nh3_pdb_256"":{""bytes"":20991,""sha256"":""870d35ef9d654b395f8eefcd897e002ff41b1327475879ff5b955080ecb91ee0"",""state"":""file""},""nh3_pdb_32768"":{""bytes"":2654463,""sha256"":""a193ff7fc7793ae1c9121af48f694b9cff6974a63e67029053ab9312f86cb9cc"",""state"":""file""},""nh3_pdb_4096"":{""bytes"":332031,""sha256"":""e6d9ba2e0f95a04ebbeb61682dcf615982860aaa336140fee7ba55698f68175c"",""state"":""file""},""nh3_pdb_512"":{""bytes"":41727,""sha256"":""76e8d0d71fd3d49a1d14bb1fcd0689b08241620df41c90a904be29c85a67934e"",""state"":""file""},""nh3_pdb_65536"":{""bytes"":5308671,""sha256"":""a80e717b9abb39221c121bf3137135662e1b3c727e705e8f01e651720acd6dcc"",""state"":""file""},""nh3_pdb_8192"":{""bytes"":663807,""sha256"":""b0664469d3a8e84f71fbd848f1f0ffaca2cee3f4fd2100ed10f398e7c19a27e6"",""state"":""file""}},""metadata"":{""benchmark"":""el""}}",28ea42c8-c3b9-4a9c-96dc-b96a346325d0,,,,,,,,,,,,,,single_case,5779517f771cd31c95dc30de603249f8f59a1f8d3680da722ea0763b4d76684d,37.323037035006564,293,supported_jax_separate_collection
