system,scaling_mode,method,backend,atoms_per_system,batch_size,total_atoms,time_us_per_atom,throughput_atoms_per_sec,mem_delta_mb,mem_peak_gb,timing_runs,warmup_runs,timing_method,compile_policy,success,error,error_type,accuracy,timing_batches,timing_batch_aggregation,timing_batch_max_min_ratio,timing_batch_seconds_json,timing_batch_real_max_min_ratio,timing_batch_real_seconds_json,timing_batch_reciprocal_max_min_ratio,timing_batch_reciprocal_seconds_json,timing_method_real,timing_method_reciprocal,pme_cache_mode,time_real_us_per_atom,time_reciprocal_us_per_atom,num_k_vectors_per_system,derivative_contract,workload,compute_forces,compute_charge_gradients,component_profiled,atomic_density_atoms_per_angstrom3,minimum_cell_face_distance_angstrom,max_abs_net_charge_per_system,alpha,real_space_cutoff,reciprocal_space_cutoff,configured_max_neighbors,neighbor_capacity_safety_factor,observed_max_neighbors,observed_directed_neighbor_pairs,provenance_version,gpu_context,software_context,execution_context,runtime_context,input_context,run_id,cutoff,failure_stage,mesh_nx,mesh_ny,mesh_nz,reciprocal_grid_points,spline_order,pme_runtime_input_sha256,pme_runtime_dtype_signature,pme_cutoff_policy,pme_mesh_policy,pme_fft_padding_fraction,pme_max_real_space_cutoff,collection_process_scope,collection_script_sha256,collection_wall_seconds,collection_plan_index,collection_runtime_scope
nh3,system_size,ewald,torch,128,1,128,28.65065038204193,34903.22162553051,0.73486328125,0.0325474739074707,10,3,torch_cuda_events,warmup_excluded,True,,,0.0001,5,arithmetic_mean,1.063975966941633,"[0.0037721439361572268,0.003694316864013672,0.003545328140258789,0.0036393184661865233,0.0036853088378906254]",,,,,not_measured,not_measured,,nan,nan,364,energy_autograd,energy_forces_charge_gradients,True,True,False,0.09645736962556839,10.98900032043457,1.4210854715202004e-14,0.36209156829700856,8.381455202185013,2.1977902762219816,480,2.0,258,30278,2,"{""compute_capability"":""9.0"",""driver"":""unavailable"",""memory_bytes"":102132088832,""name"":""NVIDIA H100""}","{""cuda"":""13.0"",""git_head"":""7db753be5b014476cd3ab0207173a55d6730fb14"",""jax"":""0.11.2"",""jaxlib"":""0.11.2"",""nvalchemi_toolkit_ops"":""0.5.0"",""python"":""3.12.3"",""source_sha256"":""0796a4ffc622cdc7ab846f2e8cf88b0b52fccae4dcfe32a3140b3bb9818aab8e"",""torch"":""2.14.0+cu130"",""warp"":""1.17.0""}","{""gpu_uuid"":""e8b1f776-3e7d-8391-c1b5-79a044e95420"",""host"":""s4124-0117""}","{""JAX_DISABLE_JIT"":""<unset>"",""JAX_DISABLE_JIT_ACTUAL"":""<not-imported>"",""JAX_ENABLE_X64"":""1"",""JAX_ENABLE_X64_ACTUAL"":""<not-imported>"",""JAX_PLATFORMS"":""<unset>"",""TF_GPU_ALLOCATOR"":""<unset>"",""XLA_FLAGS"":""<unset>"",""XLA_PYTHON_CLIENT_ALLOCATOR"":""<unset>"",""XLA_PYTHON_CLIENT_MEM_FRACTION"":""0.95"",""XLA_PYTHON_CLIENT_PREALLOCATE"":""<unset>""}","{""artifacts"":{""nh3_pdb_1024"":{""bytes"":83199,""sha256"":""cb99e65c2024c8b1a80a7ea1f4ff5b23ef76a5d153a2caeb4a0e3077b5239135"",""state"":""file""},""nh3_pdb_128"":{""bytes"":10623,""sha256"":""4b48182856ba92449fa52b61bf2f95c6ce28937a3cb3da6aec4f131a1216c760"",""state"":""file""},""nh3_pdb_131072"":{""bytes"":10617087,""sha256"":""d454eb5e6e9fe717e1c12c22e3fc749189deae022de05b0f6f83f9f4501bbb52"",""state"":""file""},""nh3_pdb_16384"":{""bytes"":1327359,""sha256"":""07f5683974f6bdad6798104cf7de5ddb670704f71b7e28715d957805124196b8"",""state"":""file""},""nh3_pdb_2048"":{""bytes"":166143,""sha256"":""7171f9c4d6bf3c819f96ddd11877441961f43096057863d0607070d97c5e5a16"",""state"":""file""},""nh3_pdb_256"":{""bytes"":20991,""sha256"":""870d35ef9d654b395f8eefcd897e002ff41b1327475879ff5b955080ecb91ee0"",""state"":""file""},""nh3_pdb_32768"":{""bytes"":2654463,""sha256"":""a193ff7fc7793ae1c9121af48f694b9cff6974a63e67029053ab9312f86cb9cc"",""state"":""file""},""nh3_pdb_4096"":{""bytes"":332031,""sha256"":""e6d9ba2e0f95a04ebbeb61682dcf615982860aaa336140fee7ba55698f68175c"",""state"":""file""},""nh3_pdb_512"":{""bytes"":41727,""sha256"":""76e8d0d71fd3d49a1d14bb1fcd0689b08241620df41c90a904be29c85a67934e"",""state"":""file""},""nh3_pdb_65536"":{""bytes"":5308671,""sha256"":""a80e717b9abb39221c121bf3137135662e1b3c727e705e8f01e651720acd6dcc"",""state"":""file""},""nh3_pdb_8192"":{""bytes"":663807,""sha256"":""b0664469d3a8e84f71fbd848f1f0ffaca2cee3f4fd2100ed10f398e7c19a27e6"",""state"":""file""}},""metadata"":{""benchmark"":""el""}}",da2e3992-31bf-4906-ae02-d3747f02a55a,,,,,,,,,,,,,,,,,,
nh3,system_size,ewald,torch,256,1,256,14.274314939975739,70055.9014008766,2.64208984375,0.03546142578125,10,3,torch_cuda_events,warmup_excluded,True,,,0.0001,5,arithmetic_mean,1.0358956355703177,"[0.0036633407592773434,0.003681907272338867,0.003607830429077148,0.003594508743286133,0.003723535919189453]",,,,,not_measured,not_measured,,nan,nan,665,energy_autograd,energy_forces_charge_gradients,True,True,False,0.09646306931972504,13.84500026702881,2.842170943040401e-14,0.32259326452181164,9.40768017357379,1.9580470853692633,688,2.0,362,86142,2,"{""compute_capability"":""9.0"",""driver"":""unavailable"",""memory_bytes"":102132088832,""name"":""NVIDIA H100""}","{""cuda"":""13.0"",""git_head"":""7db753be5b014476cd3ab0207173a55d6730fb14"",""jax"":""0.11.2"",""jaxlib"":""0.11.2"",""nvalchemi_toolkit_ops"":""0.5.0"",""python"":""3.12.3"",""source_sha256"":""0796a4ffc622cdc7ab846f2e8cf88b0b52fccae4dcfe32a3140b3bb9818aab8e"",""torch"":""2.14.0+cu130"",""warp"":""1.17.0""}","{""gpu_uuid"":""e8b1f776-3e7d-8391-c1b5-79a044e95420"",""host"":""s4124-0117""}","{""JAX_DISABLE_JIT"":""<unset>"",""JAX_DISABLE_JIT_ACTUAL"":""<not-imported>"",""JAX_ENABLE_X64"":""1"",""JAX_ENABLE_X64_ACTUAL"":""<not-imported>"",""JAX_PLATFORMS"":""<unset>"",""TF_GPU_ALLOCATOR"":""<unset>"",""XLA_FLAGS"":""<unset>"",""XLA_PYTHON_CLIENT_ALLOCATOR"":""<unset>"",""XLA_PYTHON_CLIENT_MEM_FRACTION"":""0.95"",""XLA_PYTHON_CLIENT_PREALLOCATE"":""<unset>""}","{""artifacts"":{""nh3_pdb_1024"":{""bytes"":83199,""sha256"":""cb99e65c2024c8b1a80a7ea1f4ff5b23ef76a5d153a2caeb4a0e3077b5239135"",""state"":""file""},""nh3_pdb_128"":{""bytes"":10623,""sha256"":""4b48182856ba92449fa52b61bf2f95c6ce28937a3cb3da6aec4f131a1216c760"",""state"":""file""},""nh3_pdb_131072"":{""bytes"":10617087,""sha256"":""d454eb5e6e9fe717e1c12c22e3fc749189deae022de05b0f6f83f9f4501bbb52"",""state"":""file""},""nh3_pdb_16384"":{""bytes"":1327359,""sha256"":""07f5683974f6bdad6798104cf7de5ddb670704f71b7e28715d957805124196b8"",""state"":""file""},""nh3_pdb_2048"":{""bytes"":166143,""sha256"":""7171f9c4d6bf3c819f96ddd11877441961f43096057863d0607070d97c5e5a16"",""state"":""file""},""nh3_pdb_256"":{""bytes"":20991,""sha256"":""870d35ef9d654b395f8eefcd897e002ff41b1327475879ff5b955080ecb91ee0"",""state"":""file""},""nh3_pdb_32768"":{""bytes"":2654463,""sha256"":""a193ff7fc7793ae1c9121af48f694b9cff6974a63e67029053ab9312f86cb9cc"",""state"":""file""},""nh3_pdb_4096"":{""bytes"":332031,""sha256"":""e6d9ba2e0f95a04ebbeb61682dcf615982860aaa336140fee7ba55698f68175c"",""state"":""file""},""nh3_pdb_512"":{""bytes"":41727,""sha256"":""76e8d0d71fd3d49a1d14bb1fcd0689b08241620df41c90a904be29c85a67934e"",""state"":""file""},""nh3_pdb_65536"":{""bytes"":5308671,""sha256"":""a80e717b9abb39221c121bf3137135662e1b3c727e705e8f01e651720acd6dcc"",""state"":""file""},""nh3_pdb_8192"":{""bytes"":663807,""sha256"":""b0664469d3a8e84f71fbd848f1f0ffaca2cee3f4fd2100ed10f398e7c19a27e6"",""state"":""file""}},""metadata"":{""benchmark"":""el""}}",da2e3992-31bf-4906-ae02-d3747f02a55a,,,,,,,,,,,,,,,,,,
nh3,system_size,ewald,torch,512,1,512,7.232997417449951,138255.2684987074,5.27099609375,0.040976524353027344,10,3,torch_cuda_events,warmup_excluded,True,,,0.0001,5,arithmetic_mean,1.0804989394444726,"[0.003899062347412109,0.0036933471679687505,0.003673833465576172,0.003608575820922852,0.0036416545867919924]",,,,,not_measured,not_measured,,nan,nan,665,energy_autograd,energy_forces_charge_gradients,True,True,False,0.09645654261112213,17.444000244140625,5.684341886080802e-14,0.287391451450245,10.560001849239784,1.7443823407359036,960,2.0,511,243862,2,"{""compute_capability"":""9.0"",""driver"":""unavailable"",""memory_bytes"":102132088832,""name"":""NVIDIA H100""}","{""cuda"":""13.0"",""git_head"":""7db753be5b014476cd3ab0207173a55d6730fb14"",""jax"":""0.11.2"",""jaxlib"":""0.11.2"",""nvalchemi_toolkit_ops"":""0.5.0"",""python"":""3.12.3"",""source_sha256"":""0796a4ffc622cdc7ab846f2e8cf88b0b52fccae4dcfe32a3140b3bb9818aab8e"",""torch"":""2.14.0+cu130"",""warp"":""1.17.0""}","{""gpu_uuid"":""e8b1f776-3e7d-8391-c1b5-79a044e95420"",""host"":""s4124-0117""}","{""JAX_DISABLE_JIT"":""<unset>"",""JAX_DISABLE_JIT_ACTUAL"":""<not-imported>"",""JAX_ENABLE_X64"":""1"",""JAX_ENABLE_X64_ACTUAL"":""<not-imported>"",""JAX_PLATFORMS"":""<unset>"",""TF_GPU_ALLOCATOR"":""<unset>"",""XLA_FLAGS"":""<unset>"",""XLA_PYTHON_CLIENT_ALLOCATOR"":""<unset>"",""XLA_PYTHON_CLIENT_MEM_FRACTION"":""0.95"",""XLA_PYTHON_CLIENT_PREALLOCATE"":""<unset>""}","{""artifacts"":{""nh3_pdb_1024"":{""bytes"":83199,""sha256"":""cb99e65c2024c8b1a80a7ea1f4ff5b23ef76a5d153a2caeb4a0e3077b5239135"",""state"":""file""},""nh3_pdb_128"":{""bytes"":10623,""sha256"":""4b48182856ba92449fa52b61bf2f95c6ce28937a3cb3da6aec4f131a1216c760"",""state"":""file""},""nh3_pdb_131072"":{""bytes"":10617087,""sha256"":""d454eb5e6e9fe717e1c12c22e3fc749189deae022de05b0f6f83f9f4501bbb52"",""state"":""file""},""nh3_pdb_16384"":{""bytes"":1327359,""sha256"":""07f5683974f6bdad6798104cf7de5ddb670704f71b7e28715d957805124196b8"",""state"":""file""},""nh3_pdb_2048"":{""bytes"":166143,""sha256"":""7171f9c4d6bf3c819f96ddd11877441961f43096057863d0607070d97c5e5a16"",""state"":""file""},""nh3_pdb_256"":{""bytes"":20991,""sha256"":""870d35ef9d654b395f8eefcd897e002ff41b1327475879ff5b955080ecb91ee0"",""state"":""file""},""nh3_pdb_32768"":{""bytes"":2654463,""sha256"":""a193ff7fc7793ae1c9121af48f694b9cff6974a63e67029053ab9312f86cb9cc"",""state"":""file""},""nh3_pdb_4096"":{""bytes"":332031,""sha256"":""e6d9ba2e0f95a04ebbeb61682dcf615982860aaa336140fee7ba55698f68175c"",""state"":""file""},""nh3_pdb_512"":{""bytes"":41727,""sha256"":""76e8d0d71fd3d49a1d14bb1fcd0689b08241620df41c90a904be29c85a67934e"",""state"":""file""},""nh3_pdb_65536"":{""bytes"":5308671,""sha256"":""a80e717b9abb39221c121bf3137135662e1b3c727e705e8f01e651720acd6dcc"",""state"":""file""},""nh3_pdb_8192"":{""bytes"":663807,""sha256"":""b0664469d3a8e84f71fbd848f1f0ffaca2cee3f4fd2100ed10f398e7c19a27e6"",""state"":""file""}},""metadata"":{""benchmark"":""el""}}",da2e3992-31bf-4906-ae02-d3747f02a55a,,,,,,,,,,,,,,,,,,
nh3,system_size,ewald,torch,1024,1,1024,3.6679281294345856,272633.4771870655,17.30126953125,0.06103372573852539,10,3,torch_cuda_events,warmup_excluded,True,,,0.0001,5,arithmetic_mean,1.0286214432897849,"[0.003699603271484375,0.0037210624694824215,0.0037670654296875,0.003786569595336914,0.0038054912567138674]",,,,,not_measured,not_measured,,nan,nan,1098,energy_autograd,energy_forces_charge_gradients,True,True,False,0.09645736962556839,21.97800064086914,1.1368683772161603e-13,0.2560374033532867,11.853167619352577,1.5540724079424184,1360,2.0,723,688420,2,"{""compute_capability"":""9.0"",""driver"":""unavailable"",""memory_bytes"":102132088832,""name"":""NVIDIA H100""}","{""cuda"":""13.0"",""git_head"":""7db753be5b014476cd3ab0207173a55d6730fb14"",""jax"":""0.11.2"",""jaxlib"":""0.11.2"",""nvalchemi_toolkit_ops"":""0.5.0"",""python"":""3.12.3"",""source_sha256"":""0796a4ffc622cdc7ab846f2e8cf88b0b52fccae4dcfe32a3140b3bb9818aab8e"",""torch"":""2.14.0+cu130"",""warp"":""1.17.0""}","{""gpu_uuid"":""e8b1f776-3e7d-8391-c1b5-79a044e95420"",""host"":""s4124-0117""}","{""JAX_DISABLE_JIT"":""<unset>"",""JAX_DISABLE_JIT_ACTUAL"":""<not-imported>"",""JAX_ENABLE_X64"":""1"",""JAX_ENABLE_X64_ACTUAL"":""<not-imported>"",""JAX_PLATFORMS"":""<unset>"",""TF_GPU_ALLOCATOR"":""<unset>"",""XLA_FLAGS"":""<unset>"",""XLA_PYTHON_CLIENT_ALLOCATOR"":""<unset>"",""XLA_PYTHON_CLIENT_MEM_FRACTION"":""0.95"",""XLA_PYTHON_CLIENT_PREALLOCATE"":""<unset>""}","{""artifacts"":{""nh3_pdb_1024"":{""bytes"":83199,""sha256"":""cb99e65c2024c8b1a80a7ea1f4ff5b23ef76a5d153a2caeb4a0e3077b5239135"",""state"":""file""},""nh3_pdb_128"":{""bytes"":10623,""sha256"":""4b48182856ba92449fa52b61bf2f95c6ce28937a3cb3da6aec4f131a1216c760"",""state"":""file""},""nh3_pdb_131072"":{""bytes"":10617087,""sha256"":""d454eb5e6e9fe717e1c12c22e3fc749189deae022de05b0f6f83f9f4501bbb52"",""state"":""file""},""nh3_pdb_16384"":{""bytes"":1327359,""sha256"":""07f5683974f6bdad6798104cf7de5ddb670704f71b7e28715d957805124196b8"",""state"":""file""},""nh3_pdb_2048"":{""bytes"":166143,""sha256"":""7171f9c4d6bf3c819f96ddd11877441961f43096057863d0607070d97c5e5a16"",""state"":""file""},""nh3_pdb_256"":{""bytes"":20991,""sha256"":""870d35ef9d654b395f8eefcd897e002ff41b1327475879ff5b955080ecb91ee0"",""state"":""file""},""nh3_pdb_32768"":{""bytes"":2654463,""sha256"":""a193ff7fc7793ae1c9121af48f694b9cff6974a63e67029053ab9312f86cb9cc"",""state"":""file""},""nh3_pdb_4096"":{""bytes"":332031,""sha256"":""e6d9ba2e0f95a04ebbeb61682dcf615982860aaa336140fee7ba55698f68175c"",""state"":""file""},""nh3_pdb_512"":{""bytes"":41727,""sha256"":""76e8d0d71fd3d49a1d14bb1fcd0689b08241620df41c90a904be29c85a67934e"",""state"":""file""},""nh3_pdb_65536"":{""bytes"":5308671,""sha256"":""a80e717b9abb39221c121bf3137135662e1b3c727e705e8f01e651720acd6dcc"",""state"":""file""},""nh3_pdb_8192"":{""bytes"":663807,""sha256"":""b0664469d3a8e84f71fbd848f1f0ffaca2cee3f4fd2100ed10f398e7c19a27e6"",""state"":""file""}},""metadata"":{""benchmark"":""el""}}",da2e3992-31bf-4906-ae02-d3747f02a55a,,,,,,,,,,,,,,,,,,
nh3,system_size,ewald,torch,2048,1,2048,1.8018659204244611,554980.2505640555,52.99755859375,0.11946868896484375,10,3,torch_cuda_events,warmup_excluded,True,,,0.0001,5,arithmetic_mean,1.0323019900051063,"[0.0037337665557861327,0.003634592056274414,0.0036409278869628907,0.003751996612548828,0.003689823913574219]",,,,,not_measured,not_measured,,nan,nan,1687,energy_autograd,energy_forces_charge_gradients,True,True,False,0.09645262360572815,27.69099998474121,2.2737367544323206e-13,0.22809965181535707,13.304949107186523,1.384498399471715,1904,2.0,1047,1951352,2,"{""compute_capability"":""9.0"",""driver"":""unavailable"",""memory_bytes"":102132088832,""name"":""NVIDIA H100""}","{""cuda"":""13.0"",""git_head"":""7db753be5b014476cd3ab0207173a55d6730fb14"",""jax"":""0.11.2"",""jaxlib"":""0.11.2"",""nvalchemi_toolkit_ops"":""0.5.0"",""python"":""3.12.3"",""source_sha256"":""0796a4ffc622cdc7ab846f2e8cf88b0b52fccae4dcfe32a3140b3bb9818aab8e"",""torch"":""2.14.0+cu130"",""warp"":""1.17.0""}","{""gpu_uuid"":""e8b1f776-3e7d-8391-c1b5-79a044e95420"",""host"":""s4124-0117""}","{""JAX_DISABLE_JIT"":""<unset>"",""JAX_DISABLE_JIT_ACTUAL"":""<not-imported>"",""JAX_ENABLE_X64"":""1"",""JAX_ENABLE_X64_ACTUAL"":""<not-imported>"",""JAX_PLATFORMS"":""<unset>"",""TF_GPU_ALLOCATOR"":""<unset>"",""XLA_FLAGS"":""<unset>"",""XLA_PYTHON_CLIENT_ALLOCATOR"":""<unset>"",""XLA_PYTHON_CLIENT_MEM_FRACTION"":""0.95"",""XLA_PYTHON_CLIENT_PREALLOCATE"":""<unset>""}","{""artifacts"":{""nh3_pdb_1024"":{""bytes"":83199,""sha256"":""cb99e65c2024c8b1a80a7ea1f4ff5b23ef76a5d153a2caeb4a0e3077b5239135"",""state"":""file""},""nh3_pdb_128"":{""bytes"":10623,""sha256"":""4b48182856ba92449fa52b61bf2f95c6ce28937a3cb3da6aec4f131a1216c760"",""state"":""file""},""nh3_pdb_131072"":{""bytes"":10617087,""sha256"":""d454eb5e6e9fe717e1c12c22e3fc749189deae022de05b0f6f83f9f4501bbb52"",""state"":""file""},""nh3_pdb_16384"":{""bytes"":1327359,""sha256"":""07f5683974f6bdad6798104cf7de5ddb670704f71b7e28715d957805124196b8"",""state"":""file""},""nh3_pdb_2048"":{""bytes"":166143,""sha256"":""7171f9c4d6bf3c819f96ddd11877441961f43096057863d0607070d97c5e5a16"",""state"":""file""},""nh3_pdb_256"":{""bytes"":20991,""sha256"":""870d35ef9d654b395f8eefcd897e002ff41b1327475879ff5b955080ecb91ee0"",""state"":""file""},""nh3_pdb_32768"":{""bytes"":2654463,""sha256"":""a193ff7fc7793ae1c9121af48f694b9cff6974a63e67029053ab9312f86cb9cc"",""state"":""file""},""nh3_pdb_4096"":{""bytes"":332031,""sha256"":""e6d9ba2e0f95a04ebbeb61682dcf615982860aaa336140fee7ba55698f68175c"",""state"":""file""},""nh3_pdb_512"":{""bytes"":41727,""sha256"":""76e8d0d71fd3d49a1d14bb1fcd0689b08241620df41c90a904be29c85a67934e"",""state"":""file""},""nh3_pdb_65536"":{""bytes"":5308671,""sha256"":""a80e717b9abb39221c121bf3137135662e1b3c727e705e8f01e651720acd6dcc"",""state"":""file""},""nh3_pdb_8192"":{""bytes"":663807,""sha256"":""b0664469d3a8e84f71fbd848f1f0ffaca2cee3f4fd2100ed10f398e7c19a27e6"",""state"":""file""}},""metadata"":{""benchmark"":""el""}}",da2e3992-31bf-4906-ae02-d3747f02a55a,,,,,,,,,,,,,,,,,,
nh3,system_size,ewald,torch,4096,1,4096,0.8919484540820122,1121141.020451898,105.96630859375,0.23769569396972656,10,3,torch_cuda_events,warmup_excluded,True,,,0.0001,5,arithmetic_mean,1.0795211392311668,"[0.003606633758544922,0.003772883224487305,0.003723168182373047,0.0036694591522216796,0.003494960021972656]",,,,,not_measured,not_measured,,nan,nan,1687,energy_autograd,energy_forces_charge_gradients,True,True,False,0.09645654261112213,34.88800048828125,4.547473508864641e-13,0.20321644417551266,14.934097833879868,1.23346458211642,2704,2.0,1474,5517402,2,"{""compute_capability"":""9.0"",""driver"":""unavailable"",""memory_bytes"":102132088832,""name"":""NVIDIA H100""}","{""cuda"":""13.0"",""git_head"":""7db753be5b014476cd3ab0207173a55d6730fb14"",""jax"":""0.11.2"",""jaxlib"":""0.11.2"",""nvalchemi_toolkit_ops"":""0.5.0"",""python"":""3.12.3"",""source_sha256"":""0796a4ffc622cdc7ab846f2e8cf88b0b52fccae4dcfe32a3140b3bb9818aab8e"",""torch"":""2.14.0+cu130"",""warp"":""1.17.0""}","{""gpu_uuid"":""e8b1f776-3e7d-8391-c1b5-79a044e95420"",""host"":""s4124-0117""}","{""JAX_DISABLE_JIT"":""<unset>"",""JAX_DISABLE_JIT_ACTUAL"":""<not-imported>"",""JAX_ENABLE_X64"":""1"",""JAX_ENABLE_X64_ACTUAL"":""<not-imported>"",""JAX_PLATFORMS"":""<unset>"",""TF_GPU_ALLOCATOR"":""<unset>"",""XLA_FLAGS"":""<unset>"",""XLA_PYTHON_CLIENT_ALLOCATOR"":""<unset>"",""XLA_PYTHON_CLIENT_MEM_FRACTION"":""0.95"",""XLA_PYTHON_CLIENT_PREALLOCATE"":""<unset>""}","{""artifacts"":{""nh3_pdb_1024"":{""bytes"":83199,""sha256"":""cb99e65c2024c8b1a80a7ea1f4ff5b23ef76a5d153a2caeb4a0e3077b5239135"",""state"":""file""},""nh3_pdb_128"":{""bytes"":10623,""sha256"":""4b48182856ba92449fa52b61bf2f95c6ce28937a3cb3da6aec4f131a1216c760"",""state"":""file""},""nh3_pdb_131072"":{""bytes"":10617087,""sha256"":""d454eb5e6e9fe717e1c12c22e3fc749189deae022de05b0f6f83f9f4501bbb52"",""state"":""file""},""nh3_pdb_16384"":{""bytes"":1327359,""sha256"":""07f5683974f6bdad6798104cf7de5ddb670704f71b7e28715d957805124196b8"",""state"":""file""},""nh3_pdb_2048"":{""bytes"":166143,""sha256"":""7171f9c4d6bf3c819f96ddd11877441961f43096057863d0607070d97c5e5a16"",""state"":""file""},""nh3_pdb_256"":{""bytes"":20991,""sha256"":""870d35ef9d654b395f8eefcd897e002ff41b1327475879ff5b955080ecb91ee0"",""state"":""file""},""nh3_pdb_32768"":{""bytes"":2654463,""sha256"":""a193ff7fc7793ae1c9121af48f694b9cff6974a63e67029053ab9312f86cb9cc"",""state"":""file""},""nh3_pdb_4096"":{""bytes"":332031,""sha256"":""e6d9ba2e0f95a04ebbeb61682dcf615982860aaa336140fee7ba55698f68175c"",""state"":""file""},""nh3_pdb_512"":{""bytes"":41727,""sha256"":""76e8d0d71fd3d49a1d14bb1fcd0689b08241620df41c90a904be29c85a67934e"",""state"":""file""},""nh3_pdb_65536"":{""bytes"":5308671,""sha256"":""a80e717b9abb39221c121bf3137135662e1b3c727e705e8f01e651720acd6dcc"",""state"":""file""},""nh3_pdb_8192"":{""bytes"":663807,""sha256"":""b0664469d3a8e84f71fbd848f1f0ffaca2cee3f4fd2100ed10f398e7c19a27e6"",""state"":""file""}},""metadata"":{""benchmark"":""el""}}",da2e3992-31bf-4906-ae02-d3747f02a55a,,,,,,,,,,,,,,,,,,
nh3,system_size,ewald,torch,8192,1,8192,0.594449145719409,1682229.6864263956,308.04052734375,0.6242637634277344,10,3,torch_cuda_events,warmup_excluded,True,,,0.0001,5,arithmetic_mean,1.0010281432266206,"[0.004867884826660156,0.004872889709472656,0.004868255996704101,0.004868979263305664,0.0048706272125244145]",,,,,not_measured,not_measured,,nan,nan,2456,energy_autograd,energy_forces_charge_gradients,True,True,False,0.09645736962556839,43.95600128173828,9.094947017729282e-13,0.18104578414850428,16.762910404370025,1.0988951381109908,3808,2.0,2132,15626786,2,"{""compute_capability"":""9.0"",""driver"":""unavailable"",""memory_bytes"":102132088832,""name"":""NVIDIA H100""}","{""cuda"":""13.0"",""git_head"":""7db753be5b014476cd3ab0207173a55d6730fb14"",""jax"":""0.11.2"",""jaxlib"":""0.11.2"",""nvalchemi_toolkit_ops"":""0.5.0"",""python"":""3.12.3"",""source_sha256"":""0796a4ffc622cdc7ab846f2e8cf88b0b52fccae4dcfe32a3140b3bb9818aab8e"",""torch"":""2.14.0+cu130"",""warp"":""1.17.0""}","{""gpu_uuid"":""e8b1f776-3e7d-8391-c1b5-79a044e95420"",""host"":""s4124-0117""}","{""JAX_DISABLE_JIT"":""<unset>"",""JAX_DISABLE_JIT_ACTUAL"":""<not-imported>"",""JAX_ENABLE_X64"":""1"",""JAX_ENABLE_X64_ACTUAL"":""<not-imported>"",""JAX_PLATFORMS"":""<unset>"",""TF_GPU_ALLOCATOR"":""<unset>"",""XLA_FLAGS"":""<unset>"",""XLA_PYTHON_CLIENT_ALLOCATOR"":""<unset>"",""XLA_PYTHON_CLIENT_MEM_FRACTION"":""0.95"",""XLA_PYTHON_CLIENT_PREALLOCATE"":""<unset>""}","{""artifacts"":{""nh3_pdb_1024"":{""bytes"":83199,""sha256"":""cb99e65c2024c8b1a80a7ea1f4ff5b23ef76a5d153a2caeb4a0e3077b5239135"",""state"":""file""},""nh3_pdb_128"":{""bytes"":10623,""sha256"":""4b48182856ba92449fa52b61bf2f95c6ce28937a3cb3da6aec4f131a1216c760"",""state"":""file""},""nh3_pdb_131072"":{""bytes"":10617087,""sha256"":""d454eb5e6e9fe717e1c12c22e3fc749189deae022de05b0f6f83f9f4501bbb52"",""state"":""file""},""nh3_pdb_16384"":{""bytes"":1327359,""sha256"":""07f5683974f6bdad6798104cf7de5ddb670704f71b7e28715d957805124196b8"",""state"":""file""},""nh3_pdb_2048"":{""bytes"":166143,""sha256"":""7171f9c4d6bf3c819f96ddd11877441961f43096057863d0607070d97c5e5a16"",""state"":""file""},""nh3_pdb_256"":{""bytes"":20991,""sha256"":""870d35ef9d654b395f8eefcd897e002ff41b1327475879ff5b955080ecb91ee0"",""state"":""file""},""nh3_pdb_32768"":{""bytes"":2654463,""sha256"":""a193ff7fc7793ae1c9121af48f694b9cff6974a63e67029053ab9312f86cb9cc"",""state"":""file""},""nh3_pdb_4096"":{""bytes"":332031,""sha256"":""e6d9ba2e0f95a04ebbeb61682dcf615982860aaa336140fee7ba55698f68175c"",""state"":""file""},""nh3_pdb_512"":{""bytes"":41727,""sha256"":""76e8d0d71fd3d49a1d14bb1fcd0689b08241620df41c90a904be29c85a67934e"",""state"":""file""},""nh3_pdb_65536"":{""bytes"":5308671,""sha256"":""a80e717b9abb39221c121bf3137135662e1b3c727e705e8f01e651720acd6dcc"",""state"":""file""},""nh3_pdb_8192"":{""bytes"":663807,""sha256"":""b0664469d3a8e84f71fbd848f1f0ffaca2cee3f4fd2100ed10f398e7c19a27e6"",""state"":""file""}},""metadata"":{""benchmark"":""el""}}",da2e3992-31bf-4906-ae02-d3747f02a55a,,,,,,,,,,,,,,,,,,
nh3,system_size,ewald,torch,16384,1,16384,0.4373880475759507,2286299.329719004,859.30517578125,1.6949539184570312,10,3,torch_cuda_events,warmup_excluded,True,,,0.0001,5,arithmetic_mean,1.0017637546971117,"[0.00717201919555664,0.007161283111572265,0.007166780853271484,0.007171353912353516,0.007159391784667969]",,,,,not_measured,not_measured,,nan,nan,3429,energy_autograd,energy_forces_charge_gradients,True,True,False,0.096457839012146,55.38100051879883,1.8189894035458565e-12,0.16129372137038628,18.81569991060728,0.9790058744276514,5392,2.0,3025,44181892,2,"{""compute_capability"":""9.0"",""driver"":""unavailable"",""memory_bytes"":102132088832,""name"":""NVIDIA H100""}","{""cuda"":""13.0"",""git_head"":""7db753be5b014476cd3ab0207173a55d6730fb14"",""jax"":""0.11.2"",""jaxlib"":""0.11.2"",""nvalchemi_toolkit_ops"":""0.5.0"",""python"":""3.12.3"",""source_sha256"":""0796a4ffc622cdc7ab846f2e8cf88b0b52fccae4dcfe32a3140b3bb9818aab8e"",""torch"":""2.14.0+cu130"",""warp"":""1.17.0""}","{""gpu_uuid"":""e8b1f776-3e7d-8391-c1b5-79a044e95420"",""host"":""s4124-0117""}","{""JAX_DISABLE_JIT"":""<unset>"",""JAX_DISABLE_JIT_ACTUAL"":""<not-imported>"",""JAX_ENABLE_X64"":""1"",""JAX_ENABLE_X64_ACTUAL"":""<not-imported>"",""JAX_PLATFORMS"":""<unset>"",""TF_GPU_ALLOCATOR"":""<unset>"",""XLA_FLAGS"":""<unset>"",""XLA_PYTHON_CLIENT_ALLOCATOR"":""<unset>"",""XLA_PYTHON_CLIENT_MEM_FRACTION"":""0.95"",""XLA_PYTHON_CLIENT_PREALLOCATE"":""<unset>""}","{""artifacts"":{""nh3_pdb_1024"":{""bytes"":83199,""sha256"":""cb99e65c2024c8b1a80a7ea1f4ff5b23ef76a5d153a2caeb4a0e3077b5239135"",""state"":""file""},""nh3_pdb_128"":{""bytes"":10623,""sha256"":""4b48182856ba92449fa52b61bf2f95c6ce28937a3cb3da6aec4f131a1216c760"",""state"":""file""},""nh3_pdb_131072"":{""bytes"":10617087,""sha256"":""d454eb5e6e9fe717e1c12c22e3fc749189deae022de05b0f6f83f9f4501bbb52"",""state"":""file""},""nh3_pdb_16384"":{""bytes"":1327359,""sha256"":""07f5683974f6bdad6798104cf7de5ddb670704f71b7e28715d957805124196b8"",""state"":""file""},""nh3_pdb_2048"":{""bytes"":166143,""sha256"":""7171f9c4d6bf3c819f96ddd11877441961f43096057863d0607070d97c5e5a16"",""state"":""file""},""nh3_pdb_256"":{""bytes"":20991,""sha256"":""870d35ef9d654b395f8eefcd897e002ff41b1327475879ff5b955080ecb91ee0"",""state"":""file""},""nh3_pdb_32768"":{""bytes"":2654463,""sha256"":""a193ff7fc7793ae1c9121af48f694b9cff6974a63e67029053ab9312f86cb9cc"",""state"":""file""},""nh3_pdb_4096"":{""bytes"":332031,""sha256"":""e6d9ba2e0f95a04ebbeb61682dcf615982860aaa336140fee7ba55698f68175c"",""state"":""file""},""nh3_pdb_512"":{""bytes"":41727,""sha256"":""76e8d0d71fd3d49a1d14bb1fcd0689b08241620df41c90a904be29c85a67934e"",""state"":""file""},""nh3_pdb_65536"":{""bytes"":5308671,""sha256"":""a80e717b9abb39221c121bf3137135662e1b3c727e705e8f01e651720acd6dcc"",""state"":""file""},""nh3_pdb_8192"":{""bytes"":663807,""sha256"":""b0664469d3a8e84f71fbd848f1f0ffaca2cee3f4fd2100ed10f398e7c19a27e6"",""state"":""file""}},""metadata"":{""benchmark"":""el""}}",da2e3992-31bf-4906-ae02-d3747f02a55a,,,,,,,,,,,,,,,,,,
nh3,system_size,ewald,torch,32768,1,32768,0.37205023691058153,2687809.0666028517,2319.07373046875,4.626081466674805,10,3,torch_cuda_events,warmup_excluded,True,,,0.0001,5,arithmetic_mean,1.0019619203431402,"[0.012193491363525391,0.012181788635253907,0.01220459213256836,0.012180694580078125,0.012196144104003905]",,,,,not_measured,not_measured,,nan,nan,4630,energy_autograd,energy_forces_charge_gradients,True,True,False,0.09645654261112213,69.7760009765625,3.637978807091713e-12,0.1436957257251225,21.120003698479568,0.8721911703679518,7616,2.0,4216,125014314,2,"{""compute_capability"":""9.0"",""driver"":""unavailable"",""memory_bytes"":102132088832,""name"":""NVIDIA H100""}","{""cuda"":""13.0"",""git_head"":""7db753be5b014476cd3ab0207173a55d6730fb14"",""jax"":""0.11.2"",""jaxlib"":""0.11.2"",""nvalchemi_toolkit_ops"":""0.5.0"",""python"":""3.12.3"",""source_sha256"":""0796a4ffc622cdc7ab846f2e8cf88b0b52fccae4dcfe32a3140b3bb9818aab8e"",""torch"":""2.14.0+cu130"",""warp"":""1.17.0""}","{""gpu_uuid"":""e8b1f776-3e7d-8391-c1b5-79a044e95420"",""host"":""s4124-0117""}","{""JAX_DISABLE_JIT"":""<unset>"",""JAX_DISABLE_JIT_ACTUAL"":""<not-imported>"",""JAX_ENABLE_X64"":""1"",""JAX_ENABLE_X64_ACTUAL"":""<not-imported>"",""JAX_PLATFORMS"":""<unset>"",""TF_GPU_ALLOCATOR"":""<unset>"",""XLA_FLAGS"":""<unset>"",""XLA_PYTHON_CLIENT_ALLOCATOR"":""<unset>"",""XLA_PYTHON_CLIENT_MEM_FRACTION"":""0.95"",""XLA_PYTHON_CLIENT_PREALLOCATE"":""<unset>""}","{""artifacts"":{""nh3_pdb_1024"":{""bytes"":83199,""sha256"":""cb99e65c2024c8b1a80a7ea1f4ff5b23ef76a5d153a2caeb4a0e3077b5239135"",""state"":""file""},""nh3_pdb_128"":{""bytes"":10623,""sha256"":""4b48182856ba92449fa52b61bf2f95c6ce28937a3cb3da6aec4f131a1216c760"",""state"":""file""},""nh3_pdb_131072"":{""bytes"":10617087,""sha256"":""d454eb5e6e9fe717e1c12c22e3fc749189deae022de05b0f6f83f9f4501bbb52"",""state"":""file""},""nh3_pdb_16384"":{""bytes"":1327359,""sha256"":""07f5683974f6bdad6798104cf7de5ddb670704f71b7e28715d957805124196b8"",""state"":""file""},""nh3_pdb_2048"":{""bytes"":166143,""sha256"":""7171f9c4d6bf3c819f96ddd11877441961f43096057863d0607070d97c5e5a16"",""state"":""file""},""nh3_pdb_256"":{""bytes"":20991,""sha256"":""870d35ef9d654b395f8eefcd897e002ff41b1327475879ff5b955080ecb91ee0"",""state"":""file""},""nh3_pdb_32768"":{""bytes"":2654463,""sha256"":""a193ff7fc7793ae1c9121af48f694b9cff6974a63e67029053ab9312f86cb9cc"",""state"":""file""},""nh3_pdb_4096"":{""bytes"":332031,""sha256"":""e6d9ba2e0f95a04ebbeb61682dcf615982860aaa336140fee7ba55698f68175c"",""state"":""file""},""nh3_pdb_512"":{""bytes"":41727,""sha256"":""76e8d0d71fd3d49a1d14bb1fcd0689b08241620df41c90a904be29c85a67934e"",""state"":""file""},""nh3_pdb_65536"":{""bytes"":5308671,""sha256"":""a80e717b9abb39221c121bf3137135662e1b3c727e705e8f01e651720acd6dcc"",""state"":""file""},""nh3_pdb_8192"":{""bytes"":663807,""sha256"":""b0664469d3a8e84f71fbd848f1f0ffaca2cee3f4fd2100ed10f398e7c19a27e6"",""state"":""file""}},""metadata"":{""benchmark"":""el""}}",da2e3992-31bf-4906-ae02-d3747f02a55a,,,,,,,,,,,,,,,,,,
nh3,system_size,ewald,torch,65536,1,65536,0.4809184931218624,2079354.4317843583,6091.09619140625,12.564197063446045,10,3,torch_cuda_events,warmup_excluded,True,,,0.0001,5,arithmetic_mean,1.0014729840541048,"[0.031508319091796876,0.031499951171875,0.031508468627929685,0.031524282836914067,0.03154635009765625]",,,,,not_measured,not_measured,,nan,nan,6083,energy_autograd,energy_forces_charge_gradients,True,True,False,0.09645407646894455,87.91300201416016,7.275957614183426e-12,0.12801724627896638,23.706604750401727,0.7770273701315331,10768,2.0,5796,353329028,2,"{""compute_capability"":""9.0"",""driver"":""unavailable"",""memory_bytes"":102132088832,""name"":""NVIDIA H100""}","{""cuda"":""13.0"",""git_head"":""7db753be5b014476cd3ab0207173a55d6730fb14"",""jax"":""0.11.2"",""jaxlib"":""0.11.2"",""nvalchemi_toolkit_ops"":""0.5.0"",""python"":""3.12.3"",""source_sha256"":""0796a4ffc622cdc7ab846f2e8cf88b0b52fccae4dcfe32a3140b3bb9818aab8e"",""torch"":""2.14.0+cu130"",""warp"":""1.17.0""}","{""gpu_uuid"":""e8b1f776-3e7d-8391-c1b5-79a044e95420"",""host"":""s4124-0117""}","{""JAX_DISABLE_JIT"":""<unset>"",""JAX_DISABLE_JIT_ACTUAL"":""<not-imported>"",""JAX_ENABLE_X64"":""1"",""JAX_ENABLE_X64_ACTUAL"":""<not-imported>"",""JAX_PLATFORMS"":""<unset>"",""TF_GPU_ALLOCATOR"":""<unset>"",""XLA_FLAGS"":""<unset>"",""XLA_PYTHON_CLIENT_ALLOCATOR"":""<unset>"",""XLA_PYTHON_CLIENT_MEM_FRACTION"":""0.95"",""XLA_PYTHON_CLIENT_PREALLOCATE"":""<unset>""}","{""artifacts"":{""nh3_pdb_1024"":{""bytes"":83199,""sha256"":""cb99e65c2024c8b1a80a7ea1f4ff5b23ef76a5d153a2caeb4a0e3077b5239135"",""state"":""file""},""nh3_pdb_128"":{""bytes"":10623,""sha256"":""4b48182856ba92449fa52b61bf2f95c6ce28937a3cb3da6aec4f131a1216c760"",""state"":""file""},""nh3_pdb_131072"":{""bytes"":10617087,""sha256"":""d454eb5e6e9fe717e1c12c22e3fc749189deae022de05b0f6f83f9f4501bbb52"",""state"":""file""},""nh3_pdb_16384"":{""bytes"":1327359,""sha256"":""07f5683974f6bdad6798104cf7de5ddb670704f71b7e28715d957805124196b8"",""state"":""file""},""nh3_pdb_2048"":{""bytes"":166143,""sha256"":""7171f9c4d6bf3c819f96ddd11877441961f43096057863d0607070d97c5e5a16"",""state"":""file""},""nh3_pdb_256"":{""bytes"":20991,""sha256"":""870d35ef9d654b395f8eefcd897e002ff41b1327475879ff5b955080ecb91ee0"",""state"":""file""},""nh3_pdb_32768"":{""bytes"":2654463,""sha256"":""a193ff7fc7793ae1c9121af48f694b9cff6974a63e67029053ab9312f86cb9cc"",""state"":""file""},""nh3_pdb_4096"":{""bytes"":332031,""sha256"":""e6d9ba2e0f95a04ebbeb61682dcf615982860aaa336140fee7ba55698f68175c"",""state"":""file""},""nh3_pdb_512"":{""bytes"":41727,""sha256"":""76e8d0d71fd3d49a1d14bb1fcd0689b08241620df41c90a904be29c85a67934e"",""state"":""file""},""nh3_pdb_65536"":{""bytes"":5308671,""sha256"":""a80e717b9abb39221c121bf3137135662e1b3c727e705e8f01e651720acd6dcc"",""state"":""file""},""nh3_pdb_8192"":{""bytes"":663807,""sha256"":""b0664469d3a8e84f71fbd848f1f0ffaca2cee3f4fd2100ed10f398e7c19a27e6"",""state"":""file""}},""metadata"":{""benchmark"":""el""}}",da2e3992-31bf-4906-ae02-d3747f02a55a,,,,,,,,,,,,,,,,,,
nh3,system_size,ewald,torch,131072,1,131072,0.6745748221874236,1482415.2445496407,19698.15283203125,37.87525939941406,10,3,torch_cuda_events,warmup_excluded,True,,,0.0001,5,arithmetic_mean,1.0018879228081279,"[0.08845846557617187,0.08849677734375,0.08846515502929687,0.0883389404296875,0.08833001708984375]",,,,,not_measured,not_measured,,nan,nan,9841,energy_autograd,energy_forces_charge_gradients,True,True,False,0.09645523130893707,110.76300048828125,1.4551915228366852e-11,0.11405085501646005,26.609658106748046,0.692255446126194,15232,2.0,8247,998671212,2,"{""compute_capability"":""9.0"",""driver"":""unavailable"",""memory_bytes"":102132088832,""name"":""NVIDIA H100""}","{""cuda"":""13.0"",""git_head"":""7db753be5b014476cd3ab0207173a55d6730fb14"",""jax"":""0.11.2"",""jaxlib"":""0.11.2"",""nvalchemi_toolkit_ops"":""0.5.0"",""python"":""3.12.3"",""source_sha256"":""0796a4ffc622cdc7ab846f2e8cf88b0b52fccae4dcfe32a3140b3bb9818aab8e"",""torch"":""2.14.0+cu130"",""warp"":""1.17.0""}","{""gpu_uuid"":""e8b1f776-3e7d-8391-c1b5-79a044e95420"",""host"":""s4124-0117""}","{""JAX_DISABLE_JIT"":""<unset>"",""JAX_DISABLE_JIT_ACTUAL"":""<not-imported>"",""JAX_ENABLE_X64"":""1"",""JAX_ENABLE_X64_ACTUAL"":""<not-imported>"",""JAX_PLATFORMS"":""<unset>"",""TF_GPU_ALLOCATOR"":""<unset>"",""XLA_FLAGS"":""<unset>"",""XLA_PYTHON_CLIENT_ALLOCATOR"":""<unset>"",""XLA_PYTHON_CLIENT_MEM_FRACTION"":""0.95"",""XLA_PYTHON_CLIENT_PREALLOCATE"":""<unset>""}","{""artifacts"":{""nh3_pdb_1024"":{""bytes"":83199,""sha256"":""cb99e65c2024c8b1a80a7ea1f4ff5b23ef76a5d153a2caeb4a0e3077b5239135"",""state"":""file""},""nh3_pdb_128"":{""bytes"":10623,""sha256"":""4b48182856ba92449fa52b61bf2f95c6ce28937a3cb3da6aec4f131a1216c760"",""state"":""file""},""nh3_pdb_131072"":{""bytes"":10617087,""sha256"":""d454eb5e6e9fe717e1c12c22e3fc749189deae022de05b0f6f83f9f4501bbb52"",""state"":""file""},""nh3_pdb_16384"":{""bytes"":1327359,""sha256"":""07f5683974f6bdad6798104cf7de5ddb670704f71b7e28715d957805124196b8"",""state"":""file""},""nh3_pdb_2048"":{""bytes"":166143,""sha256"":""7171f9c4d6bf3c819f96ddd11877441961f43096057863d0607070d97c5e5a16"",""state"":""file""},""nh3_pdb_256"":{""bytes"":20991,""sha256"":""870d35ef9d654b395f8eefcd897e002ff41b1327475879ff5b955080ecb91ee0"",""state"":""file""},""nh3_pdb_32768"":{""bytes"":2654463,""sha256"":""a193ff7fc7793ae1c9121af48f694b9cff6974a63e67029053ab9312f86cb9cc"",""state"":""file""},""nh3_pdb_4096"":{""bytes"":332031,""sha256"":""e6d9ba2e0f95a04ebbeb61682dcf615982860aaa336140fee7ba55698f68175c"",""state"":""file""},""nh3_pdb_512"":{""bytes"":41727,""sha256"":""76e8d0d71fd3d49a1d14bb1fcd0689b08241620df41c90a904be29c85a67934e"",""state"":""file""},""nh3_pdb_65536"":{""bytes"":5308671,""sha256"":""a80e717b9abb39221c121bf3137135662e1b3c727e705e8f01e651720acd6dcc"",""state"":""file""},""nh3_pdb_8192"":{""bytes"":663807,""sha256"":""b0664469d3a8e84f71fbd848f1f0ffaca2cee3f4fd2100ed10f398e7c19a27e6"",""state"":""file""}},""metadata"":{""benchmark"":""el""}}",da2e3992-31bf-4906-ae02-d3747f02a55a,,,,,,,,,,,,,,,,,,
nh3,system_size,ewald,torch,128,1,128,29.320170283317566,34106.21392499124,1.32763671875,0.033596038818359375,10,3,torch_cuda_events,warmup_excluded,True,,,1e-06,5,arithmetic_mean,1.0474182846340157,"[0.0038635456085205078,0.003730876922607422,0.003784470367431641,0.0036973793029785157,0.0036886367797851565]",,,,,not_measured,not_measured,,nan,nan,665,energy_autograd,energy_forces_charge_gradients,True,True,False,0.09645736962556839,10.98900032043457,1.4210854715202004e-14,0.36209156829700856,10.26514427367445,2.691732369197176,880,2.0,457,55154,2,"{""compute_capability"":""9.0"",""driver"":""unavailable"",""memory_bytes"":102132088832,""name"":""NVIDIA H100""}","{""cuda"":""13.0"",""git_head"":""7db753be5b014476cd3ab0207173a55d6730fb14"",""jax"":""0.11.2"",""jaxlib"":""0.11.2"",""nvalchemi_toolkit_ops"":""0.5.0"",""python"":""3.12.3"",""source_sha256"":""0796a4ffc622cdc7ab846f2e8cf88b0b52fccae4dcfe32a3140b3bb9818aab8e"",""torch"":""2.14.0+cu130"",""warp"":""1.17.0""}","{""gpu_uuid"":""e8b1f776-3e7d-8391-c1b5-79a044e95420"",""host"":""s4124-0117""}","{""JAX_DISABLE_JIT"":""<unset>"",""JAX_DISABLE_JIT_ACTUAL"":""<not-imported>"",""JAX_ENABLE_X64"":""1"",""JAX_ENABLE_X64_ACTUAL"":""<not-imported>"",""JAX_PLATFORMS"":""<unset>"",""TF_GPU_ALLOCATOR"":""<unset>"",""XLA_FLAGS"":""<unset>"",""XLA_PYTHON_CLIENT_ALLOCATOR"":""<unset>"",""XLA_PYTHON_CLIENT_MEM_FRACTION"":""0.95"",""XLA_PYTHON_CLIENT_PREALLOCATE"":""<unset>""}","{""artifacts"":{""nh3_pdb_1024"":{""bytes"":83199,""sha256"":""cb99e65c2024c8b1a80a7ea1f4ff5b23ef76a5d153a2caeb4a0e3077b5239135"",""state"":""file""},""nh3_pdb_128"":{""bytes"":10623,""sha256"":""4b48182856ba92449fa52b61bf2f95c6ce28937a3cb3da6aec4f131a1216c760"",""state"":""file""},""nh3_pdb_131072"":{""bytes"":10617087,""sha256"":""d454eb5e6e9fe717e1c12c22e3fc749189deae022de05b0f6f83f9f4501bbb52"",""state"":""file""},""nh3_pdb_16384"":{""bytes"":1327359,""sha256"":""07f5683974f6bdad6798104cf7de5ddb670704f71b7e28715d957805124196b8"",""state"":""file""},""nh3_pdb_2048"":{""bytes"":166143,""sha256"":""7171f9c4d6bf3c819f96ddd11877441961f43096057863d0607070d97c5e5a16"",""state"":""file""},""nh3_pdb_256"":{""bytes"":20991,""sha256"":""870d35ef9d654b395f8eefcd897e002ff41b1327475879ff5b955080ecb91ee0"",""state"":""file""},""nh3_pdb_32768"":{""bytes"":2654463,""sha256"":""a193ff7fc7793ae1c9121af48f694b9cff6974a63e67029053ab9312f86cb9cc"",""state"":""file""},""nh3_pdb_4096"":{""bytes"":332031,""sha256"":""e6d9ba2e0f95a04ebbeb61682dcf615982860aaa336140fee7ba55698f68175c"",""state"":""file""},""nh3_pdb_512"":{""bytes"":41727,""sha256"":""76e8d0d71fd3d49a1d14bb1fcd0689b08241620df41c90a904be29c85a67934e"",""state"":""file""},""nh3_pdb_65536"":{""bytes"":5308671,""sha256"":""a80e717b9abb39221c121bf3137135662e1b3c727e705e8f01e651720acd6dcc"",""state"":""file""},""nh3_pdb_8192"":{""bytes"":663807,""sha256"":""b0664469d3a8e84f71fbd848f1f0ffaca2cee3f4fd2100ed10f398e7c19a27e6"",""state"":""file""}},""metadata"":{""benchmark"":""el""}}",da2e3992-31bf-4906-ae02-d3747f02a55a,,,,,,,,,,,,,,,,,,
nh3,system_size,ewald,torch,256,1,256,14.690137803554537,68072.88082471442,4.92626953125,0.039026737213134766,10,3,torch_cuda_events,warmup_excluded,True,,,1e-06,5,arithmetic_mean,1.0510380961946006,"[0.00374571533203125,0.0038763328552246096,0.003777872085571289,0.0037153568267822264,0.0036880992889404295]",,,,,not_measured,not_measured,,nan,nan,1098,energy_autograd,energy_forces_charge_gradients,True,True,False,0.09646306931972504,13.84500026702881,2.842170943040401e-14,0.32259326452181164,11.522008044276834,2.3981081257492542,1248,2.0,647,157258,2,"{""compute_capability"":""9.0"",""driver"":""unavailable"",""memory_bytes"":102132088832,""name"":""NVIDIA H100""}","{""cuda"":""13.0"",""git_head"":""7db753be5b014476cd3ab0207173a55d6730fb14"",""jax"":""0.11.2"",""jaxlib"":""0.11.2"",""nvalchemi_toolkit_ops"":""0.5.0"",""python"":""3.12.3"",""source_sha256"":""0796a4ffc622cdc7ab846f2e8cf88b0b52fccae4dcfe32a3140b3bb9818aab8e"",""torch"":""2.14.0+cu130"",""warp"":""1.17.0""}","{""gpu_uuid"":""e8b1f776-3e7d-8391-c1b5-79a044e95420"",""host"":""s4124-0117""}","{""JAX_DISABLE_JIT"":""<unset>"",""JAX_DISABLE_JIT_ACTUAL"":""<not-imported>"",""JAX_ENABLE_X64"":""1"",""JAX_ENABLE_X64_ACTUAL"":""<not-imported>"",""JAX_PLATFORMS"":""<unset>"",""TF_GPU_ALLOCATOR"":""<unset>"",""XLA_FLAGS"":""<unset>"",""XLA_PYTHON_CLIENT_ALLOCATOR"":""<unset>"",""XLA_PYTHON_CLIENT_MEM_FRACTION"":""0.95"",""XLA_PYTHON_CLIENT_PREALLOCATE"":""<unset>""}","{""artifacts"":{""nh3_pdb_1024"":{""bytes"":83199,""sha256"":""cb99e65c2024c8b1a80a7ea1f4ff5b23ef76a5d153a2caeb4a0e3077b5239135"",""state"":""file""},""nh3_pdb_128"":{""bytes"":10623,""sha256"":""4b48182856ba92449fa52b61bf2f95c6ce28937a3cb3da6aec4f131a1216c760"",""state"":""file""},""nh3_pdb_131072"":{""bytes"":10617087,""sha256"":""d454eb5e6e9fe717e1c12c22e3fc749189deae022de05b0f6f83f9f4501bbb52"",""state"":""file""},""nh3_pdb_16384"":{""bytes"":1327359,""sha256"":""07f5683974f6bdad6798104cf7de5ddb670704f71b7e28715d957805124196b8"",""state"":""file""},""nh3_pdb_2048"":{""bytes"":166143,""sha256"":""7171f9c4d6bf3c819f96ddd11877441961f43096057863d0607070d97c5e5a16"",""state"":""file""},""nh3_pdb_256"":{""bytes"":20991,""sha256"":""870d35ef9d654b395f8eefcd897e002ff41b1327475879ff5b955080ecb91ee0"",""state"":""file""},""nh3_pdb_32768"":{""bytes"":2654463,""sha256"":""a193ff7fc7793ae1c9121af48f694b9cff6974a63e67029053ab9312f86cb9cc"",""state"":""file""},""nh3_pdb_4096"":{""bytes"":332031,""sha256"":""e6d9ba2e0f95a04ebbeb61682dcf615982860aaa336140fee7ba55698f68175c"",""state"":""file""},""nh3_pdb_512"":{""bytes"":41727,""sha256"":""76e8d0d71fd3d49a1d14bb1fcd0689b08241620df41c90a904be29c85a67934e"",""state"":""file""},""nh3_pdb_65536"":{""bytes"":5308671,""sha256"":""a80e717b9abb39221c121bf3137135662e1b3c727e705e8f01e651720acd6dcc"",""state"":""file""},""nh3_pdb_8192"":{""bytes"":663807,""sha256"":""b0664469d3a8e84f71fbd848f1f0ffaca2cee3f4fd2100ed10f398e7c19a27e6"",""state"":""file""}},""metadata"":{""benchmark"":""el""}}",da2e3992-31bf-4906-ae02-d3747f02a55a,,,,,,,,,,,,,,,,,,
nh3,system_size,ewald,torch,512,1,512,7.434815168380737,134502.33494073458,8.66064453125,0.04807615280151367,10,3,torch_cuda_events,warmup_excluded,True,,,1e-06,5,arithmetic_mean,1.0356568566147641,"[0.0037759201049804686,0.0038995777130126953,0.00381003532409668,0.003765318298339844,0.003782275390625]",,,,,not_measured,not_measured,,nan,nan,1098,energy_autograd,energy_forces_charge_gradients,True,True,False,0.09645654261112213,17.444000244140625,5.684341886080802e-14,0.287391451450245,12.933308106742123,2.1364233255623537,1760,2.0,912,446796,2,"{""compute_capability"":""9.0"",""driver"":""unavailable"",""memory_bytes"":102132088832,""name"":""NVIDIA H100""}","{""cuda"":""13.0"",""git_head"":""7db753be5b014476cd3ab0207173a55d6730fb14"",""jax"":""0.11.2"",""jaxlib"":""0.11.2"",""nvalchemi_toolkit_ops"":""0.5.0"",""python"":""3.12.3"",""source_sha256"":""0796a4ffc622cdc7ab846f2e8cf88b0b52fccae4dcfe32a3140b3bb9818aab8e"",""torch"":""2.14.0+cu130"",""warp"":""1.17.0""}","{""gpu_uuid"":""e8b1f776-3e7d-8391-c1b5-79a044e95420"",""host"":""s4124-0117""}","{""JAX_DISABLE_JIT"":""<unset>"",""JAX_DISABLE_JIT_ACTUAL"":""<not-imported>"",""JAX_ENABLE_X64"":""1"",""JAX_ENABLE_X64_ACTUAL"":""<not-imported>"",""JAX_PLATFORMS"":""<unset>"",""TF_GPU_ALLOCATOR"":""<unset>"",""XLA_FLAGS"":""<unset>"",""XLA_PYTHON_CLIENT_ALLOCATOR"":""<unset>"",""XLA_PYTHON_CLIENT_MEM_FRACTION"":""0.95"",""XLA_PYTHON_CLIENT_PREALLOCATE"":""<unset>""}","{""artifacts"":{""nh3_pdb_1024"":{""bytes"":83199,""sha256"":""cb99e65c2024c8b1a80a7ea1f4ff5b23ef76a5d153a2caeb4a0e3077b5239135"",""state"":""file""},""nh3_pdb_128"":{""bytes"":10623,""sha256"":""4b48182856ba92449fa52b61bf2f95c6ce28937a3cb3da6aec4f131a1216c760"",""state"":""file""},""nh3_pdb_131072"":{""bytes"":10617087,""sha256"":""d454eb5e6e9fe717e1c12c22e3fc749189deae022de05b0f6f83f9f4501bbb52"",""state"":""file""},""nh3_pdb_16384"":{""bytes"":1327359,""sha256"":""07f5683974f6bdad6798104cf7de5ddb670704f71b7e28715d957805124196b8"",""state"":""file""},""nh3_pdb_2048"":{""bytes"":166143,""sha256"":""7171f9c4d6bf3c819f96ddd11877441961f43096057863d0607070d97c5e5a16"",""state"":""file""},""nh3_pdb_256"":{""bytes"":20991,""sha256"":""870d35ef9d654b395f8eefcd897e002ff41b1327475879ff5b955080ecb91ee0"",""state"":""file""},""nh3_pdb_32768"":{""bytes"":2654463,""sha256"":""a193ff7fc7793ae1c9121af48f694b9cff6974a63e67029053ab9312f86cb9cc"",""state"":""file""},""nh3_pdb_4096"":{""bytes"":332031,""sha256"":""e6d9ba2e0f95a04ebbeb61682dcf615982860aaa336140fee7ba55698f68175c"",""state"":""file""},""nh3_pdb_512"":{""bytes"":41727,""sha256"":""76e8d0d71fd3d49a1d14bb1fcd0689b08241620df41c90a904be29c85a67934e"",""state"":""file""},""nh3_pdb_65536"":{""bytes"":5308671,""sha256"":""a80e717b9abb39221c121bf3137135662e1b3c727e705e8f01e651720acd6dcc"",""state"":""file""},""nh3_pdb_8192"":{""bytes"":663807,""sha256"":""b0664469d3a8e84f71fbd848f1f0ffaca2cee3f4fd2100ed10f398e7c19a27e6"",""state"":""file""}},""metadata"":{""benchmark"":""el""}}",da2e3992-31bf-4906-ae02-d3747f02a55a,,,,,,,,,,,,,,,,,,
nh3,system_size,ewald,torch,1024,1,1024,3.758615627884865,266055.4041709083,26.51318359375,0.08141422271728516,10,3,torch_cuda_events,warmup_excluded,True,,,1e-06,5,arithmetic_mean,1.0559271691692413,"[0.0038390945434570315,0.0037104225158691405,0.003874822235107422,0.003917935943603516,0.0039018367767333986]",,,,,not_measured,not_measured,,nan,nan,1687,energy_autograd,energy_forces_charge_gradients,True,True,False,0.09645736962556839,21.97800064086914,1.1368683772161603e-13,0.2560374033532867,14.51710625154692,1.9033422113986544,2480,2.0,1325,1263736,2,"{""compute_capability"":""9.0"",""driver"":""unavailable"",""memory_bytes"":102132088832,""name"":""NVIDIA H100""}","{""cuda"":""13.0"",""git_head"":""7db753be5b014476cd3ab0207173a55d6730fb14"",""jax"":""0.11.2"",""jaxlib"":""0.11.2"",""nvalchemi_toolkit_ops"":""0.5.0"",""python"":""3.12.3"",""source_sha256"":""0796a4ffc622cdc7ab846f2e8cf88b0b52fccae4dcfe32a3140b3bb9818aab8e"",""torch"":""2.14.0+cu130"",""warp"":""1.17.0""}","{""gpu_uuid"":""e8b1f776-3e7d-8391-c1b5-79a044e95420"",""host"":""s4124-0117""}","{""JAX_DISABLE_JIT"":""<unset>"",""JAX_DISABLE_JIT_ACTUAL"":""<not-imported>"",""JAX_ENABLE_X64"":""1"",""JAX_ENABLE_X64_ACTUAL"":""<not-imported>"",""JAX_PLATFORMS"":""<unset>"",""TF_GPU_ALLOCATOR"":""<unset>"",""XLA_FLAGS"":""<unset>"",""XLA_PYTHON_CLIENT_ALLOCATOR"":""<unset>"",""XLA_PYTHON_CLIENT_MEM_FRACTION"":""0.95"",""XLA_PYTHON_CLIENT_PREALLOCATE"":""<unset>""}","{""artifacts"":{""nh3_pdb_1024"":{""bytes"":83199,""sha256"":""cb99e65c2024c8b1a80a7ea1f4ff5b23ef76a5d153a2caeb4a0e3077b5239135"",""state"":""file""},""nh3_pdb_128"":{""bytes"":10623,""sha256"":""4b48182856ba92449fa52b61bf2f95c6ce28937a3cb3da6aec4f131a1216c760"",""state"":""file""},""nh3_pdb_131072"":{""bytes"":10617087,""sha256"":""d454eb5e6e9fe717e1c12c22e3fc749189deae022de05b0f6f83f9f4501bbb52"",""state"":""file""},""nh3_pdb_16384"":{""bytes"":1327359,""sha256"":""07f5683974f6bdad6798104cf7de5ddb670704f71b7e28715d957805124196b8"",""state"":""file""},""nh3_pdb_2048"":{""bytes"":166143,""sha256"":""7171f9c4d6bf3c819f96ddd11877441961f43096057863d0607070d97c5e5a16"",""state"":""file""},""nh3_pdb_256"":{""bytes"":20991,""sha256"":""870d35ef9d654b395f8eefcd897e002ff41b1327475879ff5b955080ecb91ee0"",""state"":""file""},""nh3_pdb_32768"":{""bytes"":2654463,""sha256"":""a193ff7fc7793ae1c9121af48f694b9cff6974a63e67029053ab9312f86cb9cc"",""state"":""file""},""nh3_pdb_4096"":{""bytes"":332031,""sha256"":""e6d9ba2e0f95a04ebbeb61682dcf615982860aaa336140fee7ba55698f68175c"",""state"":""file""},""nh3_pdb_512"":{""bytes"":41727,""sha256"":""76e8d0d71fd3d49a1d14bb1fcd0689b08241620df41c90a904be29c85a67934e"",""state"":""file""},""nh3_pdb_65536"":{""bytes"":5308671,""sha256"":""a80e717b9abb39221c121bf3137135662e1b3c727e705e8f01e651720acd6dcc"",""state"":""file""},""nh3_pdb_8192"":{""bytes"":663807,""sha256"":""b0664469d3a8e84f71fbd848f1f0ffaca2cee3f4fd2100ed10f398e7c19a27e6"",""state"":""file""}},""metadata"":{""benchmark"":""el""}}",da2e3992-31bf-4906-ae02-d3747f02a55a,,,,,,,,,,,,,,,,,,
nh3,system_size,ewald,torch,2048,1,2048,2.055140323936939,486584.77883609687,77.04052734375,0.17399215698242188,10,3,torch_cuda_events,warmup_excluded,True,,,1e-06,5,arithmetic_mean,1.0041377889529786,"[0.004203203201293945,0.004207244873046875,0.004210105514526367,0.004203488159179687,0.004220595169067383]",,,,,not_measured,not_measured,,nan,nan,2456,energy_autograd,energy_forces_charge_gradients,True,True,False,0.09645262360572815,27.69099998474121,2.2737367544323206e-13,0.22809965181535707,16.295168183152796,1.6956573142028466,3504,2.0,1873,3581812,2,"{""compute_capability"":""9.0"",""driver"":""unavailable"",""memory_bytes"":102132088832,""name"":""NVIDIA H100""}","{""cuda"":""13.0"",""git_head"":""7db753be5b014476cd3ab0207173a55d6730fb14"",""jax"":""0.11.2"",""jaxlib"":""0.11.2"",""nvalchemi_toolkit_ops"":""0.5.0"",""python"":""3.12.3"",""source_sha256"":""0796a4ffc622cdc7ab846f2e8cf88b0b52fccae4dcfe32a3140b3bb9818aab8e"",""torch"":""2.14.0+cu130"",""warp"":""1.17.0""}","{""gpu_uuid"":""e8b1f776-3e7d-8391-c1b5-79a044e95420"",""host"":""s4124-0117""}","{""JAX_DISABLE_JIT"":""<unset>"",""JAX_DISABLE_JIT_ACTUAL"":""<not-imported>"",""JAX_ENABLE_X64"":""1"",""JAX_ENABLE_X64_ACTUAL"":""<not-imported>"",""JAX_PLATFORMS"":""<unset>"",""TF_GPU_ALLOCATOR"":""<unset>"",""XLA_FLAGS"":""<unset>"",""XLA_PYTHON_CLIENT_ALLOCATOR"":""<unset>"",""XLA_PYTHON_CLIENT_MEM_FRACTION"":""0.95"",""XLA_PYTHON_CLIENT_PREALLOCATE"":""<unset>""}","{""artifacts"":{""nh3_pdb_1024"":{""bytes"":83199,""sha256"":""cb99e65c2024c8b1a80a7ea1f4ff5b23ef76a5d153a2caeb4a0e3077b5239135"",""state"":""file""},""nh3_pdb_128"":{""bytes"":10623,""sha256"":""4b48182856ba92449fa52b61bf2f95c6ce28937a3cb3da6aec4f131a1216c760"",""state"":""file""},""nh3_pdb_131072"":{""bytes"":10617087,""sha256"":""d454eb5e6e9fe717e1c12c22e3fc749189deae022de05b0f6f83f9f4501bbb52"",""state"":""file""},""nh3_pdb_16384"":{""bytes"":1327359,""sha256"":""07f5683974f6bdad6798104cf7de5ddb670704f71b7e28715d957805124196b8"",""state"":""file""},""nh3_pdb_2048"":{""bytes"":166143,""sha256"":""7171f9c4d6bf3c819f96ddd11877441961f43096057863d0607070d97c5e5a16"",""state"":""file""},""nh3_pdb_256"":{""bytes"":20991,""sha256"":""870d35ef9d654b395f8eefcd897e002ff41b1327475879ff5b955080ecb91ee0"",""state"":""file""},""nh3_pdb_32768"":{""bytes"":2654463,""sha256"":""a193ff7fc7793ae1c9121af48f694b9cff6974a63e67029053ab9312f86cb9cc"",""state"":""file""},""nh3_pdb_4096"":{""bytes"":332031,""sha256"":""e6d9ba2e0f95a04ebbeb61682dcf615982860aaa336140fee7ba55698f68175c"",""state"":""file""},""nh3_pdb_512"":{""bytes"":41727,""sha256"":""76e8d0d71fd3d49a1d14bb1fcd0689b08241620df41c90a904be29c85a67934e"",""state"":""file""},""nh3_pdb_65536"":{""bytes"":5308671,""sha256"":""a80e717b9abb39221c121bf3137135662e1b3c727e705e8f01e651720acd6dcc"",""state"":""file""},""nh3_pdb_8192"":{""bytes"":663807,""sha256"":""b0664469d3a8e84f71fbd848f1f0ffaca2cee3f4fd2100ed10f398e7c19a27e6"",""state"":""file""}},""metadata"":{""benchmark"":""el""}}",da2e3992-31bf-4906-ae02-d3747f02a55a,,,,,,,,,,,,,,,,,,
nh3,system_size,ewald,torch,4096,1,4096,1.48391030728817,673895.1775511885,214.86767578125,0.43067169189453125,10,3,torch_cuda_events,warmup_excluded,True,,,1e-06,5,arithmetic_mean,1.0015878067893544,"[0.006075872039794922,0.0060764511108398435,0.006080060958862305,0.006074227142333985,0.006083871841430664]",,,,,not_measured,not_measured,,nan,nan,3429,energy_autograd,energy_forces_charge_gradients,True,True,False,0.09645654261112213,34.88800048828125,4.547473508864641e-13,0.20321644417551266,18.290459730904608,1.5106794209902552,4960,2.0,2684,10127748,2,"{""compute_capability"":""9.0"",""driver"":""unavailable"",""memory_bytes"":102132088832,""name"":""NVIDIA H100""}","{""cuda"":""13.0"",""git_head"":""7db753be5b014476cd3ab0207173a55d6730fb14"",""jax"":""0.11.2"",""jaxlib"":""0.11.2"",""nvalchemi_toolkit_ops"":""0.5.0"",""python"":""3.12.3"",""source_sha256"":""0796a4ffc622cdc7ab846f2e8cf88b0b52fccae4dcfe32a3140b3bb9818aab8e"",""torch"":""2.14.0+cu130"",""warp"":""1.17.0""}","{""gpu_uuid"":""e8b1f776-3e7d-8391-c1b5-79a044e95420"",""host"":""s4124-0117""}","{""JAX_DISABLE_JIT"":""<unset>"",""JAX_DISABLE_JIT_ACTUAL"":""<not-imported>"",""JAX_ENABLE_X64"":""1"",""JAX_ENABLE_X64_ACTUAL"":""<not-imported>"",""JAX_PLATFORMS"":""<unset>"",""TF_GPU_ALLOCATOR"":""<unset>"",""XLA_FLAGS"":""<unset>"",""XLA_PYTHON_CLIENT_ALLOCATOR"":""<unset>"",""XLA_PYTHON_CLIENT_MEM_FRACTION"":""0.95"",""XLA_PYTHON_CLIENT_PREALLOCATE"":""<unset>""}","{""artifacts"":{""nh3_pdb_1024"":{""bytes"":83199,""sha256"":""cb99e65c2024c8b1a80a7ea1f4ff5b23ef76a5d153a2caeb4a0e3077b5239135"",""state"":""file""},""nh3_pdb_128"":{""bytes"":10623,""sha256"":""4b48182856ba92449fa52b61bf2f95c6ce28937a3cb3da6aec4f131a1216c760"",""state"":""file""},""nh3_pdb_131072"":{""bytes"":10617087,""sha256"":""d454eb5e6e9fe717e1c12c22e3fc749189deae022de05b0f6f83f9f4501bbb52"",""state"":""file""},""nh3_pdb_16384"":{""bytes"":1327359,""sha256"":""07f5683974f6bdad6798104cf7de5ddb670704f71b7e28715d957805124196b8"",""state"":""file""},""nh3_pdb_2048"":{""bytes"":166143,""sha256"":""7171f9c4d6bf3c819f96ddd11877441961f43096057863d0607070d97c5e5a16"",""state"":""file""},""nh3_pdb_256"":{""bytes"":20991,""sha256"":""870d35ef9d654b395f8eefcd897e002ff41b1327475879ff5b955080ecb91ee0"",""state"":""file""},""nh3_pdb_32768"":{""bytes"":2654463,""sha256"":""a193ff7fc7793ae1c9121af48f694b9cff6974a63e67029053ab9312f86cb9cc"",""state"":""file""},""nh3_pdb_4096"":{""bytes"":332031,""sha256"":""e6d9ba2e0f95a04ebbeb61682dcf615982860aaa336140fee7ba55698f68175c"",""state"":""file""},""nh3_pdb_512"":{""bytes"":41727,""sha256"":""76e8d0d71fd3d49a1d14bb1fcd0689b08241620df41c90a904be29c85a67934e"",""state"":""file""},""nh3_pdb_65536"":{""bytes"":5308671,""sha256"":""a80e717b9abb39221c121bf3137135662e1b3c727e705e8f01e651720acd6dcc"",""state"":""file""},""nh3_pdb_8192"":{""bytes"":663807,""sha256"":""b0664469d3a8e84f71fbd848f1f0ffaca2cee3f4fd2100ed10f398e7c19a27e6"",""state"":""file""}},""metadata"":{""benchmark"":""el""}}",da2e3992-31bf-4906-ae02-d3747f02a55a,,,,,,,,,,,,,,,,,,
nh3,system_size,ewald,torch,8192,1,8192,1.0507866926491263,951667.9331738695,579.82373046875,1.13224458694458,10,3,torch_cuda_events,warmup_excluded,True,,,1e-06,5,arithmetic_mean,1.0008156401436124,"[0.008610710144042969,0.008607151794433594,0.008608799743652345,0.008603692626953124,0.008609868621826172]",,,,,not_measured,not_measured,,nan,nan,4630,energy_autograd,energy_forces_charge_gradients,True,True,False,0.09645736962556839,43.95600128173828,9.094947017729282e-13,0.18104578414850428,20.5302885473489,1.345866184598588,7008,2.0,3752,28687624,2,"{""compute_capability"":""9.0"",""driver"":""unavailable"",""memory_bytes"":102132088832,""name"":""NVIDIA H100""}","{""cuda"":""13.0"",""git_head"":""7db753be5b014476cd3ab0207173a55d6730fb14"",""jax"":""0.11.2"",""jaxlib"":""0.11.2"",""nvalchemi_toolkit_ops"":""0.5.0"",""python"":""3.12.3"",""source_sha256"":""0796a4ffc622cdc7ab846f2e8cf88b0b52fccae4dcfe32a3140b3bb9818aab8e"",""torch"":""2.14.0+cu130"",""warp"":""1.17.0""}","{""gpu_uuid"":""e8b1f776-3e7d-8391-c1b5-79a044e95420"",""host"":""s4124-0117""}","{""JAX_DISABLE_JIT"":""<unset>"",""JAX_DISABLE_JIT_ACTUAL"":""<not-imported>"",""JAX_ENABLE_X64"":""1"",""JAX_ENABLE_X64_ACTUAL"":""<not-imported>"",""JAX_PLATFORMS"":""<unset>"",""TF_GPU_ALLOCATOR"":""<unset>"",""XLA_FLAGS"":""<unset>"",""XLA_PYTHON_CLIENT_ALLOCATOR"":""<unset>"",""XLA_PYTHON_CLIENT_MEM_FRACTION"":""0.95"",""XLA_PYTHON_CLIENT_PREALLOCATE"":""<unset>""}","{""artifacts"":{""nh3_pdb_1024"":{""bytes"":83199,""sha256"":""cb99e65c2024c8b1a80a7ea1f4ff5b23ef76a5d153a2caeb4a0e3077b5239135"",""state"":""file""},""nh3_pdb_128"":{""bytes"":10623,""sha256"":""4b48182856ba92449fa52b61bf2f95c6ce28937a3cb3da6aec4f131a1216c760"",""state"":""file""},""nh3_pdb_131072"":{""bytes"":10617087,""sha256"":""d454eb5e6e9fe717e1c12c22e3fc749189deae022de05b0f6f83f9f4501bbb52"",""state"":""file""},""nh3_pdb_16384"":{""bytes"":1327359,""sha256"":""07f5683974f6bdad6798104cf7de5ddb670704f71b7e28715d957805124196b8"",""state"":""file""},""nh3_pdb_2048"":{""bytes"":166143,""sha256"":""7171f9c4d6bf3c819f96ddd11877441961f43096057863d0607070d97c5e5a16"",""state"":""file""},""nh3_pdb_256"":{""bytes"":20991,""sha256"":""870d35ef9d654b395f8eefcd897e002ff41b1327475879ff5b955080ecb91ee0"",""state"":""file""},""nh3_pdb_32768"":{""bytes"":2654463,""sha256"":""a193ff7fc7793ae1c9121af48f694b9cff6974a63e67029053ab9312f86cb9cc"",""state"":""file""},""nh3_pdb_4096"":{""bytes"":332031,""sha256"":""e6d9ba2e0f95a04ebbeb61682dcf615982860aaa336140fee7ba55698f68175c"",""state"":""file""},""nh3_pdb_512"":{""bytes"":41727,""sha256"":""76e8d0d71fd3d49a1d14bb1fcd0689b08241620df41c90a904be29c85a67934e"",""state"":""file""},""nh3_pdb_65536"":{""bytes"":5308671,""sha256"":""a80e717b9abb39221c121bf3137135662e1b3c727e705e8f01e651720acd6dcc"",""state"":""file""},""nh3_pdb_8192"":{""bytes"":663807,""sha256"":""b0664469d3a8e84f71fbd848f1f0ffaca2cee3f4fd2100ed10f398e7c19a27e6"",""state"":""file""}},""metadata"":{""benchmark"":""el""}}",da2e3992-31bf-4906-ae02-d3747f02a55a,,,,,,,,,,,,,,,,,,
nh3,system_size,ewald,torch,16384,1,16384,0.7527461275458336,1328469.139071209,1522.84619140625,3.029590606689453,10,3,torch_cuda_events,warmup_excluded,True,,,1e-06,5,arithmetic_mean,1.0007410399758114,"[0.012335135650634765,0.01232888946533203,0.012332918548583986,0.012338025665283203,0.012329993438720703]",,,,,not_measured,not_measured,,nan,nan,6083,energy_autograd,energy_forces_charge_gradients,True,True,False,0.096457839012146,55.38100051879883,1.8189894035458565e-12,0.16129372137038628,23.044431967159447,1.1990324237675043,9904,2.0,5344,81090948,2,"{""compute_capability"":""9.0"",""driver"":""unavailable"",""memory_bytes"":102132088832,""name"":""NVIDIA H100""}","{""cuda"":""13.0"",""git_head"":""7db753be5b014476cd3ab0207173a55d6730fb14"",""jax"":""0.11.2"",""jaxlib"":""0.11.2"",""nvalchemi_toolkit_ops"":""0.5.0"",""python"":""3.12.3"",""source_sha256"":""0796a4ffc622cdc7ab846f2e8cf88b0b52fccae4dcfe32a3140b3bb9818aab8e"",""torch"":""2.14.0+cu130"",""warp"":""1.17.0""}","{""gpu_uuid"":""e8b1f776-3e7d-8391-c1b5-79a044e95420"",""host"":""s4124-0117""}","{""JAX_DISABLE_JIT"":""<unset>"",""JAX_DISABLE_JIT_ACTUAL"":""<not-imported>"",""JAX_ENABLE_X64"":""1"",""JAX_ENABLE_X64_ACTUAL"":""<not-imported>"",""JAX_PLATFORMS"":""<unset>"",""TF_GPU_ALLOCATOR"":""<unset>"",""XLA_FLAGS"":""<unset>"",""XLA_PYTHON_CLIENT_ALLOCATOR"":""<unset>"",""XLA_PYTHON_CLIENT_MEM_FRACTION"":""0.95"",""XLA_PYTHON_CLIENT_PREALLOCATE"":""<unset>""}","{""artifacts"":{""nh3_pdb_1024"":{""bytes"":83199,""sha256"":""cb99e65c2024c8b1a80a7ea1f4ff5b23ef76a5d153a2caeb4a0e3077b5239135"",""state"":""file""},""nh3_pdb_128"":{""bytes"":10623,""sha256"":""4b48182856ba92449fa52b61bf2f95c6ce28937a3cb3da6aec4f131a1216c760"",""state"":""file""},""nh3_pdb_131072"":{""bytes"":10617087,""sha256"":""d454eb5e6e9fe717e1c12c22e3fc749189deae022de05b0f6f83f9f4501bbb52"",""state"":""file""},""nh3_pdb_16384"":{""bytes"":1327359,""sha256"":""07f5683974f6bdad6798104cf7de5ddb670704f71b7e28715d957805124196b8"",""state"":""file""},""nh3_pdb_2048"":{""bytes"":166143,""sha256"":""7171f9c4d6bf3c819f96ddd11877441961f43096057863d0607070d97c5e5a16"",""state"":""file""},""nh3_pdb_256"":{""bytes"":20991,""sha256"":""870d35ef9d654b395f8eefcd897e002ff41b1327475879ff5b955080ecb91ee0"",""state"":""file""},""nh3_pdb_32768"":{""bytes"":2654463,""sha256"":""a193ff7fc7793ae1c9121af48f694b9cff6974a63e67029053ab9312f86cb9cc"",""state"":""file""},""nh3_pdb_4096"":{""bytes"":332031,""sha256"":""e6d9ba2e0f95a04ebbeb61682dcf615982860aaa336140fee7ba55698f68175c"",""state"":""file""},""nh3_pdb_512"":{""bytes"":41727,""sha256"":""76e8d0d71fd3d49a1d14bb1fcd0689b08241620df41c90a904be29c85a67934e"",""state"":""file""},""nh3_pdb_65536"":{""bytes"":5308671,""sha256"":""a80e717b9abb39221c121bf3137135662e1b3c727e705e8f01e651720acd6dcc"",""state"":""file""},""nh3_pdb_8192"":{""bytes"":663807,""sha256"":""b0664469d3a8e84f71fbd848f1f0ffaca2cee3f4fd2100ed10f398e7c19a27e6"",""state"":""file""}},""metadata"":{""benchmark"":""el""}}",da2e3992-31bf-4906-ae02-d3747f02a55a,,,,,,,,,,,,,,,,,,
nh3,system_size,ewald,torch,32768,1,32768,0.6550750136375427,1526542.7304991158,3910.12255859375,8.125748634338379,10,3,torch_cuda_events,warmup_excluded,True,,,1e-06,5,arithmetic_mean,1.0031003939531917,"[0.02142061767578125,0.021450096130371094,0.02148479309082031,0.021487030029296875,0.02148495330810547]",,,,,not_measured,not_measured,,nan,nan,7812,energy_autograd,energy_forces_charge_gradients,True,True,False,0.09645654261112213,69.7760009765625,3.637978807091713e-12,0.1436957257251225,25.866616213484246,1.0682116627811769,14000,2.0,7508,229491986,2,"{""compute_capability"":""9.0"",""driver"":""unavailable"",""memory_bytes"":102132088832,""name"":""NVIDIA H100""}","{""cuda"":""13.0"",""git_head"":""7db753be5b014476cd3ab0207173a55d6730fb14"",""jax"":""0.11.2"",""jaxlib"":""0.11.2"",""nvalchemi_toolkit_ops"":""0.5.0"",""python"":""3.12.3"",""source_sha256"":""0796a4ffc622cdc7ab846f2e8cf88b0b52fccae4dcfe32a3140b3bb9818aab8e"",""torch"":""2.14.0+cu130"",""warp"":""1.17.0""}","{""gpu_uuid"":""e8b1f776-3e7d-8391-c1b5-79a044e95420"",""host"":""s4124-0117""}","{""JAX_DISABLE_JIT"":""<unset>"",""JAX_DISABLE_JIT_ACTUAL"":""<not-imported>"",""JAX_ENABLE_X64"":""1"",""JAX_ENABLE_X64_ACTUAL"":""<not-imported>"",""JAX_PLATFORMS"":""<unset>"",""TF_GPU_ALLOCATOR"":""<unset>"",""XLA_FLAGS"":""<unset>"",""XLA_PYTHON_CLIENT_ALLOCATOR"":""<unset>"",""XLA_PYTHON_CLIENT_MEM_FRACTION"":""0.95"",""XLA_PYTHON_CLIENT_PREALLOCATE"":""<unset>""}","{""artifacts"":{""nh3_pdb_1024"":{""bytes"":83199,""sha256"":""cb99e65c2024c8b1a80a7ea1f4ff5b23ef76a5d153a2caeb4a0e3077b5239135"",""state"":""file""},""nh3_pdb_128"":{""bytes"":10623,""sha256"":""4b48182856ba92449fa52b61bf2f95c6ce28937a3cb3da6aec4f131a1216c760"",""state"":""file""},""nh3_pdb_131072"":{""bytes"":10617087,""sha256"":""d454eb5e6e9fe717e1c12c22e3fc749189deae022de05b0f6f83f9f4501bbb52"",""state"":""file""},""nh3_pdb_16384"":{""bytes"":1327359,""sha256"":""07f5683974f6bdad6798104cf7de5ddb670704f71b7e28715d957805124196b8"",""state"":""file""},""nh3_pdb_2048"":{""bytes"":166143,""sha256"":""7171f9c4d6bf3c819f96ddd11877441961f43096057863d0607070d97c5e5a16"",""state"":""file""},""nh3_pdb_256"":{""bytes"":20991,""sha256"":""870d35ef9d654b395f8eefcd897e002ff41b1327475879ff5b955080ecb91ee0"",""state"":""file""},""nh3_pdb_32768"":{""bytes"":2654463,""sha256"":""a193ff7fc7793ae1c9121af48f694b9cff6974a63e67029053ab9312f86cb9cc"",""state"":""file""},""nh3_pdb_4096"":{""bytes"":332031,""sha256"":""e6d9ba2e0f95a04ebbeb61682dcf615982860aaa336140fee7ba55698f68175c"",""state"":""file""},""nh3_pdb_512"":{""bytes"":41727,""sha256"":""76e8d0d71fd3d49a1d14bb1fcd0689b08241620df41c90a904be29c85a67934e"",""state"":""file""},""nh3_pdb_65536"":{""bytes"":5308671,""sha256"":""a80e717b9abb39221c121bf3137135662e1b3c727e705e8f01e651720acd6dcc"",""state"":""file""},""nh3_pdb_8192"":{""bytes"":663807,""sha256"":""b0664469d3a8e84f71fbd848f1f0ffaca2cee3f4fd2100ed10f398e7c19a27e6"",""state"":""file""}},""metadata"":{""benchmark"":""el""}}",da2e3992-31bf-4906-ae02-d3747f02a55a,,,,,,,,,,,,,,,,,,
nh3,system_size,ewald,torch,65536,1,65536,0.8935620076954365,1119116.5150128475,12202.18896484375,24.03415060043335,10,3,torch_cuda_events,warmup_excluded,True,,,1e-06,5,arithmetic_mean,1.0015672977237673,"[0.058566259765624996,0.0585356689453125,0.05859307250976562,0.05859954833984375,0.05850784912109375]",,,,,not_measured,not_measured,,nan,nan,12194,energy_autograd,energy_forces_charge_gradients,True,True,False,0.09645407646894455,87.91300201416016,7.275957614183426e-12,0.12801724627896638,29.034542586162,0.9516602864994892,19792,2.0,10532,648714070,2,"{""compute_capability"":""9.0"",""driver"":""unavailable"",""memory_bytes"":102132088832,""name"":""NVIDIA H100""}","{""cuda"":""13.0"",""git_head"":""7db753be5b014476cd3ab0207173a55d6730fb14"",""jax"":""0.11.2"",""jaxlib"":""0.11.2"",""nvalchemi_toolkit_ops"":""0.5.0"",""python"":""3.12.3"",""source_sha256"":""0796a4ffc622cdc7ab846f2e8cf88b0b52fccae4dcfe32a3140b3bb9818aab8e"",""torch"":""2.14.0+cu130"",""warp"":""1.17.0""}","{""gpu_uuid"":""e8b1f776-3e7d-8391-c1b5-79a044e95420"",""host"":""s4124-0117""}","{""JAX_DISABLE_JIT"":""<unset>"",""JAX_DISABLE_JIT_ACTUAL"":""<not-imported>"",""JAX_ENABLE_X64"":""1"",""JAX_ENABLE_X64_ACTUAL"":""<not-imported>"",""JAX_PLATFORMS"":""<unset>"",""TF_GPU_ALLOCATOR"":""<unset>"",""XLA_FLAGS"":""<unset>"",""XLA_PYTHON_CLIENT_ALLOCATOR"":""<unset>"",""XLA_PYTHON_CLIENT_MEM_FRACTION"":""0.95"",""XLA_PYTHON_CLIENT_PREALLOCATE"":""<unset>""}","{""artifacts"":{""nh3_pdb_1024"":{""bytes"":83199,""sha256"":""cb99e65c2024c8b1a80a7ea1f4ff5b23ef76a5d153a2caeb4a0e3077b5239135"",""state"":""file""},""nh3_pdb_128"":{""bytes"":10623,""sha256"":""4b48182856ba92449fa52b61bf2f95c6ce28937a3cb3da6aec4f131a1216c760"",""state"":""file""},""nh3_pdb_131072"":{""bytes"":10617087,""sha256"":""d454eb5e6e9fe717e1c12c22e3fc749189deae022de05b0f6f83f9f4501bbb52"",""state"":""file""},""nh3_pdb_16384"":{""bytes"":1327359,""sha256"":""07f5683974f6bdad6798104cf7de5ddb670704f71b7e28715d957805124196b8"",""state"":""file""},""nh3_pdb_2048"":{""bytes"":166143,""sha256"":""7171f9c4d6bf3c819f96ddd11877441961f43096057863d0607070d97c5e5a16"",""state"":""file""},""nh3_pdb_256"":{""bytes"":20991,""sha256"":""870d35ef9d654b395f8eefcd897e002ff41b1327475879ff5b955080ecb91ee0"",""state"":""file""},""nh3_pdb_32768"":{""bytes"":2654463,""sha256"":""a193ff7fc7793ae1c9121af48f694b9cff6974a63e67029053ab9312f86cb9cc"",""state"":""file""},""nh3_pdb_4096"":{""bytes"":332031,""sha256"":""e6d9ba2e0f95a04ebbeb61682dcf615982860aaa336140fee7ba55698f68175c"",""state"":""file""},""nh3_pdb_512"":{""bytes"":41727,""sha256"":""76e8d0d71fd3d49a1d14bb1fcd0689b08241620df41c90a904be29c85a67934e"",""state"":""file""},""nh3_pdb_65536"":{""bytes"":5308671,""sha256"":""a80e717b9abb39221c121bf3137135662e1b3c727e705e8f01e651720acd6dcc"",""state"":""file""},""nh3_pdb_8192"":{""bytes"":663807,""sha256"":""b0664469d3a8e84f71fbd848f1f0ffaca2cee3f4fd2100ed10f398e7c19a27e6"",""state"":""file""}},""metadata"":{""benchmark"":""el""}}",da2e3992-31bf-4906-ae02-d3747f02a55a,,,,,,,,,,,,,,,,,,
nh3,system_size,ewald,torch,131072,1,131072,1.1919589899480345,838955.0382464054,29806.22998046875,63.30817699432373,10,3,torch_cuda_events,warmup_excluded,True,,,1e-06,5,arithmetic_mean,1.0031502554165932,"[0.15641466064453124,0.1559234619140625,0.1561799560546875,0.15636207275390626,0.15628209228515627]",,,,,not_measured,not_measured,,nan,nan,14895,energy_autograd,energy_forces_charge_gradients,True,True,False,0.09645523130893707,110.76300048828125,1.4551915228366852e-11,0.11405085501646005,32.59004229572329,0.8478363073359527,27984,2.0,14763,1834130204,2,"{""compute_capability"":""9.0"",""driver"":""unavailable"",""memory_bytes"":102132088832,""name"":""NVIDIA H100""}","{""cuda"":""13.0"",""git_head"":""7db753be5b014476cd3ab0207173a55d6730fb14"",""jax"":""0.11.2"",""jaxlib"":""0.11.2"",""nvalchemi_toolkit_ops"":""0.5.0"",""python"":""3.12.3"",""source_sha256"":""0796a4ffc622cdc7ab846f2e8cf88b0b52fccae4dcfe32a3140b3bb9818aab8e"",""torch"":""2.14.0+cu130"",""warp"":""1.17.0""}","{""gpu_uuid"":""e8b1f776-3e7d-8391-c1b5-79a044e95420"",""host"":""s4124-0117""}","{""JAX_DISABLE_JIT"":""<unset>"",""JAX_DISABLE_JIT_ACTUAL"":""<not-imported>"",""JAX_ENABLE_X64"":""1"",""JAX_ENABLE_X64_ACTUAL"":""<not-imported>"",""JAX_PLATFORMS"":""<unset>"",""TF_GPU_ALLOCATOR"":""<unset>"",""XLA_FLAGS"":""<unset>"",""XLA_PYTHON_CLIENT_ALLOCATOR"":""<unset>"",""XLA_PYTHON_CLIENT_MEM_FRACTION"":""0.95"",""XLA_PYTHON_CLIENT_PREALLOCATE"":""<unset>""}","{""artifacts"":{""nh3_pdb_1024"":{""bytes"":83199,""sha256"":""cb99e65c2024c8b1a80a7ea1f4ff5b23ef76a5d153a2caeb4a0e3077b5239135"",""state"":""file""},""nh3_pdb_128"":{""bytes"":10623,""sha256"":""4b48182856ba92449fa52b61bf2f95c6ce28937a3cb3da6aec4f131a1216c760"",""state"":""file""},""nh3_pdb_131072"":{""bytes"":10617087,""sha256"":""d454eb5e6e9fe717e1c12c22e3fc749189deae022de05b0f6f83f9f4501bbb52"",""state"":""file""},""nh3_pdb_16384"":{""bytes"":1327359,""sha256"":""07f5683974f6bdad6798104cf7de5ddb670704f71b7e28715d957805124196b8"",""state"":""file""},""nh3_pdb_2048"":{""bytes"":166143,""sha256"":""7171f9c4d6bf3c819f96ddd11877441961f43096057863d0607070d97c5e5a16"",""state"":""file""},""nh3_pdb_256"":{""bytes"":20991,""sha256"":""870d35ef9d654b395f8eefcd897e002ff41b1327475879ff5b955080ecb91ee0"",""state"":""file""},""nh3_pdb_32768"":{""bytes"":2654463,""sha256"":""a193ff7fc7793ae1c9121af48f694b9cff6974a63e67029053ab9312f86cb9cc"",""state"":""file""},""nh3_pdb_4096"":{""bytes"":332031,""sha256"":""e6d9ba2e0f95a04ebbeb61682dcf615982860aaa336140fee7ba55698f68175c"",""state"":""file""},""nh3_pdb_512"":{""bytes"":41727,""sha256"":""76e8d0d71fd3d49a1d14bb1fcd0689b08241620df41c90a904be29c85a67934e"",""state"":""file""},""nh3_pdb_65536"":{""bytes"":5308671,""sha256"":""a80e717b9abb39221c121bf3137135662e1b3c727e705e8f01e651720acd6dcc"",""state"":""file""},""nh3_pdb_8192"":{""bytes"":663807,""sha256"":""b0664469d3a8e84f71fbd848f1f0ffaca2cee3f4fd2100ed10f398e7c19a27e6"",""state"":""file""}},""metadata"":{""benchmark"":""el""}}",da2e3992-31bf-4906-ae02-d3747f02a55a,,,,,,,,,,,,,,,,,,
nh3,system_size,pme,torch,128,1,128,16.65564507246017,60039.7039952228,0.14990234375,0.03199434280395508,10,3,torch_cuda_events,warmup_excluded,True,,,0.0001,5,arithmetic_mean,1.2123710581663238,"[0.0024199392318725583,0.0021526432037353516,0.0020852960586547854,0.0019960384368896485,0.002005695915222168]",,,,,not_measured,not_measured,k_squared_only,nan,nan,,energy_autograd,energy_forces_charge_gradients,True,True,False,0.09645736962556839,10.98900032043457,1.4210854715202004e-14,0.36209156829700845,8.381455202185014,,480,2.0,258,30278,2,"{""compute_capability"":""9.0"",""driver"":""unavailable"",""memory_bytes"":99996401664,""name"":""NVIDIA H100 NVL""}","{""cuda"":""13.0"",""git_head"":""unavailable"",""jax"":""0.11.2"",""jaxlib"":""0.11.2"",""nvalchemi_toolkit_ops"":""0.5.0"",""python"":""3.12.3"",""source_sha256"":""4dfd278da46af31f54f8b7671e891073f8b10f8fa2cb28e7cf92bfeddd543638"",""torch"":""2.14.0+cu130"",""warp"":""1.17.0""}","{""gpu_uuid"":""557cda80-d2b2-7630-d3a3-99bf87d35067"",""host"":""ipp2-1716""}","{""JAX_DISABLE_JIT"":""<unset>"",""JAX_DISABLE_JIT_ACTUAL"":""<not-imported>"",""JAX_ENABLE_X64"":""1"",""JAX_ENABLE_X64_ACTUAL"":""<not-imported>"",""JAX_PLATFORMS"":""<unset>"",""TF_GPU_ALLOCATOR"":""<unset>"",""XLA_FLAGS"":""<unset>"",""XLA_PYTHON_CLIENT_ALLOCATOR"":""<unset>"",""XLA_PYTHON_CLIENT_MEM_FRACTION"":""0.95"",""XLA_PYTHON_CLIENT_PREALLOCATE"":""<unset>""}","{""artifacts"":{""nh3_pdb_1024"":{""bytes"":83199,""sha256"":""cb99e65c2024c8b1a80a7ea1f4ff5b23ef76a5d153a2caeb4a0e3077b5239135"",""state"":""file""},""nh3_pdb_128"":{""bytes"":10623,""sha256"":""4b48182856ba92449fa52b61bf2f95c6ce28937a3cb3da6aec4f131a1216c760"",""state"":""file""},""nh3_pdb_131072"":{""bytes"":10617087,""sha256"":""d454eb5e6e9fe717e1c12c22e3fc749189deae022de05b0f6f83f9f4501bbb52"",""state"":""file""},""nh3_pdb_16384"":{""bytes"":1327359,""sha256"":""07f5683974f6bdad6798104cf7de5ddb670704f71b7e28715d957805124196b8"",""state"":""file""},""nh3_pdb_2048"":{""bytes"":166143,""sha256"":""7171f9c4d6bf3c819f96ddd11877441961f43096057863d0607070d97c5e5a16"",""state"":""file""},""nh3_pdb_256"":{""bytes"":20991,""sha256"":""870d35ef9d654b395f8eefcd897e002ff41b1327475879ff5b955080ecb91ee0"",""state"":""file""},""nh3_pdb_32768"":{""bytes"":2654463,""sha256"":""a193ff7fc7793ae1c9121af48f694b9cff6974a63e67029053ab9312f86cb9cc"",""state"":""file""},""nh3_pdb_4096"":{""bytes"":332031,""sha256"":""e6d9ba2e0f95a04ebbeb61682dcf615982860aaa336140fee7ba55698f68175c"",""state"":""file""},""nh3_pdb_512"":{""bytes"":41727,""sha256"":""76e8d0d71fd3d49a1d14bb1fcd0689b08241620df41c90a904be29c85a67934e"",""state"":""file""},""nh3_pdb_65536"":{""bytes"":5308671,""sha256"":""a80e717b9abb39221c121bf3137135662e1b3c727e705e8f01e651720acd6dcc"",""state"":""file""},""nh3_pdb_8192"":{""bytes"":663807,""sha256"":""b0664469d3a8e84f71fbd848f1f0ffaca2cee3f4fd2100ed10f398e7c19a27e6"",""state"":""file""}},""metadata"":{""benchmark"":""el""}}",ec9f9176-c20b-4c6b-a2d3-efae9282f598,,,18,18,18,3240,5,f6fcdd837b89c29f4071155184ebcc820c2dc67c87850ac7232eda9ba95f17ee,"{""batch_idx"":""int32"",""cell"":""float64"",""charges"":""float64"",""pbc"":""bool"",""positions"":""float64""}",capped_upstream_estimate,bounded_power_two_then_four_fft_snap,0.25,9.0,single_case,4e58a2e9fa72736adb36ec90791c46b626d69fb0e9c5ddf901d8cb4127b113f1,9.774990447011078,,
nh3,system_size,pme,torch,128,1,128,15.927434861660005,62784.74899980077,3.48583984375,0.035788536071777344,10,3,torch_cuda_events,warmup_excluded,True,,,1e-06,5,arithmetic_mean,1.0708443451869798,"[0.002133478355407715,0.0020663936614990232,0.0020088991165161134,0.0019924543380737307,0.0019923328399658203]",,,,,not_measured,not_measured,k_squared_only,nan,nan,,energy_autograd,energy_forces_charge_gradients,True,True,False,0.09645736962556839,10.98900032043457,1.4210854715202004e-14,0.4129913543166487,9.0,,592,2.0,311,37368,2,"{""compute_capability"":""9.0"",""driver"":""unavailable"",""memory_bytes"":99996401664,""name"":""NVIDIA H100 NVL""}","{""cuda"":""13.0"",""git_head"":""unavailable"",""jax"":""0.11.2"",""jaxlib"":""0.11.2"",""nvalchemi_toolkit_ops"":""0.5.0"",""python"":""3.12.3"",""source_sha256"":""4dfd278da46af31f54f8b7671e891073f8b10f8fa2cb28e7cf92bfeddd543638"",""torch"":""2.14.0+cu130"",""warp"":""1.17.0""}","{""gpu_uuid"":""557cda80-d2b2-7630-d3a3-99bf87d35067"",""host"":""ipp2-1716""}","{""JAX_DISABLE_JIT"":""<unset>"",""JAX_DISABLE_JIT_ACTUAL"":""<not-imported>"",""JAX_ENABLE_X64"":""1"",""JAX_ENABLE_X64_ACTUAL"":""<not-imported>"",""JAX_PLATFORMS"":""<unset>"",""TF_GPU_ALLOCATOR"":""<unset>"",""XLA_FLAGS"":""<unset>"",""XLA_PYTHON_CLIENT_ALLOCATOR"":""<unset>"",""XLA_PYTHON_CLIENT_MEM_FRACTION"":""0.95"",""XLA_PYTHON_CLIENT_PREALLOCATE"":""<unset>""}","{""artifacts"":{""nh3_pdb_1024"":{""bytes"":83199,""sha256"":""cb99e65c2024c8b1a80a7ea1f4ff5b23ef76a5d153a2caeb4a0e3077b5239135"",""state"":""file""},""nh3_pdb_128"":{""bytes"":10623,""sha256"":""4b48182856ba92449fa52b61bf2f95c6ce28937a3cb3da6aec4f131a1216c760"",""state"":""file""},""nh3_pdb_131072"":{""bytes"":10617087,""sha256"":""d454eb5e6e9fe717e1c12c22e3fc749189deae022de05b0f6f83f9f4501bbb52"",""state"":""file""},""nh3_pdb_16384"":{""bytes"":1327359,""sha256"":""07f5683974f6bdad6798104cf7de5ddb670704f71b7e28715d957805124196b8"",""state"":""file""},""nh3_pdb_2048"":{""bytes"":166143,""sha256"":""7171f9c4d6bf3c819f96ddd11877441961f43096057863d0607070d97c5e5a16"",""state"":""file""},""nh3_pdb_256"":{""bytes"":20991,""sha256"":""870d35ef9d654b395f8eefcd897e002ff41b1327475879ff5b955080ecb91ee0"",""state"":""file""},""nh3_pdb_32768"":{""bytes"":2654463,""sha256"":""a193ff7fc7793ae1c9121af48f694b9cff6974a63e67029053ab9312f86cb9cc"",""state"":""file""},""nh3_pdb_4096"":{""bytes"":332031,""sha256"":""e6d9ba2e0f95a04ebbeb61682dcf615982860aaa336140fee7ba55698f68175c"",""state"":""file""},""nh3_pdb_512"":{""bytes"":41727,""sha256"":""76e8d0d71fd3d49a1d14bb1fcd0689b08241620df41c90a904be29c85a67934e"",""state"":""file""},""nh3_pdb_65536"":{""bytes"":5308671,""sha256"":""a80e717b9abb39221c121bf3137135662e1b3c727e705e8f01e651720acd6dcc"",""state"":""file""},""nh3_pdb_8192"":{""bytes"":663807,""sha256"":""b0664469d3a8e84f71fbd848f1f0ffaca2cee3f4fd2100ed10f398e7c19a27e6"",""state"":""file""}},""metadata"":{""benchmark"":""el""}}",ec9f9176-c20b-4c6b-a2d3-efae9282f598,,,48,48,48,57600,5,f6fcdd837b89c29f4071155184ebcc820c2dc67c87850ac7232eda9ba95f17ee,"{""batch_idx"":""int32"",""cell"":""float64"",""charges"":""float64"",""pbc"":""bool"",""positions"":""float64""}",capped_upstream_estimate,bounded_power_two_then_four_fft_snap,0.25,9.0,single_case,4e58a2e9fa72736adb36ec90791c46b626d69fb0e9c5ddf901d8cb4127b113f1,4.959904518007534,,
nh3,system_size,pme,torch,256,1,256,7.926779985427857,126154.63048530971,0.2734375,0.03296995162963867,10,3,torch_cuda_events,warmup_excluded,True,,,0.0001,5,arithmetic_mean,1.0577449957825547,"[0.0021031423568725585,0.0020538080215454103,0.0020059711456298828,0.0019883264541625976,0.001995030403137207]",,,,,not_measured,not_measured,k_squared_only,nan,nan,,energy_autograd,energy_forces_charge_gradients,True,True,False,0.09646306931972504,13.84500026702881,2.842170943040401e-14,0.3372060287522547,9.0,,592,2.0,319,75468,2,"{""compute_capability"":""9.0"",""driver"":""unavailable"",""memory_bytes"":99996401664,""name"":""NVIDIA H100 NVL""}","{""cuda"":""13.0"",""git_head"":""unavailable"",""jax"":""0.11.2"",""jaxlib"":""0.11.2"",""nvalchemi_toolkit_ops"":""0.5.0"",""python"":""3.12.3"",""source_sha256"":""4dfd278da46af31f54f8b7671e891073f8b10f8fa2cb28e7cf92bfeddd543638"",""torch"":""2.14.0+cu130"",""warp"":""1.17.0""}","{""gpu_uuid"":""557cda80-d2b2-7630-d3a3-99bf87d35067"",""host"":""ipp2-1716""}","{""JAX_DISABLE_JIT"":""<unset>"",""JAX_DISABLE_JIT_ACTUAL"":""<not-imported>"",""JAX_ENABLE_X64"":""1"",""JAX_ENABLE_X64_ACTUAL"":""<not-imported>"",""JAX_PLATFORMS"":""<unset>"",""TF_GPU_ALLOCATOR"":""<unset>"",""XLA_FLAGS"":""<unset>"",""XLA_PYTHON_CLIENT_ALLOCATOR"":""<unset>"",""XLA_PYTHON_CLIENT_MEM_FRACTION"":""0.95"",""XLA_PYTHON_CLIENT_PREALLOCATE"":""<unset>""}","{""artifacts"":{""nh3_pdb_1024"":{""bytes"":83199,""sha256"":""cb99e65c2024c8b1a80a7ea1f4ff5b23ef76a5d153a2caeb4a0e3077b5239135"",""state"":""file""},""nh3_pdb_128"":{""bytes"":10623,""sha256"":""4b48182856ba92449fa52b61bf2f95c6ce28937a3cb3da6aec4f131a1216c760"",""state"":""file""},""nh3_pdb_131072"":{""bytes"":10617087,""sha256"":""d454eb5e6e9fe717e1c12c22e3fc749189deae022de05b0f6f83f9f4501bbb52"",""state"":""file""},""nh3_pdb_16384"":{""bytes"":1327359,""sha256"":""07f5683974f6bdad6798104cf7de5ddb670704f71b7e28715d957805124196b8"",""state"":""file""},""nh3_pdb_2048"":{""bytes"":166143,""sha256"":""7171f9c4d6bf3c819f96ddd11877441961f43096057863d0607070d97c5e5a16"",""state"":""file""},""nh3_pdb_256"":{""bytes"":20991,""sha256"":""870d35ef9d654b395f8eefcd897e002ff41b1327475879ff5b955080ecb91ee0"",""state"":""file""},""nh3_pdb_32768"":{""bytes"":2654463,""sha256"":""a193ff7fc7793ae1c9121af48f694b9cff6974a63e67029053ab9312f86cb9cc"",""state"":""file""},""nh3_pdb_4096"":{""bytes"":332031,""sha256"":""e6d9ba2e0f95a04ebbeb61682dcf615982860aaa336140fee7ba55698f68175c"",""state"":""file""},""nh3_pdb_512"":{""bytes"":41727,""sha256"":""76e8d0d71fd3d49a1d14bb1fcd0689b08241620df41c90a904be29c85a67934e"",""state"":""file""},""nh3_pdb_65536"":{""bytes"":5308671,""sha256"":""a80e717b9abb39221c121bf3137135662e1b3c727e705e8f01e651720acd6dcc"",""state"":""file""},""nh3_pdb_8192"":{""bytes"":663807,""sha256"":""b0664469d3a8e84f71fbd848f1f0ffaca2cee3f4fd2100ed10f398e7c19a27e6"",""state"":""file""}},""metadata"":{""benchmark"":""el""}}",ec9f9176-c20b-4c6b-a2d3-efae9282f598,,,20,20,20,4400,5,f3f5cdbe96483ca313d4ae3e3d1d1dd88fc1d6343793b6aa57305a628e5ead56,"{""batch_idx"":""int32"",""cell"":""float64"",""charges"":""float64"",""pbc"":""bool"",""positions"":""float64""}",capped_upstream_estimate,bounded_power_two_then_four_fft_snap,0.25,9.0,single_case,4e58a2e9fa72736adb36ec90791c46b626d69fb0e9c5ddf901d8cb4127b113f1,4.893907241988927,,
nh3,system_size,pme,torch,256,1,256,7.854072451591491,127322.4822107883,8.19775390625,0.04168272018432617,10,3,torch_cuda_events,warmup_excluded,True,,,1e-06,5,arithmetic_mean,1.056312655259597,"[0.002089491271972656,0.001997711944580078,0.001978099250793457,0.0019968191146850587,0.0019910911560058592]",,,,,not_measured,not_measured,k_squared_only,nan,nan,,energy_autograd,energy_forces_charge_gradients,True,True,False,0.09646306931972504,13.84500026702881,2.842170943040401e-14,0.4129913543166487,9.0,,592,2.0,319,75468,2,"{""compute_capability"":""9.0"",""driver"":""unavailable"",""memory_bytes"":99996401664,""name"":""NVIDIA H100 NVL""}","{""cuda"":""13.0"",""git_head"":""unavailable"",""jax"":""0.11.2"",""jaxlib"":""0.11.2"",""nvalchemi_toolkit_ops"":""0.5.0"",""python"":""3.12.3"",""source_sha256"":""4dfd278da46af31f54f8b7671e891073f8b10f8fa2cb28e7cf92bfeddd543638"",""torch"":""2.14.0+cu130"",""warp"":""1.17.0""}","{""gpu_uuid"":""557cda80-d2b2-7630-d3a3-99bf87d35067"",""host"":""ipp2-1716""}","{""JAX_DISABLE_JIT"":""<unset>"",""JAX_DISABLE_JIT_ACTUAL"":""<not-imported>"",""JAX_ENABLE_X64"":""1"",""JAX_ENABLE_X64_ACTUAL"":""<not-imported>"",""JAX_PLATFORMS"":""<unset>"",""TF_GPU_ALLOCATOR"":""<unset>"",""XLA_FLAGS"":""<unset>"",""XLA_PYTHON_CLIENT_ALLOCATOR"":""<unset>"",""XLA_PYTHON_CLIENT_MEM_FRACTION"":""0.95"",""XLA_PYTHON_CLIENT_PREALLOCATE"":""<unset>""}","{""artifacts"":{""nh3_pdb_1024"":{""bytes"":83199,""sha256"":""cb99e65c2024c8b1a80a7ea1f4ff5b23ef76a5d153a2caeb4a0e3077b5239135"",""state"":""file""},""nh3_pdb_128"":{""bytes"":10623,""sha256"":""4b48182856ba92449fa52b61bf2f95c6ce28937a3cb3da6aec4f131a1216c760"",""state"":""file""},""nh3_pdb_131072"":{""bytes"":10617087,""sha256"":""d454eb5e6e9fe717e1c12c22e3fc749189deae022de05b0f6f83f9f4501bbb52"",""state"":""file""},""nh3_pdb_16384"":{""bytes"":1327359,""sha256"":""07f5683974f6bdad6798104cf7de5ddb670704f71b7e28715d957805124196b8"",""state"":""file""},""nh3_pdb_2048"":{""bytes"":166143,""sha256"":""7171f9c4d6bf3c819f96ddd11877441961f43096057863d0607070d97c5e5a16"",""state"":""file""},""nh3_pdb_256"":{""bytes"":20991,""sha256"":""870d35ef9d654b395f8eefcd897e002ff41b1327475879ff5b955080ecb91ee0"",""state"":""file""},""nh3_pdb_32768"":{""bytes"":2654463,""sha256"":""a193ff7fc7793ae1c9121af48f694b9cff6974a63e67029053ab9312f86cb9cc"",""state"":""file""},""nh3_pdb_4096"":{""bytes"":332031,""sha256"":""e6d9ba2e0f95a04ebbeb61682dcf615982860aaa336140fee7ba55698f68175c"",""state"":""file""},""nh3_pdb_512"":{""bytes"":41727,""sha256"":""76e8d0d71fd3d49a1d14bb1fcd0689b08241620df41c90a904be29c85a67934e"",""state"":""file""},""nh3_pdb_65536"":{""bytes"":5308671,""sha256"":""a80e717b9abb39221c121bf3137135662e1b3c727e705e8f01e651720acd6dcc"",""state"":""file""},""nh3_pdb_8192"":{""bytes"":663807,""sha256"":""b0664469d3a8e84f71fbd848f1f0ffaca2cee3f4fd2100ed10f398e7c19a27e6"",""state"":""file""}},""metadata"":{""benchmark"":""el""}}",ec9f9176-c20b-4c6b-a2d3-efae9282f598,,,64,64,64,135168,5,f3f5cdbe96483ca313d4ae3e3d1d1dd88fc1d6343793b6aa57305a628e5ead56,"{""batch_idx"":""int32"",""cell"":""float64"",""charges"":""float64"",""pbc"":""bool"",""positions"":""float64""}",capped_upstream_estimate,bounded_power_two_then_four_fft_snap,0.25,9.0,single_case,4e58a2e9fa72736adb36ec90791c46b626d69fb0e9c5ddf901d8cb4127b113f1,4.980127727001673,,
nh3,system_size,pme,torch,512,1,512,3.9277074486017223,254601.4470492204,0.51171875,0.03464698791503906,10,3,torch_cuda_events,warmup_excluded,True,,,0.0001,5,arithmetic_mean,1.0665759135206394,"[0.002103676795959473,0.001997238349914551,0.001972364807128906,0.001993948745727539,0.0019877023696899415]",,,,,not_measured,not_measured,k_squared_only,nan,nan,,energy_autograd,energy_forces_charge_gradients,True,True,False,0.09645654261112213,17.444000244140625,5.684341886080802e-14,0.3372060287522547,9.0,,592,2.0,341,151012,2,"{""compute_capability"":""9.0"",""driver"":""unavailable"",""memory_bytes"":99996401664,""name"":""NVIDIA H100 NVL""}","{""cuda"":""13.0"",""git_head"":""unavailable"",""jax"":""0.11.2"",""jaxlib"":""0.11.2"",""nvalchemi_toolkit_ops"":""0.5.0"",""python"":""3.12.3"",""source_sha256"":""4dfd278da46af31f54f8b7671e891073f8b10f8fa2cb28e7cf92bfeddd543638"",""torch"":""2.14.0+cu130"",""warp"":""1.17.0""}","{""gpu_uuid"":""557cda80-d2b2-7630-d3a3-99bf87d35067"",""host"":""ipp2-1716""}","{""JAX_DISABLE_JIT"":""<unset>"",""JAX_DISABLE_JIT_ACTUAL"":""<not-imported>"",""JAX_ENABLE_X64"":""1"",""JAX_ENABLE_X64_ACTUAL"":""<not-imported>"",""JAX_PLATFORMS"":""<unset>"",""TF_GPU_ALLOCATOR"":""<unset>"",""XLA_FLAGS"":""<unset>"",""XLA_PYTHON_CLIENT_ALLOCATOR"":""<unset>"",""XLA_PYTHON_CLIENT_MEM_FRACTION"":""0.95"",""XLA_PYTHON_CLIENT_PREALLOCATE"":""<unset>""}","{""artifacts"":{""nh3_pdb_1024"":{""bytes"":83199,""sha256"":""cb99e65c2024c8b1a80a7ea1f4ff5b23ef76a5d153a2caeb4a0e3077b5239135"",""state"":""file""},""nh3_pdb_128"":{""bytes"":10623,""sha256"":""4b48182856ba92449fa52b61bf2f95c6ce28937a3cb3da6aec4f131a1216c760"",""state"":""file""},""nh3_pdb_131072"":{""bytes"":10617087,""sha256"":""d454eb5e6e9fe717e1c12c22e3fc749189deae022de05b0f6f83f9f4501bbb52"",""state"":""file""},""nh3_pdb_16384"":{""bytes"":1327359,""sha256"":""07f5683974f6bdad6798104cf7de5ddb670704f71b7e28715d957805124196b8"",""state"":""file""},""nh3_pdb_2048"":{""bytes"":166143,""sha256"":""7171f9c4d6bf3c819f96ddd11877441961f43096057863d0607070d97c5e5a16"",""state"":""file""},""nh3_pdb_256"":{""bytes"":20991,""sha256"":""870d35ef9d654b395f8eefcd897e002ff41b1327475879ff5b955080ecb91ee0"",""state"":""file""},""nh3_pdb_32768"":{""bytes"":2654463,""sha256"":""a193ff7fc7793ae1c9121af48f694b9cff6974a63e67029053ab9312f86cb9cc"",""state"":""file""},""nh3_pdb_4096"":{""bytes"":332031,""sha256"":""e6d9ba2e0f95a04ebbeb61682dcf615982860aaa336140fee7ba55698f68175c"",""state"":""file""},""nh3_pdb_512"":{""bytes"":41727,""sha256"":""76e8d0d71fd3d49a1d14bb1fcd0689b08241620df41c90a904be29c85a67934e"",""state"":""file""},""nh3_pdb_65536"":{""bytes"":5308671,""sha256"":""a80e717b9abb39221c121bf3137135662e1b3c727e705e8f01e651720acd6dcc"",""state"":""file""},""nh3_pdb_8192"":{""bytes"":663807,""sha256"":""b0664469d3a8e84f71fbd848f1f0ffaca2cee3f4fd2100ed10f398e7c19a27e6"",""state"":""file""}},""metadata"":{""benchmark"":""el""}}",ec9f9176-c20b-4c6b-a2d3-efae9282f598,,,25,25,25,8125,5,c58c764aa62d2b4d91274054a7172271dc6c8ea822906e3668226f5ca0476178,"{""batch_idx"":""int32"",""cell"":""float64"",""charges"":""float64"",""pbc"":""bool"",""positions"":""float64""}",capped_upstream_estimate,bounded_power_two_then_four_fft_snap,0.25,9.0,single_case,4e58a2e9fa72736adb36ec90791c46b626d69fb0e9c5ddf901d8cb4127b113f1,5.710400935990037,,
nh3,system_size,pme,torch,512,1,512,3.924602568149566,254802.87051626117,16.51806640625,0.052173614501953125,10,3,torch_cuda_events,warmup_excluded,True,,,1e-06,5,arithmetic_mean,1.0465992077956887,"[0.0020772064208984375,0.001998252868652344,0.0019847200393676755,0.001991600036621094,0.00199520320892334]",,,,,not_measured,not_measured,k_squared_only,nan,nan,,energy_autograd,energy_forces_charge_gradients,True,True,False,0.09645654261112213,17.444000244140625,5.684341886080802e-14,0.4129913543166487,9.0,,592,2.0,341,151012,2,"{""compute_capability"":""9.0"",""driver"":""unavailable"",""memory_bytes"":99996401664,""name"":""NVIDIA H100 NVL""}","{""cuda"":""13.0"",""git_head"":""unavailable"",""jax"":""0.11.2"",""jaxlib"":""0.11.2"",""nvalchemi_toolkit_ops"":""0.5.0"",""python"":""3.12.3"",""source_sha256"":""4dfd278da46af31f54f8b7671e891073f8b10f8fa2cb28e7cf92bfeddd543638"",""torch"":""2.14.0+cu130"",""warp"":""1.17.0""}","{""gpu_uuid"":""557cda80-d2b2-7630-d3a3-99bf87d35067"",""host"":""ipp2-1716""}","{""JAX_DISABLE_JIT"":""<unset>"",""JAX_DISABLE_JIT_ACTUAL"":""<not-imported>"",""JAX_ENABLE_X64"":""1"",""JAX_ENABLE_X64_ACTUAL"":""<not-imported>"",""JAX_PLATFORMS"":""<unset>"",""TF_GPU_ALLOCATOR"":""<unset>"",""XLA_FLAGS"":""<unset>"",""XLA_PYTHON_CLIENT_ALLOCATOR"":""<unset>"",""XLA_PYTHON_CLIENT_MEM_FRACTION"":""0.95"",""XLA_PYTHON_CLIENT_PREALLOCATE"":""<unset>""}","{""artifacts"":{""nh3_pdb_1024"":{""bytes"":83199,""sha256"":""cb99e65c2024c8b1a80a7ea1f4ff5b23ef76a5d153a2caeb4a0e3077b5239135"",""state"":""file""},""nh3_pdb_128"":{""bytes"":10623,""sha256"":""4b48182856ba92449fa52b61bf2f95c6ce28937a3cb3da6aec4f131a1216c760"",""state"":""file""},""nh3_pdb_131072"":{""bytes"":10617087,""sha256"":""d454eb5e6e9fe717e1c12c22e3fc749189deae022de05b0f6f83f9f4501bbb52"",""state"":""file""},""nh3_pdb_16384"":{""bytes"":1327359,""sha256"":""07f5683974f6bdad6798104cf7de5ddb670704f71b7e28715d957805124196b8"",""state"":""file""},""nh3_pdb_2048"":{""bytes"":166143,""sha256"":""7171f9c4d6bf3c819f96ddd11877441961f43096057863d0607070d97c5e5a16"",""state"":""file""},""nh3_pdb_256"":{""bytes"":20991,""sha256"":""870d35ef9d654b395f8eefcd897e002ff41b1327475879ff5b955080ecb91ee0"",""state"":""file""},""nh3_pdb_32768"":{""bytes"":2654463,""sha256"":""a193ff7fc7793ae1c9121af48f694b9cff6974a63e67029053ab9312f86cb9cc"",""state"":""file""},""nh3_pdb_4096"":{""bytes"":332031,""sha256"":""e6d9ba2e0f95a04ebbeb61682dcf615982860aaa336140fee7ba55698f68175c"",""state"":""file""},""nh3_pdb_512"":{""bytes"":41727,""sha256"":""76e8d0d71fd3d49a1d14bb1fcd0689b08241620df41c90a904be29c85a67934e"",""state"":""file""},""nh3_pdb_65536"":{""bytes"":5308671,""sha256"":""a80e717b9abb39221c121bf3137135662e1b3c727e705e8f01e651720acd6dcc"",""state"":""file""},""nh3_pdb_8192"":{""bytes"":663807,""sha256"":""b0664469d3a8e84f71fbd848f1f0ffaca2cee3f4fd2100ed10f398e7c19a27e6"",""state"":""file""}},""metadata"":{""benchmark"":""el""}}",ec9f9176-c20b-4c6b-a2d3-efae9282f598,,,80,80,80,262400,5,c58c764aa62d2b4d91274054a7172271dc6c8ea822906e3668226f5ca0476178,"{""batch_idx"":""int32"",""cell"":""float64"",""charges"":""float64"",""pbc"":""bool"",""positions"":""float64""}",capped_upstream_estimate,bounded_power_two_then_four_fft_snap,0.25,9.0,single_case,4e58a2e9fa72736adb36ec90791c46b626d69fb0e9c5ddf901d8cb4127b113f1,4.888023092004005,,
nh3,system_size,pme,torch,1024,1,1024,1.9782612472772596,505494.4089797695,1.08642578125,0.038114070892333984,10,3,torch_cuda_events,warmup_excluded,True,,,0.0001,5,arithmetic_mean,1.0410352205374767,"[0.0020152992248535155,0.0020017919540405273,0.0020075616836547853,0.0020201087951660156,0.0020839359283447265]",,,,,not_measured,not_measured,k_squared_only,nan,nan,,energy_autograd,energy_forces_charge_gradients,True,True,False,0.09645736962556839,21.97800064086914,1.1368683772161603e-13,0.3372060287522547,9.0,,592,2.0,340,302282,2,"{""compute_capability"":""9.0"",""driver"":""unavailable"",""memory_bytes"":99996401664,""name"":""NVIDIA H100 NVL""}","{""cuda"":""13.0"",""git_head"":""unavailable"",""jax"":""0.11.2"",""jaxlib"":""0.11.2"",""nvalchemi_toolkit_ops"":""0.5.0"",""python"":""3.12.3"",""source_sha256"":""4dfd278da46af31f54f8b7671e891073f8b10f8fa2cb28e7cf92bfeddd543638"",""torch"":""2.14.0+cu130"",""warp"":""1.17.0""}","{""gpu_uuid"":""557cda80-d2b2-7630-d3a3-99bf87d35067"",""host"":""ipp2-1716""}","{""JAX_DISABLE_JIT"":""<unset>"",""JAX_DISABLE_JIT_ACTUAL"":""<not-imported>"",""JAX_ENABLE_X64"":""1"",""JAX_ENABLE_X64_ACTUAL"":""<not-imported>"",""JAX_PLATFORMS"":""<unset>"",""TF_GPU_ALLOCATOR"":""<unset>"",""XLA_FLAGS"":""<unset>"",""XLA_PYTHON_CLIENT_ALLOCATOR"":""<unset>"",""XLA_PYTHON_CLIENT_MEM_FRACTION"":""0.95"",""XLA_PYTHON_CLIENT_PREALLOCATE"":""<unset>""}","{""artifacts"":{""nh3_pdb_1024"":{""bytes"":83199,""sha256"":""cb99e65c2024c8b1a80a7ea1f4ff5b23ef76a5d153a2caeb4a0e3077b5239135"",""state"":""file""},""nh3_pdb_128"":{""bytes"":10623,""sha256"":""4b48182856ba92449fa52b61bf2f95c6ce28937a3cb3da6aec4f131a1216c760"",""state"":""file""},""nh3_pdb_131072"":{""bytes"":10617087,""sha256"":""d454eb5e6e9fe717e1c12c22e3fc749189deae022de05b0f6f83f9f4501bbb52"",""state"":""file""},""nh3_pdb_16384"":{""bytes"":1327359,""sha256"":""07f5683974f6bdad6798104cf7de5ddb670704f71b7e28715d957805124196b8"",""state"":""file""},""nh3_pdb_2048"":{""bytes"":166143,""sha256"":""7171f9c4d6bf3c819f96ddd11877441961f43096057863d0607070d97c5e5a16"",""state"":""file""},""nh3_pdb_256"":{""bytes"":20991,""sha256"":""870d35ef9d654b395f8eefcd897e002ff41b1327475879ff5b955080ecb91ee0"",""state"":""file""},""nh3_pdb_32768"":{""bytes"":2654463,""sha256"":""a193ff7fc7793ae1c9121af48f694b9cff6974a63e67029053ab9312f86cb9cc"",""state"":""file""},""nh3_pdb_4096"":{""bytes"":332031,""sha256"":""e6d9ba2e0f95a04ebbeb61682dcf615982860aaa336140fee7ba55698f68175c"",""state"":""file""},""nh3_pdb_512"":{""bytes"":41727,""sha256"":""76e8d0d71fd3d49a1d14bb1fcd0689b08241620df41c90a904be29c85a67934e"",""state"":""file""},""nh3_pdb_65536"":{""bytes"":5308671,""sha256"":""a80e717b9abb39221c121bf3137135662e1b3c727e705e8f01e651720acd6dcc"",""state"":""file""},""nh3_pdb_8192"":{""bytes"":663807,""sha256"":""b0664469d3a8e84f71fbd848f1f0ffaca2cee3f4fd2100ed10f398e7c19a27e6"",""state"":""file""}},""metadata"":{""benchmark"":""el""}}",ec9f9176-c20b-4c6b-a2d3-efae9282f598,,,32,32,32,17408,5,a28d15c8fb83eeac5222bbbcbfb4ab9d0bbb76c0d8846b67029c3cf86134ceaf,"{""batch_idx"":""int32"",""cell"":""float64"",""charges"":""float64"",""pbc"":""bool"",""positions"":""float64""}",capped_upstream_estimate,bounded_power_two_then_four_fft_snap,0.25,9.0,single_case,4e58a2e9fa72736adb36ec90791c46b626d69fb0e9c5ddf901d8cb4127b113f1,4.873163982992992,,
nh3,system_size,pme,torch,1024,1,1024,1.9391906261444094,515679.060386264,27.46142578125,0.06710672378540039,10,3,torch_cuda_events,warmup_excluded,True,,,1e-06,5,arithmetic_mean,1.0145180816891994,"[0.0019977792739868166,0.0019961055755615235,0.001994278335571289,0.0019713024139404295,0.0019691904067993165]",,,,,not_measured,not_measured,k_squared_only,nan,nan,,energy_autograd,energy_forces_charge_gradients,True,True,False,0.09645736962556839,21.97800064086914,1.1368683772161603e-13,0.4129913543166487,9.0,,592,2.0,340,302282,2,"{""compute_capability"":""9.0"",""driver"":""unavailable"",""memory_bytes"":99996401664,""name"":""NVIDIA H100 NVL""}","{""cuda"":""13.0"",""git_head"":""unavailable"",""jax"":""0.11.2"",""jaxlib"":""0.11.2"",""nvalchemi_toolkit_ops"":""0.5.0"",""python"":""3.12.3"",""source_sha256"":""4dfd278da46af31f54f8b7671e891073f8b10f8fa2cb28e7cf92bfeddd543638"",""torch"":""2.14.0+cu130"",""warp"":""1.17.0""}","{""gpu_uuid"":""557cda80-d2b2-7630-d3a3-99bf87d35067"",""host"":""ipp2-1716""}","{""JAX_DISABLE_JIT"":""<unset>"",""JAX_DISABLE_JIT_ACTUAL"":""<not-imported>"",""JAX_ENABLE_X64"":""1"",""JAX_ENABLE_X64_ACTUAL"":""<not-imported>"",""JAX_PLATFORMS"":""<unset>"",""TF_GPU_ALLOCATOR"":""<unset>"",""XLA_FLAGS"":""<unset>"",""XLA_PYTHON_CLIENT_ALLOCATOR"":""<unset>"",""XLA_PYTHON_CLIENT_MEM_FRACTION"":""0.95"",""XLA_PYTHON_CLIENT_PREALLOCATE"":""<unset>""}","{""artifacts"":{""nh3_pdb_1024"":{""bytes"":83199,""sha256"":""cb99e65c2024c8b1a80a7ea1f4ff5b23ef76a5d153a2caeb4a0e3077b5239135"",""state"":""file""},""nh3_pdb_128"":{""bytes"":10623,""sha256"":""4b48182856ba92449fa52b61bf2f95c6ce28937a3cb3da6aec4f131a1216c760"",""state"":""file""},""nh3_pdb_131072"":{""bytes"":10617087,""sha256"":""d454eb5e6e9fe717e1c12c22e3fc749189deae022de05b0f6f83f9f4501bbb52"",""state"":""file""},""nh3_pdb_16384"":{""bytes"":1327359,""sha256"":""07f5683974f6bdad6798104cf7de5ddb670704f71b7e28715d957805124196b8"",""state"":""file""},""nh3_pdb_2048"":{""bytes"":166143,""sha256"":""7171f9c4d6bf3c819f96ddd11877441961f43096057863d0607070d97c5e5a16"",""state"":""file""},""nh3_pdb_256"":{""bytes"":20991,""sha256"":""870d35ef9d654b395f8eefcd897e002ff41b1327475879ff5b955080ecb91ee0"",""state"":""file""},""nh3_pdb_32768"":{""bytes"":2654463,""sha256"":""a193ff7fc7793ae1c9121af48f694b9cff6974a63e67029053ab9312f86cb9cc"",""state"":""file""},""nh3_pdb_4096"":{""bytes"":332031,""sha256"":""e6d9ba2e0f95a04ebbeb61682dcf615982860aaa336140fee7ba55698f68175c"",""state"":""file""},""nh3_pdb_512"":{""bytes"":41727,""sha256"":""76e8d0d71fd3d49a1d14bb1fcd0689b08241620df41c90a904be29c85a67934e"",""state"":""file""},""nh3_pdb_65536"":{""bytes"":5308671,""sha256"":""a80e717b9abb39221c121bf3137135662e1b3c727e705e8f01e651720acd6dcc"",""state"":""file""},""nh3_pdb_8192"":{""bytes"":663807,""sha256"":""b0664469d3a8e84f71fbd848f1f0ffaca2cee3f4fd2100ed10f398e7c19a27e6"",""state"":""file""}},""metadata"":{""benchmark"":""el""}}",ec9f9176-c20b-4c6b-a2d3-efae9282f598,,,96,96,96,451584,5,a28d15c8fb83eeac5222bbbcbfb4ab9d0bbb76c0d8846b67029c3cf86134ceaf,"{""batch_idx"":""int32"",""cell"":""float64"",""charges"":""float64"",""pbc"":""bool"",""positions"":""float64""}",capped_upstream_estimate,bounded_power_two_then_four_fft_snap,0.25,9.0,single_case,4e58a2e9fa72736adb36ec90791c46b626d69fb0e9c5ddf901d8cb4127b113f1,5.146132511988981,,
nh3,system_size,pme,torch,2048,1,2048,0.9845671989023687,1015674.7057131666,2.10498046875,0.04496145248413086,10,3,torch_cuda_events,warmup_excluded,True,,,0.0001,5,arithmetic_mean,1.050501265199088,"[0.002026345634460449,0.002078819274902344,0.0020166048049926758,0.001978883171081543,0.0019813152313232422]",,,,,not_measured,not_measured,k_squared_only,nan,nan,,energy_autograd,energy_forces_charge_gradients,True,True,False,0.09645262360572815,27.69099998474121,2.2737367544323206e-13,0.3372060287522547,9.0,,592,2.0,353,607968,2,"{""compute_capability"":""9.0"",""driver"":""unavailable"",""memory_bytes"":99996401664,""name"":""NVIDIA H100 NVL""}","{""cuda"":""13.0"",""git_head"":""unavailable"",""jax"":""0.11.2"",""jaxlib"":""0.11.2"",""nvalchemi_toolkit_ops"":""0.5.0"",""python"":""3.12.3"",""source_sha256"":""4dfd278da46af31f54f8b7671e891073f8b10f8fa2cb28e7cf92bfeddd543638"",""torch"":""2.14.0+cu130"",""warp"":""1.17.0""}","{""gpu_uuid"":""557cda80-d2b2-7630-d3a3-99bf87d35067"",""host"":""ipp2-1716""}","{""JAX_DISABLE_JIT"":""<unset>"",""JAX_DISABLE_JIT_ACTUAL"":""<not-imported>"",""JAX_ENABLE_X64"":""1"",""JAX_ENABLE_X64_ACTUAL"":""<not-imported>"",""JAX_PLATFORMS"":""<unset>"",""TF_GPU_ALLOCATOR"":""<unset>"",""XLA_FLAGS"":""<unset>"",""XLA_PYTHON_CLIENT_ALLOCATOR"":""<unset>"",""XLA_PYTHON_CLIENT_MEM_FRACTION"":""0.95"",""XLA_PYTHON_CLIENT_PREALLOCATE"":""<unset>""}","{""artifacts"":{""nh3_pdb_1024"":{""bytes"":83199,""sha256"":""cb99e65c2024c8b1a80a7ea1f4ff5b23ef76a5d153a2caeb4a0e3077b5239135"",""state"":""file""},""nh3_pdb_128"":{""bytes"":10623,""sha256"":""4b48182856ba92449fa52b61bf2f95c6ce28937a3cb3da6aec4f131a1216c760"",""state"":""file""},""nh3_pdb_131072"":{""bytes"":10617087,""sha256"":""d454eb5e6e9fe717e1c12c22e3fc749189deae022de05b0f6f83f9f4501bbb52"",""state"":""file""},""nh3_pdb_16384"":{""bytes"":1327359,""sha256"":""07f5683974f6bdad6798104cf7de5ddb670704f71b7e28715d957805124196b8"",""state"":""file""},""nh3_pdb_2048"":{""bytes"":166143,""sha256"":""7171f9c4d6bf3c819f96ddd11877441961f43096057863d0607070d97c5e5a16"",""state"":""file""},""nh3_pdb_256"":{""bytes"":20991,""sha256"":""870d35ef9d654b395f8eefcd897e002ff41b1327475879ff5b955080ecb91ee0"",""state"":""file""},""nh3_pdb_32768"":{""bytes"":2654463,""sha256"":""a193ff7fc7793ae1c9121af48f694b9cff6974a63e67029053ab9312f86cb9cc"",""state"":""file""},""nh3_pdb_4096"":{""bytes"":332031,""sha256"":""e6d9ba2e0f95a04ebbeb61682dcf615982860aaa336140fee7ba55698f68175c"",""state"":""file""},""nh3_pdb_512"":{""bytes"":41727,""sha256"":""76e8d0d71fd3d49a1d14bb1fcd0689b08241620df41c90a904be29c85a67934e"",""state"":""file""},""nh3_pdb_65536"":{""bytes"":5308671,""sha256"":""a80e717b9abb39221c121bf3137135662e1b3c727e705e8f01e651720acd6dcc"",""state"":""file""},""nh3_pdb_8192"":{""bytes"":663807,""sha256"":""b0664469d3a8e84f71fbd848f1f0ffaca2cee3f4fd2100ed10f398e7c19a27e6"",""state"":""file""}},""metadata"":{""benchmark"":""el""}}",ec9f9176-c20b-4c6b-a2d3-efae9282f598,,,40,40,40,33600,5,1da92208f8ec5bd17574911c16adaa316c7e7815c48a7478c132a5b9e99a41f8,"{""batch_idx"":""int32"",""cell"":""float64"",""charges"":""float64"",""pbc"":""bool"",""positions"":""float64""}",capped_upstream_estimate,bounded_power_two_then_four_fft_snap,0.25,9.0,single_case,4e58a2e9fa72736adb36ec90791c46b626d69fb0e9c5ddf901d8cb4127b113f1,5.738595421978971,,
nh3,system_size,pme,torch,2048,1,2048,0.9779693745076656,1022526.9073517001,64.82861328125,0.11390066146850586,10,3,torch_cuda_events,warmup_excluded,True,,,1e-06,5,arithmetic_mean,1.0238272425991204,"[0.0020107872009277345,0.0020283967971801756,0.0019877471923828126,0.0019811904907226564,0.002006284713745117]",,,,,not_measured,not_measured,k_squared_only,nan,nan,,energy_autograd,energy_forces_charge_gradients,True,True,False,0.09645262360572815,27.69099998474121,2.2737367544323206e-13,0.4129913543166487,9.0,,592,2.0,353,607968,2,"{""compute_capability"":""9.0"",""driver"":""unavailable"",""memory_bytes"":99996401664,""name"":""NVIDIA H100 NVL""}","{""cuda"":""13.0"",""git_head"":""unavailable"",""jax"":""0.11.2"",""jaxlib"":""0.11.2"",""nvalchemi_toolkit_ops"":""0.5.0"",""python"":""3.12.3"",""source_sha256"":""4dfd278da46af31f54f8b7671e891073f8b10f8fa2cb28e7cf92bfeddd543638"",""torch"":""2.14.0+cu130"",""warp"":""1.17.0""}","{""gpu_uuid"":""557cda80-d2b2-7630-d3a3-99bf87d35067"",""host"":""ipp2-1716""}","{""JAX_DISABLE_JIT"":""<unset>"",""JAX_DISABLE_JIT_ACTUAL"":""<not-imported>"",""JAX_ENABLE_X64"":""1"",""JAX_ENABLE_X64_ACTUAL"":""<not-imported>"",""JAX_PLATFORMS"":""<unset>"",""TF_GPU_ALLOCATOR"":""<unset>"",""XLA_FLAGS"":""<unset>"",""XLA_PYTHON_CLIENT_ALLOCATOR"":""<unset>"",""XLA_PYTHON_CLIENT_MEM_FRACTION"":""0.95"",""XLA_PYTHON_CLIENT_PREALLOCATE"":""<unset>""}","{""artifacts"":{""nh3_pdb_1024"":{""bytes"":83199,""sha256"":""cb99e65c2024c8b1a80a7ea1f4ff5b23ef76a5d153a2caeb4a0e3077b5239135"",""state"":""file""},""nh3_pdb_128"":{""bytes"":10623,""sha256"":""4b48182856ba92449fa52b61bf2f95c6ce28937a3cb3da6aec4f131a1216c760"",""state"":""file""},""nh3_pdb_131072"":{""bytes"":10617087,""sha256"":""d454eb5e6e9fe717e1c12c22e3fc749189deae022de05b0f6f83f9f4501bbb52"",""state"":""file""},""nh3_pdb_16384"":{""bytes"":1327359,""sha256"":""07f5683974f6bdad6798104cf7de5ddb670704f71b7e28715d957805124196b8"",""state"":""file""},""nh3_pdb_2048"":{""bytes"":166143,""sha256"":""7171f9c4d6bf3c819f96ddd11877441961f43096057863d0607070d97c5e5a16"",""state"":""file""},""nh3_pdb_256"":{""bytes"":20991,""sha256"":""870d35ef9d654b395f8eefcd897e002ff41b1327475879ff5b955080ecb91ee0"",""state"":""file""},""nh3_pdb_32768"":{""bytes"":2654463,""sha256"":""a193ff7fc7793ae1c9121af48f694b9cff6974a63e67029053ab9312f86cb9cc"",""state"":""file""},""nh3_pdb_4096"":{""bytes"":332031,""sha256"":""e6d9ba2e0f95a04ebbeb61682dcf615982860aaa336140fee7ba55698f68175c"",""state"":""file""},""nh3_pdb_512"":{""bytes"":41727,""sha256"":""76e8d0d71fd3d49a1d14bb1fcd0689b08241620df41c90a904be29c85a67934e"",""state"":""file""},""nh3_pdb_65536"":{""bytes"":5308671,""sha256"":""a80e717b9abb39221c121bf3137135662e1b3c727e705e8f01e651720acd6dcc"",""state"":""file""},""nh3_pdb_8192"":{""bytes"":663807,""sha256"":""b0664469d3a8e84f71fbd848f1f0ffaca2cee3f4fd2100ed10f398e7c19a27e6"",""state"":""file""}},""metadata"":{""benchmark"":""el""}}",ec9f9176-c20b-4c6b-a2d3-efae9282f598,,,128,128,128,1064960,5,1da92208f8ec5bd17574911c16adaa316c7e7815c48a7478c132a5b9e99a41f8,"{""batch_idx"":""int32"",""cell"":""float64"",""charges"":""float64"",""pbc"":""bool"",""positions"":""float64""}",capped_upstream_estimate,bounded_power_two_then_four_fft_snap,0.25,9.0,single_case,4e58a2e9fa72736adb36ec90791c46b626d69fb0e9c5ddf901d8cb4127b113f1,4.915629124996485,,
nh3,system_size,pme,torch,4096,1,4096,0.4914478119462728,2034804.0538418845,4.08740234375,0.05862569808959961,10,3,torch_cuda_events,warmup_excluded,True,,,0.0001,5,arithmetic_mean,1.0188957244330306,"[0.0019993824005126956,0.002008070373535156,0.0020350656509399412,0.002025008010864258,0.0019973247528076174]",,,,,not_measured,not_measured,k_squared_only,nan,nan,,energy_autograd,energy_forces_charge_gradients,True,True,False,0.09645654261112213,34.88800048828125,4.547473508864641e-13,0.3372060287522547,9.0,,592,2.0,383,1220980,2,"{""compute_capability"":""9.0"",""driver"":""unavailable"",""memory_bytes"":99996401664,""name"":""NVIDIA H100 NVL""}","{""cuda"":""13.0"",""git_head"":""unavailable"",""jax"":""0.11.2"",""jaxlib"":""0.11.2"",""nvalchemi_toolkit_ops"":""0.5.0"",""python"":""3.12.3"",""source_sha256"":""4dfd278da46af31f54f8b7671e891073f8b10f8fa2cb28e7cf92bfeddd543638"",""torch"":""2.14.0+cu130"",""warp"":""1.17.0""}","{""gpu_uuid"":""557cda80-d2b2-7630-d3a3-99bf87d35067"",""host"":""ipp2-1716""}","{""JAX_DISABLE_JIT"":""<unset>"",""JAX_DISABLE_JIT_ACTUAL"":""<not-imported>"",""JAX_ENABLE_X64"":""1"",""JAX_ENABLE_X64_ACTUAL"":""<not-imported>"",""JAX_PLATFORMS"":""<unset>"",""TF_GPU_ALLOCATOR"":""<unset>"",""XLA_FLAGS"":""<unset>"",""XLA_PYTHON_CLIENT_ALLOCATOR"":""<unset>"",""XLA_PYTHON_CLIENT_MEM_FRACTION"":""0.95"",""XLA_PYTHON_CLIENT_PREALLOCATE"":""<unset>""}","{""artifacts"":{""nh3_pdb_1024"":{""bytes"":83199,""sha256"":""cb99e65c2024c8b1a80a7ea1f4ff5b23ef76a5d153a2caeb4a0e3077b5239135"",""state"":""file""},""nh3_pdb_128"":{""bytes"":10623,""sha256"":""4b48182856ba92449fa52b61bf2f95c6ce28937a3cb3da6aec4f131a1216c760"",""state"":""file""},""nh3_pdb_131072"":{""bytes"":10617087,""sha256"":""d454eb5e6e9fe717e1c12c22e3fc749189deae022de05b0f6f83f9f4501bbb52"",""state"":""file""},""nh3_pdb_16384"":{""bytes"":1327359,""sha256"":""07f5683974f6bdad6798104cf7de5ddb670704f71b7e28715d957805124196b8"",""state"":""file""},""nh3_pdb_2048"":{""bytes"":166143,""sha256"":""7171f9c4d6bf3c819f96ddd11877441961f43096057863d0607070d97c5e5a16"",""state"":""file""},""nh3_pdb_256"":{""bytes"":20991,""sha256"":""870d35ef9d654b395f8eefcd897e002ff41b1327475879ff5b955080ecb91ee0"",""state"":""file""},""nh3_pdb_32768"":{""bytes"":2654463,""sha256"":""a193ff7fc7793ae1c9121af48f694b9cff6974a63e67029053ab9312f86cb9cc"",""state"":""file""},""nh3_pdb_4096"":{""bytes"":332031,""sha256"":""e6d9ba2e0f95a04ebbeb61682dcf615982860aaa336140fee7ba55698f68175c"",""state"":""file""},""nh3_pdb_512"":{""bytes"":41727,""sha256"":""76e8d0d71fd3d49a1d14bb1fcd0689b08241620df41c90a904be29c85a67934e"",""state"":""file""},""nh3_pdb_65536"":{""bytes"":5308671,""sha256"":""a80e717b9abb39221c121bf3137135662e1b3c727e705e8f01e651720acd6dcc"",""state"":""file""},""nh3_pdb_8192"":{""bytes"":663807,""sha256"":""b0664469d3a8e84f71fbd848f1f0ffaca2cee3f4fd2100ed10f398e7c19a27e6"",""state"":""file""}},""metadata"":{""benchmark"":""el""}}",ec9f9176-c20b-4c6b-a2d3-efae9282f598,,,50,50,50,65000,5,abc70c31fce3df2470aa9f36af28c25dcde474fe94b11e23406f0293c3689252,"{""batch_idx"":""int32"",""cell"":""float64"",""charges"":""float64"",""pbc"":""bool"",""positions"":""float64""}",capped_upstream_estimate,bounded_power_two_then_four_fft_snap,0.25,9.0,single_case,4e58a2e9fa72736adb36ec90791c46b626d69fb0e9c5ddf901d8cb4127b113f1,4.918118969973875,,
nh3,system_size,pme,torch,4096,1,4096,0.48670249991118913,2054643.2372598758,128.15673828125,0.1949300765991211,10,3,torch_cuda_events,warmup_excluded,True,,,1e-06,5,arithmetic_mean,1.0093677788114601,"[0.0020015487670898436,0.0020011840820312503,0.0019895135879516605,0.001992448043823242,0.001982972717285156]",,,,,not_measured,not_measured,k_squared_only,nan,nan,,energy_autograd,energy_forces_charge_gradients,True,True,False,0.09645654261112213,34.88800048828125,4.547473508864641e-13,0.4129913543166487,9.0,,592,2.0,383,1220980,2,"{""compute_capability"":""9.0"",""driver"":""unavailable"",""memory_bytes"":99996401664,""name"":""NVIDIA H100 NVL""}","{""cuda"":""13.0"",""git_head"":""unavailable"",""jax"":""0.11.2"",""jaxlib"":""0.11.2"",""nvalchemi_toolkit_ops"":""0.5.0"",""python"":""3.12.3"",""source_sha256"":""4dfd278da46af31f54f8b7671e891073f8b10f8fa2cb28e7cf92bfeddd543638"",""torch"":""2.14.0+cu130"",""warp"":""1.17.0""}","{""gpu_uuid"":""557cda80-d2b2-7630-d3a3-99bf87d35067"",""host"":""ipp2-1716""}","{""JAX_DISABLE_JIT"":""<unset>"",""JAX_DISABLE_JIT_ACTUAL"":""<not-imported>"",""JAX_ENABLE_X64"":""1"",""JAX_ENABLE_X64_ACTUAL"":""<not-imported>"",""JAX_PLATFORMS"":""<unset>"",""TF_GPU_ALLOCATOR"":""<unset>"",""XLA_FLAGS"":""<unset>"",""XLA_PYTHON_CLIENT_ALLOCATOR"":""<unset>"",""XLA_PYTHON_CLIENT_MEM_FRACTION"":""0.95"",""XLA_PYTHON_CLIENT_PREALLOCATE"":""<unset>""}","{""artifacts"":{""nh3_pdb_1024"":{""bytes"":83199,""sha256"":""cb99e65c2024c8b1a80a7ea1f4ff5b23ef76a5d153a2caeb4a0e3077b5239135"",""state"":""file""},""nh3_pdb_128"":{""bytes"":10623,""sha256"":""4b48182856ba92449fa52b61bf2f95c6ce28937a3cb3da6aec4f131a1216c760"",""state"":""file""},""nh3_pdb_131072"":{""bytes"":10617087,""sha256"":""d454eb5e6e9fe717e1c12c22e3fc749189deae022de05b0f6f83f9f4501bbb52"",""state"":""file""},""nh3_pdb_16384"":{""bytes"":1327359,""sha256"":""07f5683974f6bdad6798104cf7de5ddb670704f71b7e28715d957805124196b8"",""state"":""file""},""nh3_pdb_2048"":{""bytes"":166143,""sha256"":""7171f9c4d6bf3c819f96ddd11877441961f43096057863d0607070d97c5e5a16"",""state"":""file""},""nh3_pdb_256"":{""bytes"":20991,""sha256"":""870d35ef9d654b395f8eefcd897e002ff41b1327475879ff5b955080ecb91ee0"",""state"":""file""},""nh3_pdb_32768"":{""bytes"":2654463,""sha256"":""a193ff7fc7793ae1c9121af48f694b9cff6974a63e67029053ab9312f86cb9cc"",""state"":""file""},""nh3_pdb_4096"":{""bytes"":332031,""sha256"":""e6d9ba2e0f95a04ebbeb61682dcf615982860aaa336140fee7ba55698f68175c"",""state"":""file""},""nh3_pdb_512"":{""bytes"":41727,""sha256"":""76e8d0d71fd3d49a1d14bb1fcd0689b08241620df41c90a904be29c85a67934e"",""state"":""file""},""nh3_pdb_65536"":{""bytes"":5308671,""sha256"":""a80e717b9abb39221c121bf3137135662e1b3c727e705e8f01e651720acd6dcc"",""state"":""file""},""nh3_pdb_8192"":{""bytes"":663807,""sha256"":""b0664469d3a8e84f71fbd848f1f0ffaca2cee3f4fd2100ed10f398e7c19a27e6"",""state"":""file""}},""metadata"":{""benchmark"":""el""}}",ec9f9176-c20b-4c6b-a2d3-efae9282f598,,,160,160,160,2073600,5,abc70c31fce3df2470aa9f36af28c25dcde474fe94b11e23406f0293c3689252,"{""batch_idx"":""int32"",""cell"":""float64"",""charges"":""float64"",""pbc"":""bool"",""positions"":""float64""}",capped_upstream_estimate,bounded_power_two_then_four_fft_snap,0.25,9.0,single_case,4e58a2e9fa72736adb36ec90791c46b626d69fb0e9c5ddf901d8cb4127b113f1,4.987768435006728,,
nh3,system_size,pme,torch,8192,1,8192,0.24630905594676736,4059940.0462812106,9.40673828125,0.08712339401245117,10,3,torch_cuda_events,warmup_excluded,True,,,0.0001,5,arithmetic_mean,1.0562033391601777,"[0.001995283126831055,0.0021038015365600583,0.0020005279541015627,0.0019918527603149413,0.0019973535537719726]",,,,,not_measured,not_measured,k_squared_only,nan,nan,,energy_autograd,energy_forces_charge_gradients,True,True,False,0.09645736962556839,43.95600128173828,9.094947017729282e-13,0.3372060287522547,9.0,,592,2.0,384,2435788,2,"{""compute_capability"":""9.0"",""driver"":""unavailable"",""memory_bytes"":99996401664,""name"":""NVIDIA H100 NVL""}","{""cuda"":""13.0"",""git_head"":""unavailable"",""jax"":""0.11.2"",""jaxlib"":""0.11.2"",""nvalchemi_toolkit_ops"":""0.5.0"",""python"":""3.12.3"",""source_sha256"":""4dfd278da46af31f54f8b7671e891073f8b10f8fa2cb28e7cf92bfeddd543638"",""torch"":""2.14.0+cu130"",""warp"":""1.17.0""}","{""gpu_uuid"":""557cda80-d2b2-7630-d3a3-99bf87d35067"",""host"":""ipp2-1716""}","{""JAX_DISABLE_JIT"":""<unset>"",""JAX_DISABLE_JIT_ACTUAL"":""<not-imported>"",""JAX_ENABLE_X64"":""1"",""JAX_ENABLE_X64_ACTUAL"":""<not-imported>"",""JAX_PLATFORMS"":""<unset>"",""TF_GPU_ALLOCATOR"":""<unset>"",""XLA_FLAGS"":""<unset>"",""XLA_PYTHON_CLIENT_ALLOCATOR"":""<unset>"",""XLA_PYTHON_CLIENT_MEM_FRACTION"":""0.95"",""XLA_PYTHON_CLIENT_PREALLOCATE"":""<unset>""}","{""artifacts"":{""nh3_pdb_1024"":{""bytes"":83199,""sha256"":""cb99e65c2024c8b1a80a7ea1f4ff5b23ef76a5d153a2caeb4a0e3077b5239135"",""state"":""file""},""nh3_pdb_128"":{""bytes"":10623,""sha256"":""4b48182856ba92449fa52b61bf2f95c6ce28937a3cb3da6aec4f131a1216c760"",""state"":""file""},""nh3_pdb_131072"":{""bytes"":10617087,""sha256"":""d454eb5e6e9fe717e1c12c22e3fc749189deae022de05b0f6f83f9f4501bbb52"",""state"":""file""},""nh3_pdb_16384"":{""bytes"":1327359,""sha256"":""07f5683974f6bdad6798104cf7de5ddb670704f71b7e28715d957805124196b8"",""state"":""file""},""nh3_pdb_2048"":{""bytes"":166143,""sha256"":""7171f9c4d6bf3c819f96ddd11877441961f43096057863d0607070d97c5e5a16"",""state"":""file""},""nh3_pdb_256"":{""bytes"":20991,""sha256"":""870d35ef9d654b395f8eefcd897e002ff41b1327475879ff5b955080ecb91ee0"",""state"":""file""},""nh3_pdb_32768"":{""bytes"":2654463,""sha256"":""a193ff7fc7793ae1c9121af48f694b9cff6974a63e67029053ab9312f86cb9cc"",""state"":""file""},""nh3_pdb_4096"":{""bytes"":332031,""sha256"":""e6d9ba2e0f95a04ebbeb61682dcf615982860aaa336140fee7ba55698f68175c"",""state"":""file""},""nh3_pdb_512"":{""bytes"":41727,""sha256"":""76e8d0d71fd3d49a1d14bb1fcd0689b08241620df41c90a904be29c85a67934e"",""state"":""file""},""nh3_pdb_65536"":{""bytes"":5308671,""sha256"":""a80e717b9abb39221c121bf3137135662e1b3c727e705e8f01e651720acd6dcc"",""state"":""file""},""nh3_pdb_8192"":{""bytes"":663807,""sha256"":""b0664469d3a8e84f71fbd848f1f0ffaca2cee3f4fd2100ed10f398e7c19a27e6"",""state"":""file""}},""metadata"":{""benchmark"":""el""}}",ec9f9176-c20b-4c6b-a2d3-efae9282f598,,,64,64,64,135168,5,21cfdd9a0538153c001920ae4dadba0160223a843dd79f4f874a121453a56129,"{""batch_idx"":""int32"",""cell"":""float64"",""charges"":""float64"",""pbc"":""bool"",""positions"":""float64""}",capped_upstream_estimate,bounded_power_two_then_four_fft_snap,0.25,9.0,single_case,4e58a2e9fa72736adb36ec90791c46b626d69fb0e9c5ddf901d8cb4127b113f1,5.714770310994936,,
nh3,system_size,pme,torch,8192,1,8192,0.24790390394628045,4033821.1060068463,218.00048828125,0.3164653778076172,10,3,torch_cuda_events,warmup_excluded,True,,,1e-06,5,arithmetic_mean,1.0652297930193952,"[0.00206595516204834,0.002109836769104004,0.0019998016357421875,0.0019806400299072265,0.0019979103088378905]",,,,,not_measured,not_measured,k_squared_only,nan,nan,,energy_autograd,energy_forces_charge_gradients,True,True,False,0.09645736962556839,43.95600128173828,9.094947017729282e-13,0.4129913543166487,9.0,,592,2.0,384,2435788,2,"{""compute_capability"":""9.0"",""driver"":""unavailable"",""memory_bytes"":99996401664,""name"":""NVIDIA H100 NVL""}","{""cuda"":""13.0"",""git_head"":""unavailable"",""jax"":""0.11.2"",""jaxlib"":""0.11.2"",""nvalchemi_toolkit_ops"":""0.5.0"",""python"":""3.12.3"",""source_sha256"":""4dfd278da46af31f54f8b7671e891073f8b10f8fa2cb28e7cf92bfeddd543638"",""torch"":""2.14.0+cu130"",""warp"":""1.17.0""}","{""gpu_uuid"":""557cda80-d2b2-7630-d3a3-99bf87d35067"",""host"":""ipp2-1716""}","{""JAX_DISABLE_JIT"":""<unset>"",""JAX_DISABLE_JIT_ACTUAL"":""<not-imported>"",""JAX_ENABLE_X64"":""1"",""JAX_ENABLE_X64_ACTUAL"":""<not-imported>"",""JAX_PLATFORMS"":""<unset>"",""TF_GPU_ALLOCATOR"":""<unset>"",""XLA_FLAGS"":""<unset>"",""XLA_PYTHON_CLIENT_ALLOCATOR"":""<unset>"",""XLA_PYTHON_CLIENT_MEM_FRACTION"":""0.95"",""XLA_PYTHON_CLIENT_PREALLOCATE"":""<unset>""}","{""artifacts"":{""nh3_pdb_1024"":{""bytes"":83199,""sha256"":""cb99e65c2024c8b1a80a7ea1f4ff5b23ef76a5d153a2caeb4a0e3077b5239135"",""state"":""file""},""nh3_pdb_128"":{""bytes"":10623,""sha256"":""4b48182856ba92449fa52b61bf2f95c6ce28937a3cb3da6aec4f131a1216c760"",""state"":""file""},""nh3_pdb_131072"":{""bytes"":10617087,""sha256"":""d454eb5e6e9fe717e1c12c22e3fc749189deae022de05b0f6f83f9f4501bbb52"",""state"":""file""},""nh3_pdb_16384"":{""bytes"":1327359,""sha256"":""07f5683974f6bdad6798104cf7de5ddb670704f71b7e28715d957805124196b8"",""state"":""file""},""nh3_pdb_2048"":{""bytes"":166143,""sha256"":""7171f9c4d6bf3c819f96ddd11877441961f43096057863d0607070d97c5e5a16"",""state"":""file""},""nh3_pdb_256"":{""bytes"":20991,""sha256"":""870d35ef9d654b395f8eefcd897e002ff41b1327475879ff5b955080ecb91ee0"",""state"":""file""},""nh3_pdb_32768"":{""bytes"":2654463,""sha256"":""a193ff7fc7793ae1c9121af48f694b9cff6974a63e67029053ab9312f86cb9cc"",""state"":""file""},""nh3_pdb_4096"":{""bytes"":332031,""sha256"":""e6d9ba2e0f95a04ebbeb61682dcf615982860aaa336140fee7ba55698f68175c"",""state"":""file""},""nh3_pdb_512"":{""bytes"":41727,""sha256"":""76e8d0d71fd3d49a1d14bb1fcd0689b08241620df41c90a904be29c85a67934e"",""state"":""file""},""nh3_pdb_65536"":{""bytes"":5308671,""sha256"":""a80e717b9abb39221c121bf3137135662e1b3c727e705e8f01e651720acd6dcc"",""state"":""file""},""nh3_pdb_8192"":{""bytes"":663807,""sha256"":""b0664469d3a8e84f71fbd848f1f0ffaca2cee3f4fd2100ed10f398e7c19a27e6"",""state"":""file""}},""metadata"":{""benchmark"":""el""}}",ec9f9176-c20b-4c6b-a2d3-efae9282f598,,,192,192,192,3575808,5,21cfdd9a0538153c001920ae4dadba0160223a843dd79f4f874a121453a56129,"{""batch_idx"":""int32"",""cell"":""float64"",""charges"":""float64"",""pbc"":""bool"",""positions"":""float64""}",capped_upstream_estimate,bounded_power_two_then_four_fft_snap,0.25,9.0,single_case,4e58a2e9fa72736adb36ec90791c46b626d69fb0e9c5ddf901d8cb4127b113f1,4.900879859982524,,
nh3,system_size,pme,torch,16384,1,16384,0.12308496283367276,8124469.285101224,16.63525390625,0.1416454315185547,10,3,torch_cuda_events,warmup_excluded,True,,,0.0001,5,arithmetic_mean,1.0624795643595464,"[0.002021939277648926,0.0020948799133300782,0.001996502494812012,0.001971689605712891,0.0019981088638305663]",,,,,not_measured,not_measured,k_squared_only,nan,nan,,energy_autograd,energy_forces_charge_gradients,True,True,False,0.096457839012146,55.38100051879883,1.8189894035458565e-12,0.3372060287522547,9.0,,592,2.0,406,4873866,2,"{""compute_capability"":""9.0"",""driver"":""unavailable"",""memory_bytes"":99996401664,""name"":""NVIDIA H100 NVL""}","{""cuda"":""13.0"",""git_head"":""unavailable"",""jax"":""0.11.2"",""jaxlib"":""0.11.2"",""nvalchemi_toolkit_ops"":""0.5.0"",""python"":""3.12.3"",""source_sha256"":""4dfd278da46af31f54f8b7671e891073f8b10f8fa2cb28e7cf92bfeddd543638"",""torch"":""2.14.0+cu130"",""warp"":""1.17.0""}","{""gpu_uuid"":""557cda80-d2b2-7630-d3a3-99bf87d35067"",""host"":""ipp2-1716""}","{""JAX_DISABLE_JIT"":""<unset>"",""JAX_DISABLE_JIT_ACTUAL"":""<not-imported>"",""JAX_ENABLE_X64"":""1"",""JAX_ENABLE_X64_ACTUAL"":""<not-imported>"",""JAX_PLATFORMS"":""<unset>"",""TF_GPU_ALLOCATOR"":""<unset>"",""XLA_FLAGS"":""<unset>"",""XLA_PYTHON_CLIENT_ALLOCATOR"":""<unset>"",""XLA_PYTHON_CLIENT_MEM_FRACTION"":""0.95"",""XLA_PYTHON_CLIENT_PREALLOCATE"":""<unset>""}","{""artifacts"":{""nh3_pdb_1024"":{""bytes"":83199,""sha256"":""cb99e65c2024c8b1a80a7ea1f4ff5b23ef76a5d153a2caeb4a0e3077b5239135"",""state"":""file""},""nh3_pdb_128"":{""bytes"":10623,""sha256"":""4b48182856ba92449fa52b61bf2f95c6ce28937a3cb3da6aec4f131a1216c760"",""state"":""file""},""nh3_pdb_131072"":{""bytes"":10617087,""sha256"":""d454eb5e6e9fe717e1c12c22e3fc749189deae022de05b0f6f83f9f4501bbb52"",""state"":""file""},""nh3_pdb_16384"":{""bytes"":1327359,""sha256"":""07f5683974f6bdad6798104cf7de5ddb670704f71b7e28715d957805124196b8"",""state"":""file""},""nh3_pdb_2048"":{""bytes"":166143,""sha256"":""7171f9c4d6bf3c819f96ddd11877441961f43096057863d0607070d97c5e5a16"",""state"":""file""},""nh3_pdb_256"":{""bytes"":20991,""sha256"":""870d35ef9d654b395f8eefcd897e002ff41b1327475879ff5b955080ecb91ee0"",""state"":""file""},""nh3_pdb_32768"":{""bytes"":2654463,""sha256"":""a193ff7fc7793ae1c9121af48f694b9cff6974a63e67029053ab9312f86cb9cc"",""state"":""file""},""nh3_pdb_4096"":{""bytes"":332031,""sha256"":""e6d9ba2e0f95a04ebbeb61682dcf615982860aaa336140fee7ba55698f68175c"",""state"":""file""},""nh3_pdb_512"":{""bytes"":41727,""sha256"":""76e8d0d71fd3d49a1d14bb1fcd0689b08241620df41c90a904be29c85a67934e"",""state"":""file""},""nh3_pdb_65536"":{""bytes"":5308671,""sha256"":""a80e717b9abb39221c121bf3137135662e1b3c727e705e8f01e651720acd6dcc"",""state"":""file""},""nh3_pdb_8192"":{""bytes"":663807,""sha256"":""b0664469d3a8e84f71fbd848f1f0ffaca2cee3f4fd2100ed10f398e7c19a27e6"",""state"":""file""}},""metadata"":{""benchmark"":""el""}}",ec9f9176-c20b-4c6b-a2d3-efae9282f598,,,80,80,80,262400,5,7b5532fab320e982f72671c75c9b3bc9993b153aae87fc6369dfb07f8767a862,"{""batch_idx"":""int32"",""cell"":""float64"",""charges"":""float64"",""pbc"":""bool"",""positions"":""float64""}",capped_upstream_estimate,bounded_power_two_then_four_fft_snap,0.25,9.0,single_case,4e58a2e9fa72736adb36ec90791c46b626d69fb0e9c5ddf901d8cb4127b113f1,4.907853948010597,,
nh3,system_size,pme,torch,16384,1,16384,0.12341538909822702,8102717.232484631,518.62548828125,0.692906379699707,10,3,torch_cuda_events,warmup_excluded,True,,,1e-06,5,arithmetic_mean,1.0476991437717167,"[0.0020212799072265625,0.002082537651062012,0.002019011116027832,0.001999635124206543,0.0019877248764038086]",,,,,not_measured,not_measured,k_squared_only,nan,nan,,energy_autograd,energy_forces_charge_gradients,True,True,False,0.096457839012146,55.38100051879883,1.8189894035458565e-12,0.4129913543166487,9.0,,592,2.0,406,4873866,2,"{""compute_capability"":""9.0"",""driver"":""unavailable"",""memory_bytes"":99996401664,""name"":""NVIDIA H100 NVL""}","{""cuda"":""13.0"",""git_head"":""unavailable"",""jax"":""0.11.2"",""jaxlib"":""0.11.2"",""nvalchemi_toolkit_ops"":""0.5.0"",""python"":""3.12.3"",""source_sha256"":""4dfd278da46af31f54f8b7671e891073f8b10f8fa2cb28e7cf92bfeddd543638"",""torch"":""2.14.0+cu130"",""warp"":""1.17.0""}","{""gpu_uuid"":""557cda80-d2b2-7630-d3a3-99bf87d35067"",""host"":""ipp2-1716""}","{""JAX_DISABLE_JIT"":""<unset>"",""JAX_DISABLE_JIT_ACTUAL"":""<not-imported>"",""JAX_ENABLE_X64"":""1"",""JAX_ENABLE_X64_ACTUAL"":""<not-imported>"",""JAX_PLATFORMS"":""<unset>"",""TF_GPU_ALLOCATOR"":""<unset>"",""XLA_FLAGS"":""<unset>"",""XLA_PYTHON_CLIENT_ALLOCATOR"":""<unset>"",""XLA_PYTHON_CLIENT_MEM_FRACTION"":""0.95"",""XLA_PYTHON_CLIENT_PREALLOCATE"":""<unset>""}","{""artifacts"":{""nh3_pdb_1024"":{""bytes"":83199,""sha256"":""cb99e65c2024c8b1a80a7ea1f4ff5b23ef76a5d153a2caeb4a0e3077b5239135"",""state"":""file""},""nh3_pdb_128"":{""bytes"":10623,""sha256"":""4b48182856ba92449fa52b61bf2f95c6ce28937a3cb3da6aec4f131a1216c760"",""state"":""file""},""nh3_pdb_131072"":{""bytes"":10617087,""sha256"":""d454eb5e6e9fe717e1c12c22e3fc749189deae022de05b0f6f83f9f4501bbb52"",""state"":""file""},""nh3_pdb_16384"":{""bytes"":1327359,""sha256"":""07f5683974f6bdad6798104cf7de5ddb670704f71b7e28715d957805124196b8"",""state"":""file""},""nh3_pdb_2048"":{""bytes"":166143,""sha256"":""7171f9c4d6bf3c819f96ddd11877441961f43096057863d0607070d97c5e5a16"",""state"":""file""},""nh3_pdb_256"":{""bytes"":20991,""sha256"":""870d35ef9d654b395f8eefcd897e002ff41b1327475879ff5b955080ecb91ee0"",""state"":""file""},""nh3_pdb_32768"":{""bytes"":2654463,""sha256"":""a193ff7fc7793ae1c9121af48f694b9cff6974a63e67029053ab9312f86cb9cc"",""state"":""file""},""nh3_pdb_4096"":{""bytes"":332031,""sha256"":""e6d9ba2e0f95a04ebbeb61682dcf615982860aaa336140fee7ba55698f68175c"",""state"":""file""},""nh3_pdb_512"":{""bytes"":41727,""sha256"":""76e8d0d71fd3d49a1d14bb1fcd0689b08241620df41c90a904be29c85a67934e"",""state"":""file""},""nh3_pdb_65536"":{""bytes"":5308671,""sha256"":""a80e717b9abb39221c121bf3137135662e1b3c727e705e8f01e651720acd6dcc"",""state"":""file""},""nh3_pdb_8192"":{""bytes"":663807,""sha256"":""b0664469d3a8e84f71fbd848f1f0ffaca2cee3f4fd2100ed10f398e7c19a27e6"",""state"":""file""}},""metadata"":{""benchmark"":""el""}}",ec9f9176-c20b-4c6b-a2d3-efae9282f598,,,256,256,256,8454144,5,7b5532fab320e982f72671c75c9b3bc9993b153aae87fc6369dfb07f8767a862,"{""batch_idx"":""int32"",""cell"":""float64"",""charges"":""float64"",""pbc"":""bool"",""positions"":""float64""}",capped_upstream_estimate,bounded_power_two_then_four_fft_snap,0.25,9.0,single_case,4e58a2e9fa72736adb36ec90791c46b626d69fb0e9c5ddf901d8cb4127b113f1,5.126922480005305,,
nh3,system_size,pme,torch,32768,1,32768,0.0620950001757592,16104356.18277657,32.923828125,0.25013256072998047,10,3,torch_cuda_events,warmup_excluded,True,,,0.0001,5,arithmetic_mean,1.0521939608080597,"[0.002017375946044922,0.0020686496734619144,0.0020913440704345703,0.001987603187561035,0.0020086719512939456]",,,,,not_measured,not_measured,k_squared_only,nan,nan,,energy_autograd,energy_forces_charge_gradients,True,True,False,0.09645654261112213,69.7760009765625,3.637978807091713e-12,0.3372060287522547,9.0,,592,2.0,395,9755148,2,"{""compute_capability"":""9.0"",""driver"":""unavailable"",""memory_bytes"":99996401664,""name"":""NVIDIA H100 NVL""}","{""cuda"":""13.0"",""git_head"":""unavailable"",""jax"":""0.11.2"",""jaxlib"":""0.11.2"",""nvalchemi_toolkit_ops"":""0.5.0"",""python"":""3.12.3"",""source_sha256"":""4dfd278da46af31f54f8b7671e891073f8b10f8fa2cb28e7cf92bfeddd543638"",""torch"":""2.14.0+cu130"",""warp"":""1.17.0""}","{""gpu_uuid"":""557cda80-d2b2-7630-d3a3-99bf87d35067"",""host"":""ipp2-1716""}","{""JAX_DISABLE_JIT"":""<unset>"",""JAX_DISABLE_JIT_ACTUAL"":""<not-imported>"",""JAX_ENABLE_X64"":""1"",""JAX_ENABLE_X64_ACTUAL"":""<not-imported>"",""JAX_PLATFORMS"":""<unset>"",""TF_GPU_ALLOCATOR"":""<unset>"",""XLA_FLAGS"":""<unset>"",""XLA_PYTHON_CLIENT_ALLOCATOR"":""<unset>"",""XLA_PYTHON_CLIENT_MEM_FRACTION"":""0.95"",""XLA_PYTHON_CLIENT_PREALLOCATE"":""<unset>""}","{""artifacts"":{""nh3_pdb_1024"":{""bytes"":83199,""sha256"":""cb99e65c2024c8b1a80a7ea1f4ff5b23ef76a5d153a2caeb4a0e3077b5239135"",""state"":""file""},""nh3_pdb_128"":{""bytes"":10623,""sha256"":""4b48182856ba92449fa52b61bf2f95c6ce28937a3cb3da6aec4f131a1216c760"",""state"":""file""},""nh3_pdb_131072"":{""bytes"":10617087,""sha256"":""d454eb5e6e9fe717e1c12c22e3fc749189deae022de05b0f6f83f9f4501bbb52"",""state"":""file""},""nh3_pdb_16384"":{""bytes"":1327359,""sha256"":""07f5683974f6bdad6798104cf7de5ddb670704f71b7e28715d957805124196b8"",""state"":""file""},""nh3_pdb_2048"":{""bytes"":166143,""sha256"":""7171f9c4d6bf3c819f96ddd11877441961f43096057863d0607070d97c5e5a16"",""state"":""file""},""nh3_pdb_256"":{""bytes"":20991,""sha256"":""870d35ef9d654b395f8eefcd897e002ff41b1327475879ff5b955080ecb91ee0"",""state"":""file""},""nh3_pdb_32768"":{""bytes"":2654463,""sha256"":""a193ff7fc7793ae1c9121af48f694b9cff6974a63e67029053ab9312f86cb9cc"",""state"":""file""},""nh3_pdb_4096"":{""bytes"":332031,""sha256"":""e6d9ba2e0f95a04ebbeb61682dcf615982860aaa336140fee7ba55698f68175c"",""state"":""file""},""nh3_pdb_512"":{""bytes"":41727,""sha256"":""76e8d0d71fd3d49a1d14bb1fcd0689b08241620df41c90a904be29c85a67934e"",""state"":""file""},""nh3_pdb_65536"":{""bytes"":5308671,""sha256"":""a80e717b9abb39221c121bf3137135662e1b3c727e705e8f01e651720acd6dcc"",""state"":""file""},""nh3_pdb_8192"":{""bytes"":663807,""sha256"":""b0664469d3a8e84f71fbd848f1f0ffaca2cee3f4fd2100ed10f398e7c19a27e6"",""state"":""file""}},""metadata"":{""benchmark"":""el""}}",ec9f9176-c20b-4c6b-a2d3-efae9282f598,,,100,100,100,510000,5,0677d8fe2b3ac2c4d68f966e9501d668d6ee04ea81296673f3bbb407cdc2fc7a,"{""batch_idx"":""int32"",""cell"":""float64"",""charges"":""float64"",""pbc"":""bool"",""positions"":""float64""}",capped_upstream_estimate,bounded_power_two_then_four_fft_snap,0.25,9.0,single_case,4e58a2e9fa72736adb36ec90791c46b626d69fb0e9c5ddf901d8cb4127b113f1,5.718451274005929,,
nh3,system_size,pme,torch,32768,1,32768,0.0958335562609136,10434758.335352072,1007.25048828125,1.3208742141723633,10,3,torch_cuda_events,warmup_excluded,True,,,1e-06,5,arithmetic_mean,1.016055162942195,"[0.0031164608001708984,0.003126105690002441,0.0031331104278564453,0.0031591968536376957,0.003166496086120606]",,,,,not_measured,not_measured,k_squared_only,nan,nan,,energy_autograd,energy_forces_charge_gradients,True,True,False,0.09645654261112213,69.7760009765625,3.637978807091713e-12,0.4129913543166487,9.0,,592,2.0,395,9755148,2,"{""compute_capability"":""9.0"",""driver"":""unavailable"",""memory_bytes"":99996401664,""name"":""NVIDIA H100 NVL""}","{""cuda"":""13.0"",""git_head"":""unavailable"",""jax"":""0.11.2"",""jaxlib"":""0.11.2"",""nvalchemi_toolkit_ops"":""0.5.0"",""python"":""3.12.3"",""source_sha256"":""4dfd278da46af31f54f8b7671e891073f8b10f8fa2cb28e7cf92bfeddd543638"",""torch"":""2.14.0+cu130"",""warp"":""1.17.0""}","{""gpu_uuid"":""557cda80-d2b2-7630-d3a3-99bf87d35067"",""host"":""ipp2-1716""}","{""JAX_DISABLE_JIT"":""<unset>"",""JAX_DISABLE_JIT_ACTUAL"":""<not-imported>"",""JAX_ENABLE_X64"":""1"",""JAX_ENABLE_X64_ACTUAL"":""<not-imported>"",""JAX_PLATFORMS"":""<unset>"",""TF_GPU_ALLOCATOR"":""<unset>"",""XLA_FLAGS"":""<unset>"",""XLA_PYTHON_CLIENT_ALLOCATOR"":""<unset>"",""XLA_PYTHON_CLIENT_MEM_FRACTION"":""0.95"",""XLA_PYTHON_CLIENT_PREALLOCATE"":""<unset>""}","{""artifacts"":{""nh3_pdb_1024"":{""bytes"":83199,""sha256"":""cb99e65c2024c8b1a80a7ea1f4ff5b23ef76a5d153a2caeb4a0e3077b5239135"",""state"":""file""},""nh3_pdb_128"":{""bytes"":10623,""sha256"":""4b48182856ba92449fa52b61bf2f95c6ce28937a3cb3da6aec4f131a1216c760"",""state"":""file""},""nh3_pdb_131072"":{""bytes"":10617087,""sha256"":""d454eb5e6e9fe717e1c12c22e3fc749189deae022de05b0f6f83f9f4501bbb52"",""state"":""file""},""nh3_pdb_16384"":{""bytes"":1327359,""sha256"":""07f5683974f6bdad6798104cf7de5ddb670704f71b7e28715d957805124196b8"",""state"":""file""},""nh3_pdb_2048"":{""bytes"":166143,""sha256"":""7171f9c4d6bf3c819f96ddd11877441961f43096057863d0607070d97c5e5a16"",""state"":""file""},""nh3_pdb_256"":{""bytes"":20991,""sha256"":""870d35ef9d654b395f8eefcd897e002ff41b1327475879ff5b955080ecb91ee0"",""state"":""file""},""nh3_pdb_32768"":{""bytes"":2654463,""sha256"":""a193ff7fc7793ae1c9121af48f694b9cff6974a63e67029053ab9312f86cb9cc"",""state"":""file""},""nh3_pdb_4096"":{""bytes"":332031,""sha256"":""e6d9ba2e0f95a04ebbeb61682dcf615982860aaa336140fee7ba55698f68175c"",""state"":""file""},""nh3_pdb_512"":{""bytes"":41727,""sha256"":""76e8d0d71fd3d49a1d14bb1fcd0689b08241620df41c90a904be29c85a67934e"",""state"":""file""},""nh3_pdb_65536"":{""bytes"":5308671,""sha256"":""a80e717b9abb39221c121bf3137135662e1b3c727e705e8f01e651720acd6dcc"",""state"":""file""},""nh3_pdb_8192"":{""bytes"":663807,""sha256"":""b0664469d3a8e84f71fbd848f1f0ffaca2cee3f4fd2100ed10f398e7c19a27e6"",""state"":""file""}},""metadata"":{""benchmark"":""el""}}",ec9f9176-c20b-4c6b-a2d3-efae9282f598,,,320,320,320,16486400,5,0677d8fe2b3ac2c4d68f966e9501d668d6ee04ea81296673f3bbb407cdc2fc7a,"{""batch_idx"":""int32"",""cell"":""float64"",""charges"":""float64"",""pbc"":""bool"",""positions"":""float64""}",capped_upstream_estimate,bounded_power_two_then_four_fft_snap,0.25,9.0,single_case,4e58a2e9fa72736adb36ec90791c46b626d69fb0e9c5ddf901d8cb4127b113f1,5.026932875975035,,
nh3,system_size,pme,torch,65536,1,65536,0.031680371030233793,31565286.878921386,67.25048828125,0.4704709053039551,10,3,torch_cuda_events,warmup_excluded,True,,,0.0001,5,arithmetic_mean,1.04889427454849,"[0.0020844959259033206,0.002091535949707031,0.002109119987487793,0.002085068893432617,0.00201080322265625]",,,,,not_measured,not_measured,k_squared_only,nan,nan,,energy_autograd,energy_forces_charge_gradients,True,True,False,0.09645407646894455,87.91300201416016,7.275957614183426e-12,0.3372060287522547,9.0,,592,2.0,388,19497228,2,"{""compute_capability"":""9.0"",""driver"":""unavailable"",""memory_bytes"":99996401664,""name"":""NVIDIA H100 NVL""}","{""cuda"":""13.0"",""git_head"":""unavailable"",""jax"":""0.11.2"",""jaxlib"":""0.11.2"",""nvalchemi_toolkit_ops"":""0.5.0"",""python"":""3.12.3"",""source_sha256"":""4dfd278da46af31f54f8b7671e891073f8b10f8fa2cb28e7cf92bfeddd543638"",""torch"":""2.14.0+cu130"",""warp"":""1.17.0""}","{""gpu_uuid"":""557cda80-d2b2-7630-d3a3-99bf87d35067"",""host"":""ipp2-1716""}","{""JAX_DISABLE_JIT"":""<unset>"",""JAX_DISABLE_JIT_ACTUAL"":""<not-imported>"",""JAX_ENABLE_X64"":""1"",""JAX_ENABLE_X64_ACTUAL"":""<not-imported>"",""JAX_PLATFORMS"":""<unset>"",""TF_GPU_ALLOCATOR"":""<unset>"",""XLA_FLAGS"":""<unset>"",""XLA_PYTHON_CLIENT_ALLOCATOR"":""<unset>"",""XLA_PYTHON_CLIENT_MEM_FRACTION"":""0.95"",""XLA_PYTHON_CLIENT_PREALLOCATE"":""<unset>""}","{""artifacts"":{""nh3_pdb_1024"":{""bytes"":83199,""sha256"":""cb99e65c2024c8b1a80a7ea1f4ff5b23ef76a5d153a2caeb4a0e3077b5239135"",""state"":""file""},""nh3_pdb_128"":{""bytes"":10623,""sha256"":""4b48182856ba92449fa52b61bf2f95c6ce28937a3cb3da6aec4f131a1216c760"",""state"":""file""},""nh3_pdb_131072"":{""bytes"":10617087,""sha256"":""d454eb5e6e9fe717e1c12c22e3fc749189deae022de05b0f6f83f9f4501bbb52"",""state"":""file""},""nh3_pdb_16384"":{""bytes"":1327359,""sha256"":""07f5683974f6bdad6798104cf7de5ddb670704f71b7e28715d957805124196b8"",""state"":""file""},""nh3_pdb_2048"":{""bytes"":166143,""sha256"":""7171f9c4d6bf3c819f96ddd11877441961f43096057863d0607070d97c5e5a16"",""state"":""file""},""nh3_pdb_256"":{""bytes"":20991,""sha256"":""870d35ef9d654b395f8eefcd897e002ff41b1327475879ff5b955080ecb91ee0"",""state"":""file""},""nh3_pdb_32768"":{""bytes"":2654463,""sha256"":""a193ff7fc7793ae1c9121af48f694b9cff6974a63e67029053ab9312f86cb9cc"",""state"":""file""},""nh3_pdb_4096"":{""bytes"":332031,""sha256"":""e6d9ba2e0f95a04ebbeb61682dcf615982860aaa336140fee7ba55698f68175c"",""state"":""file""},""nh3_pdb_512"":{""bytes"":41727,""sha256"":""76e8d0d71fd3d49a1d14bb1fcd0689b08241620df41c90a904be29c85a67934e"",""state"":""file""},""nh3_pdb_65536"":{""bytes"":5308671,""sha256"":""a80e717b9abb39221c121bf3137135662e1b3c727e705e8f01e651720acd6dcc"",""state"":""file""},""nh3_pdb_8192"":{""bytes"":663807,""sha256"":""b0664469d3a8e84f71fbd848f1f0ffaca2cee3f4fd2100ed10f398e7c19a27e6"",""state"":""file""}},""metadata"":{""benchmark"":""el""}}",ec9f9176-c20b-4c6b-a2d3-efae9282f598,,,128,128,128,1064960,5,f0b840f87f04049a5b189d92c596399a5d4a7582522a2ad83f73a4991c87d77f,"{""batch_idx"":""int32"",""cell"":""float64"",""charges"":""float64"",""pbc"":""bool"",""positions"":""float64""}",capped_upstream_estimate,bounded_power_two_then_four_fft_snap,0.25,9.0,single_case,4e58a2e9fa72736adb36ec90791c46b626d69fb0e9c5ddf901d8cb4127b113f1,5.057475787005387,,
nh3,system_size,pme,torch,65536,1,65536,0.08483131881803276,11788099.182390975,1737.25048828125,2.305436611175537,10,3,torch_cuda_events,warmup_excluded,True,,,1e-06,5,arithmetic_mean,1.0240707280916577,"[0.0054749313354492185,0.005555526351928711,0.005572636795043945,0.0056067169189453125,0.0055877151489257815]",,,,,not_measured,not_measured,k_squared_only,nan,nan,,energy_autograd,energy_forces_charge_gradients,True,True,False,0.09645407646894455,87.91300201416016,7.275957614183426e-12,0.4129913543166487,9.0,,592,2.0,388,19497228,2,"{""compute_capability"":""9.0"",""driver"":""unavailable"",""memory_bytes"":99996401664,""name"":""NVIDIA H100 NVL""}","{""cuda"":""13.0"",""git_head"":""unavailable"",""jax"":""0.11.2"",""jaxlib"":""0.11.2"",""nvalchemi_toolkit_ops"":""0.5.0"",""python"":""3.12.3"",""source_sha256"":""4dfd278da46af31f54f8b7671e891073f8b10f8fa2cb28e7cf92bfeddd543638"",""torch"":""2.14.0+cu130"",""warp"":""1.17.0""}","{""gpu_uuid"":""557cda80-d2b2-7630-d3a3-99bf87d35067"",""host"":""ipp2-1716""}","{""JAX_DISABLE_JIT"":""<unset>"",""JAX_DISABLE_JIT_ACTUAL"":""<not-imported>"",""JAX_ENABLE_X64"":""1"",""JAX_ENABLE_X64_ACTUAL"":""<not-imported>"",""JAX_PLATFORMS"":""<unset>"",""TF_GPU_ALLOCATOR"":""<unset>"",""XLA_FLAGS"":""<unset>"",""XLA_PYTHON_CLIENT_ALLOCATOR"":""<unset>"",""XLA_PYTHON_CLIENT_MEM_FRACTION"":""0.95"",""XLA_PYTHON_CLIENT_PREALLOCATE"":""<unset>""}","{""artifacts"":{""nh3_pdb_1024"":{""bytes"":83199,""sha256"":""cb99e65c2024c8b1a80a7ea1f4ff5b23ef76a5d153a2caeb4a0e3077b5239135"",""state"":""file""},""nh3_pdb_128"":{""bytes"":10623,""sha256"":""4b48182856ba92449fa52b61bf2f95c6ce28937a3cb3da6aec4f131a1216c760"",""state"":""file""},""nh3_pdb_131072"":{""bytes"":10617087,""sha256"":""d454eb5e6e9fe717e1c12c22e3fc749189deae022de05b0f6f83f9f4501bbb52"",""state"":""file""},""nh3_pdb_16384"":{""bytes"":1327359,""sha256"":""07f5683974f6bdad6798104cf7de5ddb670704f71b7e28715d957805124196b8"",""state"":""file""},""nh3_pdb_2048"":{""bytes"":166143,""sha256"":""7171f9c4d6bf3c819f96ddd11877441961f43096057863d0607070d97c5e5a16"",""state"":""file""},""nh3_pdb_256"":{""bytes"":20991,""sha256"":""870d35ef9d654b395f8eefcd897e002ff41b1327475879ff5b955080ecb91ee0"",""state"":""file""},""nh3_pdb_32768"":{""bytes"":2654463,""sha256"":""a193ff7fc7793ae1c9121af48f694b9cff6974a63e67029053ab9312f86cb9cc"",""state"":""file""},""nh3_pdb_4096"":{""bytes"":332031,""sha256"":""e6d9ba2e0f95a04ebbeb61682dcf615982860aaa336140fee7ba55698f68175c"",""state"":""file""},""nh3_pdb_512"":{""bytes"":41727,""sha256"":""76e8d0d71fd3d49a1d14bb1fcd0689b08241620df41c90a904be29c85a67934e"",""state"":""file""},""nh3_pdb_65536"":{""bytes"":5308671,""sha256"":""a80e717b9abb39221c121bf3137135662e1b3c727e705e8f01e651720acd6dcc"",""state"":""file""},""nh3_pdb_8192"":{""bytes"":663807,""sha256"":""b0664469d3a8e84f71fbd848f1f0ffaca2cee3f4fd2100ed10f398e7c19a27e6"",""state"":""file""}},""metadata"":{""benchmark"":""el""}}",ec9f9176-c20b-4c6b-a2d3-efae9282f598,,,384,384,384,28459008,5,f0b840f87f04049a5b189d92c596399a5d4a7582522a2ad83f73a4991c87d77f,"{""batch_idx"":""int32"",""cell"":""float64"",""charges"":""float64"",""pbc"":""bool"",""positions"":""float64""}",capped_upstream_estimate,bounded_power_two_then_four_fft_snap,0.25,9.0,single_case,4e58a2e9fa72736adb36ec90791c46b626d69fb0e9c5ddf901d8cb4127b113f1,5.363732121011708,,
nh3,system_size,pme,torch,131072,1,131072,0.02763722615782172,36183081.26472331,131.17236328125,0.9057807922363281,10,3,torch_cuda_events,warmup_excluded,True,,,0.0001,5,arithmetic_mean,1.0016672877717616,"[0.003621459197998047,0.0036207294464111325,0.003619561767578125,0.003625596618652344,0.003624985504150391]",,,,,not_measured,not_measured,k_squared_only,nan,nan,,energy_autograd,energy_forces_charge_gradients,True,True,False,0.09645523130893707,110.76300048828125,1.4551915228366852e-11,0.3372060287522547,9.0,,592,2.0,395,38930114,2,"{""compute_capability"":""9.0"",""driver"":""unavailable"",""memory_bytes"":99996401664,""name"":""NVIDIA H100 NVL""}","{""cuda"":""13.0"",""git_head"":""unavailable"",""jax"":""0.11.2"",""jaxlib"":""0.11.2"",""nvalchemi_toolkit_ops"":""0.5.0"",""python"":""3.12.3"",""source_sha256"":""4dfd278da46af31f54f8b7671e891073f8b10f8fa2cb28e7cf92bfeddd543638"",""torch"":""2.14.0+cu130"",""warp"":""1.17.0""}","{""gpu_uuid"":""557cda80-d2b2-7630-d3a3-99bf87d35067"",""host"":""ipp2-1716""}","{""JAX_DISABLE_JIT"":""<unset>"",""JAX_DISABLE_JIT_ACTUAL"":""<not-imported>"",""JAX_ENABLE_X64"":""1"",""JAX_ENABLE_X64_ACTUAL"":""<not-imported>"",""JAX_PLATFORMS"":""<unset>"",""TF_GPU_ALLOCATOR"":""<unset>"",""XLA_FLAGS"":""<unset>"",""XLA_PYTHON_CLIENT_ALLOCATOR"":""<unset>"",""XLA_PYTHON_CLIENT_MEM_FRACTION"":""0.95"",""XLA_PYTHON_CLIENT_PREALLOCATE"":""<unset>""}","{""artifacts"":{""nh3_pdb_1024"":{""bytes"":83199,""sha256"":""cb99e65c2024c8b1a80a7ea1f4ff5b23ef76a5d153a2caeb4a0e3077b5239135"",""state"":""file""},""nh3_pdb_128"":{""bytes"":10623,""sha256"":""4b48182856ba92449fa52b61bf2f95c6ce28937a3cb3da6aec4f131a1216c760"",""state"":""file""},""nh3_pdb_131072"":{""bytes"":10617087,""sha256"":""d454eb5e6e9fe717e1c12c22e3fc749189deae022de05b0f6f83f9f4501bbb52"",""state"":""file""},""nh3_pdb_16384"":{""bytes"":1327359,""sha256"":""07f5683974f6bdad6798104cf7de5ddb670704f71b7e28715d957805124196b8"",""state"":""file""},""nh3_pdb_2048"":{""bytes"":166143,""sha256"":""7171f9c4d6bf3c819f96ddd11877441961f43096057863d0607070d97c5e5a16"",""state"":""file""},""nh3_pdb_256"":{""bytes"":20991,""sha256"":""870d35ef9d654b395f8eefcd897e002ff41b1327475879ff5b955080ecb91ee0"",""state"":""file""},""nh3_pdb_32768"":{""bytes"":2654463,""sha256"":""a193ff7fc7793ae1c9121af48f694b9cff6974a63e67029053ab9312f86cb9cc"",""state"":""file""},""nh3_pdb_4096"":{""bytes"":332031,""sha256"":""e6d9ba2e0f95a04ebbeb61682dcf615982860aaa336140fee7ba55698f68175c"",""state"":""file""},""nh3_pdb_512"":{""bytes"":41727,""sha256"":""76e8d0d71fd3d49a1d14bb1fcd0689b08241620df41c90a904be29c85a67934e"",""state"":""file""},""nh3_pdb_65536"":{""bytes"":5308671,""sha256"":""a80e717b9abb39221c121bf3137135662e1b3c727e705e8f01e651720acd6dcc"",""state"":""file""},""nh3_pdb_8192"":{""bytes"":663807,""sha256"":""b0664469d3a8e84f71fbd848f1f0ffaca2cee3f4fd2100ed10f398e7c19a27e6"",""state"":""file""}},""metadata"":{""benchmark"":""el""}}",ec9f9176-c20b-4c6b-a2d3-efae9282f598,,,160,160,160,2073600,5,88ca7c9f1022d24e9613a4e335ee5c0700c98904d5191040314824d6b9d2a8e8,"{""batch_idx"":""int32"",""cell"":""float64"",""charges"":""float64"",""pbc"":""bool"",""positions"":""float64""}",capped_upstream_estimate,bounded_power_two_then_four_fft_snap,0.25,9.0,single_case,4e58a2e9fa72736adb36ec90791c46b626d69fb0e9c5ddf901d8cb4127b113f1,6.047242830012692,,
nh3,system_size,pme,torch,131072,1,131072,0.08356990874744952,11966029.579163793,4113.00048828125,5.280794620513916,10,3,torch_cuda_events,warmup_excluded,True,,,1e-06,5,arithmetic_mean,1.0147449304278984,"[0.010847296142578126,0.010964537811279297,0.01100723876953125,0.011000521850585938,0.010948780822753907]",,,,,not_measured,not_measured,k_squared_only,nan,nan,,energy_autograd,energy_forces_charge_gradients,True,True,False,0.09645523130893707,110.76300048828125,1.4551915228366852e-11,0.4129913543166487,9.0,,592,2.0,395,38930114,2,"{""compute_capability"":""9.0"",""driver"":""unavailable"",""memory_bytes"":99996401664,""name"":""NVIDIA H100 NVL""}","{""cuda"":""13.0"",""git_head"":""unavailable"",""jax"":""0.11.2"",""jaxlib"":""0.11.2"",""nvalchemi_toolkit_ops"":""0.5.0"",""python"":""3.12.3"",""source_sha256"":""4dfd278da46af31f54f8b7671e891073f8b10f8fa2cb28e7cf92bfeddd543638"",""torch"":""2.14.0+cu130"",""warp"":""1.17.0""}","{""gpu_uuid"":""557cda80-d2b2-7630-d3a3-99bf87d35067"",""host"":""ipp2-1716""}","{""JAX_DISABLE_JIT"":""<unset>"",""JAX_DISABLE_JIT_ACTUAL"":""<not-imported>"",""JAX_ENABLE_X64"":""1"",""JAX_ENABLE_X64_ACTUAL"":""<not-imported>"",""JAX_PLATFORMS"":""<unset>"",""TF_GPU_ALLOCATOR"":""<unset>"",""XLA_FLAGS"":""<unset>"",""XLA_PYTHON_CLIENT_ALLOCATOR"":""<unset>"",""XLA_PYTHON_CLIENT_MEM_FRACTION"":""0.95"",""XLA_PYTHON_CLIENT_PREALLOCATE"":""<unset>""}","{""artifacts"":{""nh3_pdb_1024"":{""bytes"":83199,""sha256"":""cb99e65c2024c8b1a80a7ea1f4ff5b23ef76a5d153a2caeb4a0e3077b5239135"",""state"":""file""},""nh3_pdb_128"":{""bytes"":10623,""sha256"":""4b48182856ba92449fa52b61bf2f95c6ce28937a3cb3da6aec4f131a1216c760"",""state"":""file""},""nh3_pdb_131072"":{""bytes"":10617087,""sha256"":""d454eb5e6e9fe717e1c12c22e3fc749189deae022de05b0f6f83f9f4501bbb52"",""state"":""file""},""nh3_pdb_16384"":{""bytes"":1327359,""sha256"":""07f5683974f6bdad6798104cf7de5ddb670704f71b7e28715d957805124196b8"",""state"":""file""},""nh3_pdb_2048"":{""bytes"":166143,""sha256"":""7171f9c4d6bf3c819f96ddd11877441961f43096057863d0607070d97c5e5a16"",""state"":""file""},""nh3_pdb_256"":{""bytes"":20991,""sha256"":""870d35ef9d654b395f8eefcd897e002ff41b1327475879ff5b955080ecb91ee0"",""state"":""file""},""nh3_pdb_32768"":{""bytes"":2654463,""sha256"":""a193ff7fc7793ae1c9121af48f694b9cff6974a63e67029053ab9312f86cb9cc"",""state"":""file""},""nh3_pdb_4096"":{""bytes"":332031,""sha256"":""e6d9ba2e0f95a04ebbeb61682dcf615982860aaa336140fee7ba55698f68175c"",""state"":""file""},""nh3_pdb_512"":{""bytes"":41727,""sha256"":""76e8d0d71fd3d49a1d14bb1fcd0689b08241620df41c90a904be29c85a67934e"",""state"":""file""},""nh3_pdb_65536"":{""bytes"":5308671,""sha256"":""a80e717b9abb39221c121bf3137135662e1b3c727e705e8f01e651720acd6dcc"",""state"":""file""},""nh3_pdb_8192"":{""bytes"":663807,""sha256"":""b0664469d3a8e84f71fbd848f1f0ffaca2cee3f4fd2100ed10f398e7c19a27e6"",""state"":""file""}},""metadata"":{""benchmark"":""el""}}",ec9f9176-c20b-4c6b-a2d3-efae9282f598,,,512,512,512,67371008,5,88ca7c9f1022d24e9613a4e335ee5c0700c98904d5191040314824d6b9d2a8e8,"{""batch_idx"":""int32"",""cell"":""float64"",""charges"":""float64"",""pbc"":""bool"",""positions"":""float64""}",capped_upstream_estimate,bounded_power_two_then_four_fft_snap,0.25,9.0,single_case,4e58a2e9fa72736adb36ec90791c46b626d69fb0e9c5ddf901d8cb4127b113f1,5.647212892974494,,
nh3,system_size,ewald,jax,1024,1,1024,2.5934725976739514,385583.4069335785,nan,nan,10,3,jax_wall_block_until_ready,warmup_excluded,True,,,1e-06,5,arithmetic_mean,1.003541989261992,"[0.0026542502999291175,0.0026534663000347793,0.002656030400066811,0.0026621143000738813,0.0026527183999860426]",,,,,not_measured,not_measured,,nan,nan,1687,energy_autograd,energy_forces_charge_gradients,True,True,False,0.09645736962556839,21.97800064086914,1.1368683772161603e-13,0.2560374033532867,14.51710625154692,1.9033422113986547,2480,2.0,1325,1263736,2,"{""compute_capability"":""9.0"",""driver"":""unavailable"",""memory_bytes"":99996401664,""name"":""NVIDIA H100 NVL""}","{""cuda"":""13.0"",""git_head"":""unavailable"",""jax"":""0.10.1"",""jaxlib"":""0.10.1"",""nvalchemi_toolkit_ops"":""0.5.0"",""python"":""3.12.3"",""source_sha256"":""4dfd278da46af31f54f8b7671e891073f8b10f8fa2cb28e7cf92bfeddd543638"",""torch"":""2.14.0+cu130"",""warp"":""1.17.0""}","{""gpu_uuid"":""b86b304e-698a-30bd-d46b-23da3dc3658e"",""host"":""ipp2-1738""}","{""JAX_DISABLE_JIT"":""<unset>"",""JAX_DISABLE_JIT_ACTUAL"":""False"",""JAX_ENABLE_X64"":""1"",""JAX_ENABLE_X64_ACTUAL"":""True"",""JAX_PLATFORMS"":""<unset>"",""TF_GPU_ALLOCATOR"":""<unset>"",""XLA_FLAGS"":""<unset>"",""XLA_PYTHON_CLIENT_ALLOCATOR"":""<unset>"",""XLA_PYTHON_CLIENT_MEM_FRACTION"":""0.95"",""XLA_PYTHON_CLIENT_PREALLOCATE"":""<unset>""}","{""artifacts"":{""nh3_pdb_1024"":{""bytes"":83199,""sha256"":""cb99e65c2024c8b1a80a7ea1f4ff5b23ef76a5d153a2caeb4a0e3077b5239135"",""state"":""file""},""nh3_pdb_128"":{""bytes"":10623,""sha256"":""4b48182856ba92449fa52b61bf2f95c6ce28937a3cb3da6aec4f131a1216c760"",""state"":""file""},""nh3_pdb_131072"":{""bytes"":10617087,""sha256"":""d454eb5e6e9fe717e1c12c22e3fc749189deae022de05b0f6f83f9f4501bbb52"",""state"":""file""},""nh3_pdb_16384"":{""bytes"":1327359,""sha256"":""07f5683974f6bdad6798104cf7de5ddb670704f71b7e28715d957805124196b8"",""state"":""file""},""nh3_pdb_2048"":{""bytes"":166143,""sha256"":""7171f9c4d6bf3c819f96ddd11877441961f43096057863d0607070d97c5e5a16"",""state"":""file""},""nh3_pdb_256"":{""bytes"":20991,""sha256"":""870d35ef9d654b395f8eefcd897e002ff41b1327475879ff5b955080ecb91ee0"",""state"":""file""},""nh3_pdb_32768"":{""bytes"":2654463,""sha256"":""a193ff7fc7793ae1c9121af48f694b9cff6974a63e67029053ab9312f86cb9cc"",""state"":""file""},""nh3_pdb_4096"":{""bytes"":332031,""sha256"":""e6d9ba2e0f95a04ebbeb61682dcf615982860aaa336140fee7ba55698f68175c"",""state"":""file""},""nh3_pdb_512"":{""bytes"":41727,""sha256"":""76e8d0d71fd3d49a1d14bb1fcd0689b08241620df41c90a904be29c85a67934e"",""state"":""file""},""nh3_pdb_65536"":{""bytes"":5308671,""sha256"":""a80e717b9abb39221c121bf3137135662e1b3c727e705e8f01e651720acd6dcc"",""state"":""file""},""nh3_pdb_8192"":{""bytes"":663807,""sha256"":""b0664469d3a8e84f71fbd848f1f0ffaca2cee3f4fd2100ed10f398e7c19a27e6"",""state"":""file""}},""metadata"":{""benchmark"":""el""}}",28ea42c8-c3b9-4a9c-96dc-b96a346325d0,,,,,,,,,,,,,,single_case,5779517f771cd31c95dc30de603249f8f59a1f8d3680da722ea0763b4d76684d,11.992770711000048,229,supported_jax_separate_collection
nh3,system_size,ewald,jax,512,1,512,2.790032225448158,358418.79920916393,nan,nan,10,3,jax_wall_block_until_ready,warmup_excluded,True,,,1e-06,5,arithmetic_mean,1.002357196012491,"[0.001429778101737611,0.001430058098048903,0.0014280000992584973,0.0014279511000495405,0.0014266950980527326]",,,,,not_measured,not_measured,,nan,nan,1098,energy_autograd,energy_forces_charge_gradients,True,True,False,0.09645654261112213,17.444000244140625,5.684341886080802e-14,0.2873914514502449,12.933308106742125,2.1364233255623533,1760,2.0,912,446796,2,"{""compute_capability"":""9.0"",""driver"":""unavailable"",""memory_bytes"":99996401664,""name"":""NVIDIA H100 NVL""}","{""cuda"":""13.0"",""git_head"":""unavailable"",""jax"":""0.10.1"",""jaxlib"":""0.10.1"",""nvalchemi_toolkit_ops"":""0.5.0"",""python"":""3.12.3"",""source_sha256"":""4dfd278da46af31f54f8b7671e891073f8b10f8fa2cb28e7cf92bfeddd543638"",""torch"":""2.14.0+cu130"",""warp"":""1.17.0""}","{""gpu_uuid"":""557cda80-d2b2-7630-d3a3-99bf87d35067"",""host"":""ipp2-1716""}","{""JAX_DISABLE_JIT"":""<unset>"",""JAX_DISABLE_JIT_ACTUAL"":""False"",""JAX_ENABLE_X64"":""1"",""JAX_ENABLE_X64_ACTUAL"":""True"",""JAX_PLATFORMS"":""<unset>"",""TF_GPU_ALLOCATOR"":""<unset>"",""XLA_FLAGS"":""<unset>"",""XLA_PYTHON_CLIENT_ALLOCATOR"":""<unset>"",""XLA_PYTHON_CLIENT_MEM_FRACTION"":""0.95"",""XLA_PYTHON_CLIENT_PREALLOCATE"":""<unset>""}","{""artifacts"":{""nh3_pdb_1024"":{""bytes"":83199,""sha256"":""cb99e65c2024c8b1a80a7ea1f4ff5b23ef76a5d153a2caeb4a0e3077b5239135"",""state"":""file""},""nh3_pdb_128"":{""bytes"":10623,""sha256"":""4b48182856ba92449fa52b61bf2f95c6ce28937a3cb3da6aec4f131a1216c760"",""state"":""file""},""nh3_pdb_131072"":{""bytes"":10617087,""sha256"":""d454eb5e6e9fe717e1c12c22e3fc749189deae022de05b0f6f83f9f4501bbb52"",""state"":""file""},""nh3_pdb_16384"":{""bytes"":1327359,""sha256"":""07f5683974f6bdad6798104cf7de5ddb670704f71b7e28715d957805124196b8"",""state"":""file""},""nh3_pdb_2048"":{""bytes"":166143,""sha256"":""7171f9c4d6bf3c819f96ddd11877441961f43096057863d0607070d97c5e5a16"",""state"":""file""},""nh3_pdb_256"":{""bytes"":20991,""sha256"":""870d35ef9d654b395f8eefcd897e002ff41b1327475879ff5b955080ecb91ee0"",""state"":""file""},""nh3_pdb_32768"":{""bytes"":2654463,""sha256"":""a193ff7fc7793ae1c9121af48f694b9cff6974a63e67029053ab9312f86cb9cc"",""state"":""file""},""nh3_pdb_4096"":{""bytes"":332031,""sha256"":""e6d9ba2e0f95a04ebbeb61682dcf615982860aaa336140fee7ba55698f68175c"",""state"":""file""},""nh3_pdb_512"":{""bytes"":41727,""sha256"":""76e8d0d71fd3d49a1d14bb1fcd0689b08241620df41c90a904be29c85a67934e"",""state"":""file""},""nh3_pdb_65536"":{""bytes"":5308671,""sha256"":""a80e717b9abb39221c121bf3137135662e1b3c727e705e8f01e651720acd6dcc"",""state"":""file""},""nh3_pdb_8192"":{""bytes"":663807,""sha256"":""b0664469d3a8e84f71fbd848f1f0ffaca2cee3f4fd2100ed10f398e7c19a27e6"",""state"":""file""}},""metadata"":{""benchmark"":""el""}}",28ea42c8-c3b9-4a9c-96dc-b96a346325d0,,,,,,,,,,,,,,single_case,5779517f771cd31c95dc30de603249f8f59a1f8d3680da722ea0763b4d76684d,12.778342795994831,227,supported_jax_separate_collection
nh3,system_size,pme,jax,128,1,128,7.794354060024489,128297.99522820987,nan,nan,10,3,jax_wall_block_until_ready,warmup_excluded,True,,,0.0001,5,arithmetic_mean,1.0120964058722886,"[0.0010066321992781013,0.0009950740990461782,0.0009946011006832123,0.0009949680999852717,0.0009971110994229093]",,,,,not_measured,not_measured,k_squared_only,nan,nan,,energy_autograd,energy_forces_charge_gradients,True,True,False,0.09645736962556839,10.98900032043457,1.4210854715202004e-14,0.36209156829700845,8.381455202185014,,480,2.0,258,30278,2,"{""compute_capability"":""9.0"",""driver"":""unavailable"",""memory_bytes"":99996401664,""name"":""NVIDIA H100 NVL""}","{""cuda"":""13.0"",""git_head"":""unavailable"",""jax"":""0.10.1"",""jaxlib"":""0.10.1"",""nvalchemi_toolkit_ops"":""0.5.0"",""python"":""3.12.3"",""source_sha256"":""4dfd278da46af31f54f8b7671e891073f8b10f8fa2cb28e7cf92bfeddd543638"",""torch"":""2.14.0+cu130"",""warp"":""1.17.0""}","{""gpu_uuid"":""557cda80-d2b2-7630-d3a3-99bf87d35067"",""host"":""ipp2-1716""}","{""JAX_DISABLE_JIT"":""<unset>"",""JAX_DISABLE_JIT_ACTUAL"":""False"",""JAX_ENABLE_X64"":""1"",""JAX_ENABLE_X64_ACTUAL"":""True"",""JAX_PLATFORMS"":""<unset>"",""TF_GPU_ALLOCATOR"":""<unset>"",""XLA_FLAGS"":""<unset>"",""XLA_PYTHON_CLIENT_ALLOCATOR"":""<unset>"",""XLA_PYTHON_CLIENT_MEM_FRACTION"":""0.95"",""XLA_PYTHON_CLIENT_PREALLOCATE"":""<unset>""}","{""artifacts"":{""nh3_pdb_1024"":{""bytes"":83199,""sha256"":""cb99e65c2024c8b1a80a7ea1f4ff5b23ef76a5d153a2caeb4a0e3077b5239135"",""state"":""file""},""nh3_pdb_128"":{""bytes"":10623,""sha256"":""4b48182856ba92449fa52b61bf2f95c6ce28937a3cb3da6aec4f131a1216c760"",""state"":""file""},""nh3_pdb_131072"":{""bytes"":10617087,""sha256"":""d454eb5e6e9fe717e1c12c22e3fc749189deae022de05b0f6f83f9f4501bbb52"",""state"":""file""},""nh3_pdb_16384"":{""bytes"":1327359,""sha256"":""07f5683974f6bdad6798104cf7de5ddb670704f71b7e28715d957805124196b8"",""state"":""file""},""nh3_pdb_2048"":{""bytes"":166143,""sha256"":""7171f9c4d6bf3c819f96ddd11877441961f43096057863d0607070d97c5e5a16"",""state"":""file""},""nh3_pdb_256"":{""bytes"":20991,""sha256"":""870d35ef9d654b395f8eefcd897e002ff41b1327475879ff5b955080ecb91ee0"",""state"":""file""},""nh3_pdb_32768"":{""bytes"":2654463,""sha256"":""a193ff7fc7793ae1c9121af48f694b9cff6974a63e67029053ab9312f86cb9cc"",""state"":""file""},""nh3_pdb_4096"":{""bytes"":332031,""sha256"":""e6d9ba2e0f95a04ebbeb61682dcf615982860aaa336140fee7ba55698f68175c"",""state"":""file""},""nh3_pdb_512"":{""bytes"":41727,""sha256"":""76e8d0d71fd3d49a1d14bb1fcd0689b08241620df41c90a904be29c85a67934e"",""state"":""file""},""nh3_pdb_65536"":{""bytes"":5308671,""sha256"":""a80e717b9abb39221c121bf3137135662e1b3c727e705e8f01e651720acd6dcc"",""state"":""file""},""nh3_pdb_8192"":{""bytes"":663807,""sha256"":""b0664469d3a8e84f71fbd848f1f0ffaca2cee3f4fd2100ed10f398e7c19a27e6"",""state"":""file""}},""metadata"":{""benchmark"":""el""}}",28ea42c8-c3b9-4a9c-96dc-b96a346325d0,,,18,18,18,3240,5,f6fcdd837b89c29f4071155184ebcc820c2dc67c87850ac7232eda9ba95f17ee,"{""batch_idx"":""int32"",""cell"":""float64"",""charges"":""float64"",""pbc"":""bool"",""positions"":""float64""}",capped_upstream_estimate,bounded_power_two_then_four_fft_snap,0.25,9.0,single_case,5779517f771cd31c95dc30de603249f8f59a1f8d3680da722ea0763b4d76684d,43.366506024001865,74,supported_jax_separate_collection
nh3,system_size,pme,jax,512,1,512,2.2570162093415997,443062.8348441116,nan,nan,10,3,jax_wall_block_until_ready,warmup_excluded,True,,,0.0001,5,arithmetic_mean,1.010638425869778,"[0.0011648760992102325,0.0011527630995260552,0.0011526140995556488,0.0011532350996276363,0.0011544730979949236]",,,,,not_measured,not_measured,k_squared_only,nan,nan,,energy_autograd,energy_forces_charge_gradients,True,True,False,0.09645654261112213,17.444000244140625,5.684341886080802e-14,0.3372060287522547,9.0,,592,2.0,341,151012,2,"{""compute_capability"":""9.0"",""driver"":""unavailable"",""memory_bytes"":99996401664,""name"":""NVIDIA H100 NVL""}","{""cuda"":""13.0"",""git_head"":""unavailable"",""jax"":""0.10.1"",""jaxlib"":""0.10.1"",""nvalchemi_toolkit_ops"":""0.5.0"",""python"":""3.12.3"",""source_sha256"":""4dfd278da46af31f54f8b7671e891073f8b10f8fa2cb28e7cf92bfeddd543638"",""torch"":""2.14.0+cu130"",""warp"":""1.17.0""}","{""gpu_uuid"":""557cda80-d2b2-7630-d3a3-99bf87d35067"",""host"":""ipp2-1716""}","{""JAX_DISABLE_JIT"":""<unset>"",""JAX_DISABLE_JIT_ACTUAL"":""False"",""JAX_ENABLE_X64"":""1"",""JAX_ENABLE_X64_ACTUAL"":""True"",""JAX_PLATFORMS"":""<unset>"",""TF_GPU_ALLOCATOR"":""<unset>"",""XLA_FLAGS"":""<unset>"",""XLA_PYTHON_CLIENT_ALLOCATOR"":""<unset>"",""XLA_PYTHON_CLIENT_MEM_FRACTION"":""0.95"",""XLA_PYTHON_CLIENT_PREALLOCATE"":""<unset>""}","{""artifacts"":{""nh3_pdb_1024"":{""bytes"":83199,""sha256"":""cb99e65c2024c8b1a80a7ea1f4ff5b23ef76a5d153a2caeb4a0e3077b5239135"",""state"":""file""},""nh3_pdb_128"":{""bytes"":10623,""sha256"":""4b48182856ba92449fa52b61bf2f95c6ce28937a3cb3da6aec4f131a1216c760"",""state"":""file""},""nh3_pdb_131072"":{""bytes"":10617087,""sha256"":""d454eb5e6e9fe717e1c12c22e3fc749189deae022de05b0f6f83f9f4501bbb52"",""state"":""file""},""nh3_pdb_16384"":{""bytes"":1327359,""sha256"":""07f5683974f6bdad6798104cf7de5ddb670704f71b7e28715d957805124196b8"",""state"":""file""},""nh3_pdb_2048"":{""bytes"":166143,""sha256"":""7171f9c4d6bf3c819f96ddd11877441961f43096057863d0607070d97c5e5a16"",""state"":""file""},""nh3_pdb_256"":{""bytes"":20991,""sha256"":""870d35ef9d654b395f8eefcd897e002ff41b1327475879ff5b955080ecb91ee0"",""state"":""file""},""nh3_pdb_32768"":{""bytes"":2654463,""sha256"":""a193ff7fc7793ae1c9121af48f694b9cff6974a63e67029053ab9312f86cb9cc"",""state"":""file""},""nh3_pdb_4096"":{""bytes"":332031,""sha256"":""e6d9ba2e0f95a04ebbeb61682dcf615982860aaa336140fee7ba55698f68175c"",""state"":""file""},""nh3_pdb_512"":{""bytes"":41727,""sha256"":""76e8d0d71fd3d49a1d14bb1fcd0689b08241620df41c90a904be29c85a67934e"",""state"":""file""},""nh3_pdb_65536"":{""bytes"":5308671,""sha256"":""a80e717b9abb39221c121bf3137135662e1b3c727e705e8f01e651720acd6dcc"",""state"":""file""},""nh3_pdb_8192"":{""bytes"":663807,""sha256"":""b0664469d3a8e84f71fbd848f1f0ffaca2cee3f4fd2100ed10f398e7c19a27e6"",""state"":""file""}},""metadata"":{""benchmark"":""el""}}",28ea42c8-c3b9-4a9c-96dc-b96a346325d0,,,25,25,25,8125,5,c58c764aa62d2b4d91274054a7172271dc6c8ea822906e3668226f5ca0476178,"{""batch_idx"":""int32"",""cell"":""float64"",""charges"":""float64"",""pbc"":""bool"",""positions"":""float64""}",capped_upstream_estimate,bounded_power_two_then_four_fft_snap,0.25,9.0,single_case,5779517f771cd31c95dc30de603249f8f59a1f8d3680da722ea0763b4d76684d,38.74983864300884,78,supported_jax_separate_collection
nh3,system_size,ewald,jax,256,1,256,2.4594067190264464,406602.12573374156,nan,nan,10,3,jax_wall_block_until_ready,warmup_excluded,True,,,0.0001,5,arithmetic_mean,1.0367404027035543,"[0.000645091499609407,0.0006278344997554086,0.0006228436002857051,0.0006300405002548359,0.0006222305004484951]",,,,,not_measured,not_measured,,nan,nan,665,energy_autograd,energy_forces_charge_gradients,True,True,False,0.09646306931972504,13.84500026702881,2.842170943040401e-14,0.32259326452181164,9.40768017357379,1.9580470853692633,688,2.0,362,86142,2,"{""compute_capability"":""9.0"",""driver"":""unavailable"",""memory_bytes"":99996401664,""name"":""NVIDIA H100 NVL""}","{""cuda"":""13.0"",""git_head"":""unavailable"",""jax"":""0.10.1"",""jaxlib"":""0.10.1"",""nvalchemi_toolkit_ops"":""0.5.0"",""python"":""3.12.3"",""source_sha256"":""4dfd278da46af31f54f8b7671e891073f8b10f8fa2cb28e7cf92bfeddd543638"",""torch"":""2.14.0+cu130"",""warp"":""1.17.0""}","{""gpu_uuid"":""23074f79-c31a-f283-5a26-fe763902683e"",""host"":""a1u1g-mil-0678""}","{""JAX_DISABLE_JIT"":""<unset>"",""JAX_DISABLE_JIT_ACTUAL"":""False"",""JAX_ENABLE_X64"":""1"",""JAX_ENABLE_X64_ACTUAL"":""True"",""JAX_PLATFORMS"":""<unset>"",""TF_GPU_ALLOCATOR"":""<unset>"",""XLA_FLAGS"":""<unset>"",""XLA_PYTHON_CLIENT_ALLOCATOR"":""<unset>"",""XLA_PYTHON_CLIENT_MEM_FRACTION"":""0.95"",""XLA_PYTHON_CLIENT_PREALLOCATE"":""<unset>""}","{""artifacts"":{""nh3_pdb_1024"":{""bytes"":83199,""sha256"":""cb99e65c2024c8b1a80a7ea1f4ff5b23ef76a5d153a2caeb4a0e3077b5239135"",""state"":""file""},""nh3_pdb_128"":{""bytes"":10623,""sha256"":""4b48182856ba92449fa52b61bf2f95c6ce28937a3cb3da6aec4f131a1216c760"",""state"":""file""},""nh3_pdb_131072"":{""bytes"":10617087,""sha256"":""d454eb5e6e9fe717e1c12c22e3fc749189deae022de05b0f6f83f9f4501bbb52"",""state"":""file""},""nh3_pdb_16384"":{""bytes"":1327359,""sha256"":""07f5683974f6bdad6798104cf7de5ddb670704f71b7e28715d957805124196b8"",""state"":""file""},""nh3_pdb_2048"":{""bytes"":166143,""sha256"":""7171f9c4d6bf3c819f96ddd11877441961f43096057863d0607070d97c5e5a16"",""state"":""file""},""nh3_pdb_256"":{""bytes"":20991,""sha256"":""870d35ef9d654b395f8eefcd897e002ff41b1327475879ff5b955080ecb91ee0"",""state"":""file""},""nh3_pdb_32768"":{""bytes"":2654463,""sha256"":""a193ff7fc7793ae1c9121af48f694b9cff6974a63e67029053ab9312f86cb9cc"",""state"":""file""},""nh3_pdb_4096"":{""bytes"":332031,""sha256"":""e6d9ba2e0f95a04ebbeb61682dcf615982860aaa336140fee7ba55698f68175c"",""state"":""file""},""nh3_pdb_512"":{""bytes"":41727,""sha256"":""76e8d0d71fd3d49a1d14bb1fcd0689b08241620df41c90a904be29c85a67934e"",""state"":""file""},""nh3_pdb_65536"":{""bytes"":5308671,""sha256"":""a80e717b9abb39221c121bf3137135662e1b3c727e705e8f01e651720acd6dcc"",""state"":""file""},""nh3_pdb_8192"":{""bytes"":663807,""sha256"":""b0664469d3a8e84f71fbd848f1f0ffaca2cee3f4fd2100ed10f398e7c19a27e6"",""state"":""file""}},""metadata"":{""benchmark"":""el""}}",28ea42c8-c3b9-4a9c-96dc-b96a346325d0,,,,,,,,,,,,,,single_case,5779517f771cd31c95dc30de603249f8f59a1f8d3680da722ea0763b4d76684d,12.551428491002298,224,supported_jax_separate_collection
nh3,system_size,pme,jax,128,1,128,8.583726717006357,116499.51506712903,nan,nan,10,3,jax_wall_block_until_ready,warmup_excluded,True,,,1e-06,5,arithmetic_mean,1.0169778434152366,"[0.0011130073995445854,0.0010964144006720745,0.001094924499921035,0.0010948123992420733,0.0010944263995043002]",,,,,not_measured,not_measured,k_squared_only,nan,nan,,energy_autograd,energy_forces_charge_gradients,True,True,False,0.09645736962556839,10.98900032043457,1.4210854715202004e-14,0.4129913543166487,9.0,,592,2.0,311,37368,2,"{""compute_capability"":""9.0"",""driver"":""unavailable"",""memory_bytes"":99996401664,""name"":""NVIDIA H100 NVL""}","{""cuda"":""13.0"",""git_head"":""unavailable"",""jax"":""0.10.1"",""jaxlib"":""0.10.1"",""nvalchemi_toolkit_ops"":""0.5.0"",""python"":""3.12.3"",""source_sha256"":""4dfd278da46af31f54f8b7671e891073f8b10f8fa2cb28e7cf92bfeddd543638"",""torch"":""2.14.0+cu130"",""warp"":""1.17.0""}","{""gpu_uuid"":""23074f79-c31a-f283-5a26-fe763902683e"",""host"":""a1u1g-mil-0678""}","{""JAX_DISABLE_JIT"":""<unset>"",""JAX_DISABLE_JIT_ACTUAL"":""False"",""JAX_ENABLE_X64"":""1"",""JAX_ENABLE_X64_ACTUAL"":""True"",""JAX_PLATFORMS"":""<unset>"",""TF_GPU_ALLOCATOR"":""<unset>"",""XLA_FLAGS"":""<unset>"",""XLA_PYTHON_CLIENT_ALLOCATOR"":""<unset>"",""XLA_PYTHON_CLIENT_MEM_FRACTION"":""0.95"",""XLA_PYTHON_CLIENT_PREALLOCATE"":""<unset>""}","{""artifacts"":{""nh3_pdb_1024"":{""bytes"":83199,""sha256"":""cb99e65c2024c8b1a80a7ea1f4ff5b23ef76a5d153a2caeb4a0e3077b5239135"",""state"":""file""},""nh3_pdb_128"":{""bytes"":10623,""sha256"":""4b48182856ba92449fa52b61bf2f95c6ce28937a3cb3da6aec4f131a1216c760"",""state"":""file""},""nh3_pdb_131072"":{""bytes"":10617087,""sha256"":""d454eb5e6e9fe717e1c12c22e3fc749189deae022de05b0f6f83f9f4501bbb52"",""state"":""file""},""nh3_pdb_16384"":{""bytes"":1327359,""sha256"":""07f5683974f6bdad6798104cf7de5ddb670704f71b7e28715d957805124196b8"",""state"":""file""},""nh3_pdb_2048"":{""bytes"":166143,""sha256"":""7171f9c4d6bf3c819f96ddd11877441961f43096057863d0607070d97c5e5a16"",""state"":""file""},""nh3_pdb_256"":{""bytes"":20991,""sha256"":""870d35ef9d654b395f8eefcd897e002ff41b1327475879ff5b955080ecb91ee0"",""state"":""file""},""nh3_pdb_32768"":{""bytes"":2654463,""sha256"":""a193ff7fc7793ae1c9121af48f694b9cff6974a63e67029053ab9312f86cb9cc"",""state"":""file""},""nh3_pdb_4096"":{""bytes"":332031,""sha256"":""e6d9ba2e0f95a04ebbeb61682dcf615982860aaa336140fee7ba55698f68175c"",""state"":""file""},""nh3_pdb_512"":{""bytes"":41727,""sha256"":""76e8d0d71fd3d49a1d14bb1fcd0689b08241620df41c90a904be29c85a67934e"",""state"":""file""},""nh3_pdb_65536"":{""bytes"":5308671,""sha256"":""a80e717b9abb39221c121bf3137135662e1b3c727e705e8f01e651720acd6dcc"",""state"":""file""},""nh3_pdb_8192"":{""bytes"":663807,""sha256"":""b0664469d3a8e84f71fbd848f1f0ffaca2cee3f4fd2100ed10f398e7c19a27e6"",""state"":""file""}},""metadata"":{""benchmark"":""el""}}",28ea42c8-c3b9-4a9c-96dc-b96a346325d0,,,48,48,48,57600,5,f6fcdd837b89c29f4071155184ebcc820c2dc67c87850ac7232eda9ba95f17ee,"{""batch_idx"":""int32"",""cell"":""float64"",""charges"":""float64"",""pbc"":""bool"",""positions"":""float64""}",capped_upstream_estimate,bounded_power_two_then_four_fft_snap,0.25,9.0,single_case,5779517f771cd31c95dc30de603249f8f59a1f8d3680da722ea0763b4d76684d,44.44240629200067,75,supported_jax_separate_collection
nh3,system_size,pme,jax,1024,1,1024,1.0263916016128858,974287.0054943807,nan,nan,10,3,jax_wall_block_until_ready,warmup_excluded,True,,,0.0001,5,arithmetic_mean,1.0138441043942705,"[0.0010616576008033007,0.0010501445998670534,0.0010479945995029993,0.0010471606001374312,0.0010481675999471918]",,,,,not_measured,not_measured,k_squared_only,nan,nan,,energy_autograd,energy_forces_charge_gradients,True,True,False,0.09645736962556839,21.97800064086914,1.1368683772161603e-13,0.3372060287522547,9.0,,592,2.0,340,302282,2,"{""compute_capability"":""9.0"",""driver"":""unavailable"",""memory_bytes"":99996401664,""name"":""NVIDIA H100 NVL""}","{""cuda"":""13.0"",""git_head"":""unavailable"",""jax"":""0.10.1"",""jaxlib"":""0.10.1"",""nvalchemi_toolkit_ops"":""0.5.0"",""python"":""3.12.3"",""source_sha256"":""4dfd278da46af31f54f8b7671e891073f8b10f8fa2cb28e7cf92bfeddd543638"",""torch"":""2.14.0+cu130"",""warp"":""1.17.0""}","{""gpu_uuid"":""23074f79-c31a-f283-5a26-fe763902683e"",""host"":""a1u1g-mil-0678""}","{""JAX_DISABLE_JIT"":""<unset>"",""JAX_DISABLE_JIT_ACTUAL"":""False"",""JAX_ENABLE_X64"":""1"",""JAX_ENABLE_X64_ACTUAL"":""True"",""JAX_PLATFORMS"":""<unset>"",""TF_GPU_ALLOCATOR"":""<unset>"",""XLA_FLAGS"":""<unset>"",""XLA_PYTHON_CLIENT_ALLOCATOR"":""<unset>"",""XLA_PYTHON_CLIENT_MEM_FRACTION"":""0.95"",""XLA_PYTHON_CLIENT_PREALLOCATE"":""<unset>""}","{""artifacts"":{""nh3_pdb_1024"":{""bytes"":83199,""sha256"":""cb99e65c2024c8b1a80a7ea1f4ff5b23ef76a5d153a2caeb4a0e3077b5239135"",""state"":""file""},""nh3_pdb_128"":{""bytes"":10623,""sha256"":""4b48182856ba92449fa52b61bf2f95c6ce28937a3cb3da6aec4f131a1216c760"",""state"":""file""},""nh3_pdb_131072"":{""bytes"":10617087,""sha256"":""d454eb5e6e9fe717e1c12c22e3fc749189deae022de05b0f6f83f9f4501bbb52"",""state"":""file""},""nh3_pdb_16384"":{""bytes"":1327359,""sha256"":""07f5683974f6bdad6798104cf7de5ddb670704f71b7e28715d957805124196b8"",""state"":""file""},""nh3_pdb_2048"":{""bytes"":166143,""sha256"":""7171f9c4d6bf3c819f96ddd11877441961f43096057863d0607070d97c5e5a16"",""state"":""file""},""nh3_pdb_256"":{""bytes"":20991,""sha256"":""870d35ef9d654b395f8eefcd897e002ff41b1327475879ff5b955080ecb91ee0"",""state"":""file""},""nh3_pdb_32768"":{""bytes"":2654463,""sha256"":""a193ff7fc7793ae1c9121af48f694b9cff6974a63e67029053ab9312f86cb9cc"",""state"":""file""},""nh3_pdb_4096"":{""bytes"":332031,""sha256"":""e6d9ba2e0f95a04ebbeb61682dcf615982860aaa336140fee7ba55698f68175c"",""state"":""file""},""nh3_pdb_512"":{""bytes"":41727,""sha256"":""76e8d0d71fd3d49a1d14bb1fcd0689b08241620df41c90a904be29c85a67934e"",""state"":""file""},""nh3_pdb_65536"":{""bytes"":5308671,""sha256"":""a80e717b9abb39221c121bf3137135662e1b3c727e705e8f01e651720acd6dcc"",""state"":""file""},""nh3_pdb_8192"":{""bytes"":663807,""sha256"":""b0664469d3a8e84f71fbd848f1f0ffaca2cee3f4fd2100ed10f398e7c19a27e6"",""state"":""file""}},""metadata"":{""benchmark"":""el""}}",28ea42c8-c3b9-4a9c-96dc-b96a346325d0,,,32,32,32,17408,5,a28d15c8fb83eeac5222bbbcbfb4ab9d0bbb76c0d8846b67029c3cf86134ceaf,"{""batch_idx"":""int32"",""cell"":""float64"",""charges"":""float64"",""pbc"":""bool"",""positions"":""float64""}",capped_upstream_estimate,bounded_power_two_then_four_fft_snap,0.25,9.0,single_case,5779517f771cd31c95dc30de603249f8f59a1f8d3680da722ea0763b4d76684d,38.84322447900195,80,supported_jax_separate_collection
nh3,system_size,ewald,jax,2048,1,2048,1.4844329297147854,673657.9201272079,nan,nan,10,3,jax_wall_block_until_ready,warmup_excluded,True,,,0.0001,5,arithmetic_mean,1.0034095770081908,"[0.0030346573010319846,0.003038494297652505,0.0030402322008740157,0.0030450041987933217,0.0030422052019275724]",,,,,not_measured,not_measured,,nan,nan,1687,energy_autograd,energy_forces_charge_gradients,True,True,False,0.09645262360572815,27.69099998474121,2.2737367544323206e-13,0.22809965181535707,13.304949107186523,1.3844983994717148,1904,2.0,1047,1951352,2,"{""compute_capability"":""9.0"",""driver"":""unavailable"",""memory_bytes"":99996401664,""name"":""NVIDIA H100 NVL""}","{""cuda"":""13.0"",""git_head"":""unavailable"",""jax"":""0.10.1"",""jaxlib"":""0.10.1"",""nvalchemi_toolkit_ops"":""0.5.0"",""python"":""3.12.3"",""source_sha256"":""4dfd278da46af31f54f8b7671e891073f8b10f8fa2cb28e7cf92bfeddd543638"",""torch"":""2.14.0+cu130"",""warp"":""1.17.0""}","{""gpu_uuid"":""c0995d85-1dea-1b19-7e58-9baa33a5f384"",""host"":""a1u1g-mil-0576""}","{""JAX_DISABLE_JIT"":""<unset>"",""JAX_DISABLE_JIT_ACTUAL"":""False"",""JAX_ENABLE_X64"":""1"",""JAX_ENABLE_X64_ACTUAL"":""True"",""JAX_PLATFORMS"":""<unset>"",""TF_GPU_ALLOCATOR"":""<unset>"",""XLA_FLAGS"":""<unset>"",""XLA_PYTHON_CLIENT_ALLOCATOR"":""<unset>"",""XLA_PYTHON_CLIENT_MEM_FRACTION"":""0.95"",""XLA_PYTHON_CLIENT_PREALLOCATE"":""<unset>""}","{""artifacts"":{""nh3_pdb_1024"":{""bytes"":83199,""sha256"":""cb99e65c2024c8b1a80a7ea1f4ff5b23ef76a5d153a2caeb4a0e3077b5239135"",""state"":""file""},""nh3_pdb_128"":{""bytes"":10623,""sha256"":""4b48182856ba92449fa52b61bf2f95c6ce28937a3cb3da6aec4f131a1216c760"",""state"":""file""},""nh3_pdb_131072"":{""bytes"":10617087,""sha256"":""d454eb5e6e9fe717e1c12c22e3fc749189deae022de05b0f6f83f9f4501bbb52"",""state"":""file""},""nh3_pdb_16384"":{""bytes"":1327359,""sha256"":""07f5683974f6bdad6798104cf7de5ddb670704f71b7e28715d957805124196b8"",""state"":""file""},""nh3_pdb_2048"":{""bytes"":166143,""sha256"":""7171f9c4d6bf3c819f96ddd11877441961f43096057863d0607070d97c5e5a16"",""state"":""file""},""nh3_pdb_256"":{""bytes"":20991,""sha256"":""870d35ef9d654b395f8eefcd897e002ff41b1327475879ff5b955080ecb91ee0"",""state"":""file""},""nh3_pdb_32768"":{""bytes"":2654463,""sha256"":""a193ff7fc7793ae1c9121af48f694b9cff6974a63e67029053ab9312f86cb9cc"",""state"":""file""},""nh3_pdb_4096"":{""bytes"":332031,""sha256"":""e6d9ba2e0f95a04ebbeb61682dcf615982860aaa336140fee7ba55698f68175c"",""state"":""file""},""nh3_pdb_512"":{""bytes"":41727,""sha256"":""76e8d0d71fd3d49a1d14bb1fcd0689b08241620df41c90a904be29c85a67934e"",""state"":""file""},""nh3_pdb_65536"":{""bytes"":5308671,""sha256"":""a80e717b9abb39221c121bf3137135662e1b3c727e705e8f01e651720acd6dcc"",""state"":""file""},""nh3_pdb_8192"":{""bytes"":663807,""sha256"":""b0664469d3a8e84f71fbd848f1f0ffaca2cee3f4fd2100ed10f398e7c19a27e6"",""state"":""file""}},""metadata"":{""benchmark"":""el""}}",28ea42c8-c3b9-4a9c-96dc-b96a346325d0,,,,,,,,,,,,,,single_case,5779517f771cd31c95dc30de603249f8f59a1f8d3680da722ea0763b4d76684d,12.239373447024263,230,supported_jax_separate_collection
nh3,system_size,ewald,jax,4096,1,4096,3.4142026953531963,292894.15105934447,nan,nan,10,3,jax_wall_block_until_ready,warmup_excluded,True,,,1e-06,5,arithmetic_mean,1.0042752168435372,"[0.013987631601048633,0.013973526799236424,0.014015306299552322,0.013955642899964005,0.013990763601032085]",,,,,not_measured,not_measured,,nan,nan,3429,energy_autograd,energy_forces_charge_gradients,True,True,False,0.09645654261112213,34.88800048828125,4.547473508864641e-13,0.20321644417551266,18.290459730904608,1.510679420990255,4960,2.0,2684,10127748,2,"{""compute_capability"":""9.0"",""driver"":""unavailable"",""memory_bytes"":99996401664,""name"":""NVIDIA H100 NVL""}","{""cuda"":""13.0"",""git_head"":""unavailable"",""jax"":""0.10.1"",""jaxlib"":""0.10.1"",""nvalchemi_toolkit_ops"":""0.5.0"",""python"":""3.12.3"",""source_sha256"":""4dfd278da46af31f54f8b7671e891073f8b10f8fa2cb28e7cf92bfeddd543638"",""torch"":""2.14.0+cu130"",""warp"":""1.17.0""}","{""gpu_uuid"":""c0995d85-1dea-1b19-7e58-9baa33a5f384"",""host"":""a1u1g-mil-0576""}","{""JAX_DISABLE_JIT"":""<unset>"",""JAX_DISABLE_JIT_ACTUAL"":""False"",""JAX_ENABLE_X64"":""1"",""JAX_ENABLE_X64_ACTUAL"":""True"",""JAX_PLATFORMS"":""<unset>"",""TF_GPU_ALLOCATOR"":""<unset>"",""XLA_FLAGS"":""<unset>"",""XLA_PYTHON_CLIENT_ALLOCATOR"":""<unset>"",""XLA_PYTHON_CLIENT_MEM_FRACTION"":""0.95"",""XLA_PYTHON_CLIENT_PREALLOCATE"":""<unset>""}","{""artifacts"":{""nh3_pdb_1024"":{""bytes"":83199,""sha256"":""cb99e65c2024c8b1a80a7ea1f4ff5b23ef76a5d153a2caeb4a0e3077b5239135"",""state"":""file""},""nh3_pdb_128"":{""bytes"":10623,""sha256"":""4b48182856ba92449fa52b61bf2f95c6ce28937a3cb3da6aec4f131a1216c760"",""state"":""file""},""nh3_pdb_131072"":{""bytes"":10617087,""sha256"":""d454eb5e6e9fe717e1c12c22e3fc749189deae022de05b0f6f83f9f4501bbb52"",""state"":""file""},""nh3_pdb_16384"":{""bytes"":1327359,""sha256"":""07f5683974f6bdad6798104cf7de5ddb670704f71b7e28715d957805124196b8"",""state"":""file""},""nh3_pdb_2048"":{""bytes"":166143,""sha256"":""7171f9c4d6bf3c819f96ddd11877441961f43096057863d0607070d97c5e5a16"",""state"":""file""},""nh3_pdb_256"":{""bytes"":20991,""sha256"":""870d35ef9d654b395f8eefcd897e002ff41b1327475879ff5b955080ecb91ee0"",""state"":""file""},""nh3_pdb_32768"":{""bytes"":2654463,""sha256"":""a193ff7fc7793ae1c9121af48f694b9cff6974a63e67029053ab9312f86cb9cc"",""state"":""file""},""nh3_pdb_4096"":{""bytes"":332031,""sha256"":""e6d9ba2e0f95a04ebbeb61682dcf615982860aaa336140fee7ba55698f68175c"",""state"":""file""},""nh3_pdb_512"":{""bytes"":41727,""sha256"":""76e8d0d71fd3d49a1d14bb1fcd0689b08241620df41c90a904be29c85a67934e"",""state"":""file""},""nh3_pdb_65536"":{""bytes"":5308671,""sha256"":""a80e717b9abb39221c121bf3137135662e1b3c727e705e8f01e651720acd6dcc"",""state"":""file""},""nh3_pdb_8192"":{""bytes"":663807,""sha256"":""b0664469d3a8e84f71fbd848f1f0ffaca2cee3f4fd2100ed10f398e7c19a27e6"",""state"":""file""}},""metadata"":{""benchmark"":""el""}}",28ea42c8-c3b9-4a9c-96dc-b96a346325d0,,,,,,,,,,,,,,single_case,5779517f771cd31c95dc30de603249f8f59a1f8d3680da722ea0763b4d76684d,13.245878323999932,233,supported_jax_separate_collection
nh3,system_size,ewald,jax,32768,1,32768,4.4045404333381555,227038.44251966837,nan,nan,10,3,jax_wall_block_until_ready,warmup_excluded,True,,,0.0001,5,arithmetic_mean,1.0006451735366364,"[0.14429296180023812,0.14435525139851962,0.14429607589845544,0.14430955970019568,0.14438605580071454]",,,,,not_measured,not_measured,,nan,nan,4630,energy_autograd,energy_forces_charge_gradients,True,True,False,0.09645654261112213,69.7760009765625,3.637978807091713e-12,0.14369572572512246,21.12000369847957,0.8721911703679517,7616,2.0,4216,125014314,2,"{""compute_capability"":""9.0"",""driver"":""unavailable"",""memory_bytes"":99996401664,""name"":""NVIDIA H100 NVL""}","{""cuda"":""13.0"",""git_head"":""unavailable"",""jax"":""0.10.1"",""jaxlib"":""0.10.1"",""nvalchemi_toolkit_ops"":""0.5.0"",""python"":""3.12.3"",""source_sha256"":""4dfd278da46af31f54f8b7671e891073f8b10f8fa2cb28e7cf92bfeddd543638"",""torch"":""2.14.0+cu130"",""warp"":""1.17.0""}","{""gpu_uuid"":""c0995d85-1dea-1b19-7e58-9baa33a5f384"",""host"":""a1u1g-mil-0576""}","{""JAX_DISABLE_JIT"":""<unset>"",""JAX_DISABLE_JIT_ACTUAL"":""False"",""JAX_ENABLE_X64"":""1"",""JAX_ENABLE_X64_ACTUAL"":""True"",""JAX_PLATFORMS"":""<unset>"",""TF_GPU_ALLOCATOR"":""<unset>"",""XLA_FLAGS"":""<unset>"",""XLA_PYTHON_CLIENT_ALLOCATOR"":""<unset>"",""XLA_PYTHON_CLIENT_MEM_FRACTION"":""0.95"",""XLA_PYTHON_CLIENT_PREALLOCATE"":""<unset>""}","{""artifacts"":{""nh3_pdb_1024"":{""bytes"":83199,""sha256"":""cb99e65c2024c8b1a80a7ea1f4ff5b23ef76a5d153a2caeb4a0e3077b5239135"",""state"":""file""},""nh3_pdb_128"":{""bytes"":10623,""sha256"":""4b48182856ba92449fa52b61bf2f95c6ce28937a3cb3da6aec4f131a1216c760"",""state"":""file""},""nh3_pdb_131072"":{""bytes"":10617087,""sha256"":""d454eb5e6e9fe717e1c12c22e3fc749189deae022de05b0f6f83f9f4501bbb52"",""state"":""file""},""nh3_pdb_16384"":{""bytes"":1327359,""sha256"":""07f5683974f6bdad6798104cf7de5ddb670704f71b7e28715d957805124196b8"",""state"":""file""},""nh3_pdb_2048"":{""bytes"":166143,""sha256"":""7171f9c4d6bf3c819f96ddd11877441961f43096057863d0607070d97c5e5a16"",""state"":""file""},""nh3_pdb_256"":{""bytes"":20991,""sha256"":""870d35ef9d654b395f8eefcd897e002ff41b1327475879ff5b955080ecb91ee0"",""state"":""file""},""nh3_pdb_32768"":{""bytes"":2654463,""sha256"":""a193ff7fc7793ae1c9121af48f694b9cff6974a63e67029053ab9312f86cb9cc"",""state"":""file""},""nh3_pdb_4096"":{""bytes"":332031,""sha256"":""e6d9ba2e0f95a04ebbeb61682dcf615982860aaa336140fee7ba55698f68175c"",""state"":""file""},""nh3_pdb_512"":{""bytes"":41727,""sha256"":""76e8d0d71fd3d49a1d14bb1fcd0689b08241620df41c90a904be29c85a67934e"",""state"":""file""},""nh3_pdb_65536"":{""bytes"":5308671,""sha256"":""a80e717b9abb39221c121bf3137135662e1b3c727e705e8f01e651720acd6dcc"",""state"":""file""},""nh3_pdb_8192"":{""bytes"":663807,""sha256"":""b0664469d3a8e84f71fbd848f1f0ffaca2cee3f4fd2100ed10f398e7c19a27e6"",""state"":""file""}},""metadata"":{""benchmark"":""el""}}",28ea42c8-c3b9-4a9c-96dc-b96a346325d0,,,,,,,,,,,,,,single_case,5779517f771cd31c95dc30de603249f8f59a1f8d3680da722ea0763b4d76684d,27.263585976994364,238,supported_jax_separate_collection
nh3,system_size,ewald,jax,131072,1,131072,nan,nan,nan,nan,10,3,jax_wall_block_until_ready,warmup_excluded,False,Out of memory during benchmark execution; see run logs for backend details.,OutOfMemoryError,1e-06,5,arithmetic_mean,,,,,,,,,,,,,energy_autograd,energy_forces_charge_gradients,True,True,False,0.09645523130893707,110.76300048828125,1.4551915228366852e-11,0.11405085501646005,32.59004229572329,0.8478363073359526,27984,2.0,,,2,"{""compute_capability"":""9.0"",""driver"":""unavailable"",""memory_bytes"":99996401664,""name"":""NVIDIA H100 NVL""}","{""cuda"":""13.0"",""git_head"":""unavailable"",""jax"":""0.10.1"",""jaxlib"":""0.10.1"",""nvalchemi_toolkit_ops"":""0.5.0"",""python"":""3.12.3"",""source_sha256"":""4dfd278da46af31f54f8b7671e891073f8b10f8fa2cb28e7cf92bfeddd543638"",""torch"":""2.14.0+cu130"",""warp"":""1.17.0""}","{""gpu_uuid"":""c0995d85-1dea-1b19-7e58-9baa33a5f384"",""host"":""a1u1g-mil-0576""}","{""JAX_DISABLE_JIT"":""<unset>"",""JAX_DISABLE_JIT_ACTUAL"":""False"",""JAX_ENABLE_X64"":""1"",""JAX_ENABLE_X64_ACTUAL"":""True"",""JAX_PLATFORMS"":""<unset>"",""TF_GPU_ALLOCATOR"":""<unset>"",""XLA_FLAGS"":""<unset>"",""XLA_PYTHON_CLIENT_ALLOCATOR"":""<unset>"",""XLA_PYTHON_CLIENT_MEM_FRACTION"":""0.95"",""XLA_PYTHON_CLIENT_PREALLOCATE"":""<unset>""}","{""artifacts"":{""nh3_pdb_1024"":{""bytes"":83199,""sha256"":""cb99e65c2024c8b1a80a7ea1f4ff5b23ef76a5d153a2caeb4a0e3077b5239135"",""state"":""file""},""nh3_pdb_128"":{""bytes"":10623,""sha256"":""4b48182856ba92449fa52b61bf2f95c6ce28937a3cb3da6aec4f131a1216c760"",""state"":""file""},""nh3_pdb_131072"":{""bytes"":10617087,""sha256"":""d454eb5e6e9fe717e1c12c22e3fc749189deae022de05b0f6f83f9f4501bbb52"",""state"":""file""},""nh3_pdb_16384"":{""bytes"":1327359,""sha256"":""07f5683974f6bdad6798104cf7de5ddb670704f71b7e28715d957805124196b8"",""state"":""file""},""nh3_pdb_2048"":{""bytes"":166143,""sha256"":""7171f9c4d6bf3c819f96ddd11877441961f43096057863d0607070d97c5e5a16"",""state"":""file""},""nh3_pdb_256"":{""bytes"":20991,""sha256"":""870d35ef9d654b395f8eefcd897e002ff41b1327475879ff5b955080ecb91ee0"",""state"":""file""},""nh3_pdb_32768"":{""bytes"":2654463,""sha256"":""a193ff7fc7793ae1c9121af48f694b9cff6974a63e67029053ab9312f86cb9cc"",""state"":""file""},""nh3_pdb_4096"":{""bytes"":332031,""sha256"":""e6d9ba2e0f95a04ebbeb61682dcf615982860aaa336140fee7ba55698f68175c"",""state"":""file""},""nh3_pdb_512"":{""bytes"":41727,""sha256"":""76e8d0d71fd3d49a1d14bb1fcd0689b08241620df41c90a904be29c85a67934e"",""state"":""file""},""nh3_pdb_65536"":{""bytes"":5308671,""sha256"":""a80e717b9abb39221c121bf3137135662e1b3c727e705e8f01e651720acd6dcc"",""state"":""file""},""nh3_pdb_8192"":{""bytes"":663807,""sha256"":""b0664469d3a8e84f71fbd848f1f0ffaca2cee3f4fd2100ed10f398e7c19a27e6"",""state"":""file""}},""metadata"":{""benchmark"":""el""}}",28ea42c8-c3b9-4a9c-96dc-b96a346325d0,,neighbor_list_setup,,,,,,,,,,,,single_case,5779517f771cd31c95dc30de603249f8f59a1f8d3680da722ea0763b4d76684d,180.20040677700308,243,supported_jax_separate_collection
nh3,system_size,pme,jax,8192,1,8192,0.5011869286875025,1995263.5289567076,nan,nan,10,3,jax_wall_block_until_ready,warmup_excluded,True,,,1e-06,5,arithmetic_mean,1.0021460136586327,"[0.004109016098664142,0.004109380100271664,0.004105266099213622,0.004100580199155957,0.0041043741017347205]",,,,,not_measured,not_measured,k_squared_only,nan,nan,,energy_autograd,energy_forces_charge_gradients,True,True,False,0.09645736962556839,43.95600128173828,9.094947017729282e-13,0.4129913543166487,9.0,,592,2.0,384,2435788,2,"{""compute_capability"":""9.0"",""driver"":""unavailable"",""memory_bytes"":99996401664,""name"":""NVIDIA H100 NVL""}","{""cuda"":""13.0"",""git_head"":""unavailable"",""jax"":""0.10.1"",""jaxlib"":""0.10.1"",""nvalchemi_toolkit_ops"":""0.5.0"",""python"":""3.12.3"",""source_sha256"":""4dfd278da46af31f54f8b7671e891073f8b10f8fa2cb28e7cf92bfeddd543638"",""torch"":""2.14.0+cu130"",""warp"":""1.17.0""}","{""gpu_uuid"":""c0995d85-1dea-1b19-7e58-9baa33a5f384"",""host"":""a1u1g-mil-0576""}","{""JAX_DISABLE_JIT"":""<unset>"",""JAX_DISABLE_JIT_ACTUAL"":""False"",""JAX_ENABLE_X64"":""1"",""JAX_ENABLE_X64_ACTUAL"":""True"",""JAX_PLATFORMS"":""<unset>"",""TF_GPU_ALLOCATOR"":""<unset>"",""XLA_FLAGS"":""<unset>"",""XLA_PYTHON_CLIENT_ALLOCATOR"":""<unset>"",""XLA_PYTHON_CLIENT_MEM_FRACTION"":""0.95"",""XLA_PYTHON_CLIENT_PREALLOCATE"":""<unset>""}","{""artifacts"":{""nh3_pdb_1024"":{""bytes"":83199,""sha256"":""cb99e65c2024c8b1a80a7ea1f4ff5b23ef76a5d153a2caeb4a0e3077b5239135"",""state"":""file""},""nh3_pdb_128"":{""bytes"":10623,""sha256"":""4b48182856ba92449fa52b61bf2f95c6ce28937a3cb3da6aec4f131a1216c760"",""state"":""file""},""nh3_pdb_131072"":{""bytes"":10617087,""sha256"":""d454eb5e6e9fe717e1c12c22e3fc749189deae022de05b0f6f83f9f4501bbb52"",""state"":""file""},""nh3_pdb_16384"":{""bytes"":1327359,""sha256"":""07f5683974f6bdad6798104cf7de5ddb670704f71b7e28715d957805124196b8"",""state"":""file""},""nh3_pdb_2048"":{""bytes"":166143,""sha256"":""7171f9c4d6bf3c819f96ddd11877441961f43096057863d0607070d97c5e5a16"",""state"":""file""},""nh3_pdb_256"":{""bytes"":20991,""sha256"":""870d35ef9d654b395f8eefcd897e002ff41b1327475879ff5b955080ecb91ee0"",""state"":""file""},""nh3_pdb_32768"":{""bytes"":2654463,""sha256"":""a193ff7fc7793ae1c9121af48f694b9cff6974a63e67029053ab9312f86cb9cc"",""state"":""file""},""nh3_pdb_4096"":{""bytes"":332031,""sha256"":""e6d9ba2e0f95a04ebbeb61682dcf615982860aaa336140fee7ba55698f68175c"",""state"":""file""},""nh3_pdb_512"":{""bytes"":41727,""sha256"":""76e8d0d71fd3d49a1d14bb1fcd0689b08241620df41c90a904be29c85a67934e"",""state"":""file""},""nh3_pdb_65536"":{""bytes"":5308671,""sha256"":""a80e717b9abb39221c121bf3137135662e1b3c727e705e8f01e651720acd6dcc"",""state"":""file""},""nh3_pdb_8192"":{""bytes"":663807,""sha256"":""b0664469d3a8e84f71fbd848f1f0ffaca2cee3f4fd2100ed10f398e7c19a27e6"",""state"":""file""}},""metadata"":{""benchmark"":""el""}}",28ea42c8-c3b9-4a9c-96dc-b96a346325d0,,,192,192,192,3575808,5,21cfdd9a0538153c001920ae4dadba0160223a843dd79f4f874a121453a56129,"{""batch_idx"":""int32"",""cell"":""float64"",""charges"":""float64"",""pbc"":""bool"",""positions"":""float64""}",capped_upstream_estimate,bounded_power_two_then_four_fft_snap,0.25,9.0,single_case,5779517f771cd31c95dc30de603249f8f59a1f8d3680da722ea0763b4d76684d,43.92352258201572,87,supported_jax_separate_collection
nh3,system_size,ewald,jax,8192,1,8192,2.161910419919977,462553.85550943186,nan,nan,10,3,jax_wall_block_until_ready,warmup_excluded,True,,,0.0001,5,arithmetic_mean,1.0049893649223918,"[0.01777834940003231,0.01769008709998161,0.017699023199929796,0.017691575099888723,0.017692816000089807]",,,,,not_measured,not_measured,,nan,nan,2456,energy_autograd,energy_forces_charge_gradients,True,True,False,0.09645736962556839,43.95600128173828,9.094947017729282e-13,0.18104578414850428,16.762910404370025,1.0988951381109908,3808,2.0,2132,15626786,2,"{""compute_capability"":""9.0"",""driver"":""unavailable"",""memory_bytes"":99996401664,""name"":""NVIDIA H100 NVL""}","{""cuda"":""13.0"",""git_head"":""unavailable"",""jax"":""0.10.1"",""jaxlib"":""0.10.1"",""nvalchemi_toolkit_ops"":""0.5.0"",""python"":""3.12.3"",""source_sha256"":""4dfd278da46af31f54f8b7671e891073f8b10f8fa2cb28e7cf92bfeddd543638"",""torch"":""2.14.0+cu130"",""warp"":""1.17.0""}","{""gpu_uuid"":""b86b304e-698a-30bd-d46b-23da3dc3658e"",""host"":""ipp2-1738""}","{""JAX_DISABLE_JIT"":""<unset>"",""JAX_DISABLE_JIT_ACTUAL"":""False"",""JAX_ENABLE_X64"":""1"",""JAX_ENABLE_X64_ACTUAL"":""True"",""JAX_PLATFORMS"":""<unset>"",""TF_GPU_ALLOCATOR"":""<unset>"",""XLA_FLAGS"":""<unset>"",""XLA_PYTHON_CLIENT_ALLOCATOR"":""<unset>"",""XLA_PYTHON_CLIENT_MEM_FRACTION"":""0.95"",""XLA_PYTHON_CLIENT_PREALLOCATE"":""<unset>""}","{""artifacts"":{""nh3_pdb_1024"":{""bytes"":83199,""sha256"":""cb99e65c2024c8b1a80a7ea1f4ff5b23ef76a5d153a2caeb4a0e3077b5239135"",""state"":""file""},""nh3_pdb_128"":{""bytes"":10623,""sha256"":""4b48182856ba92449fa52b61bf2f95c6ce28937a3cb3da6aec4f131a1216c760"",""state"":""file""},""nh3_pdb_131072"":{""bytes"":10617087,""sha256"":""d454eb5e6e9fe717e1c12c22e3fc749189deae022de05b0f6f83f9f4501bbb52"",""state"":""file""},""nh3_pdb_16384"":{""bytes"":1327359,""sha256"":""07f5683974f6bdad6798104cf7de5ddb670704f71b7e28715d957805124196b8"",""state"":""file""},""nh3_pdb_2048"":{""bytes"":166143,""sha256"":""7171f9c4d6bf3c819f96ddd11877441961f43096057863d0607070d97c5e5a16"",""state"":""file""},""nh3_pdb_256"":{""bytes"":20991,""sha256"":""870d35ef9d654b395f8eefcd897e002ff41b1327475879ff5b955080ecb91ee0"",""state"":""file""},""nh3_pdb_32768"":{""bytes"":2654463,""sha256"":""a193ff7fc7793ae1c9121af48f694b9cff6974a63e67029053ab9312f86cb9cc"",""state"":""file""},""nh3_pdb_4096"":{""bytes"":332031,""sha256"":""e6d9ba2e0f95a04ebbeb61682dcf615982860aaa336140fee7ba55698f68175c"",""state"":""file""},""nh3_pdb_512"":{""bytes"":41727,""sha256"":""76e8d0d71fd3d49a1d14bb1fcd0689b08241620df41c90a904be29c85a67934e"",""state"":""file""},""nh3_pdb_65536"":{""bytes"":5308671,""sha256"":""a80e717b9abb39221c121bf3137135662e1b3c727e705e8f01e651720acd6dcc"",""state"":""file""},""nh3_pdb_8192"":{""bytes"":663807,""sha256"":""b0664469d3a8e84f71fbd848f1f0ffaca2cee3f4fd2100ed10f398e7c19a27e6"",""state"":""file""}},""metadata"":{""benchmark"":""el""}}",28ea42c8-c3b9-4a9c-96dc-b96a346325d0,,,,,,,,,,,,,,single_case,5779517f771cd31c95dc30de603249f8f59a1f8d3680da722ea0763b4d76684d,13.410746510000536,234,supported_jax_separate_collection
nh3,system_size,ewald,jax,256,1,256,4.04697453063818,247098.1698622914,nan,nan,10,3,jax_wall_block_until_ready,warmup_excluded,True,,,1e-06,5,arithmetic_mean,1.0090289270404562,"[0.001043021900113672,0.0010345599002903327,0.0010341738990973682,0.0010346829003538005,0.0010336887993616984]",,,,,not_measured,not_measured,,nan,nan,1098,energy_autograd,energy_forces_charge_gradients,True,True,False,0.09646306931972504,13.84500026702881,2.842170943040401e-14,0.32259326452181164,11.522008044276834,2.3981081257492542,1248,2.0,647,157258,2,"{""compute_capability"":""9.0"",""driver"":""unavailable"",""memory_bytes"":99996401664,""name"":""NVIDIA H100 NVL""}","{""cuda"":""13.0"",""git_head"":""unavailable"",""jax"":""0.10.1"",""jaxlib"":""0.10.1"",""nvalchemi_toolkit_ops"":""0.5.0"",""python"":""3.12.3"",""source_sha256"":""4dfd278da46af31f54f8b7671e891073f8b10f8fa2cb28e7cf92bfeddd543638"",""torch"":""2.14.0+cu130"",""warp"":""1.17.0""}","{""gpu_uuid"":""23074f79-c31a-f283-5a26-fe763902683e"",""host"":""a1u1g-mil-0678""}","{""JAX_DISABLE_JIT"":""<unset>"",""JAX_DISABLE_JIT_ACTUAL"":""False"",""JAX_ENABLE_X64"":""1"",""JAX_ENABLE_X64_ACTUAL"":""True"",""JAX_PLATFORMS"":""<unset>"",""TF_GPU_ALLOCATOR"":""<unset>"",""XLA_FLAGS"":""<unset>"",""XLA_PYTHON_CLIENT_ALLOCATOR"":""<unset>"",""XLA_PYTHON_CLIENT_MEM_FRACTION"":""0.95"",""XLA_PYTHON_CLIENT_PREALLOCATE"":""<unset>""}","{""artifacts"":{""nh3_pdb_1024"":{""bytes"":83199,""sha256"":""cb99e65c2024c8b1a80a7ea1f4ff5b23ef76a5d153a2caeb4a0e3077b5239135"",""state"":""file""},""nh3_pdb_128"":{""bytes"":10623,""sha256"":""4b48182856ba92449fa52b61bf2f95c6ce28937a3cb3da6aec4f131a1216c760"",""state"":""file""},""nh3_pdb_131072"":{""bytes"":10617087,""sha256"":""d454eb5e6e9fe717e1c12c22e3fc749189deae022de05b0f6f83f9f4501bbb52"",""state"":""file""},""nh3_pdb_16384"":{""bytes"":1327359,""sha256"":""07f5683974f6bdad6798104cf7de5ddb670704f71b7e28715d957805124196b8"",""state"":""file""},""nh3_pdb_2048"":{""bytes"":166143,""sha256"":""7171f9c4d6bf3c819f96ddd11877441961f43096057863d0607070d97c5e5a16"",""state"":""file""},""nh3_pdb_256"":{""bytes"":20991,""sha256"":""870d35ef9d654b395f8eefcd897e002ff41b1327475879ff5b955080ecb91ee0"",""state"":""file""},""nh3_pdb_32768"":{""bytes"":2654463,""sha256"":""a193ff7fc7793ae1c9121af48f694b9cff6974a63e67029053ab9312f86cb9cc"",""state"":""file""},""nh3_pdb_4096"":{""bytes"":332031,""sha256"":""e6d9ba2e0f95a04ebbeb61682dcf615982860aaa336140fee7ba55698f68175c"",""state"":""file""},""nh3_pdb_512"":{""bytes"":41727,""sha256"":""76e8d0d71fd3d49a1d14bb1fcd0689b08241620df41c90a904be29c85a67934e"",""state"":""file""},""nh3_pdb_65536"":{""bytes"":5308671,""sha256"":""a80e717b9abb39221c121bf3137135662e1b3c727e705e8f01e651720acd6dcc"",""state"":""file""},""nh3_pdb_8192"":{""bytes"":663807,""sha256"":""b0664469d3a8e84f71fbd848f1f0ffaca2cee3f4fd2100ed10f398e7c19a27e6"",""state"":""file""}},""metadata"":{""benchmark"":""el""}}",28ea42c8-c3b9-4a9c-96dc-b96a346325d0,,,,,,,,,,,,,,single_case,5779517f771cd31c95dc30de603249f8f59a1f8d3680da722ea0763b4d76684d,12.87941134700668,225,supported_jax_separate_collection
nh3,system_size,ewald,jax,4096,1,4096,1.517739956042874,658874.3980933658,nan,nan,10,3,jax_wall_block_until_ready,warmup_excluded,True,,,0.0001,5,arithmetic_mean,1.0035172035026063,"[0.006227638501150068,0.006205811399559025,0.006217456499871332,0.006213899499562104,0.00621850839961553]",,,,,not_measured,not_measured,,nan,nan,1687,energy_autograd,energy_forces_charge_gradients,True,True,False,0.09645654261112213,34.88800048828125,4.547473508864641e-13,0.20321644417551266,14.934097833879868,1.23346458211642,2704,2.0,1474,5517402,2,"{""compute_capability"":""9.0"",""driver"":""unavailable"",""memory_bytes"":99996401664,""name"":""NVIDIA H100 NVL""}","{""cuda"":""13.0"",""git_head"":""unavailable"",""jax"":""0.10.1"",""jaxlib"":""0.10.1"",""nvalchemi_toolkit_ops"":""0.5.0"",""python"":""3.12.3"",""source_sha256"":""4dfd278da46af31f54f8b7671e891073f8b10f8fa2cb28e7cf92bfeddd543638"",""torch"":""2.14.0+cu130"",""warp"":""1.17.0""}","{""gpu_uuid"":""23074f79-c31a-f283-5a26-fe763902683e"",""host"":""a1u1g-mil-0678""}","{""JAX_DISABLE_JIT"":""<unset>"",""JAX_DISABLE_JIT_ACTUAL"":""False"",""JAX_ENABLE_X64"":""1"",""JAX_ENABLE_X64_ACTUAL"":""True"",""JAX_PLATFORMS"":""<unset>"",""TF_GPU_ALLOCATOR"":""<unset>"",""XLA_FLAGS"":""<unset>"",""XLA_PYTHON_CLIENT_ALLOCATOR"":""<unset>"",""XLA_PYTHON_CLIENT_MEM_FRACTION"":""0.95"",""XLA_PYTHON_CLIENT_PREALLOCATE"":""<unset>""}","{""artifacts"":{""nh3_pdb_1024"":{""bytes"":83199,""sha256"":""cb99e65c2024c8b1a80a7ea1f4ff5b23ef76a5d153a2caeb4a0e3077b5239135"",""state"":""file""},""nh3_pdb_128"":{""bytes"":10623,""sha256"":""4b48182856ba92449fa52b61bf2f95c6ce28937a3cb3da6aec4f131a1216c760"",""state"":""file""},""nh3_pdb_131072"":{""bytes"":10617087,""sha256"":""d454eb5e6e9fe717e1c12c22e3fc749189deae022de05b0f6f83f9f4501bbb52"",""state"":""file""},""nh3_pdb_16384"":{""bytes"":1327359,""sha256"":""07f5683974f6bdad6798104cf7de5ddb670704f71b7e28715d957805124196b8"",""state"":""file""},""nh3_pdb_2048"":{""bytes"":166143,""sha256"":""7171f9c4d6bf3c819f96ddd11877441961f43096057863d0607070d97c5e5a16"",""state"":""file""},""nh3_pdb_256"":{""bytes"":20991,""sha256"":""870d35ef9d654b395f8eefcd897e002ff41b1327475879ff5b955080ecb91ee0"",""state"":""file""},""nh3_pdb_32768"":{""bytes"":2654463,""sha256"":""a193ff7fc7793ae1c9121af48f694b9cff6974a63e67029053ab9312f86cb9cc"",""state"":""file""},""nh3_pdb_4096"":{""bytes"":332031,""sha256"":""e6d9ba2e0f95a04ebbeb61682dcf615982860aaa336140fee7ba55698f68175c"",""state"":""file""},""nh3_pdb_512"":{""bytes"":41727,""sha256"":""76e8d0d71fd3d49a1d14bb1fcd0689b08241620df41c90a904be29c85a67934e"",""state"":""file""},""nh3_pdb_65536"":{""bytes"":5308671,""sha256"":""a80e717b9abb39221c121bf3137135662e1b3c727e705e8f01e651720acd6dcc"",""state"":""file""},""nh3_pdb_8192"":{""bytes"":663807,""sha256"":""b0664469d3a8e84f71fbd848f1f0ffaca2cee3f4fd2100ed10f398e7c19a27e6"",""state"":""file""}},""metadata"":{""benchmark"":""el""}}",28ea42c8-c3b9-4a9c-96dc-b96a346325d0,,,,,,,,,,,,,,single_case,5779517f771cd31c95dc30de603249f8f59a1f8d3680da722ea0763b4d76684d,12.638224679001723,232,supported_jax_separate_collection
nh3,system_size,ewald,jax,65536,1,65536,6.846730867304807,146055.10562351733,nan,nan,10,3,jax_wall_block_until_ready,warmup_excluded,True,,,0.0001,5,arithmetic_mean,1.000575573815422,"[0.44858016959915403,0.4486096185995848,0.4488383605988929,0.4486776808000286,0.4488309410007787]",,,,,not_measured,not_measured,,nan,nan,6083,energy_autograd,energy_forces_charge_gradients,True,True,False,0.09645407646894455,87.91300201416016,7.275957614183426e-12,0.12801724627896638,23.706604750401727,0.7770273701315331,10768,2.0,5796,353329028,2,"{""compute_capability"":""9.0"",""driver"":""unavailable"",""memory_bytes"":99996401664,""name"":""NVIDIA H100 NVL""}","{""cuda"":""13.0"",""git_head"":""unavailable"",""jax"":""0.10.1"",""jaxlib"":""0.10.1"",""nvalchemi_toolkit_ops"":""0.5.0"",""python"":""3.12.3"",""source_sha256"":""4dfd278da46af31f54f8b7671e891073f8b10f8fa2cb28e7cf92bfeddd543638"",""torch"":""2.14.0+cu130"",""warp"":""1.17.0""}","{""gpu_uuid"":""23074f79-c31a-f283-5a26-fe763902683e"",""host"":""a1u1g-mil-0678""}","{""JAX_DISABLE_JIT"":""<unset>"",""JAX_DISABLE_JIT_ACTUAL"":""False"",""JAX_ENABLE_X64"":""1"",""JAX_ENABLE_X64_ACTUAL"":""True"",""JAX_PLATFORMS"":""<unset>"",""TF_GPU_ALLOCATOR"":""<unset>"",""XLA_FLAGS"":""<unset>"",""XLA_PYTHON_CLIENT_ALLOCATOR"":""<unset>"",""XLA_PYTHON_CLIENT_MEM_FRACTION"":""0.95"",""XLA_PYTHON_CLIENT_PREALLOCATE"":""<unset>""}","{""artifacts"":{""nh3_pdb_1024"":{""bytes"":83199,""sha256"":""cb99e65c2024c8b1a80a7ea1f4ff5b23ef76a5d153a2caeb4a0e3077b5239135"",""state"":""file""},""nh3_pdb_128"":{""bytes"":10623,""sha256"":""4b48182856ba92449fa52b61bf2f95c6ce28937a3cb3da6aec4f131a1216c760"",""state"":""file""},""nh3_pdb_131072"":{""bytes"":10617087,""sha256"":""d454eb5e6e9fe717e1c12c22e3fc749189deae022de05b0f6f83f9f4501bbb52"",""state"":""file""},""nh3_pdb_16384"":{""bytes"":1327359,""sha256"":""07f5683974f6bdad6798104cf7de5ddb670704f71b7e28715d957805124196b8"",""state"":""file""},""nh3_pdb_2048"":{""bytes"":166143,""sha256"":""7171f9c4d6bf3c819f96ddd11877441961f43096057863d0607070d97c5e5a16"",""state"":""file""},""nh3_pdb_256"":{""bytes"":20991,""sha256"":""870d35ef9d654b395f8eefcd897e002ff41b1327475879ff5b955080ecb91ee0"",""state"":""file""},""nh3_pdb_32768"":{""bytes"":2654463,""sha256"":""a193ff7fc7793ae1c9121af48f694b9cff6974a63e67029053ab9312f86cb9cc"",""state"":""file""},""nh3_pdb_4096"":{""bytes"":332031,""sha256"":""e6d9ba2e0f95a04ebbeb61682dcf615982860aaa336140fee7ba55698f68175c"",""state"":""file""},""nh3_pdb_512"":{""bytes"":41727,""sha256"":""76e8d0d71fd3d49a1d14bb1fcd0689b08241620df41c90a904be29c85a67934e"",""state"":""file""},""nh3_pdb_65536"":{""bytes"":5308671,""sha256"":""a80e717b9abb39221c121bf3137135662e1b3c727e705e8f01e651720acd6dcc"",""state"":""file""},""nh3_pdb_8192"":{""bytes"":663807,""sha256"":""b0664469d3a8e84f71fbd848f1f0ffaca2cee3f4fd2100ed10f398e7c19a27e6"",""state"":""file""}},""metadata"":{""benchmark"":""el""}}",28ea42c8-c3b9-4a9c-96dc-b96a346325d0,,,,,,,,,,,,,,single_case,5779517f771cd31c95dc30de603249f8f59a1f8d3680da722ea0763b4d76684d,55.07308567799919,240,supported_jax_separate_collection
nh3,system_size,pme,jax,512,1,512,2.7665744141813775,361457.83568084415,nan,nan,10,3,jax_wall_block_until_ready,warmup_excluded,True,,,1e-06,5,arithmetic_mean,1.0227480709981633,"[0.0014062290996662342,0.0014181361009832471,0.001438218099065125,0.0014127251008176245,0.0014071220997720958]",,,,,not_measured,not_measured,k_squared_only,nan,nan,,energy_autograd,energy_forces_charge_gradients,True,True,False,0.09645654261112213,17.444000244140625,5.684341886080802e-14,0.4129913543166487,9.0,,592,2.0,341,151012,2,"{""compute_capability"":""9.0"",""driver"":""unavailable"",""memory_bytes"":99996401664,""name"":""NVIDIA H100 NVL""}","{""cuda"":""13.0"",""git_head"":""unavailable"",""jax"":""0.10.1"",""jaxlib"":""0.10.1"",""nvalchemi_toolkit_ops"":""0.5.0"",""python"":""3.12.3"",""source_sha256"":""4dfd278da46af31f54f8b7671e891073f8b10f8fa2cb28e7cf92bfeddd543638"",""torch"":""2.14.0+cu130"",""warp"":""1.17.0""}","{""gpu_uuid"":""23074f79-c31a-f283-5a26-fe763902683e"",""host"":""a1u1g-mil-0678""}","{""JAX_DISABLE_JIT"":""<unset>"",""JAX_DISABLE_JIT_ACTUAL"":""False"",""JAX_ENABLE_X64"":""1"",""JAX_ENABLE_X64_ACTUAL"":""True"",""JAX_PLATFORMS"":""<unset>"",""TF_GPU_ALLOCATOR"":""<unset>"",""XLA_FLAGS"":""<unset>"",""XLA_PYTHON_CLIENT_ALLOCATOR"":""<unset>"",""XLA_PYTHON_CLIENT_MEM_FRACTION"":""0.95"",""XLA_PYTHON_CLIENT_PREALLOCATE"":""<unset>""}","{""artifacts"":{""nh3_pdb_1024"":{""bytes"":83199,""sha256"":""cb99e65c2024c8b1a80a7ea1f4ff5b23ef76a5d153a2caeb4a0e3077b5239135"",""state"":""file""},""nh3_pdb_128"":{""bytes"":10623,""sha256"":""4b48182856ba92449fa52b61bf2f95c6ce28937a3cb3da6aec4f131a1216c760"",""state"":""file""},""nh3_pdb_131072"":{""bytes"":10617087,""sha256"":""d454eb5e6e9fe717e1c12c22e3fc749189deae022de05b0f6f83f9f4501bbb52"",""state"":""file""},""nh3_pdb_16384"":{""bytes"":1327359,""sha256"":""07f5683974f6bdad6798104cf7de5ddb670704f71b7e28715d957805124196b8"",""state"":""file""},""nh3_pdb_2048"":{""bytes"":166143,""sha256"":""7171f9c4d6bf3c819f96ddd11877441961f43096057863d0607070d97c5e5a16"",""state"":""file""},""nh3_pdb_256"":{""bytes"":20991,""sha256"":""870d35ef9d654b395f8eefcd897e002ff41b1327475879ff5b955080ecb91ee0"",""state"":""file""},""nh3_pdb_32768"":{""bytes"":2654463,""sha256"":""a193ff7fc7793ae1c9121af48f694b9cff6974a63e67029053ab9312f86cb9cc"",""state"":""file""},""nh3_pdb_4096"":{""bytes"":332031,""sha256"":""e6d9ba2e0f95a04ebbeb61682dcf615982860aaa336140fee7ba55698f68175c"",""state"":""file""},""nh3_pdb_512"":{""bytes"":41727,""sha256"":""76e8d0d71fd3d49a1d14bb1fcd0689b08241620df41c90a904be29c85a67934e"",""state"":""file""},""nh3_pdb_65536"":{""bytes"":5308671,""sha256"":""a80e717b9abb39221c121bf3137135662e1b3c727e705e8f01e651720acd6dcc"",""state"":""file""},""nh3_pdb_8192"":{""bytes"":663807,""sha256"":""b0664469d3a8e84f71fbd848f1f0ffaca2cee3f4fd2100ed10f398e7c19a27e6"",""state"":""file""}},""metadata"":{""benchmark"":""el""}}",28ea42c8-c3b9-4a9c-96dc-b96a346325d0,,,80,80,80,262400,5,c58c764aa62d2b4d91274054a7172271dc6c8ea822906e3668226f5ca0476178,"{""batch_idx"":""int32"",""cell"":""float64"",""charges"":""float64"",""pbc"":""bool"",""positions"":""float64""}",capped_upstream_estimate,bounded_power_two_then_four_fft_snap,0.25,9.0,single_case,5779517f771cd31c95dc30de603249f8f59a1f8d3680da722ea0763b4d76684d,39.735401820988045,79,supported_jax_separate_collection
nh3,system_size,pme,jax,16384,1,16384,0.17645999022875003,5667007.000871257,nan,nan,10,3,jax_wall_block_until_ready,warmup_excluded,True,,,0.0001,5,arithmetic_mean,1.0123198637556143,"[0.002917329297633842,0.0028873414994450286,0.002883249500882812,0.002881825598888099,0.0028858565026894214]",,,,,not_measured,not_measured,k_squared_only,nan,nan,,energy_autograd,energy_forces_charge_gradients,True,True,False,0.096457839012146,55.38100051879883,1.8189894035458565e-12,0.3372060287522547,9.0,,592,2.0,406,4873866,2,"{""compute_capability"":""9.0"",""driver"":""unavailable"",""memory_bytes"":99996401664,""name"":""NVIDIA H100 NVL""}","{""cuda"":""13.0"",""git_head"":""unavailable"",""jax"":""0.10.1"",""jaxlib"":""0.10.1"",""nvalchemi_toolkit_ops"":""0.5.0"",""python"":""3.12.3"",""source_sha256"":""4dfd278da46af31f54f8b7671e891073f8b10f8fa2cb28e7cf92bfeddd543638"",""torch"":""2.14.0+cu130"",""warp"":""1.17.0""}","{""gpu_uuid"":""c0995d85-1dea-1b19-7e58-9baa33a5f384"",""host"":""a1u1g-mil-0576""}","{""JAX_DISABLE_JIT"":""<unset>"",""JAX_DISABLE_JIT_ACTUAL"":""False"",""JAX_ENABLE_X64"":""1"",""JAX_ENABLE_X64_ACTUAL"":""True"",""JAX_PLATFORMS"":""<unset>"",""TF_GPU_ALLOCATOR"":""<unset>"",""XLA_FLAGS"":""<unset>"",""XLA_PYTHON_CLIENT_ALLOCATOR"":""<unset>"",""XLA_PYTHON_CLIENT_MEM_FRACTION"":""0.95"",""XLA_PYTHON_CLIENT_PREALLOCATE"":""<unset>""}","{""artifacts"":{""nh3_pdb_1024"":{""bytes"":83199,""sha256"":""cb99e65c2024c8b1a80a7ea1f4ff5b23ef76a5d153a2caeb4a0e3077b5239135"",""state"":""file""},""nh3_pdb_128"":{""bytes"":10623,""sha256"":""4b48182856ba92449fa52b61bf2f95c6ce28937a3cb3da6aec4f131a1216c760"",""state"":""file""},""nh3_pdb_131072"":{""bytes"":10617087,""sha256"":""d454eb5e6e9fe717e1c12c22e3fc749189deae022de05b0f6f83f9f4501bbb52"",""state"":""file""},""nh3_pdb_16384"":{""bytes"":1327359,""sha256"":""07f5683974f6bdad6798104cf7de5ddb670704f71b7e28715d957805124196b8"",""state"":""file""},""nh3_pdb_2048"":{""bytes"":166143,""sha256"":""7171f9c4d6bf3c819f96ddd11877441961f43096057863d0607070d97c5e5a16"",""state"":""file""},""nh3_pdb_256"":{""bytes"":20991,""sha256"":""870d35ef9d654b395f8eefcd897e002ff41b1327475879ff5b955080ecb91ee0"",""state"":""file""},""nh3_pdb_32768"":{""bytes"":2654463,""sha256"":""a193ff7fc7793ae1c9121af48f694b9cff6974a63e67029053ab9312f86cb9cc"",""state"":""file""},""nh3_pdb_4096"":{""bytes"":332031,""sha256"":""e6d9ba2e0f95a04ebbeb61682dcf615982860aaa336140fee7ba55698f68175c"",""state"":""file""},""nh3_pdb_512"":{""bytes"":41727,""sha256"":""76e8d0d71fd3d49a1d14bb1fcd0689b08241620df41c90a904be29c85a67934e"",""state"":""file""},""nh3_pdb_65536"":{""bytes"":5308671,""sha256"":""a80e717b9abb39221c121bf3137135662e1b3c727e705e8f01e651720acd6dcc"",""state"":""file""},""nh3_pdb_8192"":{""bytes"":663807,""sha256"":""b0664469d3a8e84f71fbd848f1f0ffaca2cee3f4fd2100ed10f398e7c19a27e6"",""state"":""file""}},""metadata"":{""benchmark"":""el""}}",28ea42c8-c3b9-4a9c-96dc-b96a346325d0,,,80,80,80,262400,5,7b5532fab320e982f72671c75c9b3bc9993b153aae87fc6369dfb07f8767a862,"{""batch_idx"":""int32"",""cell"":""float64"",""charges"":""float64"",""pbc"":""bool"",""positions"":""float64""}",capped_upstream_estimate,bounded_power_two_then_four_fft_snap,0.25,9.0,single_case,5779517f771cd31c95dc30de603249f8f59a1f8d3680da722ea0763b4d76684d,43.82744670502143,88,supported_jax_separate_collection
nh3,system_size,pme,jax,32768,1,32768,0.13892287721972704,7198238.476002425,nan,nan,10,3,jax_wall_block_until_ready,warmup_excluded,True,,,0.0001,5,arithmetic_mean,1.003962069990398,"[0.004563562900875695,0.004551548001472838,0.004545553101343103,0.004548384100780822,0.004552076099207625]",,,,,not_measured,not_measured,k_squared_only,nan,nan,,energy_autograd,energy_forces_charge_gradients,True,True,False,0.09645654261112213,69.7760009765625,3.637978807091713e-12,0.3372060287522547,9.0,,592,2.0,395,9755148,2,"{""compute_capability"":""9.0"",""driver"":""unavailable"",""memory_bytes"":99996401664,""name"":""NVIDIA H100 NVL""}","{""cuda"":""13.0"",""git_head"":""unavailable"",""jax"":""0.10.1"",""jaxlib"":""0.10.1"",""nvalchemi_toolkit_ops"":""0.5.0"",""python"":""3.12.3"",""source_sha256"":""4dfd278da46af31f54f8b7671e891073f8b10f8fa2cb28e7cf92bfeddd543638"",""torch"":""2.14.0+cu130"",""warp"":""1.17.0""}","{""gpu_uuid"":""c0995d85-1dea-1b19-7e58-9baa33a5f384"",""host"":""a1u1g-mil-0576""}","{""JAX_DISABLE_JIT"":""<unset>"",""JAX_DISABLE_JIT_ACTUAL"":""False"",""JAX_ENABLE_X64"":""1"",""JAX_ENABLE_X64_ACTUAL"":""True"",""JAX_PLATFORMS"":""<unset>"",""TF_GPU_ALLOCATOR"":""<unset>"",""XLA_FLAGS"":""<unset>"",""XLA_PYTHON_CLIENT_ALLOCATOR"":""<unset>"",""XLA_PYTHON_CLIENT_MEM_FRACTION"":""0.95"",""XLA_PYTHON_CLIENT_PREALLOCATE"":""<unset>""}","{""artifacts"":{""nh3_pdb_1024"":{""bytes"":83199,""sha256"":""cb99e65c2024c8b1a80a7ea1f4ff5b23ef76a5d153a2caeb4a0e3077b5239135"",""state"":""file""},""nh3_pdb_128"":{""bytes"":10623,""sha256"":""4b48182856ba92449fa52b61bf2f95c6ce28937a3cb3da6aec4f131a1216c760"",""state"":""file""},""nh3_pdb_131072"":{""bytes"":10617087,""sha256"":""d454eb5e6e9fe717e1c12c22e3fc749189deae022de05b0f6f83f9f4501bbb52"",""state"":""file""},""nh3_pdb_16384"":{""bytes"":1327359,""sha256"":""07f5683974f6bdad6798104cf7de5ddb670704f71b7e28715d957805124196b8"",""state"":""file""},""nh3_pdb_2048"":{""bytes"":166143,""sha256"":""7171f9c4d6bf3c819f96ddd11877441961f43096057863d0607070d97c5e5a16"",""state"":""file""},""nh3_pdb_256"":{""bytes"":20991,""sha256"":""870d35ef9d654b395f8eefcd897e002ff41b1327475879ff5b955080ecb91ee0"",""state"":""file""},""nh3_pdb_32768"":{""bytes"":2654463,""sha256"":""a193ff7fc7793ae1c9121af48f694b9cff6974a63e67029053ab9312f86cb9cc"",""state"":""file""},""nh3_pdb_4096"":{""bytes"":332031,""sha256"":""e6d9ba2e0f95a04ebbeb61682dcf615982860aaa336140fee7ba55698f68175c"",""state"":""file""},""nh3_pdb_512"":{""bytes"":41727,""sha256"":""76e8d0d71fd3d49a1d14bb1fcd0689b08241620df41c90a904be29c85a67934e"",""state"":""file""},""nh3_pdb_65536"":{""bytes"":5308671,""sha256"":""a80e717b9abb39221c121bf3137135662e1b3c727e705e8f01e651720acd6dcc"",""state"":""file""},""nh3_pdb_8192"":{""bytes"":663807,""sha256"":""b0664469d3a8e84f71fbd848f1f0ffaca2cee3f4fd2100ed10f398e7c19a27e6"",""state"":""file""}},""metadata"":{""benchmark"":""el""}}",28ea42c8-c3b9-4a9c-96dc-b96a346325d0,,,100,100,100,510000,5,0677d8fe2b3ac2c4d68f966e9501d668d6ee04ea81296673f3bbb407cdc2fc7a,"{""batch_idx"":""int32"",""cell"":""float64"",""charges"":""float64"",""pbc"":""bool"",""positions"":""float64""}",capped_upstream_estimate,bounded_power_two_then_four_fft_snap,0.25,9.0,single_case,5779517f771cd31c95dc30de603249f8f59a1f8d3680da722ea0763b4d76684d,43.09747586699086,90,supported_jax_separate_collection
nh3,system_size,ewald,jax,32768,1,32768,10.417644879758825,95990.98563466781,nan,nan,10,3,jax_wall_block_until_ready,warmup_excluded,True,,,1e-06,5,arithmetic_mean,1.00292404539813,"[0.34126012680062556,0.3411001081985887,0.3411069526016945,0.3412622490985086,0.3420975004002685]",,,,,not_measured,not_measured,,nan,nan,7812,energy_autograd,energy_forces_charge_gradients,True,True,False,0.09645654261112213,69.7760009765625,3.637978807091713e-12,0.14369572572512246,25.86661621348425,1.0682116627811766,14000,2.0,7508,229491986,2,"{""compute_capability"":""9.0"",""driver"":""unavailable"",""memory_bytes"":99996401664,""name"":""NVIDIA H100 NVL""}","{""cuda"":""13.0"",""git_head"":""unavailable"",""jax"":""0.10.1"",""jaxlib"":""0.10.1"",""nvalchemi_toolkit_ops"":""0.5.0"",""python"":""3.12.3"",""source_sha256"":""4dfd278da46af31f54f8b7671e891073f8b10f8fa2cb28e7cf92bfeddd543638"",""torch"":""2.14.0+cu130"",""warp"":""1.17.0""}","{""gpu_uuid"":""557cda80-d2b2-7630-d3a3-99bf87d35067"",""host"":""ipp2-1716""}","{""JAX_DISABLE_JIT"":""<unset>"",""JAX_DISABLE_JIT_ACTUAL"":""False"",""JAX_ENABLE_X64"":""1"",""JAX_ENABLE_X64_ACTUAL"":""True"",""JAX_PLATFORMS"":""<unset>"",""TF_GPU_ALLOCATOR"":""<unset>"",""XLA_FLAGS"":""<unset>"",""XLA_PYTHON_CLIENT_ALLOCATOR"":""<unset>"",""XLA_PYTHON_CLIENT_MEM_FRACTION"":""0.95"",""XLA_PYTHON_CLIENT_PREALLOCATE"":""<unset>""}","{""artifacts"":{""nh3_pdb_1024"":{""bytes"":83199,""sha256"":""cb99e65c2024c8b1a80a7ea1f4ff5b23ef76a5d153a2caeb4a0e3077b5239135"",""state"":""file""},""nh3_pdb_128"":{""bytes"":10623,""sha256"":""4b48182856ba92449fa52b61bf2f95c6ce28937a3cb3da6aec4f131a1216c760"",""state"":""file""},""nh3_pdb_131072"":{""bytes"":10617087,""sha256"":""d454eb5e6e9fe717e1c12c22e3fc749189deae022de05b0f6f83f9f4501bbb52"",""state"":""file""},""nh3_pdb_16384"":{""bytes"":1327359,""sha256"":""07f5683974f6bdad6798104cf7de5ddb670704f71b7e28715d957805124196b8"",""state"":""file""},""nh3_pdb_2048"":{""bytes"":166143,""sha256"":""7171f9c4d6bf3c819f96ddd11877441961f43096057863d0607070d97c5e5a16"",""state"":""file""},""nh3_pdb_256"":{""bytes"":20991,""sha256"":""870d35ef9d654b395f8eefcd897e002ff41b1327475879ff5b955080ecb91ee0"",""state"":""file""},""nh3_pdb_32768"":{""bytes"":2654463,""sha256"":""a193ff7fc7793ae1c9121af48f694b9cff6974a63e67029053ab9312f86cb9cc"",""state"":""file""},""nh3_pdb_4096"":{""bytes"":332031,""sha256"":""e6d9ba2e0f95a04ebbeb61682dcf615982860aaa336140fee7ba55698f68175c"",""state"":""file""},""nh3_pdb_512"":{""bytes"":41727,""sha256"":""76e8d0d71fd3d49a1d14bb1fcd0689b08241620df41c90a904be29c85a67934e"",""state"":""file""},""nh3_pdb_65536"":{""bytes"":5308671,""sha256"":""a80e717b9abb39221c121bf3137135662e1b3c727e705e8f01e651720acd6dcc"",""state"":""file""},""nh3_pdb_8192"":{""bytes"":663807,""sha256"":""b0664469d3a8e84f71fbd848f1f0ffaca2cee3f4fd2100ed10f398e7c19a27e6"",""state"":""file""}},""metadata"":{""benchmark"":""el""}}",28ea42c8-c3b9-4a9c-96dc-b96a346325d0,,,,,,,,,,,,,,single_case,5779517f771cd31c95dc30de603249f8f59a1f8d3680da722ea0763b4d76684d,41.64649046500563,239,supported_jax_separate_collection
nh3,system_size,pme,jax,65536,1,65536,0.126481310740445,7906306.426979725,nan,nan,10,3,jax_wall_block_until_ready,warmup_excluded,True,,,0.0001,5,arithmetic_mean,1.0053168352878972,"[0.00826299820037093,0.008306931200786493,0.008299587201327086,0.008278844199958257,0.00829703510098625]",,,,,not_measured,not_measured,k_squared_only,nan,nan,,energy_autograd,energy_forces_charge_gradients,True,True,False,0.09645407646894455,87.91300201416016,7.275957614183426e-12,0.3372060287522547,9.0,,592,2.0,388,19497228,2,"{""compute_capability"":""9.0"",""driver"":""unavailable"",""memory_bytes"":99996401664,""name"":""NVIDIA H100 NVL""}","{""cuda"":""13.0"",""git_head"":""unavailable"",""jax"":""0.10.1"",""jaxlib"":""0.10.1"",""nvalchemi_toolkit_ops"":""0.5.0"",""python"":""3.12.3"",""source_sha256"":""4dfd278da46af31f54f8b7671e891073f8b10f8fa2cb28e7cf92bfeddd543638"",""torch"":""2.14.0+cu130"",""warp"":""1.17.0""}","{""gpu_uuid"":""557cda80-d2b2-7630-d3a3-99bf87d35067"",""host"":""ipp2-1716""}","{""JAX_DISABLE_JIT"":""<unset>"",""JAX_DISABLE_JIT_ACTUAL"":""False"",""JAX_ENABLE_X64"":""1"",""JAX_ENABLE_X64_ACTUAL"":""True"",""JAX_PLATFORMS"":""<unset>"",""TF_GPU_ALLOCATOR"":""<unset>"",""XLA_FLAGS"":""<unset>"",""XLA_PYTHON_CLIENT_ALLOCATOR"":""<unset>"",""XLA_PYTHON_CLIENT_MEM_FRACTION"":""0.95"",""XLA_PYTHON_CLIENT_PREALLOCATE"":""<unset>""}","{""artifacts"":{""nh3_pdb_1024"":{""bytes"":83199,""sha256"":""cb99e65c2024c8b1a80a7ea1f4ff5b23ef76a5d153a2caeb4a0e3077b5239135"",""state"":""file""},""nh3_pdb_128"":{""bytes"":10623,""sha256"":""4b48182856ba92449fa52b61bf2f95c6ce28937a3cb3da6aec4f131a1216c760"",""state"":""file""},""nh3_pdb_131072"":{""bytes"":10617087,""sha256"":""d454eb5e6e9fe717e1c12c22e3fc749189deae022de05b0f6f83f9f4501bbb52"",""state"":""file""},""nh3_pdb_16384"":{""bytes"":1327359,""sha256"":""07f5683974f6bdad6798104cf7de5ddb670704f71b7e28715d957805124196b8"",""state"":""file""},""nh3_pdb_2048"":{""bytes"":166143,""sha256"":""7171f9c4d6bf3c819f96ddd11877441961f43096057863d0607070d97c5e5a16"",""state"":""file""},""nh3_pdb_256"":{""bytes"":20991,""sha256"":""870d35ef9d654b395f8eefcd897e002ff41b1327475879ff5b955080ecb91ee0"",""state"":""file""},""nh3_pdb_32768"":{""bytes"":2654463,""sha256"":""a193ff7fc7793ae1c9121af48f694b9cff6974a63e67029053ab9312f86cb9cc"",""state"":""file""},""nh3_pdb_4096"":{""bytes"":332031,""sha256"":""e6d9ba2e0f95a04ebbeb61682dcf615982860aaa336140fee7ba55698f68175c"",""state"":""file""},""nh3_pdb_512"":{""bytes"":41727,""sha256"":""76e8d0d71fd3d49a1d14bb1fcd0689b08241620df41c90a904be29c85a67934e"",""state"":""file""},""nh3_pdb_65536"":{""bytes"":5308671,""sha256"":""a80e717b9abb39221c121bf3137135662e1b3c727e705e8f01e651720acd6dcc"",""state"":""file""},""nh3_pdb_8192"":{""bytes"":663807,""sha256"":""b0664469d3a8e84f71fbd848f1f0ffaca2cee3f4fd2100ed10f398e7c19a27e6"",""state"":""file""}},""metadata"":{""benchmark"":""el""}}",28ea42c8-c3b9-4a9c-96dc-b96a346325d0,,,128,128,128,1064960,5,f0b840f87f04049a5b189d92c596399a5d4a7582522a2ad83f73a4991c87d77f,"{""batch_idx"":""int32"",""cell"":""float64"",""charges"":""float64"",""pbc"":""bool"",""positions"":""float64""}",capped_upstream_estimate,bounded_power_two_then_four_fft_snap,0.25,9.0,single_case,5779517f771cd31c95dc30de603249f8f59a1f8d3680da722ea0763b4d76684d,44.014152054005535,92,supported_jax_separate_collection
nh3,system_size,ewald,jax,512,1,512,1.6178622661300324,618099.5879161119,nan,nan,10,3,jax_wall_block_until_ready,warmup_excluded,True,,,0.0001,5,arithmetic_mean,1.0027974424789077,"[0.0008267905010143295,0.0008281955000711605,0.0008288815006380901,0.0008287564996862784,0.0008291033998830244]",,,,,not_measured,not_measured,,nan,nan,665,energy_autograd,energy_forces_charge_gradients,True,True,False,0.09645654261112213,17.444000244140625,5.684341886080802e-14,0.2873914514502449,10.560001849239786,1.7443823407359034,960,2.0,511,243862,2,"{""compute_capability"":""9.0"",""driver"":""unavailable"",""memory_bytes"":99996401664,""name"":""NVIDIA H100 NVL""}","{""cuda"":""13.0"",""git_head"":""unavailable"",""jax"":""0.10.1"",""jaxlib"":""0.10.1"",""nvalchemi_toolkit_ops"":""0.5.0"",""python"":""3.12.3"",""source_sha256"":""4dfd278da46af31f54f8b7671e891073f8b10f8fa2cb28e7cf92bfeddd543638"",""torch"":""2.14.0+cu130"",""warp"":""1.17.0""}","{""gpu_uuid"":""c0995d85-1dea-1b19-7e58-9baa33a5f384"",""host"":""a1u1g-mil-0576""}","{""JAX_DISABLE_JIT"":""<unset>"",""JAX_DISABLE_JIT_ACTUAL"":""False"",""JAX_ENABLE_X64"":""1"",""JAX_ENABLE_X64_ACTUAL"":""True"",""JAX_PLATFORMS"":""<unset>"",""TF_GPU_ALLOCATOR"":""<unset>"",""XLA_FLAGS"":""<unset>"",""XLA_PYTHON_CLIENT_ALLOCATOR"":""<unset>"",""XLA_PYTHON_CLIENT_MEM_FRACTION"":""0.95"",""XLA_PYTHON_CLIENT_PREALLOCATE"":""<unset>""}","{""artifacts"":{""nh3_pdb_1024"":{""bytes"":83199,""sha256"":""cb99e65c2024c8b1a80a7ea1f4ff5b23ef76a5d153a2caeb4a0e3077b5239135"",""state"":""file""},""nh3_pdb_128"":{""bytes"":10623,""sha256"":""4b48182856ba92449fa52b61bf2f95c6ce28937a3cb3da6aec4f131a1216c760"",""state"":""file""},""nh3_pdb_131072"":{""bytes"":10617087,""sha256"":""d454eb5e6e9fe717e1c12c22e3fc749189deae022de05b0f6f83f9f4501bbb52"",""state"":""file""},""nh3_pdb_16384"":{""bytes"":1327359,""sha256"":""07f5683974f6bdad6798104cf7de5ddb670704f71b7e28715d957805124196b8"",""state"":""file""},""nh3_pdb_2048"":{""bytes"":166143,""sha256"":""7171f9c4d6bf3c819f96ddd11877441961f43096057863d0607070d97c5e5a16"",""state"":""file""},""nh3_pdb_256"":{""bytes"":20991,""sha256"":""870d35ef9d654b395f8eefcd897e002ff41b1327475879ff5b955080ecb91ee0"",""state"":""file""},""nh3_pdb_32768"":{""bytes"":2654463,""sha256"":""a193ff7fc7793ae1c9121af48f694b9cff6974a63e67029053ab9312f86cb9cc"",""state"":""file""},""nh3_pdb_4096"":{""bytes"":332031,""sha256"":""e6d9ba2e0f95a04ebbeb61682dcf615982860aaa336140fee7ba55698f68175c"",""state"":""file""},""nh3_pdb_512"":{""bytes"":41727,""sha256"":""76e8d0d71fd3d49a1d14bb1fcd0689b08241620df41c90a904be29c85a67934e"",""state"":""file""},""nh3_pdb_65536"":{""bytes"":5308671,""sha256"":""a80e717b9abb39221c121bf3137135662e1b3c727e705e8f01e651720acd6dcc"",""state"":""file""},""nh3_pdb_8192"":{""bytes"":663807,""sha256"":""b0664469d3a8e84f71fbd848f1f0ffaca2cee3f4fd2100ed10f398e7c19a27e6"",""state"":""file""}},""metadata"":{""benchmark"":""el""}}",28ea42c8-c3b9-4a9c-96dc-b96a346325d0,,,,,,,,,,,,,,single_case,5779517f771cd31c95dc30de603249f8f59a1f8d3680da722ea0763b4d76684d,12.325688409997383,226,supported_jax_separate_collection
nh3,system_size,ewald,jax,2048,1,2048,3.055642177969275,327263.44963093224,nan,nan,10,3,jax_wall_block_until_ready,warmup_excluded,True,,,1e-06,5,arithmetic_mean,1.0022219351523494,"[0.006266505501116626,0.006256280600791797,0.006256655600736849,0.00625772159837652,0.006252612601383589]",,,,,not_measured,not_measured,,nan,nan,2456,energy_autograd,energy_forces_charge_gradients,True,True,False,0.09645262360572815,27.69099998474121,2.2737367544323206e-13,0.22809965181535707,16.295168183152796,1.6956573142028464,3504,2.0,1873,3581812,2,"{""compute_capability"":""9.0"",""driver"":""unavailable"",""memory_bytes"":99996401664,""name"":""NVIDIA H100 NVL""}","{""cuda"":""13.0"",""git_head"":""unavailable"",""jax"":""0.10.1"",""jaxlib"":""0.10.1"",""nvalchemi_toolkit_ops"":""0.5.0"",""python"":""3.12.3"",""source_sha256"":""4dfd278da46af31f54f8b7671e891073f8b10f8fa2cb28e7cf92bfeddd543638"",""torch"":""2.14.0+cu130"",""warp"":""1.17.0""}","{""gpu_uuid"":""c0995d85-1dea-1b19-7e58-9baa33a5f384"",""host"":""a1u1g-mil-0576""}","{""JAX_DISABLE_JIT"":""<unset>"",""JAX_DISABLE_JIT_ACTUAL"":""False"",""JAX_ENABLE_X64"":""1"",""JAX_ENABLE_X64_ACTUAL"":""True"",""JAX_PLATFORMS"":""<unset>"",""TF_GPU_ALLOCATOR"":""<unset>"",""XLA_FLAGS"":""<unset>"",""XLA_PYTHON_CLIENT_ALLOCATOR"":""<unset>"",""XLA_PYTHON_CLIENT_MEM_FRACTION"":""0.95"",""XLA_PYTHON_CLIENT_PREALLOCATE"":""<unset>""}","{""artifacts"":{""nh3_pdb_1024"":{""bytes"":83199,""sha256"":""cb99e65c2024c8b1a80a7ea1f4ff5b23ef76a5d153a2caeb4a0e3077b5239135"",""state"":""file""},""nh3_pdb_128"":{""bytes"":10623,""sha256"":""4b48182856ba92449fa52b61bf2f95c6ce28937a3cb3da6aec4f131a1216c760"",""state"":""file""},""nh3_pdb_131072"":{""bytes"":10617087,""sha256"":""d454eb5e6e9fe717e1c12c22e3fc749189deae022de05b0f6f83f9f4501bbb52"",""state"":""file""},""nh3_pdb_16384"":{""bytes"":1327359,""sha256"":""07f5683974f6bdad6798104cf7de5ddb670704f71b7e28715d957805124196b8"",""state"":""file""},""nh3_pdb_2048"":{""bytes"":166143,""sha256"":""7171f9c4d6bf3c819f96ddd11877441961f43096057863d0607070d97c5e5a16"",""state"":""file""},""nh3_pdb_256"":{""bytes"":20991,""sha256"":""870d35ef9d654b395f8eefcd897e002ff41b1327475879ff5b955080ecb91ee0"",""state"":""file""},""nh3_pdb_32768"":{""bytes"":2654463,""sha256"":""a193ff7fc7793ae1c9121af48f694b9cff6974a63e67029053ab9312f86cb9cc"",""state"":""file""},""nh3_pdb_4096"":{""bytes"":332031,""sha256"":""e6d9ba2e0f95a04ebbeb61682dcf615982860aaa336140fee7ba55698f68175c"",""state"":""file""},""nh3_pdb_512"":{""bytes"":41727,""sha256"":""76e8d0d71fd3d49a1d14bb1fcd0689b08241620df41c90a904be29c85a67934e"",""state"":""file""},""nh3_pdb_65536"":{""bytes"":5308671,""sha256"":""a80e717b9abb39221c121bf3137135662e1b3c727e705e8f01e651720acd6dcc"",""state"":""file""},""nh3_pdb_8192"":{""bytes"":663807,""sha256"":""b0664469d3a8e84f71fbd848f1f0ffaca2cee3f4fd2100ed10f398e7c19a27e6"",""state"":""file""}},""metadata"":{""benchmark"":""el""}}",28ea42c8-c3b9-4a9c-96dc-b96a346325d0,,,,,,,,,,,,,,single_case,5779517f771cd31c95dc30de603249f8f59a1f8d3680da722ea0763b4d76684d,12.932222192990594,231,supported_jax_separate_collection
nh3,system_size,pme,jax,256,1,256,4.715373984254256,212072.25627049632,nan,nan,10,3,jax_wall_block_until_ready,warmup_excluded,True,,,1e-06,5,arithmetic_mean,1.0443838214324461,"[0.0012449052010197192,0.0011919996992219239,0.001209442497929558,0.001196770599926822,0.001192560701747425]",,,,,not_measured,not_measured,k_squared_only,nan,nan,,energy_autograd,energy_forces_charge_gradients,True,True,False,0.09646306931972504,13.84500026702881,2.842170943040401e-14,0.4129913543166487,9.0,,592,2.0,319,75468,2,"{""compute_capability"":""9.0"",""driver"":""unavailable"",""memory_bytes"":99996401664,""name"":""NVIDIA H100 NVL""}","{""cuda"":""13.0"",""git_head"":""unavailable"",""jax"":""0.10.1"",""jaxlib"":""0.10.1"",""nvalchemi_toolkit_ops"":""0.5.0"",""python"":""3.12.3"",""source_sha256"":""4dfd278da46af31f54f8b7671e891073f8b10f8fa2cb28e7cf92bfeddd543638"",""torch"":""2.14.0+cu130"",""warp"":""1.17.0""}","{""gpu_uuid"":""c0995d85-1dea-1b19-7e58-9baa33a5f384"",""host"":""a1u1g-mil-0576""}","{""JAX_DISABLE_JIT"":""<unset>"",""JAX_DISABLE_JIT_ACTUAL"":""False"",""JAX_ENABLE_X64"":""1"",""JAX_ENABLE_X64_ACTUAL"":""True"",""JAX_PLATFORMS"":""<unset>"",""TF_GPU_ALLOCATOR"":""<unset>"",""XLA_FLAGS"":""<unset>"",""XLA_PYTHON_CLIENT_ALLOCATOR"":""<unset>"",""XLA_PYTHON_CLIENT_MEM_FRACTION"":""0.95"",""XLA_PYTHON_CLIENT_PREALLOCATE"":""<unset>""}","{""artifacts"":{""nh3_pdb_1024"":{""bytes"":83199,""sha256"":""cb99e65c2024c8b1a80a7ea1f4ff5b23ef76a5d153a2caeb4a0e3077b5239135"",""state"":""file""},""nh3_pdb_128"":{""bytes"":10623,""sha256"":""4b48182856ba92449fa52b61bf2f95c6ce28937a3cb3da6aec4f131a1216c760"",""state"":""file""},""nh3_pdb_131072"":{""bytes"":10617087,""sha256"":""d454eb5e6e9fe717e1c12c22e3fc749189deae022de05b0f6f83f9f4501bbb52"",""state"":""file""},""nh3_pdb_16384"":{""bytes"":1327359,""sha256"":""07f5683974f6bdad6798104cf7de5ddb670704f71b7e28715d957805124196b8"",""state"":""file""},""nh3_pdb_2048"":{""bytes"":166143,""sha256"":""7171f9c4d6bf3c819f96ddd11877441961f43096057863d0607070d97c5e5a16"",""state"":""file""},""nh3_pdb_256"":{""bytes"":20991,""sha256"":""870d35ef9d654b395f8eefcd897e002ff41b1327475879ff5b955080ecb91ee0"",""state"":""file""},""nh3_pdb_32768"":{""bytes"":2654463,""sha256"":""a193ff7fc7793ae1c9121af48f694b9cff6974a63e67029053ab9312f86cb9cc"",""state"":""file""},""nh3_pdb_4096"":{""bytes"":332031,""sha256"":""e6d9ba2e0f95a04ebbeb61682dcf615982860aaa336140fee7ba55698f68175c"",""state"":""file""},""nh3_pdb_512"":{""bytes"":41727,""sha256"":""76e8d0d71fd3d49a1d14bb1fcd0689b08241620df41c90a904be29c85a67934e"",""state"":""file""},""nh3_pdb_65536"":{""bytes"":5308671,""sha256"":""a80e717b9abb39221c121bf3137135662e1b3c727e705e8f01e651720acd6dcc"",""state"":""file""},""nh3_pdb_8192"":{""bytes"":663807,""sha256"":""b0664469d3a8e84f71fbd848f1f0ffaca2cee3f4fd2100ed10f398e7c19a27e6"",""state"":""file""}},""metadata"":{""benchmark"":""el""}}",28ea42c8-c3b9-4a9c-96dc-b96a346325d0,,,64,64,64,135168,5,f3f5cdbe96483ca313d4ae3e3d1d1dd88fc1d6343793b6aa57305a628e5ead56,"{""batch_idx"":""int32"",""cell"":""float64"",""charges"":""float64"",""pbc"":""bool"",""positions"":""float64""}",capped_upstream_estimate,bounded_power_two_then_four_fft_snap,0.25,9.0,single_case,5779517f771cd31c95dc30de603249f8f59a1f8d3680da722ea0763b4d76684d,40.485845342016546,77,supported_jax_separate_collection
nh3,system_size,pme,jax,1024,1,1024,1.6476211914095984,606935.6264739861,nan,nan,10,3,jax_wall_block_until_ready,warmup_excluded,True,,,1e-06,5,arithmetic_mean,1.003923046066174,"[0.001686037701438181,0.0016899896989343687,0.0016896157001610845,0.0016833856992889197,0.0016867917001945898]",,,,,not_measured,not_measured,k_squared_only,nan,nan,,energy_autograd,energy_forces_charge_gradients,True,True,False,0.09645736962556839,21.97800064086914,1.1368683772161603e-13,0.4129913543166487,9.0,,592,2.0,340,302282,2,"{""compute_capability"":""9.0"",""driver"":""unavailable"",""memory_bytes"":99996401664,""name"":""NVIDIA H100 NVL""}","{""cuda"":""13.0"",""git_head"":""unavailable"",""jax"":""0.10.1"",""jaxlib"":""0.10.1"",""nvalchemi_toolkit_ops"":""0.5.0"",""python"":""3.12.3"",""source_sha256"":""4dfd278da46af31f54f8b7671e891073f8b10f8fa2cb28e7cf92bfeddd543638"",""torch"":""2.14.0+cu130"",""warp"":""1.17.0""}","{""gpu_uuid"":""c0995d85-1dea-1b19-7e58-9baa33a5f384"",""host"":""a1u1g-mil-0576""}","{""JAX_DISABLE_JIT"":""<unset>"",""JAX_DISABLE_JIT_ACTUAL"":""False"",""JAX_ENABLE_X64"":""1"",""JAX_ENABLE_X64_ACTUAL"":""True"",""JAX_PLATFORMS"":""<unset>"",""TF_GPU_ALLOCATOR"":""<unset>"",""XLA_FLAGS"":""<unset>"",""XLA_PYTHON_CLIENT_ALLOCATOR"":""<unset>"",""XLA_PYTHON_CLIENT_MEM_FRACTION"":""0.95"",""XLA_PYTHON_CLIENT_PREALLOCATE"":""<unset>""}","{""artifacts"":{""nh3_pdb_1024"":{""bytes"":83199,""sha256"":""cb99e65c2024c8b1a80a7ea1f4ff5b23ef76a5d153a2caeb4a0e3077b5239135"",""state"":""file""},""nh3_pdb_128"":{""bytes"":10623,""sha256"":""4b48182856ba92449fa52b61bf2f95c6ce28937a3cb3da6aec4f131a1216c760"",""state"":""file""},""nh3_pdb_131072"":{""bytes"":10617087,""sha256"":""d454eb5e6e9fe717e1c12c22e3fc749189deae022de05b0f6f83f9f4501bbb52"",""state"":""file""},""nh3_pdb_16384"":{""bytes"":1327359,""sha256"":""07f5683974f6bdad6798104cf7de5ddb670704f71b7e28715d957805124196b8"",""state"":""file""},""nh3_pdb_2048"":{""bytes"":166143,""sha256"":""7171f9c4d6bf3c819f96ddd11877441961f43096057863d0607070d97c5e5a16"",""state"":""file""},""nh3_pdb_256"":{""bytes"":20991,""sha256"":""870d35ef9d654b395f8eefcd897e002ff41b1327475879ff5b955080ecb91ee0"",""state"":""file""},""nh3_pdb_32768"":{""bytes"":2654463,""sha256"":""a193ff7fc7793ae1c9121af48f694b9cff6974a63e67029053ab9312f86cb9cc"",""state"":""file""},""nh3_pdb_4096"":{""bytes"":332031,""sha256"":""e6d9ba2e0f95a04ebbeb61682dcf615982860aaa336140fee7ba55698f68175c"",""state"":""file""},""nh3_pdb_512"":{""bytes"":41727,""sha256"":""76e8d0d71fd3d49a1d14bb1fcd0689b08241620df41c90a904be29c85a67934e"",""state"":""file""},""nh3_pdb_65536"":{""bytes"":5308671,""sha256"":""a80e717b9abb39221c121bf3137135662e1b3c727e705e8f01e651720acd6dcc"",""state"":""file""},""nh3_pdb_8192"":{""bytes"":663807,""sha256"":""b0664469d3a8e84f71fbd848f1f0ffaca2cee3f4fd2100ed10f398e7c19a27e6"",""state"":""file""}},""metadata"":{""benchmark"":""el""}}",28ea42c8-c3b9-4a9c-96dc-b96a346325d0,,,96,96,96,451584,5,a28d15c8fb83eeac5222bbbcbfb4ab9d0bbb76c0d8846b67029c3cf86134ceaf,"{""batch_idx"":""int32"",""cell"":""float64"",""charges"":""float64"",""pbc"":""bool"",""positions"":""float64""}",capped_upstream_estimate,bounded_power_two_then_four_fft_snap,0.25,9.0,single_case,5779517f771cd31c95dc30de603249f8f59a1f8d3680da722ea0763b4d76684d,39.35136545301066,81,supported_jax_separate_collection
nh3,system_size,ewald,jax,128,1,128,3.279913748883701,304886.06608644634,nan,nan,10,3,jax_wall_block_until_ready,warmup_excluded,True,,,0.0001,5,arithmetic_mean,1.0872498792118679,"[0.0004462041979422793,0.00041124419949483125,0.00041039710049517453,0.0004157201998168603,0.00041557910153642295]",,,,,not_measured,not_measured,,nan,nan,364,energy_autograd,energy_forces_charge_gradients,True,True,False,0.09645736962556839,10.98900032043457,1.4210854715202004e-14,0.36209156829700856,8.381455202185013,2.1977902762219816,480,2.0,258,30278,2,"{""compute_capability"":""9.0"",""driver"":""unavailable"",""memory_bytes"":99996401664,""name"":""NVIDIA H100 NVL""}","{""cuda"":""13.0"",""git_head"":""unavailable"",""jax"":""0.10.1"",""jaxlib"":""0.10.1"",""nvalchemi_toolkit_ops"":""0.5.0"",""python"":""3.12.3"",""source_sha256"":""4dfd278da46af31f54f8b7671e891073f8b10f8fa2cb28e7cf92bfeddd543638"",""torch"":""2.14.0+cu130"",""warp"":""1.17.0""}","{""gpu_uuid"":""557cda80-d2b2-7630-d3a3-99bf87d35067"",""host"":""ipp2-1716""}","{""JAX_DISABLE_JIT"":""<unset>"",""JAX_DISABLE_JIT_ACTUAL"":""False"",""JAX_ENABLE_X64"":""1"",""JAX_ENABLE_X64_ACTUAL"":""True"",""JAX_PLATFORMS"":""<unset>"",""TF_GPU_ALLOCATOR"":""<unset>"",""XLA_FLAGS"":""<unset>"",""XLA_PYTHON_CLIENT_ALLOCATOR"":""<unset>"",""XLA_PYTHON_CLIENT_MEM_FRACTION"":""0.95"",""XLA_PYTHON_CLIENT_PREALLOCATE"":""<unset>""}","{""artifacts"":{""nh3_pdb_1024"":{""bytes"":83199,""sha256"":""cb99e65c2024c8b1a80a7ea1f4ff5b23ef76a5d153a2caeb4a0e3077b5239135"",""state"":""file""},""nh3_pdb_128"":{""bytes"":10623,""sha256"":""4b48182856ba92449fa52b61bf2f95c6ce28937a3cb3da6aec4f131a1216c760"",""state"":""file""},""nh3_pdb_131072"":{""bytes"":10617087,""sha256"":""d454eb5e6e9fe717e1c12c22e3fc749189deae022de05b0f6f83f9f4501bbb52"",""state"":""file""},""nh3_pdb_16384"":{""bytes"":1327359,""sha256"":""07f5683974f6bdad6798104cf7de5ddb670704f71b7e28715d957805124196b8"",""state"":""file""},""nh3_pdb_2048"":{""bytes"":166143,""sha256"":""7171f9c4d6bf3c819f96ddd11877441961f43096057863d0607070d97c5e5a16"",""state"":""file""},""nh3_pdb_256"":{""bytes"":20991,""sha256"":""870d35ef9d654b395f8eefcd897e002ff41b1327475879ff5b955080ecb91ee0"",""state"":""file""},""nh3_pdb_32768"":{""bytes"":2654463,""sha256"":""a193ff7fc7793ae1c9121af48f694b9cff6974a63e67029053ab9312f86cb9cc"",""state"":""file""},""nh3_pdb_4096"":{""bytes"":332031,""sha256"":""e6d9ba2e0f95a04ebbeb61682dcf615982860aaa336140fee7ba55698f68175c"",""state"":""file""},""nh3_pdb_512"":{""bytes"":41727,""sha256"":""76e8d0d71fd3d49a1d14bb1fcd0689b08241620df41c90a904be29c85a67934e"",""state"":""file""},""nh3_pdb_65536"":{""bytes"":5308671,""sha256"":""a80e717b9abb39221c121bf3137135662e1b3c727e705e8f01e651720acd6dcc"",""state"":""file""},""nh3_pdb_8192"":{""bytes"":663807,""sha256"":""b0664469d3a8e84f71fbd848f1f0ffaca2cee3f4fd2100ed10f398e7c19a27e6"",""state"":""file""}},""metadata"":{""benchmark"":""el""}}",28ea42c8-c3b9-4a9c-96dc-b96a346325d0,,,,,,,,,,,,,,single_case,5779517f771cd31c95dc30de603249f8f59a1f8d3680da722ea0763b4d76684d,12.661598134000087,222,supported_jax_separate_collection
nh3,system_size,ewald,jax,16384,1,16384,2.8254277697925545,353928.70796106773,nan,nan,10,3,jax_wall_block_until_ready,warmup_excluded,True,,,0.0001,5,arithmetic_mean,1.0010129398530354,"[0.04628058699890971,0.04627801000024192,0.04629901399894152,0.04627727790211793,0.04632415400119498]",,,,,not_measured,not_measured,,nan,nan,3429,energy_autograd,energy_forces_charge_gradients,True,True,False,0.096457839012146,55.38100051879883,1.8189894035458565e-12,0.16129372137038622,18.815699910607282,0.9790058744276513,5392,2.0,3025,44181892,2,"{""compute_capability"":""9.0"",""driver"":""unavailable"",""memory_bytes"":99996401664,""name"":""NVIDIA H100 NVL""}","{""cuda"":""13.0"",""git_head"":""unavailable"",""jax"":""0.10.1"",""jaxlib"":""0.10.1"",""nvalchemi_toolkit_ops"":""0.5.0"",""python"":""3.12.3"",""source_sha256"":""4dfd278da46af31f54f8b7671e891073f8b10f8fa2cb28e7cf92bfeddd543638"",""torch"":""2.14.0+cu130"",""warp"":""1.17.0""}","{""gpu_uuid"":""557cda80-d2b2-7630-d3a3-99bf87d35067"",""host"":""ipp2-1716""}","{""JAX_DISABLE_JIT"":""<unset>"",""JAX_DISABLE_JIT_ACTUAL"":""False"",""JAX_ENABLE_X64"":""1"",""JAX_ENABLE_X64_ACTUAL"":""True"",""JAX_PLATFORMS"":""<unset>"",""TF_GPU_ALLOCATOR"":""<unset>"",""XLA_FLAGS"":""<unset>"",""XLA_PYTHON_CLIENT_ALLOCATOR"":""<unset>"",""XLA_PYTHON_CLIENT_MEM_FRACTION"":""0.95"",""XLA_PYTHON_CLIENT_PREALLOCATE"":""<unset>""}","{""artifacts"":{""nh3_pdb_1024"":{""bytes"":83199,""sha256"":""cb99e65c2024c8b1a80a7ea1f4ff5b23ef76a5d153a2caeb4a0e3077b5239135"",""state"":""file""},""nh3_pdb_128"":{""bytes"":10623,""sha256"":""4b48182856ba92449fa52b61bf2f95c6ce28937a3cb3da6aec4f131a1216c760"",""state"":""file""},""nh3_pdb_131072"":{""bytes"":10617087,""sha256"":""d454eb5e6e9fe717e1c12c22e3fc749189deae022de05b0f6f83f9f4501bbb52"",""state"":""file""},""nh3_pdb_16384"":{""bytes"":1327359,""sha256"":""07f5683974f6bdad6798104cf7de5ddb670704f71b7e28715d957805124196b8"",""state"":""file""},""nh3_pdb_2048"":{""bytes"":166143,""sha256"":""7171f9c4d6bf3c819f96ddd11877441961f43096057863d0607070d97c5e5a16"",""state"":""file""},""nh3_pdb_256"":{""bytes"":20991,""sha256"":""870d35ef9d654b395f8eefcd897e002ff41b1327475879ff5b955080ecb91ee0"",""state"":""file""},""nh3_pdb_32768"":{""bytes"":2654463,""sha256"":""a193ff7fc7793ae1c9121af48f694b9cff6974a63e67029053ab9312f86cb9cc"",""state"":""file""},""nh3_pdb_4096"":{""bytes"":332031,""sha256"":""e6d9ba2e0f95a04ebbeb61682dcf615982860aaa336140fee7ba55698f68175c"",""state"":""file""},""nh3_pdb_512"":{""bytes"":41727,""sha256"":""76e8d0d71fd3d49a1d14bb1fcd0689b08241620df41c90a904be29c85a67934e"",""state"":""file""},""nh3_pdb_65536"":{""bytes"":5308671,""sha256"":""a80e717b9abb39221c121bf3137135662e1b3c727e705e8f01e651720acd6dcc"",""state"":""file""},""nh3_pdb_8192"":{""bytes"":663807,""sha256"":""b0664469d3a8e84f71fbd848f1f0ffaca2cee3f4fd2100ed10f398e7c19a27e6"",""state"":""file""}},""metadata"":{""benchmark"":""el""}}",28ea42c8-c3b9-4a9c-96dc-b96a346325d0,,,,,,,,,,,,,,single_case,5779517f771cd31c95dc30de603249f8f59a1f8d3680da722ea0763b4d76684d,16.362844974995824,236,supported_jax_separate_collection
nh3,system_size,pme,jax,2048,1,2048,0.6767682424424492,1477610.7052408531,nan,nan,10,3,jax_wall_block_until_ready,warmup_excluded,True,,,0.0001,5,arithmetic_mean,1.010261505237214,"[0.0013908043998526408,0.0013860813021892681,0.0013781504007056356,0.001382778401602991,0.001392292298260145]",,,,,not_measured,not_measured,k_squared_only,nan,nan,,energy_autograd,energy_forces_charge_gradients,True,True,False,0.09645262360572815,27.69099998474121,2.2737367544323206e-13,0.3372060287522547,9.0,,592,2.0,353,607968,2,"{""compute_capability"":""9.0"",""driver"":""unavailable"",""memory_bytes"":99996401664,""name"":""NVIDIA H100 NVL""}","{""cuda"":""13.0"",""git_head"":""unavailable"",""jax"":""0.10.1"",""jaxlib"":""0.10.1"",""nvalchemi_toolkit_ops"":""0.5.0"",""python"":""3.12.3"",""source_sha256"":""4dfd278da46af31f54f8b7671e891073f8b10f8fa2cb28e7cf92bfeddd543638"",""torch"":""2.14.0+cu130"",""warp"":""1.17.0""}","{""gpu_uuid"":""557cda80-d2b2-7630-d3a3-99bf87d35067"",""host"":""ipp2-1716""}","{""JAX_DISABLE_JIT"":""<unset>"",""JAX_DISABLE_JIT_ACTUAL"":""False"",""JAX_ENABLE_X64"":""1"",""JAX_ENABLE_X64_ACTUAL"":""True"",""JAX_PLATFORMS"":""<unset>"",""TF_GPU_ALLOCATOR"":""<unset>"",""XLA_FLAGS"":""<unset>"",""XLA_PYTHON_CLIENT_ALLOCATOR"":""<unset>"",""XLA_PYTHON_CLIENT_MEM_FRACTION"":""0.95"",""XLA_PYTHON_CLIENT_PREALLOCATE"":""<unset>""}","{""artifacts"":{""nh3_pdb_1024"":{""bytes"":83199,""sha256"":""cb99e65c2024c8b1a80a7ea1f4ff5b23ef76a5d153a2caeb4a0e3077b5239135"",""state"":""file""},""nh3_pdb_128"":{""bytes"":10623,""sha256"":""4b48182856ba92449fa52b61bf2f95c6ce28937a3cb3da6aec4f131a1216c760"",""state"":""file""},""nh3_pdb_131072"":{""bytes"":10617087,""sha256"":""d454eb5e6e9fe717e1c12c22e3fc749189deae022de05b0f6f83f9f4501bbb52"",""state"":""file""},""nh3_pdb_16384"":{""bytes"":1327359,""sha256"":""07f5683974f6bdad6798104cf7de5ddb670704f71b7e28715d957805124196b8"",""state"":""file""},""nh3_pdb_2048"":{""bytes"":166143,""sha256"":""7171f9c4d6bf3c819f96ddd11877441961f43096057863d0607070d97c5e5a16"",""state"":""file""},""nh3_pdb_256"":{""bytes"":20991,""sha256"":""870d35ef9d654b395f8eefcd897e002ff41b1327475879ff5b955080ecb91ee0"",""state"":""file""},""nh3_pdb_32768"":{""bytes"":2654463,""sha256"":""a193ff7fc7793ae1c9121af48f694b9cff6974a63e67029053ab9312f86cb9cc"",""state"":""file""},""nh3_pdb_4096"":{""bytes"":332031,""sha256"":""e6d9ba2e0f95a04ebbeb61682dcf615982860aaa336140fee7ba55698f68175c"",""state"":""file""},""nh3_pdb_512"":{""bytes"":41727,""sha256"":""76e8d0d71fd3d49a1d14bb1fcd0689b08241620df41c90a904be29c85a67934e"",""state"":""file""},""nh3_pdb_65536"":{""bytes"":5308671,""sha256"":""a80e717b9abb39221c121bf3137135662e1b3c727e705e8f01e651720acd6dcc"",""state"":""file""},""nh3_pdb_8192"":{""bytes"":663807,""sha256"":""b0664469d3a8e84f71fbd848f1f0ffaca2cee3f4fd2100ed10f398e7c19a27e6"",""state"":""file""}},""metadata"":{""benchmark"":""el""}}",28ea42c8-c3b9-4a9c-96dc-b96a346325d0,,,40,40,40,33600,5,1da92208f8ec5bd17574911c16adaa316c7e7815c48a7478c132a5b9e99a41f8,"{""batch_idx"":""int32"",""cell"":""float64"",""charges"":""float64"",""pbc"":""bool"",""positions"":""float64""}",capped_upstream_estimate,bounded_power_two_then_four_fft_snap,0.25,9.0,single_case,5779517f771cd31c95dc30de603249f8f59a1f8d3680da722ea0763b4d76684d,38.38984561100369,82,supported_jax_separate_collection
nh3,system_size,pme,jax,4096,1,4096,0.661870747080684,1510869.0094111336,nan,nan,10,3,jax_wall_block_until_ready,warmup_excluded,True,,,1e-06,5,arithmetic_mean,1.0173419017427314,"[0.0026933665008982643,0.002730165599496104,0.002740074598114006,0.0026959606009768324,0.0026955456007272003]",,,,,not_measured,not_measured,k_squared_only,nan,nan,,energy_autograd,energy_forces_charge_gradients,True,True,False,0.09645654261112213,34.88800048828125,4.547473508864641e-13,0.4129913543166487,9.0,,592,2.0,383,1220980,2,"{""compute_capability"":""9.0"",""driver"":""unavailable"",""memory_bytes"":99996401664,""name"":""NVIDIA H100 NVL""}","{""cuda"":""13.0"",""git_head"":""unavailable"",""jax"":""0.10.1"",""jaxlib"":""0.10.1"",""nvalchemi_toolkit_ops"":""0.5.0"",""python"":""3.12.3"",""source_sha256"":""4dfd278da46af31f54f8b7671e891073f8b10f8fa2cb28e7cf92bfeddd543638"",""torch"":""2.14.0+cu130"",""warp"":""1.17.0""}","{""gpu_uuid"":""557cda80-d2b2-7630-d3a3-99bf87d35067"",""host"":""ipp2-1716""}","{""JAX_DISABLE_JIT"":""<unset>"",""JAX_DISABLE_JIT_ACTUAL"":""False"",""JAX_ENABLE_X64"":""1"",""JAX_ENABLE_X64_ACTUAL"":""True"",""JAX_PLATFORMS"":""<unset>"",""TF_GPU_ALLOCATOR"":""<unset>"",""XLA_FLAGS"":""<unset>"",""XLA_PYTHON_CLIENT_ALLOCATOR"":""<unset>"",""XLA_PYTHON_CLIENT_MEM_FRACTION"":""0.95"",""XLA_PYTHON_CLIENT_PREALLOCATE"":""<unset>""}","{""artifacts"":{""nh3_pdb_1024"":{""bytes"":83199,""sha256"":""cb99e65c2024c8b1a80a7ea1f4ff5b23ef76a5d153a2caeb4a0e3077b5239135"",""state"":""file""},""nh3_pdb_128"":{""bytes"":10623,""sha256"":""4b48182856ba92449fa52b61bf2f95c6ce28937a3cb3da6aec4f131a1216c760"",""state"":""file""},""nh3_pdb_131072"":{""bytes"":10617087,""sha256"":""d454eb5e6e9fe717e1c12c22e3fc749189deae022de05b0f6f83f9f4501bbb52"",""state"":""file""},""nh3_pdb_16384"":{""bytes"":1327359,""sha256"":""07f5683974f6bdad6798104cf7de5ddb670704f71b7e28715d957805124196b8"",""state"":""file""},""nh3_pdb_2048"":{""bytes"":166143,""sha256"":""7171f9c4d6bf3c819f96ddd11877441961f43096057863d0607070d97c5e5a16"",""state"":""file""},""nh3_pdb_256"":{""bytes"":20991,""sha256"":""870d35ef9d654b395f8eefcd897e002ff41b1327475879ff5b955080ecb91ee0"",""state"":""file""},""nh3_pdb_32768"":{""bytes"":2654463,""sha256"":""a193ff7fc7793ae1c9121af48f694b9cff6974a63e67029053ab9312f86cb9cc"",""state"":""file""},""nh3_pdb_4096"":{""bytes"":332031,""sha256"":""e6d9ba2e0f95a04ebbeb61682dcf615982860aaa336140fee7ba55698f68175c"",""state"":""file""},""nh3_pdb_512"":{""bytes"":41727,""sha256"":""76e8d0d71fd3d49a1d14bb1fcd0689b08241620df41c90a904be29c85a67934e"",""state"":""file""},""nh3_pdb_65536"":{""bytes"":5308671,""sha256"":""a80e717b9abb39221c121bf3137135662e1b3c727e705e8f01e651720acd6dcc"",""state"":""file""},""nh3_pdb_8192"":{""bytes"":663807,""sha256"":""b0664469d3a8e84f71fbd848f1f0ffaca2cee3f4fd2100ed10f398e7c19a27e6"",""state"":""file""}},""metadata"":{""benchmark"":""el""}}",28ea42c8-c3b9-4a9c-96dc-b96a346325d0,,,160,160,160,2073600,5,abc70c31fce3df2470aa9f36af28c25dcde474fe94b11e23406f0293c3689252,"{""batch_idx"":""int32"",""cell"":""float64"",""charges"":""float64"",""pbc"":""bool"",""positions"":""float64""}",capped_upstream_estimate,bounded_power_two_then_four_fft_snap,0.25,9.0,single_case,5779517f771cd31c95dc30de603249f8f59a1f8d3680da722ea0763b4d76684d,44.6756622310204,85,supported_jax_separate_collection
nh3,system_size,pme,jax,256,1,256,4.300303516231452,232541.72553763015,nan,nan,10,3,jax_wall_block_until_ready,warmup_excluded,True,,,0.0001,5,arithmetic_mean,1.0137636138640378,"[0.001112637500045821,0.0010980825001752237,0.001097531500272453,0.00109825350009487,0.0010978835001878907]",,,,,not_measured,not_measured,k_squared_only,nan,nan,,energy_autograd,energy_forces_charge_gradients,True,True,False,0.09646306931972504,13.84500026702881,2.842170943040401e-14,0.3372060287522547,9.0,,592,2.0,319,75468,2,"{""compute_capability"":""9.0"",""driver"":""unavailable"",""memory_bytes"":99996401664,""name"":""NVIDIA H100 NVL""}","{""cuda"":""13.0"",""git_head"":""unavailable"",""jax"":""0.10.1"",""jaxlib"":""0.10.1"",""nvalchemi_toolkit_ops"":""0.5.0"",""python"":""3.12.3"",""source_sha256"":""4dfd278da46af31f54f8b7671e891073f8b10f8fa2cb28e7cf92bfeddd543638"",""torch"":""2.14.0+cu130"",""warp"":""1.17.0""}","{""gpu_uuid"":""b86b304e-698a-30bd-d46b-23da3dc3658e"",""host"":""ipp2-1738""}","{""JAX_DISABLE_JIT"":""<unset>"",""JAX_DISABLE_JIT_ACTUAL"":""False"",""JAX_ENABLE_X64"":""1"",""JAX_ENABLE_X64_ACTUAL"":""True"",""JAX_PLATFORMS"":""<unset>"",""TF_GPU_ALLOCATOR"":""<unset>"",""XLA_FLAGS"":""<unset>"",""XLA_PYTHON_CLIENT_ALLOCATOR"":""<unset>"",""XLA_PYTHON_CLIENT_MEM_FRACTION"":""0.95"",""XLA_PYTHON_CLIENT_PREALLOCATE"":""<unset>""}","{""artifacts"":{""nh3_pdb_1024"":{""bytes"":83199,""sha256"":""cb99e65c2024c8b1a80a7ea1f4ff5b23ef76a5d153a2caeb4a0e3077b5239135"",""state"":""file""},""nh3_pdb_128"":{""bytes"":10623,""sha256"":""4b48182856ba92449fa52b61bf2f95c6ce28937a3cb3da6aec4f131a1216c760"",""state"":""file""},""nh3_pdb_131072"":{""bytes"":10617087,""sha256"":""d454eb5e6e9fe717e1c12c22e3fc749189deae022de05b0f6f83f9f4501bbb52"",""state"":""file""},""nh3_pdb_16384"":{""bytes"":1327359,""sha256"":""07f5683974f6bdad6798104cf7de5ddb670704f71b7e28715d957805124196b8"",""state"":""file""},""nh3_pdb_2048"":{""bytes"":166143,""sha256"":""7171f9c4d6bf3c819f96ddd11877441961f43096057863d0607070d97c5e5a16"",""state"":""file""},""nh3_pdb_256"":{""bytes"":20991,""sha256"":""870d35ef9d654b395f8eefcd897e002ff41b1327475879ff5b955080ecb91ee0"",""state"":""file""},""nh3_pdb_32768"":{""bytes"":2654463,""sha256"":""a193ff7fc7793ae1c9121af48f694b9cff6974a63e67029053ab9312f86cb9cc"",""state"":""file""},""nh3_pdb_4096"":{""bytes"":332031,""sha256"":""e6d9ba2e0f95a04ebbeb61682dcf615982860aaa336140fee7ba55698f68175c"",""state"":""file""},""nh3_pdb_512"":{""bytes"":41727,""sha256"":""76e8d0d71fd3d49a1d14bb1fcd0689b08241620df41c90a904be29c85a67934e"",""state"":""file""},""nh3_pdb_65536"":{""bytes"":5308671,""sha256"":""a80e717b9abb39221c121bf3137135662e1b3c727e705e8f01e651720acd6dcc"",""state"":""file""},""nh3_pdb_8192"":{""bytes"":663807,""sha256"":""b0664469d3a8e84f71fbd848f1f0ffaca2cee3f4fd2100ed10f398e7c19a27e6"",""state"":""file""}},""metadata"":{""benchmark"":""el""}}",28ea42c8-c3b9-4a9c-96dc-b96a346325d0,,,20,20,20,4400,5,f3f5cdbe96483ca313d4ae3e3d1d1dd88fc1d6343793b6aa57305a628e5ead56,"{""batch_idx"":""int32"",""cell"":""float64"",""charges"":""float64"",""pbc"":""bool"",""positions"":""float64""}",capped_upstream_estimate,bounded_power_two_then_four_fft_snap,0.25,9.0,single_case,5779517f771cd31c95dc30de603249f8f59a1f8d3680da722ea0763b4d76684d,40.18023030600307,76,supported_jax_separate_collection
nh3,system_size,pme,jax,8192,1,8192,0.2508121142508202,3987048.2452054443,nan,nan,10,3,jax_wall_block_until_ready,warmup_excluded,True,,,0.0001,5,arithmetic_mean,1.0039127146789217,"[0.0020509801001026063,0.0020581049997417723,0.002051606999884825,0.0020535670999379365,0.002059005000046454]",,,,,not_measured,not_measured,k_squared_only,nan,nan,,energy_autograd,energy_forces_charge_gradients,True,True,False,0.09645736962556839,43.95600128173828,9.094947017729282e-13,0.3372060287522547,9.0,,592,2.0,384,2435788,2,"{""compute_capability"":""9.0"",""driver"":""unavailable"",""memory_bytes"":99996401664,""name"":""NVIDIA H100 NVL""}","{""cuda"":""13.0"",""git_head"":""unavailable"",""jax"":""0.10.1"",""jaxlib"":""0.10.1"",""nvalchemi_toolkit_ops"":""0.5.0"",""python"":""3.12.3"",""source_sha256"":""4dfd278da46af31f54f8b7671e891073f8b10f8fa2cb28e7cf92bfeddd543638"",""torch"":""2.14.0+cu130"",""warp"":""1.17.0""}","{""gpu_uuid"":""b86b304e-698a-30bd-d46b-23da3dc3658e"",""host"":""ipp2-1738""}","{""JAX_DISABLE_JIT"":""<unset>"",""JAX_DISABLE_JIT_ACTUAL"":""False"",""JAX_ENABLE_X64"":""1"",""JAX_ENABLE_X64_ACTUAL"":""True"",""JAX_PLATFORMS"":""<unset>"",""TF_GPU_ALLOCATOR"":""<unset>"",""XLA_FLAGS"":""<unset>"",""XLA_PYTHON_CLIENT_ALLOCATOR"":""<unset>"",""XLA_PYTHON_CLIENT_MEM_FRACTION"":""0.95"",""XLA_PYTHON_CLIENT_PREALLOCATE"":""<unset>""}","{""artifacts"":{""nh3_pdb_1024"":{""bytes"":83199,""sha256"":""cb99e65c2024c8b1a80a7ea1f4ff5b23ef76a5d153a2caeb4a0e3077b5239135"",""state"":""file""},""nh3_pdb_128"":{""bytes"":10623,""sha256"":""4b48182856ba92449fa52b61bf2f95c6ce28937a3cb3da6aec4f131a1216c760"",""state"":""file""},""nh3_pdb_131072"":{""bytes"":10617087,""sha256"":""d454eb5e6e9fe717e1c12c22e3fc749189deae022de05b0f6f83f9f4501bbb52"",""state"":""file""},""nh3_pdb_16384"":{""bytes"":1327359,""sha256"":""07f5683974f6bdad6798104cf7de5ddb670704f71b7e28715d957805124196b8"",""state"":""file""},""nh3_pdb_2048"":{""bytes"":166143,""sha256"":""7171f9c4d6bf3c819f96ddd11877441961f43096057863d0607070d97c5e5a16"",""state"":""file""},""nh3_pdb_256"":{""bytes"":20991,""sha256"":""870d35ef9d654b395f8eefcd897e002ff41b1327475879ff5b955080ecb91ee0"",""state"":""file""},""nh3_pdb_32768"":{""bytes"":2654463,""sha256"":""a193ff7fc7793ae1c9121af48f694b9cff6974a63e67029053ab9312f86cb9cc"",""state"":""file""},""nh3_pdb_4096"":{""bytes"":332031,""sha256"":""e6d9ba2e0f95a04ebbeb61682dcf615982860aaa336140fee7ba55698f68175c"",""state"":""file""},""nh3_pdb_512"":{""bytes"":41727,""sha256"":""76e8d0d71fd3d49a1d14bb1fcd0689b08241620df41c90a904be29c85a67934e"",""state"":""file""},""nh3_pdb_65536"":{""bytes"":5308671,""sha256"":""a80e717b9abb39221c121bf3137135662e1b3c727e705e8f01e651720acd6dcc"",""state"":""file""},""nh3_pdb_8192"":{""bytes"":663807,""sha256"":""b0664469d3a8e84f71fbd848f1f0ffaca2cee3f4fd2100ed10f398e7c19a27e6"",""state"":""file""}},""metadata"":{""benchmark"":""el""}}",28ea42c8-c3b9-4a9c-96dc-b96a346325d0,,,64,64,64,135168,5,21cfdd9a0538153c001920ae4dadba0160223a843dd79f4f874a121453a56129,"{""batch_idx"":""int32"",""cell"":""float64"",""charges"":""float64"",""pbc"":""bool"",""positions"":""float64""}",capped_upstream_estimate,bounded_power_two_then_four_fft_snap,0.25,9.0,single_case,5779517f771cd31c95dc30de603249f8f59a1f8d3680da722ea0763b4d76684d,42.41440845499892,86,supported_jax_separate_collection
nh3,system_size,ewald,jax,1024,1,1024,1.5396490823604836,649498.6496967666,nan,nan,10,3,jax_wall_block_until_ready,warmup_excluded,True,,,0.0001,5,arithmetic_mean,1.02046297137559,"[0.0015789024997502565,0.0015995353998732754,0.0015679014002671465,0.0015674605005187915,0.0015692035012762062]",,,,,not_measured,not_measured,,nan,nan,1098,energy_autograd,energy_forces_charge_gradients,True,True,False,0.09645736962556839,21.97800064086914,1.1368683772161603e-13,0.2560374033532867,11.853167619352577,1.5540724079424186,1360,2.0,723,688420,2,"{""compute_capability"":""9.0"",""driver"":""unavailable"",""memory_bytes"":99996401664,""name"":""NVIDIA H100 NVL""}","{""cuda"":""13.0"",""git_head"":""unavailable"",""jax"":""0.10.1"",""jaxlib"":""0.10.1"",""nvalchemi_toolkit_ops"":""0.5.0"",""python"":""3.12.3"",""source_sha256"":""4dfd278da46af31f54f8b7671e891073f8b10f8fa2cb28e7cf92bfeddd543638"",""torch"":""2.14.0+cu130"",""warp"":""1.17.0""}","{""gpu_uuid"":""23074f79-c31a-f283-5a26-fe763902683e"",""host"":""a1u1g-mil-0678""}","{""JAX_DISABLE_JIT"":""<unset>"",""JAX_DISABLE_JIT_ACTUAL"":""False"",""JAX_ENABLE_X64"":""1"",""JAX_ENABLE_X64_ACTUAL"":""True"",""JAX_PLATFORMS"":""<unset>"",""TF_GPU_ALLOCATOR"":""<unset>"",""XLA_FLAGS"":""<unset>"",""XLA_PYTHON_CLIENT_ALLOCATOR"":""<unset>"",""XLA_PYTHON_CLIENT_MEM_FRACTION"":""0.95"",""XLA_PYTHON_CLIENT_PREALLOCATE"":""<unset>""}","{""artifacts"":{""nh3_pdb_1024"":{""bytes"":83199,""sha256"":""cb99e65c2024c8b1a80a7ea1f4ff5b23ef76a5d153a2caeb4a0e3077b5239135"",""state"":""file""},""nh3_pdb_128"":{""bytes"":10623,""sha256"":""4b48182856ba92449fa52b61bf2f95c6ce28937a3cb3da6aec4f131a1216c760"",""state"":""file""},""nh3_pdb_131072"":{""bytes"":10617087,""sha256"":""d454eb5e6e9fe717e1c12c22e3fc749189deae022de05b0f6f83f9f4501bbb52"",""state"":""file""},""nh3_pdb_16384"":{""bytes"":1327359,""sha256"":""07f5683974f6bdad6798104cf7de5ddb670704f71b7e28715d957805124196b8"",""state"":""file""},""nh3_pdb_2048"":{""bytes"":166143,""sha256"":""7171f9c4d6bf3c819f96ddd11877441961f43096057863d0607070d97c5e5a16"",""state"":""file""},""nh3_pdb_256"":{""bytes"":20991,""sha256"":""870d35ef9d654b395f8eefcd897e002ff41b1327475879ff5b955080ecb91ee0"",""state"":""file""},""nh3_pdb_32768"":{""bytes"":2654463,""sha256"":""a193ff7fc7793ae1c9121af48f694b9cff6974a63e67029053ab9312f86cb9cc"",""state"":""file""},""nh3_pdb_4096"":{""bytes"":332031,""sha256"":""e6d9ba2e0f95a04ebbeb61682dcf615982860aaa336140fee7ba55698f68175c"",""state"":""file""},""nh3_pdb_512"":{""bytes"":41727,""sha256"":""76e8d0d71fd3d49a1d14bb1fcd0689b08241620df41c90a904be29c85a67934e"",""state"":""file""},""nh3_pdb_65536"":{""bytes"":5308671,""sha256"":""a80e717b9abb39221c121bf3137135662e1b3c727e705e8f01e651720acd6dcc"",""state"":""file""},""nh3_pdb_8192"":{""bytes"":663807,""sha256"":""b0664469d3a8e84f71fbd848f1f0ffaca2cee3f4fd2100ed10f398e7c19a27e6"",""state"":""file""}},""metadata"":{""benchmark"":""el""}}",28ea42c8-c3b9-4a9c-96dc-b96a346325d0,,,,,,,,,,,,,,single_case,5779517f771cd31c95dc30de603249f8f59a1f8d3680da722ea0763b4d76684d,12.047990121995099,228,supported_jax_separate_collection
nh3,system_size,pme,jax,2048,1,2048,1.017726865484292,982581.9027820824,nan,nan,10,3,jax_wall_block_until_ready,warmup_excluded,True,,,1e-06,5,arithmetic_mean,1.020835566565997,"[0.0020656506007071585,0.002100357599556446,0.0020696327002951874,0.0021086896013002843,0.002077192600700073]",,,,,not_measured,not_measured,k_squared_only,nan,nan,,energy_autograd,energy_forces_charge_gradients,True,True,False,0.09645262360572815,27.69099998474121,2.2737367544323206e-13,0.4129913543166487,9.0,,592,2.0,353,607968,2,"{""compute_capability"":""9.0"",""driver"":""unavailable"",""memory_bytes"":99996401664,""name"":""NVIDIA H100 NVL""}","{""cuda"":""13.0"",""git_head"":""unavailable"",""jax"":""0.10.1"",""jaxlib"":""0.10.1"",""nvalchemi_toolkit_ops"":""0.5.0"",""python"":""3.12.3"",""source_sha256"":""4dfd278da46af31f54f8b7671e891073f8b10f8fa2cb28e7cf92bfeddd543638"",""torch"":""2.14.0+cu130"",""warp"":""1.17.0""}","{""gpu_uuid"":""23074f79-c31a-f283-5a26-fe763902683e"",""host"":""a1u1g-mil-0678""}","{""JAX_DISABLE_JIT"":""<unset>"",""JAX_DISABLE_JIT_ACTUAL"":""False"",""JAX_ENABLE_X64"":""1"",""JAX_ENABLE_X64_ACTUAL"":""True"",""JAX_PLATFORMS"":""<unset>"",""TF_GPU_ALLOCATOR"":""<unset>"",""XLA_FLAGS"":""<unset>"",""XLA_PYTHON_CLIENT_ALLOCATOR"":""<unset>"",""XLA_PYTHON_CLIENT_MEM_FRACTION"":""0.95"",""XLA_PYTHON_CLIENT_PREALLOCATE"":""<unset>""}","{""artifacts"":{""nh3_pdb_1024"":{""bytes"":83199,""sha256"":""cb99e65c2024c8b1a80a7ea1f4ff5b23ef76a5d153a2caeb4a0e3077b5239135"",""state"":""file""},""nh3_pdb_128"":{""bytes"":10623,""sha256"":""4b48182856ba92449fa52b61bf2f95c6ce28937a3cb3da6aec4f131a1216c760"",""state"":""file""},""nh3_pdb_131072"":{""bytes"":10617087,""sha256"":""d454eb5e6e9fe717e1c12c22e3fc749189deae022de05b0f6f83f9f4501bbb52"",""state"":""file""},""nh3_pdb_16384"":{""bytes"":1327359,""sha256"":""07f5683974f6bdad6798104cf7de5ddb670704f71b7e28715d957805124196b8"",""state"":""file""},""nh3_pdb_2048"":{""bytes"":166143,""sha256"":""7171f9c4d6bf3c819f96ddd11877441961f43096057863d0607070d97c5e5a16"",""state"":""file""},""nh3_pdb_256"":{""bytes"":20991,""sha256"":""870d35ef9d654b395f8eefcd897e002ff41b1327475879ff5b955080ecb91ee0"",""state"":""file""},""nh3_pdb_32768"":{""bytes"":2654463,""sha256"":""a193ff7fc7793ae1c9121af48f694b9cff6974a63e67029053ab9312f86cb9cc"",""state"":""file""},""nh3_pdb_4096"":{""bytes"":332031,""sha256"":""e6d9ba2e0f95a04ebbeb61682dcf615982860aaa336140fee7ba55698f68175c"",""state"":""file""},""nh3_pdb_512"":{""bytes"":41727,""sha256"":""76e8d0d71fd3d49a1d14bb1fcd0689b08241620df41c90a904be29c85a67934e"",""state"":""file""},""nh3_pdb_65536"":{""bytes"":5308671,""sha256"":""a80e717b9abb39221c121bf3137135662e1b3c727e705e8f01e651720acd6dcc"",""state"":""file""},""nh3_pdb_8192"":{""bytes"":663807,""sha256"":""b0664469d3a8e84f71fbd848f1f0ffaca2cee3f4fd2100ed10f398e7c19a27e6"",""state"":""file""}},""metadata"":{""benchmark"":""el""}}",28ea42c8-c3b9-4a9c-96dc-b96a346325d0,,,128,128,128,1064960,5,1da92208f8ec5bd17574911c16adaa316c7e7815c48a7478c132a5b9e99a41f8,"{""batch_idx"":""int32"",""cell"":""float64"",""charges"":""float64"",""pbc"":""bool"",""positions"":""float64""}",capped_upstream_estimate,bounded_power_two_then_four_fft_snap,0.25,9.0,single_case,5779517f771cd31c95dc30de603249f8f59a1f8d3680da722ea0763b4d76684d,39.7441714329907,83,supported_jax_separate_collection
nh3,system_size,pme,jax,65536,1,65536,0.411977131045127,2427319.199643784,nan,nan,10,3,jax_wall_block_until_ready,warmup_excluded,True,,,1e-06,5,arithmetic_mean,1.043858760935963,"[0.026660625499789602,0.026665279400185683,0.026752594200661405,0.027829927499988118,0.027088239700242413]",,,,,not_measured,not_measured,k_squared_only,nan,nan,,energy_autograd,energy_forces_charge_gradients,True,True,False,0.09645407646894455,87.91300201416016,7.275957614183426e-12,0.4129913543166487,9.0,,592,2.0,388,19497228,2,"{""compute_capability"":""9.0"",""driver"":""unavailable"",""memory_bytes"":99996401664,""name"":""NVIDIA H100 NVL""}","{""cuda"":""13.0"",""git_head"":""unavailable"",""jax"":""0.10.1"",""jaxlib"":""0.10.1"",""nvalchemi_toolkit_ops"":""0.5.0"",""python"":""3.12.3"",""source_sha256"":""4dfd278da46af31f54f8b7671e891073f8b10f8fa2cb28e7cf92bfeddd543638"",""torch"":""2.14.0+cu130"",""warp"":""1.17.0""}","{""gpu_uuid"":""23074f79-c31a-f283-5a26-fe763902683e"",""host"":""a1u1g-mil-0678""}","{""JAX_DISABLE_JIT"":""<unset>"",""JAX_DISABLE_JIT_ACTUAL"":""False"",""JAX_ENABLE_X64"":""1"",""JAX_ENABLE_X64_ACTUAL"":""True"",""JAX_PLATFORMS"":""<unset>"",""TF_GPU_ALLOCATOR"":""<unset>"",""XLA_FLAGS"":""<unset>"",""XLA_PYTHON_CLIENT_ALLOCATOR"":""<unset>"",""XLA_PYTHON_CLIENT_MEM_FRACTION"":""0.95"",""XLA_PYTHON_CLIENT_PREALLOCATE"":""<unset>""}","{""artifacts"":{""nh3_pdb_1024"":{""bytes"":83199,""sha256"":""cb99e65c2024c8b1a80a7ea1f4ff5b23ef76a5d153a2caeb4a0e3077b5239135"",""state"":""file""},""nh3_pdb_128"":{""bytes"":10623,""sha256"":""4b48182856ba92449fa52b61bf2f95c6ce28937a3cb3da6aec4f131a1216c760"",""state"":""file""},""nh3_pdb_131072"":{""bytes"":10617087,""sha256"":""d454eb5e6e9fe717e1c12c22e3fc749189deae022de05b0f6f83f9f4501bbb52"",""state"":""file""},""nh3_pdb_16384"":{""bytes"":1327359,""sha256"":""07f5683974f6bdad6798104cf7de5ddb670704f71b7e28715d957805124196b8"",""state"":""file""},""nh3_pdb_2048"":{""bytes"":166143,""sha256"":""7171f9c4d6bf3c819f96ddd11877441961f43096057863d0607070d97c5e5a16"",""state"":""file""},""nh3_pdb_256"":{""bytes"":20991,""sha256"":""870d35ef9d654b395f8eefcd897e002ff41b1327475879ff5b955080ecb91ee0"",""state"":""file""},""nh3_pdb_32768"":{""bytes"":2654463,""sha256"":""a193ff7fc7793ae1c9121af48f694b9cff6974a63e67029053ab9312f86cb9cc"",""state"":""file""},""nh3_pdb_4096"":{""bytes"":332031,""sha256"":""e6d9ba2e0f95a04ebbeb61682dcf615982860aaa336140fee7ba55698f68175c"",""state"":""file""},""nh3_pdb_512"":{""bytes"":41727,""sha256"":""76e8d0d71fd3d49a1d14bb1fcd0689b08241620df41c90a904be29c85a67934e"",""state"":""file""},""nh3_pdb_65536"":{""bytes"":5308671,""sha256"":""a80e717b9abb39221c121bf3137135662e1b3c727e705e8f01e651720acd6dcc"",""state"":""file""},""nh3_pdb_8192"":{""bytes"":663807,""sha256"":""b0664469d3a8e84f71fbd848f1f0ffaca2cee3f4fd2100ed10f398e7c19a27e6"",""state"":""file""}},""metadata"":{""benchmark"":""el""}}",28ea42c8-c3b9-4a9c-96dc-b96a346325d0,,,384,384,384,28459008,5,f0b840f87f04049a5b189d92c596399a5d4a7582522a2ad83f73a4991c87d77f,"{""batch_idx"":""int32"",""cell"":""float64"",""charges"":""float64"",""pbc"":""bool"",""positions"":""float64""}",capped_upstream_estimate,bounded_power_two_then_four_fft_snap,0.25,9.0,single_case,5779517f771cd31c95dc30de603249f8f59a1f8d3680da722ea0763b4d76684d,45.10960518498905,93,supported_jax_separate_collection
nh3,system_size,pme,jax,131072,1,131072,0.12872423629906038,7768544.826917722,nan,nan,10,3,jax_wall_block_until_ready,warmup_excluded,True,,,0.0001,5,arithmetic_mean,1.0019448321229436,"[0.016854359200806357,0.016867057100171223,0.016871028099558316,0.016887138099991716,0.016881133000424597]",,,,,not_measured,not_measured,k_squared_only,nan,nan,,energy_autograd,energy_forces_charge_gradients,True,True,False,0.09645523130893707,110.76300048828125,1.4551915228366852e-11,0.3372060287522547,9.0,,592,2.0,395,38930114,2,"{""compute_capability"":""9.0"",""driver"":""unavailable"",""memory_bytes"":99996401664,""name"":""NVIDIA H100 NVL""}","{""cuda"":""13.0"",""git_head"":""unavailable"",""jax"":""0.10.1"",""jaxlib"":""0.10.1"",""nvalchemi_toolkit_ops"":""0.5.0"",""python"":""3.12.3"",""source_sha256"":""4dfd278da46af31f54f8b7671e891073f8b10f8fa2cb28e7cf92bfeddd543638"",""torch"":""2.14.0+cu130"",""warp"":""1.17.0""}","{""gpu_uuid"":""23074f79-c31a-f283-5a26-fe763902683e"",""host"":""a1u1g-mil-0678""}","{""JAX_DISABLE_JIT"":""<unset>"",""JAX_DISABLE_JIT_ACTUAL"":""False"",""JAX_ENABLE_X64"":""1"",""JAX_ENABLE_X64_ACTUAL"":""True"",""JAX_PLATFORMS"":""<unset>"",""TF_GPU_ALLOCATOR"":""<unset>"",""XLA_FLAGS"":""<unset>"",""XLA_PYTHON_CLIENT_ALLOCATOR"":""<unset>"",""XLA_PYTHON_CLIENT_MEM_FRACTION"":""0.95"",""XLA_PYTHON_CLIENT_PREALLOCATE"":""<unset>""}","{""artifacts"":{""nh3_pdb_1024"":{""bytes"":83199,""sha256"":""cb99e65c2024c8b1a80a7ea1f4ff5b23ef76a5d153a2caeb4a0e3077b5239135"",""state"":""file""},""nh3_pdb_128"":{""bytes"":10623,""sha256"":""4b48182856ba92449fa52b61bf2f95c6ce28937a3cb3da6aec4f131a1216c760"",""state"":""file""},""nh3_pdb_131072"":{""bytes"":10617087,""sha256"":""d454eb5e6e9fe717e1c12c22e3fc749189deae022de05b0f6f83f9f4501bbb52"",""state"":""file""},""nh3_pdb_16384"":{""bytes"":1327359,""sha256"":""07f5683974f6bdad6798104cf7de5ddb670704f71b7e28715d957805124196b8"",""state"":""file""},""nh3_pdb_2048"":{""bytes"":166143,""sha256"":""7171f9c4d6bf3c819f96ddd11877441961f43096057863d0607070d97c5e5a16"",""state"":""file""},""nh3_pdb_256"":{""bytes"":20991,""sha256"":""870d35ef9d654b395f8eefcd897e002ff41b1327475879ff5b955080ecb91ee0"",""state"":""file""},""nh3_pdb_32768"":{""bytes"":2654463,""sha256"":""a193ff7fc7793ae1c9121af48f694b9cff6974a63e67029053ab9312f86cb9cc"",""state"":""file""},""nh3_pdb_4096"":{""bytes"":332031,""sha256"":""e6d9ba2e0f95a04ebbeb61682dcf615982860aaa336140fee7ba55698f68175c"",""state"":""file""},""nh3_pdb_512"":{""bytes"":41727,""sha256"":""76e8d0d71fd3d49a1d14bb1fcd0689b08241620df41c90a904be29c85a67934e"",""state"":""file""},""nh3_pdb_65536"":{""bytes"":5308671,""sha256"":""a80e717b9abb39221c121bf3137135662e1b3c727e705e8f01e651720acd6dcc"",""state"":""file""},""nh3_pdb_8192"":{""bytes"":663807,""sha256"":""b0664469d3a8e84f71fbd848f1f0ffaca2cee3f4fd2100ed10f398e7c19a27e6"",""state"":""file""}},""metadata"":{""benchmark"":""el""}}",28ea42c8-c3b9-4a9c-96dc-b96a346325d0,,,160,160,160,2073600,5,88ca7c9f1022d24e9613a4e335ee5c0700c98904d5191040314824d6b9d2a8e8,"{""batch_idx"":""int32"",""cell"":""float64"",""charges"":""float64"",""pbc"":""bool"",""positions"":""float64""}",capped_upstream_estimate,bounded_power_two_then_four_fft_snap,0.25,9.0,single_case,5779517f771cd31c95dc30de603249f8f59a1f8d3680da722ea0763b4d76684d,43.12002777699672,94,supported_jax_separate_collection
nh3,system_size,ewald,jax,128,1,128,5.113610941407387,195556.52775664162,nan,nan,10,3,jax_wall_block_until_ready,warmup_excluded,True,,,1e-06,5,arithmetic_mean,1.0345195823294686,"[0.0006722059973981231,0.0006501570023829117,0.0006500270013930276,0.0006505450000986457,0.0006497760012280196]",,,,,not_measured,not_measured,,nan,nan,665,energy_autograd,energy_forces_charge_gradients,True,True,False,0.09645736962556839,10.98900032043457,1.4210854715202004e-14,0.36209156829700856,10.26514427367445,2.691732369197176,880,2.0,457,55154,2,"{""compute_capability"":""9.0"",""driver"":""unavailable"",""memory_bytes"":99996401664,""name"":""NVIDIA H100 NVL""}","{""cuda"":""13.0"",""git_head"":""unavailable"",""jax"":""0.10.1"",""jaxlib"":""0.10.1"",""nvalchemi_toolkit_ops"":""0.5.0"",""python"":""3.12.3"",""source_sha256"":""4dfd278da46af31f54f8b7671e891073f8b10f8fa2cb28e7cf92bfeddd543638"",""torch"":""2.14.0+cu130"",""warp"":""1.17.0""}","{""gpu_uuid"":""557cda80-d2b2-7630-d3a3-99bf87d35067"",""host"":""ipp2-1716""}","{""JAX_DISABLE_JIT"":""<unset>"",""JAX_DISABLE_JIT_ACTUAL"":""False"",""JAX_ENABLE_X64"":""1"",""JAX_ENABLE_X64_ACTUAL"":""True"",""JAX_PLATFORMS"":""<unset>"",""TF_GPU_ALLOCATOR"":""<unset>"",""XLA_FLAGS"":""<unset>"",""XLA_PYTHON_CLIENT_ALLOCATOR"":""<unset>"",""XLA_PYTHON_CLIENT_MEM_FRACTION"":""0.95"",""XLA_PYTHON_CLIENT_PREALLOCATE"":""<unset>""}","{""artifacts"":{""nh3_pdb_1024"":{""bytes"":83199,""sha256"":""cb99e65c2024c8b1a80a7ea1f4ff5b23ef76a5d153a2caeb4a0e3077b5239135"",""state"":""file""},""nh3_pdb_128"":{""bytes"":10623,""sha256"":""4b48182856ba92449fa52b61bf2f95c6ce28937a3cb3da6aec4f131a1216c760"",""state"":""file""},""nh3_pdb_131072"":{""bytes"":10617087,""sha256"":""d454eb5e6e9fe717e1c12c22e3fc749189deae022de05b0f6f83f9f4501bbb52"",""state"":""file""},""nh3_pdb_16384"":{""bytes"":1327359,""sha256"":""07f5683974f6bdad6798104cf7de5ddb670704f71b7e28715d957805124196b8"",""state"":""file""},""nh3_pdb_2048"":{""bytes"":166143,""sha256"":""7171f9c4d6bf3c819f96ddd11877441961f43096057863d0607070d97c5e5a16"",""state"":""file""},""nh3_pdb_256"":{""bytes"":20991,""sha256"":""870d35ef9d654b395f8eefcd897e002ff41b1327475879ff5b955080ecb91ee0"",""state"":""file""},""nh3_pdb_32768"":{""bytes"":2654463,""sha256"":""a193ff7fc7793ae1c9121af48f694b9cff6974a63e67029053ab9312f86cb9cc"",""state"":""file""},""nh3_pdb_4096"":{""bytes"":332031,""sha256"":""e6d9ba2e0f95a04ebbeb61682dcf615982860aaa336140fee7ba55698f68175c"",""state"":""file""},""nh3_pdb_512"":{""bytes"":41727,""sha256"":""76e8d0d71fd3d49a1d14bb1fcd0689b08241620df41c90a904be29c85a67934e"",""state"":""file""},""nh3_pdb_65536"":{""bytes"":5308671,""sha256"":""a80e717b9abb39221c121bf3137135662e1b3c727e705e8f01e651720acd6dcc"",""state"":""file""},""nh3_pdb_8192"":{""bytes"":663807,""sha256"":""b0664469d3a8e84f71fbd848f1f0ffaca2cee3f4fd2100ed10f398e7c19a27e6"",""state"":""file""}},""metadata"":{""benchmark"":""el""}}",28ea42c8-c3b9-4a9c-96dc-b96a346325d0,,,,,,,,,,,,,,single_case,5779517f771cd31c95dc30de603249f8f59a1f8d3680da722ea0763b4d76684d,12.69870700899628,223,supported_jax_separate_collection
nh3,system_size,ewald,jax,8192,1,8192,4.535227714868029,220496.09476535383,nan,nan,10,3,jax_wall_block_until_ready,warmup_excluded,True,,,1e-06,5,arithmetic_mean,1.002268300528985,"[0.03721514869830571,0.03715005459962413,0.037130924602388406,0.037131072700140065,0.03713572660053614]",,,,,not_measured,not_measured,,nan,nan,4630,energy_autograd,energy_forces_charge_gradients,True,True,False,0.09645736962556839,43.95600128173828,9.094947017729282e-13,0.18104578414850428,20.5302885473489,1.345866184598588,7008,2.0,3752,28687624,2,"{""compute_capability"":""9.0"",""driver"":""unavailable"",""memory_bytes"":99996401664,""name"":""NVIDIA H100 NVL""}","{""cuda"":""13.0"",""git_head"":""unavailable"",""jax"":""0.10.1"",""jaxlib"":""0.10.1"",""nvalchemi_toolkit_ops"":""0.5.0"",""python"":""3.12.3"",""source_sha256"":""4dfd278da46af31f54f8b7671e891073f8b10f8fa2cb28e7cf92bfeddd543638"",""torch"":""2.14.0+cu130"",""warp"":""1.17.0""}","{""gpu_uuid"":""557cda80-d2b2-7630-d3a3-99bf87d35067"",""host"":""ipp2-1716""}","{""JAX_DISABLE_JIT"":""<unset>"",""JAX_DISABLE_JIT_ACTUAL"":""False"",""JAX_ENABLE_X64"":""1"",""JAX_ENABLE_X64_ACTUAL"":""True"",""JAX_PLATFORMS"":""<unset>"",""TF_GPU_ALLOCATOR"":""<unset>"",""XLA_FLAGS"":""<unset>"",""XLA_PYTHON_CLIENT_ALLOCATOR"":""<unset>"",""XLA_PYTHON_CLIENT_MEM_FRACTION"":""0.95"",""XLA_PYTHON_CLIENT_PREALLOCATE"":""<unset>""}","{""artifacts"":{""nh3_pdb_1024"":{""bytes"":83199,""sha256"":""cb99e65c2024c8b1a80a7ea1f4ff5b23ef76a5d153a2caeb4a0e3077b5239135"",""state"":""file""},""nh3_pdb_128"":{""bytes"":10623,""sha256"":""4b48182856ba92449fa52b61bf2f95c6ce28937a3cb3da6aec4f131a1216c760"",""state"":""file""},""nh3_pdb_131072"":{""bytes"":10617087,""sha256"":""d454eb5e6e9fe717e1c12c22e3fc749189deae022de05b0f6f83f9f4501bbb52"",""state"":""file""},""nh3_pdb_16384"":{""bytes"":1327359,""sha256"":""07f5683974f6bdad6798104cf7de5ddb670704f71b7e28715d957805124196b8"",""state"":""file""},""nh3_pdb_2048"":{""bytes"":166143,""sha256"":""7171f9c4d6bf3c819f96ddd11877441961f43096057863d0607070d97c5e5a16"",""state"":""file""},""nh3_pdb_256"":{""bytes"":20991,""sha256"":""870d35ef9d654b395f8eefcd897e002ff41b1327475879ff5b955080ecb91ee0"",""state"":""file""},""nh3_pdb_32768"":{""bytes"":2654463,""sha256"":""a193ff7fc7793ae1c9121af48f694b9cff6974a63e67029053ab9312f86cb9cc"",""state"":""file""},""nh3_pdb_4096"":{""bytes"":332031,""sha256"":""e6d9ba2e0f95a04ebbeb61682dcf615982860aaa336140fee7ba55698f68175c"",""state"":""file""},""nh3_pdb_512"":{""bytes"":41727,""sha256"":""76e8d0d71fd3d49a1d14bb1fcd0689b08241620df41c90a904be29c85a67934e"",""state"":""file""},""nh3_pdb_65536"":{""bytes"":5308671,""sha256"":""a80e717b9abb39221c121bf3137135662e1b3c727e705e8f01e651720acd6dcc"",""state"":""file""},""nh3_pdb_8192"":{""bytes"":663807,""sha256"":""b0664469d3a8e84f71fbd848f1f0ffaca2cee3f4fd2100ed10f398e7c19a27e6"",""state"":""file""}},""metadata"":{""benchmark"":""el""}}",28ea42c8-c3b9-4a9c-96dc-b96a346325d0,,,,,,,,,,,,,,single_case,5779517f771cd31c95dc30de603249f8f59a1f8d3680da722ea0763b4d76684d,14.90407627800596,235,supported_jax_separate_collection
nh3,system_size,pme,jax,4096,1,4096,0.4137190089181786,2417099.4768040027,nan,nan,10,3,jax_wall_block_until_ready,warmup_excluded,True,,,0.0001,5,arithmetic_mean,1.012989479430503,"[0.0016940064990194515,0.0016791896021459251,0.0017010014009429142,0.0016989924013614654,0.0016997753991745412]",,,,,not_measured,not_measured,k_squared_only,nan,nan,,energy_autograd,energy_forces_charge_gradients,True,True,False,0.09645654261112213,34.88800048828125,4.547473508864641e-13,0.3372060287522547,9.0,,592,2.0,383,1220980,2,"{""compute_capability"":""9.0"",""driver"":""unavailable"",""memory_bytes"":99996401664,""name"":""NVIDIA H100 NVL""}","{""cuda"":""13.0"",""git_head"":""unavailable"",""jax"":""0.10.1"",""jaxlib"":""0.10.1"",""nvalchemi_toolkit_ops"":""0.5.0"",""python"":""3.12.3"",""source_sha256"":""4dfd278da46af31f54f8b7671e891073f8b10f8fa2cb28e7cf92bfeddd543638"",""torch"":""2.14.0+cu130"",""warp"":""1.17.0""}","{""gpu_uuid"":""c0995d85-1dea-1b19-7e58-9baa33a5f384"",""host"":""a1u1g-mil-0576""}","{""JAX_DISABLE_JIT"":""<unset>"",""JAX_DISABLE_JIT_ACTUAL"":""False"",""JAX_ENABLE_X64"":""1"",""JAX_ENABLE_X64_ACTUAL"":""True"",""JAX_PLATFORMS"":""<unset>"",""TF_GPU_ALLOCATOR"":""<unset>"",""XLA_FLAGS"":""<unset>"",""XLA_PYTHON_CLIENT_ALLOCATOR"":""<unset>"",""XLA_PYTHON_CLIENT_MEM_FRACTION"":""0.95"",""XLA_PYTHON_CLIENT_PREALLOCATE"":""<unset>""}","{""artifacts"":{""nh3_pdb_1024"":{""bytes"":83199,""sha256"":""cb99e65c2024c8b1a80a7ea1f4ff5b23ef76a5d153a2caeb4a0e3077b5239135"",""state"":""file""},""nh3_pdb_128"":{""bytes"":10623,""sha256"":""4b48182856ba92449fa52b61bf2f95c6ce28937a3cb3da6aec4f131a1216c760"",""state"":""file""},""nh3_pdb_131072"":{""bytes"":10617087,""sha256"":""d454eb5e6e9fe717e1c12c22e3fc749189deae022de05b0f6f83f9f4501bbb52"",""state"":""file""},""nh3_pdb_16384"":{""bytes"":1327359,""sha256"":""07f5683974f6bdad6798104cf7de5ddb670704f71b7e28715d957805124196b8"",""state"":""file""},""nh3_pdb_2048"":{""bytes"":166143,""sha256"":""7171f9c4d6bf3c819f96ddd11877441961f43096057863d0607070d97c5e5a16"",""state"":""file""},""nh3_pdb_256"":{""bytes"":20991,""sha256"":""870d35ef9d654b395f8eefcd897e002ff41b1327475879ff5b955080ecb91ee0"",""state"":""file""},""nh3_pdb_32768"":{""bytes"":2654463,""sha256"":""a193ff7fc7793ae1c9121af48f694b9cff6974a63e67029053ab9312f86cb9cc"",""state"":""file""},""nh3_pdb_4096"":{""bytes"":332031,""sha256"":""e6d9ba2e0f95a04ebbeb61682dcf615982860aaa336140fee7ba55698f68175c"",""state"":""file""},""nh3_pdb_512"":{""bytes"":41727,""sha256"":""76e8d0d71fd3d49a1d14bb1fcd0689b08241620df41c90a904be29c85a67934e"",""state"":""file""},""nh3_pdb_65536"":{""bytes"":5308671,""sha256"":""a80e717b9abb39221c121bf3137135662e1b3c727e705e8f01e651720acd6dcc"",""state"":""file""},""nh3_pdb_8192"":{""bytes"":663807,""sha256"":""b0664469d3a8e84f71fbd848f1f0ffaca2cee3f4fd2100ed10f398e7c19a27e6"",""state"":""file""}},""metadata"":{""benchmark"":""el""}}",28ea42c8-c3b9-4a9c-96dc-b96a346325d0,,,50,50,50,65000,5,abc70c31fce3df2470aa9f36af28c25dcde474fe94b11e23406f0293c3689252,"{""batch_idx"":""int32"",""cell"":""float64"",""charges"":""float64"",""pbc"":""bool"",""positions"":""float64""}",capped_upstream_estimate,bounded_power_two_then_four_fft_snap,0.25,9.0,single_case,5779517f771cd31c95dc30de603249f8f59a1f8d3680da722ea0763b4d76684d,44.80718970799353,84,supported_jax_separate_collection
nh3,system_size,pme,jax,32768,1,32768,0.4644039172418956,2153297.94360698,nan,nan,10,3,jax_wall_block_until_ready,warmup_excluded,True,,,1e-06,5,arithmetic_mean,1.0022442494656811,"[0.01522118829889223,0.015236393199302256,0.015206594500341453,0.015202275500632823,0.015221486301743425]",,,,,not_measured,not_measured,k_squared_only,nan,nan,,energy_autograd,energy_forces_charge_gradients,True,True,False,0.09645654261112213,69.7760009765625,3.637978807091713e-12,0.4129913543166487,9.0,,592,2.0,395,9755148,2,"{""compute_capability"":""9.0"",""driver"":""unavailable"",""memory_bytes"":99996401664,""name"":""NVIDIA H100 NVL""}","{""cuda"":""13.0"",""git_head"":""unavailable"",""jax"":""0.10.1"",""jaxlib"":""0.10.1"",""nvalchemi_toolkit_ops"":""0.5.0"",""python"":""3.12.3"",""source_sha256"":""4dfd278da46af31f54f8b7671e891073f8b10f8fa2cb28e7cf92bfeddd543638"",""torch"":""2.14.0+cu130"",""warp"":""1.17.0""}","{""gpu_uuid"":""c0995d85-1dea-1b19-7e58-9baa33a5f384"",""host"":""a1u1g-mil-0576""}","{""JAX_DISABLE_JIT"":""<unset>"",""JAX_DISABLE_JIT_ACTUAL"":""False"",""JAX_ENABLE_X64"":""1"",""JAX_ENABLE_X64_ACTUAL"":""True"",""JAX_PLATFORMS"":""<unset>"",""TF_GPU_ALLOCATOR"":""<unset>"",""XLA_FLAGS"":""<unset>"",""XLA_PYTHON_CLIENT_ALLOCATOR"":""<unset>"",""XLA_PYTHON_CLIENT_MEM_FRACTION"":""0.95"",""XLA_PYTHON_CLIENT_PREALLOCATE"":""<unset>""}","{""artifacts"":{""nh3_pdb_1024"":{""bytes"":83199,""sha256"":""cb99e65c2024c8b1a80a7ea1f4ff5b23ef76a5d153a2caeb4a0e3077b5239135"",""state"":""file""},""nh3_pdb_128"":{""bytes"":10623,""sha256"":""4b48182856ba92449fa52b61bf2f95c6ce28937a3cb3da6aec4f131a1216c760"",""state"":""file""},""nh3_pdb_131072"":{""bytes"":10617087,""sha256"":""d454eb5e6e9fe717e1c12c22e3fc749189deae022de05b0f6f83f9f4501bbb52"",""state"":""file""},""nh3_pdb_16384"":{""bytes"":1327359,""sha256"":""07f5683974f6bdad6798104cf7de5ddb670704f71b7e28715d957805124196b8"",""state"":""file""},""nh3_pdb_2048"":{""bytes"":166143,""sha256"":""7171f9c4d6bf3c819f96ddd11877441961f43096057863d0607070d97c5e5a16"",""state"":""file""},""nh3_pdb_256"":{""bytes"":20991,""sha256"":""870d35ef9d654b395f8eefcd897e002ff41b1327475879ff5b955080ecb91ee0"",""state"":""file""},""nh3_pdb_32768"":{""bytes"":2654463,""sha256"":""a193ff7fc7793ae1c9121af48f694b9cff6974a63e67029053ab9312f86cb9cc"",""state"":""file""},""nh3_pdb_4096"":{""bytes"":332031,""sha256"":""e6d9ba2e0f95a04ebbeb61682dcf615982860aaa336140fee7ba55698f68175c"",""state"":""file""},""nh3_pdb_512"":{""bytes"":41727,""sha256"":""76e8d0d71fd3d49a1d14bb1fcd0689b08241620df41c90a904be29c85a67934e"",""state"":""file""},""nh3_pdb_65536"":{""bytes"":5308671,""sha256"":""a80e717b9abb39221c121bf3137135662e1b3c727e705e8f01e651720acd6dcc"",""state"":""file""},""nh3_pdb_8192"":{""bytes"":663807,""sha256"":""b0664469d3a8e84f71fbd848f1f0ffaca2cee3f4fd2100ed10f398e7c19a27e6"",""state"":""file""}},""metadata"":{""benchmark"":""el""}}",28ea42c8-c3b9-4a9c-96dc-b96a346325d0,,,320,320,320,16486400,5,0677d8fe2b3ac2c4d68f966e9501d668d6ee04ea81296673f3bbb407cdc2fc7a,"{""batch_idx"":""int32"",""cell"":""float64"",""charges"":""float64"",""pbc"":""bool"",""positions"":""float64""}",capped_upstream_estimate,bounded_power_two_then_four_fft_snap,0.25,9.0,single_case,5779517f771cd31c95dc30de603249f8f59a1f8d3680da722ea0763b4d76684d,43.98335019798833,91,supported_jax_separate_collection
nh3,system_size,ewald,jax,16384,1,16384,6.361498248292907,157195.6732469977,nan,nan,10,3,jax_wall_block_until_ready,warmup_excluded,True,,,1e-06,5,arithmetic_mean,1.0007701962621673,"[0.1042542017001324,0.10417396729990287,0.10425315060001594,0.10420599740009492,0.10424661950000882]",,,,,not_measured,not_measured,,nan,nan,6083,energy_autograd,energy_forces_charge_gradients,True,True,False,0.096457839012146,55.38100051879883,1.8189894035458565e-12,0.16129372137038622,23.044431967159454,1.199032423767504,9904,2.0,5344,81090948,2,"{""compute_capability"":""9.0"",""driver"":""unavailable"",""memory_bytes"":99996401664,""name"":""NVIDIA H100 NVL""}","{""cuda"":""13.0"",""git_head"":""unavailable"",""jax"":""0.10.1"",""jaxlib"":""0.10.1"",""nvalchemi_toolkit_ops"":""0.5.0"",""python"":""3.12.3"",""source_sha256"":""4dfd278da46af31f54f8b7671e891073f8b10f8fa2cb28e7cf92bfeddd543638"",""torch"":""2.14.0+cu130"",""warp"":""1.17.0""}","{""gpu_uuid"":""b86b304e-698a-30bd-d46b-23da3dc3658e"",""host"":""ipp2-1738""}","{""JAX_DISABLE_JIT"":""<unset>"",""JAX_DISABLE_JIT_ACTUAL"":""False"",""JAX_ENABLE_X64"":""1"",""JAX_ENABLE_X64_ACTUAL"":""True"",""JAX_PLATFORMS"":""<unset>"",""TF_GPU_ALLOCATOR"":""<unset>"",""XLA_FLAGS"":""<unset>"",""XLA_PYTHON_CLIENT_ALLOCATOR"":""<unset>"",""XLA_PYTHON_CLIENT_MEM_FRACTION"":""0.95"",""XLA_PYTHON_CLIENT_PREALLOCATE"":""<unset>""}","{""artifacts"":{""nh3_pdb_1024"":{""bytes"":83199,""sha256"":""cb99e65c2024c8b1a80a7ea1f4ff5b23ef76a5d153a2caeb4a0e3077b5239135"",""state"":""file""},""nh3_pdb_128"":{""bytes"":10623,""sha256"":""4b48182856ba92449fa52b61bf2f95c6ce28937a3cb3da6aec4f131a1216c760"",""state"":""file""},""nh3_pdb_131072"":{""bytes"":10617087,""sha256"":""d454eb5e6e9fe717e1c12c22e3fc749189deae022de05b0f6f83f9f4501bbb52"",""state"":""file""},""nh3_pdb_16384"":{""bytes"":1327359,""sha256"":""07f5683974f6bdad6798104cf7de5ddb670704f71b7e28715d957805124196b8"",""state"":""file""},""nh3_pdb_2048"":{""bytes"":166143,""sha256"":""7171f9c4d6bf3c819f96ddd11877441961f43096057863d0607070d97c5e5a16"",""state"":""file""},""nh3_pdb_256"":{""bytes"":20991,""sha256"":""870d35ef9d654b395f8eefcd897e002ff41b1327475879ff5b955080ecb91ee0"",""state"":""file""},""nh3_pdb_32768"":{""bytes"":2654463,""sha256"":""a193ff7fc7793ae1c9121af48f694b9cff6974a63e67029053ab9312f86cb9cc"",""state"":""file""},""nh3_pdb_4096"":{""bytes"":332031,""sha256"":""e6d9ba2e0f95a04ebbeb61682dcf615982860aaa336140fee7ba55698f68175c"",""state"":""file""},""nh3_pdb_512"":{""bytes"":41727,""sha256"":""76e8d0d71fd3d49a1d14bb1fcd0689b08241620df41c90a904be29c85a67934e"",""state"":""file""},""nh3_pdb_65536"":{""bytes"":5308671,""sha256"":""a80e717b9abb39221c121bf3137135662e1b3c727e705e8f01e651720acd6dcc"",""state"":""file""},""nh3_pdb_8192"":{""bytes"":663807,""sha256"":""b0664469d3a8e84f71fbd848f1f0ffaca2cee3f4fd2100ed10f398e7c19a27e6"",""state"":""file""}},""metadata"":{""benchmark"":""el""}}",28ea42c8-c3b9-4a9c-96dc-b96a346325d0,,,,,,,,,,,,,,single_case,5779517f771cd31c95dc30de603249f8f59a1f8d3680da722ea0763b4d76684d,21.801220993998868,237,supported_jax_separate_collection
nh3,system_size,ewald,jax,131072,1,131072,nan,nan,nan,nan,10,3,jax_wall_block_until_ready,warmup_excluded,False,Out of memory during benchmark execution; see run logs for backend details.,OutOfMemoryError,0.0001,5,arithmetic_mean,,,,,,,,,,,,,energy_autograd,energy_forces_charge_gradients,True,True,False,0.09645523130893707,110.76300048828125,1.4551915228366852e-11,0.11405085501646005,26.609658106748046,0.692255446126194,15232,2.0,,,2,"{""compute_capability"":""9.0"",""driver"":""unavailable"",""memory_bytes"":99996401664,""name"":""NVIDIA H100 NVL""}","{""cuda"":""13.0"",""git_head"":""unavailable"",""jax"":""0.10.1"",""jaxlib"":""0.10.1"",""nvalchemi_toolkit_ops"":""0.5.0"",""python"":""3.12.3"",""source_sha256"":""4dfd278da46af31f54f8b7671e891073f8b10f8fa2cb28e7cf92bfeddd543638"",""torch"":""2.14.0+cu130"",""warp"":""1.17.0""}","{""gpu_uuid"":""23074f79-c31a-f283-5a26-fe763902683e"",""host"":""a1u1g-mil-0678""}","{""JAX_DISABLE_JIT"":""<unset>"",""JAX_DISABLE_JIT_ACTUAL"":""False"",""JAX_ENABLE_X64"":""1"",""JAX_ENABLE_X64_ACTUAL"":""True"",""JAX_PLATFORMS"":""<unset>"",""TF_GPU_ALLOCATOR"":""<unset>"",""XLA_FLAGS"":""<unset>"",""XLA_PYTHON_CLIENT_ALLOCATOR"":""<unset>"",""XLA_PYTHON_CLIENT_MEM_FRACTION"":""0.95"",""XLA_PYTHON_CLIENT_PREALLOCATE"":""<unset>""}","{""artifacts"":{""nh3_pdb_1024"":{""bytes"":83199,""sha256"":""cb99e65c2024c8b1a80a7ea1f4ff5b23ef76a5d153a2caeb4a0e3077b5239135"",""state"":""file""},""nh3_pdb_128"":{""bytes"":10623,""sha256"":""4b48182856ba92449fa52b61bf2f95c6ce28937a3cb3da6aec4f131a1216c760"",""state"":""file""},""nh3_pdb_131072"":{""bytes"":10617087,""sha256"":""d454eb5e6e9fe717e1c12c22e3fc749189deae022de05b0f6f83f9f4501bbb52"",""state"":""file""},""nh3_pdb_16384"":{""bytes"":1327359,""sha256"":""07f5683974f6bdad6798104cf7de5ddb670704f71b7e28715d957805124196b8"",""state"":""file""},""nh3_pdb_2048"":{""bytes"":166143,""sha256"":""7171f9c4d6bf3c819f96ddd11877441961f43096057863d0607070d97c5e5a16"",""state"":""file""},""nh3_pdb_256"":{""bytes"":20991,""sha256"":""870d35ef9d654b395f8eefcd897e002ff41b1327475879ff5b955080ecb91ee0"",""state"":""file""},""nh3_pdb_32768"":{""bytes"":2654463,""sha256"":""a193ff7fc7793ae1c9121af48f694b9cff6974a63e67029053ab9312f86cb9cc"",""state"":""file""},""nh3_pdb_4096"":{""bytes"":332031,""sha256"":""e6d9ba2e0f95a04ebbeb61682dcf615982860aaa336140fee7ba55698f68175c"",""state"":""file""},""nh3_pdb_512"":{""bytes"":41727,""sha256"":""76e8d0d71fd3d49a1d14bb1fcd0689b08241620df41c90a904be29c85a67934e"",""state"":""file""},""nh3_pdb_65536"":{""bytes"":5308671,""sha256"":""a80e717b9abb39221c121bf3137135662e1b3c727e705e8f01e651720acd6dcc"",""state"":""file""},""nh3_pdb_8192"":{""bytes"":663807,""sha256"":""b0664469d3a8e84f71fbd848f1f0ffaca2cee3f4fd2100ed10f398e7c19a27e6"",""state"":""file""}},""metadata"":{""benchmark"":""el""}}",28ea42c8-c3b9-4a9c-96dc-b96a346325d0,,neighbor_list_setup,,,,,,,,,,,,single_case,5779517f771cd31c95dc30de603249f8f59a1f8d3680da722ea0763b4d76684d,92.6232544020022,242,supported_jax_separate_collection
nh3,system_size,pme,jax,16384,1,16384,0.46785890015499376,2137396.5519705126,nan,nan,10,3,jax_wall_block_until_ready,warmup_excluded,True,,,1e-06,5,arithmetic_mean,1.005730082693649,"[0.0076522457995451985,0.0076562368994927965,0.007662906800396741,0.007659517800493632,0.0076960938007687215]",,,,,not_measured,not_measured,k_squared_only,nan,nan,,energy_autograd,energy_forces_charge_gradients,True,True,False,0.096457839012146,55.38100051879883,1.8189894035458565e-12,0.4129913543166487,9.0,,592,2.0,406,4873866,2,"{""compute_capability"":""9.0"",""driver"":""unavailable"",""memory_bytes"":99996401664,""name"":""NVIDIA H100 NVL""}","{""cuda"":""13.0"",""git_head"":""unavailable"",""jax"":""0.10.1"",""jaxlib"":""0.10.1"",""nvalchemi_toolkit_ops"":""0.5.0"",""python"":""3.12.3"",""source_sha256"":""4dfd278da46af31f54f8b7671e891073f8b10f8fa2cb28e7cf92bfeddd543638"",""torch"":""2.14.0+cu130"",""warp"":""1.17.0""}","{""gpu_uuid"":""23074f79-c31a-f283-5a26-fe763902683e"",""host"":""a1u1g-mil-0678""}","{""JAX_DISABLE_JIT"":""<unset>"",""JAX_DISABLE_JIT_ACTUAL"":""False"",""JAX_ENABLE_X64"":""1"",""JAX_ENABLE_X64_ACTUAL"":""True"",""JAX_PLATFORMS"":""<unset>"",""TF_GPU_ALLOCATOR"":""<unset>"",""XLA_FLAGS"":""<unset>"",""XLA_PYTHON_CLIENT_ALLOCATOR"":""<unset>"",""XLA_PYTHON_CLIENT_MEM_FRACTION"":""0.95"",""XLA_PYTHON_CLIENT_PREALLOCATE"":""<unset>""}","{""artifacts"":{""nh3_pdb_1024"":{""bytes"":83199,""sha256"":""cb99e65c2024c8b1a80a7ea1f4ff5b23ef76a5d153a2caeb4a0e3077b5239135"",""state"":""file""},""nh3_pdb_128"":{""bytes"":10623,""sha256"":""4b48182856ba92449fa52b61bf2f95c6ce28937a3cb3da6aec4f131a1216c760"",""state"":""file""},""nh3_pdb_131072"":{""bytes"":10617087,""sha256"":""d454eb5e6e9fe717e1c12c22e3fc749189deae022de05b0f6f83f9f4501bbb52"",""state"":""file""},""nh3_pdb_16384"":{""bytes"":1327359,""sha256"":""07f5683974f6bdad6798104cf7de5ddb670704f71b7e28715d957805124196b8"",""state"":""file""},""nh3_pdb_2048"":{""bytes"":166143,""sha256"":""7171f9c4d6bf3c819f96ddd11877441961f43096057863d0607070d97c5e5a16"",""state"":""file""},""nh3_pdb_256"":{""bytes"":20991,""sha256"":""870d35ef9d654b395f8eefcd897e002ff41b1327475879ff5b955080ecb91ee0"",""state"":""file""},""nh3_pdb_32768"":{""bytes"":2654463,""sha256"":""a193ff7fc7793ae1c9121af48f694b9cff6974a63e67029053ab9312f86cb9cc"",""state"":""file""},""nh3_pdb_4096"":{""bytes"":332031,""sha256"":""e6d9ba2e0f95a04ebbeb61682dcf615982860aaa336140fee7ba55698f68175c"",""state"":""file""},""nh3_pdb_512"":{""bytes"":41727,""sha256"":""76e8d0d71fd3d49a1d14bb1fcd0689b08241620df41c90a904be29c85a67934e"",""state"":""file""},""nh3_pdb_65536"":{""bytes"":5308671,""sha256"":""a80e717b9abb39221c121bf3137135662e1b3c727e705e8f01e651720acd6dcc"",""state"":""file""},""nh3_pdb_8192"":{""bytes"":663807,""sha256"":""b0664469d3a8e84f71fbd848f1f0ffaca2cee3f4fd2100ed10f398e7c19a27e6"",""state"":""file""}},""metadata"":{""benchmark"":""el""}}",28ea42c8-c3b9-4a9c-96dc-b96a346325d0,,,256,256,256,8454144,5,7b5532fab320e982f72671c75c9b3bc9993b153aae87fc6369dfb07f8767a862,"{""batch_idx"":""int32"",""cell"":""float64"",""charges"":""float64"",""pbc"":""bool"",""positions"":""float64""}",capped_upstream_estimate,bounded_power_two_then_four_fft_snap,0.25,9.0,single_case,5779517f771cd31c95dc30de603249f8f59a1f8d3680da722ea0763b4d76684d,42.120029087993316,89,supported_jax_separate_collection
nh3,system_size,pme,jax,131072,1,131072,0.4323397927841199,2312995.511147246,nan,nan,10,3,jax_wall_block_until_ready,warmup_excluded,True,,,1e-06,5,arithmetic_mean,1.0106862155364247,"[0.05630162500019651,0.05690327629999956,0.05657431269937661,0.056817060300090816,0.05674193229933735]",,,,,not_measured,not_measured,k_squared_only,nan,nan,,energy_autograd,energy_forces_charge_gradients,True,True,False,0.09645523130893707,110.76300048828125,1.4551915228366852e-11,0.4129913543166487,9.0,,592,2.0,395,38930114,2,"{""compute_capability"":""9.0"",""driver"":""unavailable"",""memory_bytes"":99996401664,""name"":""NVIDIA H100 NVL""}","{""cuda"":""13.0"",""git_head"":""unavailable"",""jax"":""0.10.1"",""jaxlib"":""0.10.1"",""nvalchemi_toolkit_ops"":""0.5.0"",""python"":""3.12.3"",""source_sha256"":""4dfd278da46af31f54f8b7671e891073f8b10f8fa2cb28e7cf92bfeddd543638"",""torch"":""2.14.0+cu130"",""warp"":""1.17.0""}","{""gpu_uuid"":""23074f79-c31a-f283-5a26-fe763902683e"",""host"":""a1u1g-mil-0678""}","{""JAX_DISABLE_JIT"":""<unset>"",""JAX_DISABLE_JIT_ACTUAL"":""False"",""JAX_ENABLE_X64"":""1"",""JAX_ENABLE_X64_ACTUAL"":""True"",""JAX_PLATFORMS"":""<unset>"",""TF_GPU_ALLOCATOR"":""<unset>"",""XLA_FLAGS"":""<unset>"",""XLA_PYTHON_CLIENT_ALLOCATOR"":""<unset>"",""XLA_PYTHON_CLIENT_MEM_FRACTION"":""0.95"",""XLA_PYTHON_CLIENT_PREALLOCATE"":""<unset>""}","{""artifacts"":{""nh3_pdb_1024"":{""bytes"":83199,""sha256"":""cb99e65c2024c8b1a80a7ea1f4ff5b23ef76a5d153a2caeb4a0e3077b5239135"",""state"":""file""},""nh3_pdb_128"":{""bytes"":10623,""sha256"":""4b48182856ba92449fa52b61bf2f95c6ce28937a3cb3da6aec4f131a1216c760"",""state"":""file""},""nh3_pdb_131072"":{""bytes"":10617087,""sha256"":""d454eb5e6e9fe717e1c12c22e3fc749189deae022de05b0f6f83f9f4501bbb52"",""state"":""file""},""nh3_pdb_16384"":{""bytes"":1327359,""sha256"":""07f5683974f6bdad6798104cf7de5ddb670704f71b7e28715d957805124196b8"",""state"":""file""},""nh3_pdb_2048"":{""bytes"":166143,""sha256"":""7171f9c4d6bf3c819f96ddd11877441961f43096057863d0607070d97c5e5a16"",""state"":""file""},""nh3_pdb_256"":{""bytes"":20991,""sha256"":""870d35ef9d654b395f8eefcd897e002ff41b1327475879ff5b955080ecb91ee0"",""state"":""file""},""nh3_pdb_32768"":{""bytes"":2654463,""sha256"":""a193ff7fc7793ae1c9121af48f694b9cff6974a63e67029053ab9312f86cb9cc"",""state"":""file""},""nh3_pdb_4096"":{""bytes"":332031,""sha256"":""e6d9ba2e0f95a04ebbeb61682dcf615982860aaa336140fee7ba55698f68175c"",""state"":""file""},""nh3_pdb_512"":{""bytes"":41727,""sha256"":""76e8d0d71fd3d49a1d14bb1fcd0689b08241620df41c90a904be29c85a67934e"",""state"":""file""},""nh3_pdb_65536"":{""bytes"":5308671,""sha256"":""a80e717b9abb39221c121bf3137135662e1b3c727e705e8f01e651720acd6dcc"",""state"":""file""},""nh3_pdb_8192"":{""bytes"":663807,""sha256"":""b0664469d3a8e84f71fbd848f1f0ffaca2cee3f4fd2100ed10f398e7c19a27e6"",""state"":""file""}},""metadata"":{""benchmark"":""el""}}",28ea42c8-c3b9-4a9c-96dc-b96a346325d0,,,512,512,512,67371008,5,88ca7c9f1022d24e9613a4e335ee5c0700c98904d5191040314824d6b9d2a8e8,"{""batch_idx"":""int32"",""cell"":""float64"",""charges"":""float64"",""pbc"":""bool"",""positions"":""float64""}",capped_upstream_estimate,bounded_power_two_then_four_fft_snap,0.25,9.0,single_case,5779517f771cd31c95dc30de603249f8f59a1f8d3680da722ea0763b4d76684d,44.94818399701035,95,supported_jax_separate_collection
nh3,system_size,ewald,jax,65536,1,65536,18.30339929533409,54634.66014506499,nan,nan,10,3,jax_wall_block_until_ready,warmup_excluded,True,,,1e-06,5,arithmetic_mean,1.0020368695271116,"[1.200354523997521,1.1998649957997258,1.2000649570982205,1.1979145283985417,1.199458875801065]",,,,,not_measured,not_measured,,nan,nan,12194,energy_autograd,energy_forces_charge_gradients,True,True,False,0.09645407646894455,87.91300201416016,7.275957614183426e-12,0.12801724627896638,29.034542586162,0.9516602864994892,19792,2.0,10532,648714070,2,"{""compute_capability"":""9.0"",""driver"":""unavailable"",""memory_bytes"":99996401664,""name"":""NVIDIA H100 NVL""}","{""cuda"":""13.0"",""git_head"":""unavailable"",""jax"":""0.10.1"",""jaxlib"":""0.10.1"",""nvalchemi_toolkit_ops"":""0.5.0"",""python"":""3.12.3"",""source_sha256"":""4dfd278da46af31f54f8b7671e891073f8b10f8fa2cb28e7cf92bfeddd543638"",""torch"":""2.14.0+cu130"",""warp"":""1.17.0""}","{""gpu_uuid"":""c0995d85-1dea-1b19-7e58-9baa33a5f384"",""host"":""a1u1g-mil-0576""}","{""JAX_DISABLE_JIT"":""<unset>"",""JAX_DISABLE_JIT_ACTUAL"":""False"",""JAX_ENABLE_X64"":""1"",""JAX_ENABLE_X64_ACTUAL"":""True"",""JAX_PLATFORMS"":""<unset>"",""TF_GPU_ALLOCATOR"":""<unset>"",""XLA_FLAGS"":""<unset>"",""XLA_PYTHON_CLIENT_ALLOCATOR"":""<unset>"",""XLA_PYTHON_CLIENT_MEM_FRACTION"":""0.95"",""XLA_PYTHON_CLIENT_PREALLOCATE"":""<unset>""}","{""artifacts"":{""nh3_pdb_1024"":{""bytes"":83199,""sha256"":""cb99e65c2024c8b1a80a7ea1f4ff5b23ef76a5d153a2caeb4a0e3077b5239135"",""state"":""file""},""nh3_pdb_128"":{""bytes"":10623,""sha256"":""4b48182856ba92449fa52b61bf2f95c6ce28937a3cb3da6aec4f131a1216c760"",""state"":""file""},""nh3_pdb_131072"":{""bytes"":10617087,""sha256"":""d454eb5e6e9fe717e1c12c22e3fc749189deae022de05b0f6f83f9f4501bbb52"",""state"":""file""},""nh3_pdb_16384"":{""bytes"":1327359,""sha256"":""07f5683974f6bdad6798104cf7de5ddb670704f71b7e28715d957805124196b8"",""state"":""file""},""nh3_pdb_2048"":{""bytes"":166143,""sha256"":""7171f9c4d6bf3c819f96ddd11877441961f43096057863d0607070d97c5e5a16"",""state"":""file""},""nh3_pdb_256"":{""bytes"":20991,""sha256"":""870d35ef9d654b395f8eefcd897e002ff41b1327475879ff5b955080ecb91ee0"",""state"":""file""},""nh3_pdb_32768"":{""bytes"":2654463,""sha256"":""a193ff7fc7793ae1c9121af48f694b9cff6974a63e67029053ab9312f86cb9cc"",""state"":""file""},""nh3_pdb_4096"":{""bytes"":332031,""sha256"":""e6d9ba2e0f95a04ebbeb61682dcf615982860aaa336140fee7ba55698f68175c"",""state"":""file""},""nh3_pdb_512"":{""bytes"":41727,""sha256"":""76e8d0d71fd3d49a1d14bb1fcd0689b08241620df41c90a904be29c85a67934e"",""state"":""file""},""nh3_pdb_65536"":{""bytes"":5308671,""sha256"":""a80e717b9abb39221c121bf3137135662e1b3c727e705e8f01e651720acd6dcc"",""state"":""file""},""nh3_pdb_8192"":{""bytes"":663807,""sha256"":""b0664469d3a8e84f71fbd848f1f0ffaca2cee3f4fd2100ed10f398e7c19a27e6"",""state"":""file""}},""metadata"":{""benchmark"":""el""}}",28ea42c8-c3b9-4a9c-96dc-b96a346325d0,,,,,,,,,,,,,,single_case,5779517f771cd31c95dc30de603249f8f59a1f8d3680da722ea0763b4d76684d,113.37969205298577,241,supported_jax_separate_collection
